P,G,X,CHF,gp_posterior_std_log,gridinterp_reference_kWm2,source
13499.438304022906,5765.827093337027,-0.30859393433022614,7109.643407740484,0.28421708979769483,7535.6833037788365,synthetic_gp_augmentation
10447.633976512014,293.243161345897,0.004545356865506167,4267.140648322399,0.06507850891079002,4301.0338914357635,synthetic_gp_augmentation
1942.7919585760658,2430.396174456554,0.7114894599359021,135.91709095151364,0.16026139198551426,149.89330295905864,synthetic_gp_augmentation
14172.978512806132,1257.0904388716065,0.5675636590652071,187.77704420516466,0.24702920961635683,185.73961928262494,synthetic_gp_augmentation
7879.3165342096845,3166.3078337255524,0.7762194126622473,108.82069000710942,0.24811220879429247,98.37795595324789,synthetic_gp_augmentation
2527.7731280785893,1448.5709672417677,-0.35817789324664606,14518.997145641004,0.10815795871484007,13305.201281536438,synthetic_gp_augmentation
11031.789568246963,2550.9915473837514,-0.3343013110890998,9008.480908264131,0.10761999195955062,8290.846395001548,synthetic_gp_augmentation
853.2228569988876,5800.914530556579,0.5684777886412589,996.2116902171127,0.2751175873697901,955.9602420811755,synthetic_gp_augmentation
4656.840862129631,4073.462262895373,0.708664575297715,311.31876420859874,0.1420425771469564,309.89029283977806,synthetic_gp_augmentation
2322.622688470903,351.42514858707943,0.1398234373118714,4434.795848975472,0.06047355881366831,4957.26217493769,synthetic_gp_augmentation
7113.13113091482,1293.5201452905733,-0.4166007550679957,7755.019284122772,0.2417918999177374,9728.552046128701,synthetic_gp_augmentation
6688.224974710344,7481.996438185567,-0.40661154349629447,21134.16650925432,0.0722754354068092,19524.569628935882,synthetic_gp_augmentation
8397.83531155281,825.3199419122277,0.33804049008739323,2756.5624021294584,0.08153552575400541,2883.2273832932783,synthetic_gp_augmentation
4546.21763273023,5080.742297677646,0.7860740903009582,206.44008799525437,0.14773551437174534,161.23680623170767,synthetic_gp_augmentation
6042.116245829387,5800.6240251095205,0.2588108765394801,1889.8621290303527,0.26877474546644875,2301.6748302242518,synthetic_gp_augmentation
10456.226479966737,1359.161432241442,0.7456609822328861,84.80062153627169,0.20285100280004018,80.7790751783687,synthetic_gp_augmentation
1827.8048357878686,2278.0021986703227,0.6653426562991294,194.65697699877367,0.2827560441517516,231.58256437098055,synthetic_gp_augmentation
319.0599491754002,2494.5762470736595,-0.2209120157628348,11449.964182752832,0.06496771687183926,12048.29818460652,synthetic_gp_augmentation
4047.8785413761548,7971.479924513788,0.44856033798360584,1976.6665690956947,0.09754147610195675,1820.6071267525979,synthetic_gp_augmentation
7359.10243560543,1716.5783617436582,0.6865044601333534,263.33935358953266,0.26754971247835885,331.1671513445143,synthetic_gp_augmentation
6365.74438927863,1033.65971706868,0.8023491345375546,580.5936319488719,0.09621619190155832,602.5695007999987,synthetic_gp_augmentation
12983.810628848116,7405.531499851283,0.3258979967353107,1636.5587764540323,0.17476624785700565,1737.55187083373,synthetic_gp_augmentation
6107.618542665901,1295.445550562822,-0.2537242707752767,8420.871154839911,0.2361649928494277,7948.466167101563,synthetic_gp_augmentation
8534.014755688955,7034.239357035242,0.28152491771822374,1622.5565027404618,0.082650134320843,2038.856661731332,synthetic_gp_augmentation
9536.897919830855,5203.65302117352,0.4321466163216908,764.6102272373787,0.27371267170711827,822.6809103174648,synthetic_gp_augmentation
447.11912716840453,4614.89198456415,-0.11851531387190556,10868.064117047195,0.19508681898108496,9258.71216904511,synthetic_gp_augmentation
8290.620691854405,6010.709692372615,0.8622020749759656,76.59415827178148,0.0725961320318328,80.09123666026696,synthetic_gp_augmentation
5582.817024441521,5807.9916571844005,-0.1789432481686965,14080.509187717162,0.26480852409614375,11058.370482826194,synthetic_gp_augmentation
6798.354030163749,884.2095153465098,0.7758935304234535,935.9797078299439,0.10084159258194927,1047.2888657169428,synthetic_gp_augmentation
1694.5696360744791,7995.728883253512,0.09525306053449967,5094.04598829345,0.07395484470467081,5177.373828720501,synthetic_gp_augmentation
12546.846993813459,7535.117811589828,-0.4992241692339345,14575.956415965658,0.08977450929185764,14292.569167483098,synthetic_gp_augmentation
15084.227587855508,7172.73570289533,0.26060470268996994,1669.216877222647,0.2564892794800792,2015.7345807807862,synthetic_gp_augmentation
454.0742480106401,4978.313071539254,0.3796002122842852,1743.1123473638256,0.06678861665203553,1669.1571405415239,synthetic_gp_augmentation
9661.826928700431,4182.330650658513,0.7171086944916165,191.41708332773445,0.26137389012893536,152.2506551539792,synthetic_gp_augmentation
12245.120669884893,4290.228671053346,0.25678853385836875,1344.4144611137026,0.2737120000461497,1105.9419589909053,synthetic_gp_augmentation
4628.440659533242,119.49555382585953,-0.3682188649861758,6906.352769292256,0.0782044786518244,6923.948538298359,synthetic_gp_augmentation
12622.133799325145,3995.7560155635433,0.7975389830287889,68.79009654769132,0.06142458935239301,69.58231606520563,synthetic_gp_augmentation
10154.44530718419,4990.156541279359,0.29149670729566246,1335.4321381649884,0.07840009513806193,1327.7798172190314,synthetic_gp_augmentation
14873.685853110013,5269.6496701995875,-0.1198563312389494,5637.2563250734465,0.28223168976826873,5018.71329634435,synthetic_gp_augmentation
773.3032125794064,3770.258802348396,-0.33072113868615194,17410.73425775987,0.281303089504928,20685.283078994682,synthetic_gp_augmentation
7174.510400329399,5090.484853300595,-0.3635240253812937,13648.259808014693,0.17659030909168558,14863.937949149398,synthetic_gp_augmentation
8797.10582249367,3426.4440822014535,0.24901273132081436,1463.06495873027,0.1365789736719664,1640.292366852231,synthetic_gp_augmentation
15803.594419327741,10.18997000712396,0.8005888659574052,179.3144270047697,0.08402221383509043,180.5177797426743,synthetic_gp_augmentation
358.064255845296,186.23585185802403,-0.13205083138346352,4697.684473327356,0.06489097774651796,4747.066766566277,synthetic_gp_augmentation
13498.20848531932,3301.160780364022,-0.4729109317756176,11700.734913552838,0.3119874405957641,8383.52363393651,synthetic_gp_augmentation
5250.030077236686,6715.76759369813,-0.33405240747578624,17561.292635680882,0.278279403290839,17854.47617096037,synthetic_gp_augmentation
7728.796193806938,1384.1232758900962,-0.24005317156162315,6815.368062573423,0.1794164948416687,7156.838484935384,synthetic_gp_augmentation
15650.927358028881,110.6153124183349,-0.3885939821236627,3374.536425162577,0.07136992392176832,3440.742644063869,synthetic_gp_augmentation
7650.541699963692,3104.658800909698,0.11350501300062021,3355.45643750529,0.17943158084024263,2980.3784573623407,synthetic_gp_augmentation
2181.648863129335,5888.512834459591,0.7115210459969674,361.59663878458275,0.1939434238257222,408.9568640574121,synthetic_gp_augmentation
15132.12350179518,7069.231034808444,0.5426595984666638,611.5087854054082,0.18268049137066525,798.3977959867063,synthetic_gp_augmentation
4326.369671073545,3872.596895497111,-0.4896268372903592,16220.113076720509,0.2107666734891673,21737.76273836894,synthetic_gp_augmentation
8114.616114376359,6502.538265570933,0.7119884374587193,302.1522063478538,0.1807456985761451,309.1217414107589,synthetic_gp_augmentation
1542.158080830501,562.6436629409123,0.055098728737300706,5632.606384007818,0.07520792889919406,4885.450721671611,synthetic_gp_augmentation
6836.11641675462,4578.178780679066,0.5242928563334304,887.5462123034495,0.15922937256743197,742.3559468181015,synthetic_gp_augmentation
8088.36659873192,3171.0811799259195,-0.2514705618940494,10566.972727892677,0.251257572036631,8874.462721107677,synthetic_gp_augmentation
15541.048913657014,7680.805037304925,0.22155278661805633,1863.460028053946,0.2888720172547311,2244.556798685482,synthetic_gp_augmentation
8122.269311292601,845.0704762671481,-0.1317319178853681,6331.391572542409,0.08187521858900945,5738.680549130011,synthetic_gp_augmentation
7227.212437404526,7257.974975849795,0.8412714550114189,167.00679232207156,0.2889491346041053,136.01158586791186,synthetic_gp_augmentation
4543.849239766015,2490.2337499579535,0.004883645881149312,6133.710418554537,0.057932039958067366,5995.309007989924,synthetic_gp_augmentation
13702.058278344319,6401.282555191619,0.04268714176831301,2942.3733323774095,0.1728063849760953,3237.708470690128,synthetic_gp_augmentation
6299.242555074483,1353.5781270422476,0.13358751289200288,4391.837849899796,0.20216979452025313,4610.668128041979,synthetic_gp_augmentation
8538.500327857722,5964.563168007517,0.6326549383372211,432.61802630603455,0.09442396255066357,471.6886996408723,synthetic_gp_augmentation
15626.780356000816,4456.2155310994485,0.11499861043062531,2243.5678719172242,0.1008660335223134,2115.4865445943733,synthetic_gp_augmentation
3065.084386618236,1400.1358031549778,0.18074433841032533,7388.078145367846,0.15777979917439755,5348.6715589770465,synthetic_gp_augmentation
4892.270123850953,5744.697995500869,-0.18875551432161192,10550.791409675885,0.28209893194391045,11593.585657041232,synthetic_gp_augmentation
594.0066411104551,5710.048907651419,0.8836830914930669,83.4845419409662,0.389154877022404,108.92771070194982,synthetic_gp_augmentation
3282.916546299267,1803.7411011413972,0.3403560382398405,3439.08178219017,0.2610924051242342,3747.538853783439,synthetic_gp_augmentation
10912.555472985474,1058.3511379599724,0.844784100043886,84.28845140144955,0.09164838235489793,85.38340320855833,synthetic_gp_augmentation
10829.522763253328,5246.5003060732415,0.8427478855268278,97.25751815371856,0.29989431218544865,69.15661159103327,synthetic_gp_augmentation
4289.259308210151,6473.931868587072,-0.2738497865645184,16618.18614201793,0.0905774183245317,16171.744338441531,synthetic_gp_augmentation
5747.963562527077,5575.7642324019325,-0.18435963033568692,11220.78908114406,0.1464765093920149,10812.36088695968,synthetic_gp_augmentation
5646.88436753772,6635.789321538312,0.7392554490937515,381.1225048600658,0.23637015677039638,324.16268906714,synthetic_gp_augmentation
11496.35282760139,1299.9265579913874,0.0878241482772687,2254.2578764768205,0.23247107398344696,2995.199442134842,synthetic_gp_augmentation
7517.497283899655,3975.601796376355,0.01962078574359527,3746.654718522919,0.07502511266704102,3878.554542080577,synthetic_gp_augmentation
13656.701232727253,827.1191991617437,0.3824559242371034,844.5147138928974,0.07500605272042256,965.4642575678162,synthetic_gp_augmentation
9194.014947695123,1199.6555946272665,-0.01829976032586028,4927.382861368293,0.2156610158563497,4833.128361434804,synthetic_gp_augmentation
3499.910058320165,5071.860754007572,0.05700482257381767,5800.332259791832,0.14213371786837253,5028.887991360464,synthetic_gp_augmentation
14411.451322484554,6949.64643403056,0.07173726162021576,2943.1826206769697,0.10982412249244866,2988.290193523842,synthetic_gp_augmentation
719.7721028433942,289.638507648605,-0.1786244987417503,6724.834452813863,0.054963964492358436,5989.792712067928,synthetic_gp_augmentation
7964.143561193801,7763.463336722584,0.2525423942435051,2868.675107311599,0.32394326514133576,2560.250457801339,synthetic_gp_augmentation
3891.6164550803064,1860.4978684199177,0.0866675982009093,4633.786084384931,0.21677054794263717,5780.413825769387,synthetic_gp_augmentation
11979.062875729836,7799.738255237794,0.036693919420342724,3376.4662325923064,0.31698365918713023,3560.5002496800917,synthetic_gp_augmentation
12930.413167229168,7492.613443028053,-0.27984459056770195,10514.32517228981,0.06783833417117607,9129.01766724285,synthetic_gp_augmentation
14996.825881282164,6452.957542464238,0.033050454183944256,2851.266103235653,0.10088226604867784,3276.609635967622,synthetic_gp_augmentation
9743.860396486321,5213.8758000256,-0.20860926932420865,9532.775994576084,0.27579975480341445,9374.086879434099,synthetic_gp_augmentation
11394.711153162985,2276.423990904048,0.4123047280590807,259.87840336048583,0.27698222594005917,186.78634779108802,synthetic_gp_augmentation
11446.027097527936,2615.051533596203,-0.3426903791174917,8930.096695624967,0.19387837922997164,8222.044841662413,synthetic_gp_augmentation
15885.646520600074,7578.168584354958,0.12695194744341998,3308.7320591752887,0.15637610597533932,2711.151759317988,synthetic_gp_augmentation
2689.4191647589696,2875.9235875386116,0.6671456200295363,211.32893471757984,0.2056795515612409,228.61142313582025,synthetic_gp_augmentation
8354.759035137711,2986.1393409656307,0.514371786996547,333.5123750153609,0.0675159114959755,332.44449576597077,synthetic_gp_augmentation
8578.67197632416,2381.555122207078,0.8200083694194078,101.93029773097504,0.19834494631237456,90.4438482285128,synthetic_gp_augmentation
2928.808563908697,2609.0411410000315,0.4518297701541234,1011.0443559519897,0.18558705000543915,920.8492894106078,synthetic_gp_augmentation
324.5832622815011,84.05485271877478,-0.17558656447980925,5410.774790850756,0.05429491227442556,5137.162187206842,synthetic_gp_augmentation
14849.927599022123,3488.4209688761975,-0.42078463487762363,9339.694367676442,0.25379800658868307,7133.229219141913,synthetic_gp_augmentation
4306.73101735806,7542.717428223263,-0.11137733660604682,11352.535818038168,0.10158670491122669,10827.193712274051,synthetic_gp_augmentation
1821.166119450227,3603.5663211512283,0.016914688838354563,9112.069515529296,0.17803254508045857,6593.854649858696,synthetic_gp_augmentation
3919.9582776463035,2498.9584375967047,0.48360939495364763,907.7221051543944,0.06164749872624726,795.1964911677696,synthetic_gp_augmentation
4455.108080836119,591.3010388952307,0.4688476338984041,3946.3633949193186,0.08021555323159753,3744.688737036083,synthetic_gp_augmentation
4541.7415138802935,723.6672794949701,0.21197331886252302,5287.549339656418,0.059211049348485256,4976.021169976186,synthetic_gp_augmentation
3167.7736102463655,1013.595437723426,-0.19651980227748123,8541.720963791491,0.06737398933032704,7917.199398126037,synthetic_gp_augmentation
6120.072746208845,1308.1323530101586,0.2041674059476255,4126.765728790541,0.2281114080327201,4105.737858754744,synthetic_gp_augmentation
6224.167023959911,2416.235456674228,0.21411462672215975,3397.0562103528478,0.1513800991528205,3042.551632295247,synthetic_gp_augmentation
5490.223075585777,88.1334399642837,-0.07818442551423743,5506.2448917179945,0.05574687202094642,5286.4458169532345,synthetic_gp_augmentation
5313.989748138194,7601.151084745981,-0.13674508526317447,11903.826974384481,0.18909971605141943,11498.552127528454,synthetic_gp_augmentation
1526.7273160858945,990.5527414157964,0.8714042495743546,195.43565063130288,0.07513323487794453,192.83822878760202,synthetic_gp_augmentation
500.7586593059785,3065.1909788766966,0.25197291553825507,2668.068947398793,0.13355157421773747,2723.006597956631,synthetic_gp_augmentation
3313.6173724878186,7036.220477718245,0.2869072842082424,2857.7710146536906,0.08715321260043336,2644.572458954474,synthetic_gp_augmentation
12130.725895924184,852.543761526098,-0.48908827348471334,6821.763930451543,0.09938670408852883,6422.19353508988,synthetic_gp_augmentation
15853.875272262841,3868.8340140329665,-0.2454229057103698,4657.405679292631,0.22456831633334656,5542.634406731087,synthetic_gp_augmentation
8117.087753050521,4455.70099227312,0.8523730395262761,61.88281075910126,0.11287419753675479,66.12748694238113,synthetic_gp_augmentation
8555.999306869155,1682.7487633820804,-0.2546615719981194,9350.02731065326,0.2527883253760095,7383.666541414945,synthetic_gp_augmentation
5101.8469476698965,5884.076251300651,-0.0753944041423853,9628.058500972695,0.19373358004495506,8000.678954902559,synthetic_gp_augmentation
12405.637074338734,5450.728502940063,0.8862197912989709,50.58620572753907,0.21585670486947464,48.735887211051875,synthetic_gp_augmentation
12259.631338129113,2897.4872523753943,0.1735520992702545,1248.4617569396034,0.17727399051639078,1302.414155076804,synthetic_gp_augmentation
13523.930485560868,370.3612926510011,-0.05422911434168298,3251.4624949652193,0.08059612172921056,3553.72266734024,synthetic_gp_augmentation
14338.522777430462,62.91751916875121,0.38810248868154806,1140.4669096924495,0.05804927751362877,1141.6829821202598,synthetic_gp_augmentation
7006.153046782202,6603.143065017373,0.19482319832302142,2430.6658219499154,0.179854836190482,2462.435774304969,synthetic_gp_augmentation
12293.321532904441,2572.4588924725485,0.8404287282980412,37.56185739041183,0.13907841279148134,34.88460616770835,synthetic_gp_augmentation
12921.739787854469,1102.159188847237,-0.38352693281113664,5600.939023115896,0.13999119239478072,5917.678384695279,synthetic_gp_augmentation
5004.507997714228,4148.4098093038565,0.6067670887247258,531.0393312115812,0.23183430382946715,590.2773476850426,synthetic_gp_augmentation
1600.029891970522,67.8469161791817,0.6293370633863242,1094.6771697350766,0.06371789617914052,1077.9089529184976,synthetic_gp_augmentation
15908.879948696198,449.1483254113158,0.6868084768160128,271.05284511164336,0.08014302163493052,351.1180075917064,synthetic_gp_augmentation
12344.442418726025,3336.3594606805786,0.6889120012327579,149.68328909121567,0.2508778908110007,110.07788981418561,synthetic_gp_augmentation
1583.0073946568032,5407.727254040507,0.7133739784437907,295.7422617078527,0.1820614315616927,376.6949585972286,synthetic_gp_augmentation
10534.05140486951,3808.8036701364017,0.5053785094963268,334.7597820257089,0.2638979889101557,378.3548855197871,synthetic_gp_augmentation
643.4526337593364,7180.387507723237,-0.3006341945991957,20975.717417396405,0.2650216540641812,24855.539275715477,synthetic_gp_augmentation
12345.972496162507,352.67644429982516,-0.42733636910171235,5162.781231408308,0.10721398533931632,5051.916589848326,synthetic_gp_augmentation
12807.644454378978,2721.126957149949,-0.02292865870679911,3911.7901296658465,0.27709870067110326,3234.7620773571234,synthetic_gp_augmentation
9678.323024154019,2810.783115109766,0.19309780205550842,1881.3849411666865,0.26308992194686964,1806.594535959332,synthetic_gp_augmentation
13724.08023147347,2721.017807890734,-0.07633073896462639,4447.454970598482,0.27706563581522975,3761.62976078391,synthetic_gp_augmentation
1656.3441554162694,3901.487296987125,0.5390897074958343,707.289244489684,0.1738465673758537,770.0605964940796,synthetic_gp_augmentation
4487.18908844893,6324.616361556884,0.5114208688750945,1344.5036786171636,0.25483917084770147,1251.134873973038,synthetic_gp_augmentation
6685.422593323461,2543.060931222539,0.8606943015592421,69.20153146228462,0.0997242105080552,73.74966049902638,synthetic_gp_augmentation
775.0814499667626,5955.865653057621,0.06080232669917318,4189.3146045605245,0.09439694928314067,5453.258027226063,synthetic_gp_augmentation
4316.893952189799,4485.798845071602,0.5376799590364296,894.2350928011851,0.09524064731813126,909.0707512806996,synthetic_gp_augmentation
6344.486692417872,3000.704205324361,0.8842493241392111,43.73871614366657,0.06820838924070292,47.60352044322326,synthetic_gp_augmentation
6859.131848677673,4313.686418364565,0.5830613516931107,475.3751930361221,0.2656479974315485,531.3871440262809,synthetic_gp_augmentation
14082.646562454192,861.9980029779955,-0.102995657017113,3266.6993657322846,0.08710803726393616,3386.106169711939,synthetic_gp_augmentation
4398.421431389461,7627.702774087268,-0.4786186412211725,26380.149954200864,0.22870272708182557,27344.409404456994,synthetic_gp_augmentation
6742.11825316915,4029.7741841573275,0.5300655259904368,700.6873514993575,0.0819420989574213,647.072637454879,synthetic_gp_augmentation
4192.219777576823,2543.273270052187,0.5520642560178455,518.1766727625184,0.0959386505447358,535.6820620462798,synthetic_gp_augmentation
8092.601264257464,7099.0875304332685,0.8012414586834158,195.18611095923464,0.1759924554721888,160.6553979607951,synthetic_gp_augmentation
2513.6475559534174,1515.5014599957317,0.779755794699863,352.37972829697554,0.07369607556269532,260.5893242407664,synthetic_gp_augmentation
9096.06448804804,5493.715650840087,-0.456653866914013,16275.756003843377,0.0816567936980466,15892.37560598231,synthetic_gp_augmentation
6673.191085798751,711.1972727013454,-0.4458457691055066,9645.174347499778,0.07266535011204343,8463.035642389843,synthetic_gp_augmentation
13200.206540707664,5858.937415333118,0.1252937103328562,1705.3962562315912,0.22257054929917863,2244.7188709993716,synthetic_gp_augmentation
4181.876008409143,2145.018306512979,0.6689713418605701,341.10045949352616,0.23298255918072508,376.3953524655491,synthetic_gp_augmentation
15519.36810341306,5287.482922137179,0.6866557172617305,187.64127184032984,0.3099308749979404,220.76269894576797,synthetic_gp_augmentation
12577.080131536486,6984.302290885284,0.06614541372189409,3146.0031314740536,0.06298811124844471,2972.2798940200983,synthetic_gp_augmentation
15484.729113359808,4876.890985879925,-0.07774372451284584,5213.566625078061,0.20448066693668776,4228.479256991224,synthetic_gp_augmentation
13426.371221801835,1701.469866288872,0.2092420222041642,1209.2487589685961,0.26165798648933103,1203.8000781013861,synthetic_gp_augmentation
2359.452421041118,393.3242043137328,0.6655604896179126,2320.409608854953,0.07624683050553284,2613.1420347868666,synthetic_gp_augmentation
8470.71544109672,356.91177356052697,0.3910945675480352,2433.5615582300657,0.06862012887922625,2822.1458517605734,synthetic_gp_augmentation
2802.6584870129927,710.4950561120634,-0.30427186087665126,10583.783942376043,0.08374702098410894,8965.996258948562,synthetic_gp_augmentation
13109.814906773392,4638.543299757727,0.007127521121980895,2914.4619032414603,0.2205571528143285,3152.3591578068103,synthetic_gp_augmentation
9388.178172014404,2785.7428323252097,0.27759628126815306,1235.5339900296428,0.2749271791057613,1423.3853325738623,synthetic_gp_augmentation
4288.844098274802,1944.8558191671852,0.2535674038020408,4550.876575728451,0.11269034722080493,3969.113379786377,synthetic_gp_augmentation
14880.623654914025,1754.4524623775296,0.6628876281241904,58.411766335741184,0.2795891392490912,79.37355628524062,synthetic_gp_augmentation
1931.4582476967448,7588.6522552247925,0.8050404693769195,325.7566883090386,0.1757236610580328,245.60964533244677,synthetic_gp_augmentation
9065.412215193892,950.5326071365952,-0.3593516681546419,7483.277732017998,0.12258806052154847,7025.612880869009,synthetic_gp_augmentation
11564.544819200935,2438.5152861812376,-0.1858293735157564,6096.324258527161,0.12226070459212254,5938.159437686712,synthetic_gp_augmentation
1035.6917435856653,3771.8180961535454,0.04901967489519021,5499.228115399787,0.28137150370832636,5757.705296662348,synthetic_gp_augmentation
9605.910927978637,3.596208594043304,-0.08504268596856102,3427.0878951945283,0.055068208964211704,3644.9625038057484,synthetic_gp_augmentation
13072.829325863197,7367.625499805797,0.07160669294181987,2812.702061715269,0.22061154983626305,2944.8057919813386,synthetic_gp_augmentation
1173.6842992470486,792.7887260808309,-0.44299027993867524,15265.933751072274,0.0825378910325204,13598.804242578639,synthetic_gp_augmentation
8244.663240595371,5459.76480548938,-0.407581421772059,14143.44823754131,0.13495112570741116,15389.400317335327,synthetic_gp_augmentation
4211.059132564967,5030.923817299907,0.6737060691119041,433.0962167326513,0.0850562028605542,458.55326217862375,synthetic_gp_augmentation
10640.49877943704,6472.510840837897,-0.3563855022433582,11472.019542373877,0.09452787021677468,12515.458800052438,synthetic_gp_augmentation
1986.9701365536341,5211.10184449722,0.6537051567926493,573.7497697166019,0.2751471404855723,554.4219659848072,synthetic_gp_augmentation
14999.11774766106,6155.0993377278355,-0.07088319747575095,5863.516257754566,0.23841828607494525,4273.519365547338,synthetic_gp_augmentation
14326.184449264236,3369.98887030822,-0.06708728215560189,4095.0361052222856,0.21169532932370663,3669.064992479439,synthetic_gp_augmentation
5239.927561405163,5613.296817315355,-0.4814312659231018,26971.908719708565,0.21894150016896172,22612.808788574275,synthetic_gp_augmentation
9443.396096983384,4547.413768440409,-0.002595948176460694,3611.9099927722737,0.10833589223072483,3905.425562735478,synthetic_gp_augmentation
11517.191152484582,4092.308402133759,0.6694996688115764,184.8778201650178,0.1654857688426632,177.972261863982,synthetic_gp_augmentation
7138.230641048105,1644.4672484363946,0.7879376503532864,254.31726024902127,0.2212329212468934,281.0792660009886,synthetic_gp_augmentation
2585.0320191795035,2064.866086451003,-0.4137802214175386,15189.769433208507,0.12692517579322943,17035.754884169353,synthetic_gp_augmentation
1756.0087514656582,2867.977928475148,-0.45672871067214776,23151.70132776601,0.21502841310201012,23051.428086806645,synthetic_gp_augmentation
15996.268856938068,74.27508338802546,-0.2776791318175331,2920.876830975401,0.07799027929445132,3014.4597004250777,synthetic_gp_augmentation
7340.098730951448,3338.907596641896,0.5728057321599742,382.4200430241281,0.2425907830698626,380.98159710450216,synthetic_gp_augmentation
13973.254811461122,22.147806111302515,-0.21316412756713532,3084.9843304190103,0.06572481258864914,3269.4988764661375,synthetic_gp_augmentation
7769.77847360292,4520.1234873706935,-0.1768654758477477,8260.027875373973,0.06892929406176615,8733.720772464741,synthetic_gp_augmentation
14765.486452881452,5632.230151778791,0.7445197770478049,177.8433952041075,0.26414145961932356,159.24804507920666,synthetic_gp_augmentation
1495.3741860676546,4497.189052921011,0.7249286542619484,264.7443028699821,0.07612878514690637,281.7383164821052,synthetic_gp_augmentation
1912.9051422193602,5548.159785639007,0.4384049071882361,1586.1082202138318,0.102373095996597,1495.27655346054,synthetic_gp_augmentation
14881.151784815167,0.10534844965981449,-0.27038070732592945,2816.092513994022,0.08900571207543607,2976.7111071751015,synthetic_gp_augmentation
15165.13941621208,475.53578627447644,0.03360886551220055,2494.3249222974373,0.06397888299413314,2680.1319410187825,synthetic_gp_augmentation
5104.007414699277,5587.699527004443,-0.16935163137725273,9664.861871647812,0.15808826942056875,10696.111916207925,synthetic_gp_augmentation
5747.1217032025625,6423.201183654164,0.4405838145803801,1665.6631362245273,0.143389080442118,1503.6453402425072,synthetic_gp_augmentation
7293.958733872652,5741.612567115156,0.591903475852879,509.6377290895105,0.28531423839442227,618.199093573584,synthetic_gp_augmentation
6716.970713069924,5304.097940428413,-0.3010127891754222,18092.644570864588,0.27714927718986393,13553.914767226439,synthetic_gp_augmentation
3121.718933757587,5659.0613104924805,0.7571381660698264,288.489840615729,0.24932884868486502,262.8961432211012,synthetic_gp_augmentation
14384.168604636056,5916.719406369326,0.14795627005737122,2716.2047337869,0.15290406259283698,2224.487449444214,synthetic_gp_augmentation
4127.590851219735,5795.019986940554,0.6130081962929275,976.5156462581045,0.27225089096413174,742.2205379892956,synthetic_gp_augmentation
11313.83131069466,5904.067821506718,-0.42770734804125277,13779.428085219031,0.17760521689176065,12851.365794195768,synthetic_gp_augmentation
1167.775275986069,592.1576593214465,0.004813661827212656,4198.559314477949,0.07743434750433088,4504.748003560589,synthetic_gp_augmentation
716.1461713020285,506.1724119569977,-0.47930667322374476,13857.09425915373,0.15065207345578152,12155.75064342692,synthetic_gp_augmentation
10494.314513973039,2888.9595458355116,0.5058786240099094,196.6259202101016,0.19653317624490219,202.94525549039483,synthetic_gp_augmentation
5490.35213541484,4220.773716390365,-0.38876864167634073,15010.561656682992,0.27901175388232186,16533.49885353957,synthetic_gp_augmentation
10521.804344248021,6100.952431373821,-0.0263998925629777,6036.80472674785,0.1750133781480035,4923.661419611671,synthetic_gp_augmentation
1594.9371144844029,2677.6625503281,0.5944481528943293,279.9187850481329,0.2585204027941012,327.03290429411055,synthetic_gp_augmentation
15202.636940662227,2200.9366130690787,0.5485530698060794,93.68547489763421,0.2751452647705707,126.99500188587453,synthetic_gp_augmentation
12001.380023600217,6251.586464948236,0.39640546852197966,1577.6548478707684,0.28273977669564754,1157.9531191158817,synthetic_gp_augmentation
14032.649005110208,1994.6948116319597,0.4716288943779443,105.29620709076374,0.08074950316098915,119.22442497877236,synthetic_gp_augmentation
2269.8818093077234,6566.731014515707,0.41172385514500176,1717.0832939913898,0.1294261205741457,1796.8529918680958,synthetic_gp_augmentation
5190.559405396623,1417.0683977603087,0.39778634260956236,2880.7052985661903,0.13882354610336992,2996.1404141030007,synthetic_gp_augmentation
5956.672210880871,2875.7881829798143,-0.010483503942040506,4555.378862268741,0.20281960590178902,5502.843781091178,synthetic_gp_augmentation
8641.045108396414,3208.6048754111225,-0.4605680142924022,10975.154824710693,0.2837286681139126,13422.798391975812,synthetic_gp_augmentation
4820.208919567887,2396.083578461143,0.11855618974209192,5018.446540110789,0.1784596160261344,4475.065213430405,synthetic_gp_augmentation
1064.0288008115413,26.855311096101175,-0.43635648777351743,6833.050782547748,0.057411836800149496,6985.629396245175,synthetic_gp_augmentation
4147.334102573786,2701.2284710309896,0.14971056742165922,4846.389705026133,0.2690653851002543,4458.419207319201,synthetic_gp_augmentation
6236.148534265116,2508.999156213302,-0.2497898478306531,8742.899141622585,0.0664340898323365,9270.60298657333,synthetic_gp_augmentation
3231.6567276584174,6284.443971817657,0.5979662825168603,857.0172259614699,0.2775204357058406,886.4489394421076,synthetic_gp_augmentation
4264.152355579294,378.9421002917841,0.4858930786746035,3545.4911095482976,0.06847477356636826,3602.954562720306,synthetic_gp_augmentation
10068.542212873073,3111.5895972419257,0.28335535698132186,1055.1395239646822,0.19032675749047637,1113.119769710992,synthetic_gp_augmentation
6271.645969791235,300.12364463553,0.7962720121703621,1883.242490593829,0.0715654457246095,1524.9160161042594,synthetic_gp_augmentation
5591.595951394924,7445.180529032074,-0.09793804150570484,9703.073024383642,0.11685077353595172,10051.58567323638,synthetic_gp_augmentation
8589.09956028573,6321.675496248771,-0.13315488994900915,11631.315577820998,0.25534532291382095,9172.152544829583,synthetic_gp_augmentation
12372.58259941842,7857.292793904108,-0.24318985822665545,8196.206213967223,0.27397090366139454,9367.245923211507,synthetic_gp_augmentation
6124.000505932519,7281.284253568148,0.2622157028943798,2533.5031513793965,0.28375845608236167,2602.7435409131367,synthetic_gp_augmentation
9441.559931637865,2526.502176928675,-0.2124999442219873,6713.63329324016,0.07558819480042342,7233.090133480078,synthetic_gp_augmentation
15462.621743354002,5532.667298644642,0.7164538097622652,148.85846041590617,0.22611954232735798,188.57399245613524,synthetic_gp_augmentation
8399.483814477006,2452.4326998272672,-0.07396632132267456,5596.488276995439,0.10094408435295248,5756.146295844877,synthetic_gp_augmentation
14565.781466628956,7105.689503436992,0.18730341433048459,1768.7998333383923,0.18441434677331395,2302.051382962278,synthetic_gp_augmentation
12719.394725677188,3286.022959738731,0.24131507090222726,960.43114997354,0.2753715644962375,918.7757371112554,synthetic_gp_augmentation
1033.6270382373805,3007.100335233857,-0.0692948335903022,7284.968498698297,0.06148436690293101,7708.773832407904,synthetic_gp_augmentation
6922.672056361184,7312.549953866667,0.5337874694975633,1189.4573865147565,0.2695300678952405,1098.639380728938,synthetic_gp_augmentation
11203.26268511055,6693.922300958834,0.46890211072725907,731.2285859469891,0.26775498434860734,1016.0758447267144,synthetic_gp_augmentation
15788.719407926379,7731.308426914413,0.5651354395097423,995.7771617733978,0.35070853900535,816.5564224539153,synthetic_gp_augmentation
7388.18302946805,531.9046845955748,0.3482886577073916,3929.3110879890473,0.06417086646786661,3440.203196173057,synthetic_gp_augmentation
1575.2887206151572,1946.711024310879,0.14425520916382872,5581.090837261713,0.10734162060440897,4789.771100875767,synthetic_gp_augmentation
9035.945877934599,2406.861982936365,0.1284839351595226,3778.910158753963,0.16504830322263617,2726.4141346377532,synthetic_gp_augmentation
2112.3642947709686,3394.8164876380965,0.5031483862658517,694.3021964588593,0.18186319652643287,668.6605383402699,synthetic_gp_augmentation
12049.161008442356,3785.040367588288,0.027849337477722336,2601.81624060348,0.2760172029735456,2964.467935609324,synthetic_gp_augmentation
8172.064259642268,2331.779424533904,0.11216369355706035,3693.121172194284,0.24675988699783605,3242.560191811062,synthetic_gp_augmentation
11602.558757198854,6323.603385160228,-0.27086043308915186,8817.46596319856,0.25810713298050575,9829.713602280124,synthetic_gp_augmentation
10100.273472888157,5572.138506392905,-0.3923053510712895,15048.636452467086,0.14826562257360812,13061.87867107206,synthetic_gp_augmentation
9837.785335125587,6814.14652473678,0.8867170252326744,67.43162845299302,0.2659411017089058,76.56271708789788,synthetic_gp_augmentation
13495.03452309741,2833.2714071425667,0.03616975456579685,2134.436855648515,0.24641720340811724,2502.2901250016293,synthetic_gp_augmentation
13917.955201804343,1503.1299375732106,-0.16710711394240618,3937.9730274692956,0.059889658502692775,4018.7955488740254,synthetic_gp_augmentation
679.2401113578445,1074.769555229568,-0.09307862362262187,5344.837423372701,0.10218992899679391,4950.984475480323,synthetic_gp_augmentation
8943.42571908485,5953.397913192493,-0.04856545097430959,5917.559385319741,0.09833770758726215,5926.42172333535,synthetic_gp_augmentation
13779.499663430355,370.5564093389411,-0.2525510175837716,3669.7278507116766,0.06616673708610118,4056.2146892020364,synthetic_gp_augmentation
10409.523194733443,7870.716055540962,-0.1306008409489241,8496.53545932137,0.2571398876846299,8816.646022336083,synthetic_gp_augmentation
6781.537416615766,5370.425463911921,-0.3583114736213782,13097.773006448273,0.23096871048340406,15482.680836588666,synthetic_gp_augmentation
5490.475652125241,3505.5093705360914,0.8177384407047308,85.24370832850353,0.06309196055202207,91.21415606461092,synthetic_gp_augmentation
11290.06534318957,7643.508966464199,0.032152575756672075,3325.5912833629013,0.2459806540783795,3664.435937847276,synthetic_gp_augmentation
3349.316768865057,1596.200167393018,0.5882736256651455,1099.1432570213774,0.16510192345141975,965.7465084101422,synthetic_gp_augmentation
1587.9688308801267,1481.0889835105288,0.1463855132001317,5238.672652594682,0.06454538029700684,4805.747133250865,synthetic_gp_augmentation
14219.657255818061,7122.677878162871,0.12943955803684415,3417.982288731484,0.2058294765721474,2502.925165546638,synthetic_gp_augmentation
3276.7393974643082,3992.1558839923373,-0.4624527649967157,23696.502147522362,0.059948404330412534,23060.68869869508,synthetic_gp_augmentation
4747.753540536867,1006.2908428318291,0.7108410988932718,1244.0151021719348,0.11304113652420139,1544.2536120350671,synthetic_gp_augmentation
15555.915816381083,2441.7316656261755,0.17929183224026035,1252.1096450636842,0.11523192106893931,1246.7339484754295,synthetic_gp_augmentation
11360.133339469967,6033.218704275741,-0.008421940742317224,4112.951884684636,0.08462906573807209,4217.971004497743,synthetic_gp_augmentation
9807.299866999814,6767.935264010427,0.7695689313424612,258.75434831450207,0.2900748512602976,196.88079993373657,synthetic_gp_augmentation
4991.292918243673,2781.2379819585367,-0.024196907517050448,8256.58577741249,0.2759165891713284,6047.718999231424,synthetic_gp_augmentation
4856.089792247703,489.8694545349427,0.8687762971206745,1457.1356637949912,0.0821196988811263,1331.6891155210612,synthetic_gp_augmentation
728.4255371746644,5325.813452582244,0.8108990989961364,176.75135876725707,0.32763735021942514,159.44551220261795,synthetic_gp_augmentation
11682.86168374071,5915.976331506348,-0.12490750289656127,9695.882510217252,0.15169299347138265,6942.934630717766,synthetic_gp_augmentation
786.4860784044641,3392.1174069095405,-0.023156192246845897,5633.406379850999,0.1832851815438041,6467.129411961058,synthetic_gp_augmentation
11698.97189698957,7898.971980192666,-0.22614588482938303,9462.83530321462,0.21867421338871026,9815.531839772611,synthetic_gp_augmentation
15187.092738671094,1959.9887948772753,0.5247321897001314,103.69035112590541,0.12009042192121323,124.73808187706517,synthetic_gp_augmentation
12128.398458864236,4583.821550394007,-0.31918839418806744,10764.315546809392,0.1523591133655597,8993.796990392657,synthetic_gp_augmentation
7599.079030927621,4887.68330850114,-0.21215226255564762,9454.502725370665,0.19600252334573906,10038.532570403402,synthetic_gp_augmentation
7828.119468017881,4392.8575681957045,0.20070813342413485,2197.022903196776,0.18275827405028944,2024.3437105435303,synthetic_gp_augmentation
7034.569120120775,6953.0364635503665,0.5442344175429921,866.7656894303235,0.1070560668937707,990.8900480228766,synthetic_gp_augmentation
5261.834307054305,4840.060255376931,0.5352001009716552,1160.2780661097215,0.24366282478986248,923.5257097442387,synthetic_gp_augmentation
8395.256005554858,4063.12017913032,0.3524911811454433,1003.3593288197545,0.12514979746967306,982.3004613665353,synthetic_gp_augmentation
6955.30021854373,984.1202132893851,-0.1190422565457318,6069.454808088427,0.06729711296503757,6290.902589340709,synthetic_gp_augmentation
14380.109279967402,1056.858891957603,-0.15530002678217553,3972.4832959968367,0.08987964309182372,3633.7246140208176,synthetic_gp_augmentation
15920.649735448584,212.5591469137893,-0.11217560494288442,2762.1463610859464,0.07237790630608952,2884.387725495365,synthetic_gp_augmentation
1352.0183091383822,3908.2493045076976,-0.04748637102200742,6788.89281523602,0.1700095461246931,7381.17243214788,synthetic_gp_augmentation
2973.2285126922707,7992.43249099104,-0.20936715602836786,18189.35824079731,0.06601414303169761,15861.921667209586,synthetic_gp_augmentation
5698.715535415986,5698.614355642292,-0.4404026731422634,26988.69775557958,0.2753791631340127,20290.242375976108,synthetic_gp_augmentation
12248.809249398519,4071.31746063974,0.8590987450026957,42.24263408882186,0.13571276703441104,49.893400012493316,synthetic_gp_augmentation
14716.00475725389,3339.10841714221,-0.4907860787531443,6348.9083043032115,0.36570399304153745,7656.724232462306,synthetic_gp_augmentation
618.2198476275304,6458.323398419071,0.7384194359803287,425.50019301436305,0.09470136454974759,420.2963745187979,synthetic_gp_augmentation
1164.9504087986397,4207.912941955969,0.3397263466715591,1567.058247317706,0.27249905377102773,1816.8245031024917,synthetic_gp_augmentation
6512.0499685924715,1791.6948122405126,0.6443492127774093,423.6255559260283,0.26725575178910227,485.98504976947083,synthetic_gp_augmentation
1376.4093944241902,4643.349097687063,0.10903460189035163,5218.033973498792,0.2243566708456863,4536.020588006083,synthetic_gp_augmentation
15777.872914918315,24.21591900592901,0.41726522026710233,944.7876600749469,0.06151305477798459,801.9166021857494,synthetic_gp_augmentation
3422.4577590053636,1887.168123786746,0.06840122484757982,4964.973745696795,0.18759708187629945,6057.695935545224,synthetic_gp_augmentation
3250.0720884522425,1545.1506588407228,0.2786920372292899,4165.351522590503,0.09313808969362342,4640.907337393376,synthetic_gp_augmentation
9220.886633851775,2967.3694175954697,-0.1110479706393585,6420.068266040673,0.08261043568193914,6096.578007198919,synthetic_gp_augmentation
8018.172823611192,7108.775230474305,-0.034296430576915005,7520.820882680616,0.1867100056604575,6193.550645881454,synthetic_gp_augmentation
9328.968925525232,3102.824588789407,-0.38493293148959007,10438.66288924624,0.18215202352811982,11012.558281744325,synthetic_gp_augmentation
6090.090923515892,6761.501019927929,0.5939207814057115,589.4757497432512,0.28634529812177784,834.9007853278845,synthetic_gp_augmentation
13245.521522329658,4444.90416105265,-0.01160884223654407,3066.8427158487125,0.11329915078587574,3343.2345465049675,synthetic_gp_augmentation
2303.430767935159,60.917633780535496,0.8649988036035743,510.2476543595675,0.05821801926012612,558.7378652808829,synthetic_gp_augmentation
6911.443068879304,1509.893703225721,-0.1363376462336915,6953.187054329451,0.05695037226502575,6879.680677093174,synthetic_gp_augmentation
11067.213390260984,7450.224361664291,0.165073752377336,2229.5646687932326,0.11112984454764926,2243.9364909990472,synthetic_gp_augmentation
13904.959400498105,4833.387569581748,-0.07225491924625244,4803.637295710385,0.24678898358369383,4347.485751994797,synthetic_gp_augmentation
5976.188541072447,7436.374868578191,0.47149552488194313,1576.0558935849244,0.1288287185733723,1500.4221780878388,synthetic_gp_augmentation
9127.15502559067,2480.960162427623,0.6317122874685888,172.4054059851895,0.07197762343535095,171.1881374648214,synthetic_gp_augmentation
1199.3251256154579,5732.499026261943,0.18181502272502859,2965.6627847029367,0.28016050210422727,3441.833410868033,synthetic_gp_augmentation
2808.07350097808,6176.201279178079,0.013698580368696756,5140.797962678194,0.25378956883028936,6382.6953937831895,synthetic_gp_augmentation
1199.2967832112204,7805.596821890043,0.5426518466893848,1433.6878128459207,0.3157721990327158,1364.9281467588341,synthetic_gp_augmentation
11673.306182776498,145.4118653516856,-0.23196293831036469,4557.539516053334,0.06542229841883042,4494.478624369398,synthetic_gp_augmentation
4680.153502682037,7617.8977209859695,0.33925287349698474,2566.881861349875,0.21290925568953456,2384.6637594243243,synthetic_gp_augmentation
11607.55011405022,3132.721740833321,0.5270742443820875,154.87282626194522,0.22344686622107596,211.93625244240485,synthetic_gp_augmentation
1155.7326367880655,6703.939245958936,-0.12302254406929825,13039.804873855725,0.27192163808509884,10911.23530197469,synthetic_gp_augmentation
13814.510026492375,4357.703345768671,0.41797907615962715,469.9173288814091,0.22357970844815267,607.1367842668417,synthetic_gp_augmentation
13384.930149966358,4517.196344266924,0.5293166031216965,367.9993307114084,0.06592807203320113,377.5844406674811,synthetic_gp_augmentation
1513.967014499494,2875.0231054916007,-0.3356167187222985,22709.895511040308,0.20545245011145621,17959.444602654443,synthetic_gp_augmentation
477.72845266926566,6627.78072302558,-0.0465295219251623,5904.176385720198,0.2087529748083457,7699.523813071252,synthetic_gp_augmentation
994.9921264136597,2112.1085667026673,0.06882846710786361,5797.210623907563,0.1887813769389523,5205.448792801961,synthetic_gp_augmentation
13672.71975303307,3937.931089428852,0.5863403558838569,208.5542613644083,0.12081856234320898,255.34310932689522,synthetic_gp_augmentation
3831.7854759251427,4481.395990139803,0.294507186077556,2038.443079118343,0.06689064139260463,2364.7660063055287,synthetic_gp_augmentation
8817.5457539452,5940.168747419907,0.12938606239167472,1836.7223896260682,0.11644503265145796,2176.5264408224784,synthetic_gp_augmentation
6877.282830562902,3773.082696332296,-0.05371857186074558,5840.761686912334,0.2788863279694166,5812.858180727853,synthetic_gp_augmentation
12748.855867034772,5442.26319071595,-0.4943140858851628,12420.110088381374,0.13979199479834342,10899.304639331833,synthetic_gp_augmentation
7873.482993383663,3882.352770783803,-0.4716918726509782,20185.676456516903,0.2043273221131838,15550.417964765129,synthetic_gp_augmentation
15826.561838048448,5393.147809665185,-0.3366331518308704,8224.246011973084,0.2154821460836165,6693.589040768905,synthetic_gp_augmentation
2487.0599523131878,5675.5324842339505,-0.3325787641611144,15761.640020523955,0.2619548988119195,20506.014329819143,synthetic_gp_augmentation
13308.192626060309,6586.398350882609,0.3438354736930248,1308.1861978737634,0.15658767187873682,1483.332471992226,synthetic_gp_augmentation
922.8209551017682,4325.780487679339,0.3476374525082724,2187.5892467595017,0.2527226924954312,1759.12834639824,synthetic_gp_augmentation
7694.615436210235,1546.225310959146,-0.4373190467877198,12225.043509328529,0.11707740271971086,10278.060400052087,synthetic_gp_augmentation
14192.723700535074,5437.126732952443,0.33150935252057856,993.9789598701246,0.13008352116790317,1159.5404665171334,synthetic_gp_augmentation
10676.902053105528,616.944667937295,-0.29585396835281785,5953.114931074602,0.08552129430554488,5323.062212746515,synthetic_gp_augmentation
4286.74478787812,6337.260229318394,0.8855574035346152,97.27009140826068,0.2592679221790008,91.25921950143821,synthetic_gp_augmentation
6755.3391826471225,3480.5611546405275,0.2308075085086284,2388.024350422576,0.06479743432044771,2367.3242021854594,synthetic_gp_augmentation
5928.638909634903,3984.3533412097363,-0.45213678129271684,17414.346545678847,0.06836896322036277,17743.71936847992,synthetic_gp_augmentation
8390.947041512109,7899.17534786824,-0.013278517649108479,5344.502968449152,0.2171069639466716,5364.864066173245,synthetic_gp_augmentation
5297.683794844131,156.42199628747645,-0.18556296151087404,6501.225169526803,0.06689961963477278,6111.928369136398,synthetic_gp_augmentation
4957.141736701605,890.9808761427529,0.8502289317420069,741.3253386079319,0.1105824471747741,803.3024132697634,synthetic_gp_augmentation
4088.560977316442,1956.0148772866369,0.09541117704728175,5933.496587026994,0.09648358703610782,5538.213037332647,synthetic_gp_augmentation
2484.0694991515643,6206.576255878095,0.25679263045814227,3069.4323362331647,0.27365232540285345,2884.0318574901767,synthetic_gp_augmentation
13966.458401856824,4523.91163211291,0.44666547409355184,524.8318979952237,0.06890341510352437,567.1183668068147,synthetic_gp_augmentation
9673.698330151494,2040.371189585291,0.13838764787242985,2367.7442666760735,0.09349939069374626,2660.929049706292,synthetic_gp_augmentation
11132.363413923122,119.66044747147376,0.7627050344518489,877.5109027354971,0.07669981882203418,667.3828721713884,synthetic_gp_augmentation
13577.896841167774,5454.40754193437,-0.30545589758613906,8561.960285889718,0.11659659360629794,7254.309045384069,synthetic_gp_augmentation
3876.8171856309164,4914.380443273343,-0.3880725657177604,20447.689181838257,0.1668924779916535,20023.082452276245,synthetic_gp_augmentation
2494.549449962496,174.37231505234863,-0.0627674035968937,6628.331142785153,0.06773738970043033,5835.690077064813,synthetic_gp_augmentation
237.01438842665766,6536.0930690623645,0.351385727174761,2202.840727472051,0.08600360034327151,1988.144399869619,synthetic_gp_augmentation
851.2803878181132,6107.4122812969745,0.34223344004147527,1866.0018493722189,0.18375601772232183,2063.951338796629,synthetic_gp_augmentation
12219.796438025835,2465.789964546505,-0.11969966038496754,4868.859319530374,0.08372712756260312,4844.032988494222,synthetic_gp_augmentation
15796.262679462932,5083.013205058448,0.8315407654878006,52.446274037268196,0.17742477515453434,61.75087124232234,synthetic_gp_augmentation
813.597127372798,4811.943707719785,-0.06973559659825235,7372.66471069113,0.26302370825252747,8140.116589105672,synthetic_gp_augmentation
11994.328249370294,1145.442233814962,0.6258792105416187,172.08436902545307,0.17527304303515576,159.88272872916144,synthetic_gp_augmentation
9514.911915968301,5465.649089825036,-0.36219097350172047,13464.903963662215,0.11625096582928673,12932.506727282056,synthetic_gp_augmentation
12121.596990608981,7468.413170160068,-0.1744259229468073,6317.833248958642,0.09159224300177789,8123.565595863947,synthetic_gp_augmentation
5811.349916557029,4610.274565590025,-0.19873188886965887,9049.144637329304,0.18830393573620288,10053.537377617002,synthetic_gp_augmentation
273.8620656595534,4542.505164476359,0.7875118434847195,149.27092021888248,0.10124338110893875,151.7976878134095,synthetic_gp_augmentation
9563.51069879427,5173.453557630708,-0.008453106485490747,3826.795044354041,0.2517581028438408,4214.722960644382,synthetic_gp_augmentation
15860.789587426441,3524.6264014250305,0.67105986674811,125.41151634188418,0.2856086924059279,157.90813004876648,synthetic_gp_augmentation
4196.117023132083,433.37634801075,0.1692252030481849,5347.568836785669,0.06416759241414531,5186.240632566763,synthetic_gp_augmentation
3112.9113072767313,3172.0307737975777,0.14010666187162846,4201.603675863149,0.25074227491481565,4792.467401837408,synthetic_gp_augmentation
2070.4216947808877,7202.017680943118,0.7647899006305416,356.0713615697282,0.2767260969420762,354.4960989686417,synthetic_gp_augmentation
8928.564356410892,6439.574403132388,0.11726197007219785,2393.21582976758,0.12184395612960781,2303.422523360206,synthetic_gp_augmentation
9583.477079828346,7419.388548616524,0.5427926841232966,832.4805261373288,0.15450604622533176,931.0497337182613,synthetic_gp_augmentation
12073.865050566104,4047.662056310636,-0.3573823687931624,8584.163666697985,0.10728004556849333,9226.279784539138,synthetic_gp_augmentation
8938.450737524601,6256.263461142418,0.023109608140692517,4919.33082742038,0.281566107562342,3742.9371638757916,synthetic_gp_augmentation
4828.850149587922,5374.815336417652,0.13575061394253551,3068.1185920453913,0.20514978460178862,3431.536127107418,synthetic_gp_augmentation
5343.587534868889,5177.500294521281,-0.3573730420754324,19958.28425655984,0.26232547909792836,16812.45516136589,synthetic_gp_augmentation
14917.915470756941,2135.8996638641192,0.37225263970328326,285.79062989940275,0.2165044238080981,336.31489642305604,synthetic_gp_augmentation
10942.14489056647,4054.1553939776545,0.6248274945627326,254.4953821062849,0.11525044716399924,242.1126110291458,synthetic_gp_augmentation
15595.987570692583,184.55962791462267,0.37455654160610663,1240.9597113510365,0.06989903069248773,1186.7807116481329,synthetic_gp_augmentation
6728.909333828037,1039.5684208034234,0.8784597145554285,308.9012214404104,0.11868361840120184,384.51079212022637,synthetic_gp_augmentation
8645.257416328228,4146.00690208633,-0.47712205188254037,16521.607321523246,0.24101457943623755,15262.209624857142,synthetic_gp_augmentation
7845.135176671105,2477.3782050553023,-0.47806224184927026,12771.115194067293,0.18120539580481612,13070.950555566784,synthetic_gp_augmentation
3863.561712972993,3771.877786136085,-0.12702871757212053,7426.714472125196,0.2798684525649993,8656.109382651579,synthetic_gp_augmentation
8489.418133611267,668.5132508548053,0.46111456749140534,3354.86202542137,0.07734780719360242,2428.4620451538804,synthetic_gp_augmentation
1171.2514516147992,142.73877804249935,0.6104942149743853,1541.8788268070664,0.07333999253515536,1490.0237456324357,synthetic_gp_augmentation
14910.24467601134,5802.062990781371,-0.3565897277038005,8098.2430344150125,0.28451561108232043,7287.205954061665,synthetic_gp_augmentation
2069.114542899596,1372.0539044025113,0.7842734838447298,299.2844888522465,0.19160989514620788,249.29271385265338,synthetic_gp_augmentation
3247.893868028823,1502.4989520404724,-0.45810788707145844,17049.35349874837,0.07981448307128292,15428.2465515177,synthetic_gp_augmentation
12268.607460624322,3390.4577811253685,0.46376549891229546,244.97374847644545,0.1886832959283179,299.5405150376832,synthetic_gp_augmentation
1641.259214450088,2112.4847132277173,0.03830107276020478,5843.60823756845,0.18956661426213606,6161.951874997008,synthetic_gp_augmentation
14414.421783885009,4932.616637969516,0.43441489793383514,706.0748896551125,0.12849343045421124,654.3280478515179,synthetic_gp_augmentation
11638.645434488315,3885.54005779011,-0.3633091497447449,9203.308373522581,0.19489029518969125,9585.178666707418,synthetic_gp_augmentation
1191.0716280308566,891.6048118178405,0.8119124472143042,264.2479046819871,0.09502542897794305,281.46318441321023,synthetic_gp_augmentation
11100.36827444188,6277.926783275588,0.8123716757760255,106.71198952776143,0.28414875574165566,109.37875272355276,synthetic_gp_augmentation
10142.893820523954,3406.8708353139846,0.2271611398465564,1322.171894188582,0.16714719330715214,1389.2102287769671,synthetic_gp_augmentation
12141.855980564706,4886.674556714404,0.21341834769120238,1278.0405712962136,0.19048189979168906,1367.4265224490055,synthetic_gp_augmentation
13268.34585458044,31.5386602614538,0.3887314629391859,1113.9174643688218,0.056628001423718884,1075.7165998375344,synthetic_gp_augmentation
11521.773954453165,5011.200267492296,0.31209653076655275,1071.5674695449532,0.06875301427397915,1146.4541814151266,synthetic_gp_augmentation
9420.203094808454,2262.7988562474757,0.2609651935585159,1960.0213379329896,0.27916029117657665,1720.7068457028583,synthetic_gp_augmentation
5227.166765450265,3954.965945679948,0.3248676084403064,1926.3081410388681,0.09884477286138454,1818.2259007503885,synthetic_gp_augmentation
15315.848195629394,7970.085957137942,0.35549349141309794,1952.0747067493553,0.09802474898762498,1725.2931686251602,synthetic_gp_augmentation
9441.5963104091,1846.7385176929884,-0.22583190328455743,6438.9742783847805,0.2317329684358752,6878.163719604079,synthetic_gp_augmentation
10663.083408104636,7302.876811914053,0.7794768565308914,234.00083175563034,0.27621460672800907,193.31696327170704,synthetic_gp_augmentation
7050.335870976832,7343.733054639335,-0.19765513398401596,9101.389684305706,0.2450512229817025,12360.27793474517,synthetic_gp_augmentation
15962.911538184311,2432.02492418685,0.8958809606894058,37.54847626990278,0.13818492787772793,28.98764013556753,synthetic_gp_augmentation
2650.190252677004,3048.2843751903292,-0.2012166277657605,11264.913135191611,0.10192182673648044,11364.492549510704,synthetic_gp_augmentation
3318.2439441098204,7914.712699134384,-0.35986929787682964,25626.429056411114,0.19673808408433865,23671.40454154832,synthetic_gp_augmentation
8677.060362763792,4950.369818700849,0.28681009521702083,1219.227448269539,0.11012852911725475,1507.4492278319658,synthetic_gp_augmentation
7753.868816460366,4358.241902565109,0.6580712411449903,230.37120685343228,0.2264384944975673,310.9314729190744,synthetic_gp_augmentation
9187.959573656828,287.3430507154184,-0.414948992191377,5825.440300118827,0.11890439582680308,6072.859068460318,synthetic_gp_augmentation
880.2773588159413,6782.744243176206,0.18614584530558265,3815.0570250379164,0.2775955133088591,3253.166139567085,synthetic_gp_augmentation
6527.995655654138,670.443646457592,-0.40409672336021524,7460.333119650452,0.08264053856335998,7843.281050601826,synthetic_gp_augmentation
9369.354366842417,375.7789362750508,0.10016756504499602,3808.2552625468215,0.06469310031747777,3992.2299357572897,synthetic_gp_augmentation
9404.542485748907,2198.864688943936,-0.01845581972154503,3732.741774778101,0.2676223950537929,4516.613514502578,synthetic_gp_augmentation
10551.609992117139,3806.3088404601453,-0.30801881461372094,12983.550373049711,0.2682874187846052,9388.364836975821,synthetic_gp_augmentation
11551.434861142354,7162.311680035204,0.8034294328023022,181.3108612015515,0.25385615481933466,142.6162220246761,synthetic_gp_augmentation
10300.60053311962,6320.630392662709,0.3888417712333093,1104.723615005654,0.2568079448017231,1271.363810402861,synthetic_gp_augmentation
12664.866170692017,1581.057156046744,0.6802788208094899,50.44915490859377,0.15012452523421482,57.34025641090854,synthetic_gp_augmentation
10033.694091485007,2976.6362274182125,0.7683223408541138,60.825980624493226,0.07250808478840029,64.83357003155037,synthetic_gp_augmentation
8646.371834341551,6241.922116951062,0.8022594633838824,114.75639083410343,0.2909686720408296,124.67184562467784,synthetic_gp_augmentation
9738.523219316194,4216.739579752779,0.54736046291713,389.3805676571055,0.27675788263591217,411.0923860784942,synthetic_gp_augmentation
1708.9745313779842,1395.935536192634,-0.07027235867212378,7825.580082777654,0.16280345527698467,6987.7337281494565,synthetic_gp_augmentation
4443.188997535768,3168.441621426667,0.6605056663974949,221.25533747449074,0.24784942500746063,302.9675060004833,synthetic_gp_augmentation
8485.656512464286,5007.486436077655,0.22825607607489773,1768.5172326187474,0.06702309340479683,1786.1831333365328,synthetic_gp_augmentation
10896.91974497909,5294.496438851273,0.04008333399148756,3099.571613478256,0.27207919425025345,3106.171550246745,synthetic_gp_augmentation
1537.4884477031715,129.56129785117554,-0.07828705691764798,5405.712701120919,0.06405018755900939,4997.887059862371,synthetic_gp_augmentation
9517.171712066029,5640.066213060226,0.15268565600423833,1966.2025462255244,0.22096855950237154,1937.3511189669803,synthetic_gp_augmentation
3625.6340034298732,2006.918459657844,0.593869193369277,594.5283233216203,0.06698796951634722,588.3522097415256,synthetic_gp_augmentation
11770.863300640694,6897.271313710518,0.1788142785795468,1599.7308818620452,0.17833695332151916,2108.3483319460056,synthetic_gp_augmentation
13256.309554889081,3071.1192658091086,-0.12499799067262596,5870.366302179152,0.13312643146512723,4694.836267533898,synthetic_gp_augmentation
9535.954734180576,1596.9203020344019,-0.37763569544935693,10181.007004039924,0.1824572279775434,8358.86232707622,synthetic_gp_augmentation
9502.665495052184,3743.577492081876,0.6980585219814384,133.4767218597653,0.2824978097309472,153.80732292179863,synthetic_gp_augmentation
5483.603947051943,2041.5837945200437,0.08431604948688254,4759.752165887181,0.09061757723619358,4741.967234661031,synthetic_gp_augmentation
7195.375336464819,1886.5719079828045,0.11869156352446475,3413.5309648105526,0.18695044671358813,3905.3219594361617,synthetic_gp_augmentation
13839.322825663992,4586.094406187944,0.5692101983256004,349.1739971364717,0.15639004446065471,334.99997423523087,synthetic_gp_augmentation
11600.793262377789,6138.770166807036,0.6896170942107334,282.0659792861668,0.22510630806165632,290.56618083772514,synthetic_gp_augmentation
8364.083189163905,6679.634993279004,0.2156028711645387,2253.9212111250663,0.257163125140258,2168.845774837527,synthetic_gp_augmentation
901.0378387880143,534.4301087755143,-0.1651806192454231,6451.794419976047,0.06269770814582219,6371.642523002505,synthetic_gp_augmentation
2373.8176810895234,3871.799987724427,0.8090951237924369,121.11378633695684,0.21081372120616057,95.54289193038453,synthetic_gp_augmentation
3169.100513675993,3470.251816227087,0.29508977528643865,2591.9905232580086,0.08557434968112963,2833.7320070172755,synthetic_gp_augmentation
15111.883988512767,7169.159209152961,-0.3401017239064009,7719.127228815878,0.2552782292957919,7844.097316983909,synthetic_gp_augmentation
3833.958595821774,413.97750426465143,0.016529695364946417,6895.703344751457,0.06590845480161707,6574.669318817945,synthetic_gp_augmentation
1781.4271856380738,6365.971038859459,0.13008816524988598,3755.486199047714,0.2159862626995969,4143.761608615094,synthetic_gp_augmentation
5479.057841187128,5165.732463532309,0.4550268452793639,1191.453244002944,0.24633995753564364,1205.2432791094006,synthetic_gp_augmentation
13070.117105261805,2091.490065327264,0.6148585604918226,83.82783009577045,0.16182226624217436,86.16185016312167,synthetic_gp_augmentation
6195.150415227076,5081.2489462625035,-0.010888666330955588,3846.1656053910365,0.15280538994757822,4972.741691085396,synthetic_gp_augmentation
12382.842315756374,1029.145533467796,0.722531593128483,90.13461776050791,0.07735816710278542,102.23264387148663,synthetic_gp_augmentation
12863.009120417373,555.2520663799783,-0.1934135741316269,4307.368517940978,0.07173649139454241,4151.808913683278,synthetic_gp_augmentation
1862.0502382093957,7947.9126004180835,0.28805752656766537,3465.1179607483823,0.1342483303115912,2759.279623890054,synthetic_gp_augmentation
9777.690066765861,5090.958867669281,-0.2882283275313652,10319.015668840793,0.16579021920948564,10684.05991083516,synthetic_gp_augmentation
15349.627407600661,2025.7809962658682,-0.09505031864785823,3555.586261699152,0.07428317377359049,3125.964096137873,synthetic_gp_augmentation
6493.995390966507,3600.2716472301277,0.7535760571561629,137.4202258099102,0.1748381385880863,168.25018548745774,synthetic_gp_augmentation
14780.51277510027,3509.8005470944777,0.7818556641036256,71.66792620976298,0.1747791416196693,69.56753510007626,synthetic_gp_augmentation
14150.29387700248,7203.556256018754,-0.04023715252059584,4801.464826950126,0.2763297691980315,4031.6899808732815,synthetic_gp_augmentation
8402.049010623128,6950.473583827694,0.47411358782791746,1295.8232497033214,0.10812045176575386,1174.5131782866792,synthetic_gp_augmentation
8880.824613469753,2753.2505287267463,-0.37159438779216514,13091.73264577742,0.2861448025244497,10562.542363678513,synthetic_gp_augmentation
3466.6835341403857,5568.07203261682,0.39778004727129823,1660.1208670181456,0.12929690162773544,1604.0730643604443,synthetic_gp_augmentation
13129.267013159733,5283.98803026074,0.7732457916712638,102.16361111556517,0.29014288210195815,113.77561176506148,synthetic_gp_augmentation
8027.74061043481,6169.694964958735,0.2772826955599762,1701.4758769573393,0.24905247060387473,1824.1870922225037,synthetic_gp_augmentation
638.6569427666485,2927.433314139884,0.006970097596866176,5016.386161235959,0.13702079320762695,5481.691325837675,synthetic_gp_augmentation
10959.937807539065,417.89198798506175,0.6110086681346714,1142.9410243725465,0.09346742747140105,1299.749043936883,synthetic_gp_augmentation
15212.890689863027,1368.313928900088,0.4978155941202299,147.26152928142426,0.224230490846769,189.42732738668883,synthetic_gp_augmentation
13283.492796497429,4932.429501390074,-0.33523041470928894,6862.177820944297,0.13772979676735383,7799.7258116099065,synthetic_gp_augmentation
4507.450429347583,6200.801495178828,0.43198215162729103,1533.070710215925,0.2705893569556301,1576.1384734118942,synthetic_gp_augmentation
947.8688504401164,6048.389076284768,0.4305181845188314,1205.9787879120752,0.11585340530408074,1605.0950943058024,synthetic_gp_augmentation
14999.297325587253,678.0651657191399,-0.05717038880364089,2963.94770958595,0.08449063182007997,2959.3173964549446,synthetic_gp_augmentation
8565.403583434623,138.3090174864998,0.06178917429711428,4196.087181218231,0.05974151007631684,4003.3590077796157,synthetic_gp_augmentation
10312.84684557741,6257.134058576582,0.8440532791501365,77.953299232405,0.2862576278734814,91.10913938604291,synthetic_gp_augmentation
1999.2301312663358,1302.3076918351107,0.8815895690829365,106.95158237787138,0.23717235605256035,148.22630059029865,synthetic_gp_augmentation
1638.3710839414266,3259.3853661691483,-0.178619315345522,8808.261627319202,0.2812687303120366,10968.162340133831,synthetic_gp_augmentation
3800.4411321513808,7353.354296623785,0.05711167408234752,3915.0885622276505,0.2363490607875291,5047.8265467781675,synthetic_gp_augmentation
13402.587867864055,1372.7839299773254,0.5638369862341044,151.9029007728912,0.20923300810272275,160.9804368890277,synthetic_gp_augmentation
2418.733581697312,492.21523050035466,0.49834081380046225,3698.6754911313947,0.06661150248451081,3706.588799998598,synthetic_gp_augmentation
3704.5085654439004,5227.739070253987,0.8533809003062349,73.20916284472762,0.2972930577336218,93.1248573272799,synthetic_gp_augmentation
8822.963543223099,4756.29072497405,0.4160204771243178,714.3354129842747,0.28321536381693274,823.4605393630266,synthetic_gp_augmentation
3520.586367444563,7616.244046861866,-0.06166703745183971,9604.329017829028,0.21191133678801566,9002.129071881734,synthetic_gp_augmentation
9056.7282429976,5995.443121764568,-0.3744019063764942,14555.933916018916,0.06790457983735144,14288.47056816277,synthetic_gp_augmentation
5952.683008846187,153.2579030260175,0.7932083616509116,1763.557306210926,0.07403548203627018,1441.5245604576749,synthetic_gp_augmentation
10055.93264486346,3843.095747252481,-0.3198647681553307,11501.106612071306,0.24214159062055968,9964.459718975797,synthetic_gp_augmentation
14604.064912497954,7168.81549229631,0.26398521370702666,2200.092621385728,0.25321764563229043,1987.1718570133437,synthetic_gp_augmentation
2500.790789817576,3469.208704915818,0.06195317446445514,5839.837081478901,0.08170116153867,5533.920448665991,synthetic_gp_augmentation
14449.590482024407,5219.90384515186,-0.08981084492528268,4311.3517994772465,0.2783185696378448,4677.961550926695,synthetic_gp_augmentation
13282.492575040855,875.657020342353,0.386996622265775,808.7394407896187,0.08425545274025219,955.2218052103435,synthetic_gp_augmentation
10137.446085166754,4074.176601493468,-0.4562479124447879,13226.931839152425,0.15721459653812533,12919.620356703335,synthetic_gp_augmentation
9960.331853702204,5564.937085161181,0.8523853466918099,59.76949115816326,0.2273000376268584,70.80441746018312,synthetic_gp_augmentation
10263.481292990375,522.9517779169655,0.7727338651580706,724.360726973342,0.06359634418485759,813.410153760027,synthetic_gp_augmentation
362.0669894788965,5736.648504431891,0.7156949676954458,572.966894861633,0.29824279945600407,410.5625245701693,synthetic_gp_augmentation
15333.67200865433,1256.570898456273,-0.040000294032454364,2246.3262587540225,0.23806961034671495,2502.398747015518,synthetic_gp_augmentation
12525.306846498504,5519.282579737872,-0.07144203199134613,5043.561570341569,0.07348688574749453,4918.059917250585,synthetic_gp_augmentation
6098.781241075674,6204.327214912911,0.6324424919041989,639.0874191053866,0.27842068214716176,618.9613154378551,synthetic_gp_augmentation
297.1157012611557,4148.094350603365,0.4321640330350913,1154.5958466771776,0.2310018747330812,1153.1397534401838,synthetic_gp_augmentation
8204.781092035459,7654.860221600077,-0.1660165590614558,12720.430116692129,0.25980166226924295,11017.604414530433,synthetic_gp_augmentation
8164.32289712327,7402.646870391972,0.5068470671983385,1383.0967461701134,0.17640214177085983,1132.4984154571634,synthetic_gp_augmentation
7048.129684152083,3787.496431262281,0.4909495603147547,877.6038364285558,0.27431272926688216,631.4987397812737,synthetic_gp_augmentation
4072.2347961745804,6183.452511071668,0.25691933472923545,3550.1136716960973,0.26097353519311234,2760.9298174674673,synthetic_gp_augmentation
8487.963504505205,1945.116603145152,0.6465239129689841,231.0608945574492,0.11603624173378659,258.4320151569819,synthetic_gp_augmentation
6066.922421126556,6742.57047999284,0.39790710513967864,1760.2446468611884,0.2826113768767644,1738.8812473930138,synthetic_gp_augmentation
5182.682525270683,4451.066868660353,-0.04672465293774691,6698.987997245054,0.10194440055481048,6167.450040872233,synthetic_gp_augmentation
4773.971487700679,4262.470147663418,0.487048605476211,833.286490264397,0.2824372806742338,1026.15523610314,synthetic_gp_augmentation
8738.615902151716,7397.862767199342,0.44518438852852793,1089.7721875422792,0.18224589822647663,1345.2545717101577,synthetic_gp_augmentation
8038.556085888952,1714.9043980925028,-0.02972247054860605,6548.483695937199,0.26679585153954777,5523.539845655612,synthetic_gp_augmentation
10335.473400245943,7425.267620413411,-0.273642878115845,14954.102315470394,0.15514608085829068,11802.72465616606,synthetic_gp_augmentation
15205.028152129906,250.728331678844,0.4729413231165006,945.9680564231368,0.06659455062891473,999.2215674011682,synthetic_gp_augmentation
4635.015259352492,6153.626252264613,0.688632694311174,559.8478037301682,0.23829865324212704,466.8677810483538,synthetic_gp_augmentation
11115.067951154444,7357.345045692521,0.6735238437083491,400.66651544423195,0.23301041404603434,439.87008250958166,synthetic_gp_augmentation
4271.97671646463,584.5374959621381,-0.18162982237130137,7579.928018221475,0.07828548804920935,7109.177422933983,synthetic_gp_augmentation
7473.143675145825,6437.34025194968,-0.05730604577586845,7602.003726169946,0.12153935317492316,7126.542563530358,synthetic_gp_augmentation
592.817136850038,6742.918845533881,0.5564787533151272,1025.8577414675385,0.28378582589754736,1145.4282113528309,synthetic_gp_augmentation
9920.944422802859,2690.059103907628,0.0751955015896989,2204.4231070839205,0.2630118027011606,2921.4195122444216,synthetic_gp_augmentation
11973.034265924942,6475.752544081196,-0.0667700103696241,4950.430713992322,0.09406881365841613,5272.642097212284,synthetic_gp_augmentation
8313.534627003895,1536.3438180009564,-0.49115445484857523,11935.573093628278,0.09757702025321766,10681.434252164678,synthetic_gp_augmentation
9702.720173160164,5031.80605113016,0.3448860905188539,913.061048873103,0.09339378905124088,1134.9862867218897,synthetic_gp_augmentation
6397.4374953279475,3445.0452761265533,0.3412828971475609,1530.6604315767736,0.11009661631591897,1634.2029291283973,synthetic_gp_augmentation
755.9232168543443,1395.3260180341083,0.3785765558919951,2135.902854533099,0.1630279482515643,2095.731512256613,synthetic_gp_augmentation
1689.2345068147574,6651.521658007677,-0.1245401099241254,13539.923348801683,0.2333687265401933,10885.85569296985,synthetic_gp_augmentation
10514.43519480328,2597.446657599414,0.6354993304362244,132.55409174475196,0.1728810741559695,113.37262656593762,synthetic_gp_augmentation
15929.329263413843,7475.40892524013,0.18245357436251142,2277.4692480765216,0.08426647259757775,2405.2382350318917,synthetic_gp_augmentation
351.27150269640924,4551.470958558416,0.5673430725787858,785.9103647657806,0.10882509992007339,739.5369145338448,synthetic_gp_augmentation
8965.577599539485,4116.079851077907,0.35553085012677044,706.0852644996577,0.19508757447060057,951.5840552817087,synthetic_gp_augmentation
12041.03917083267,3386.4475537548724,0.08249914072324893,1688.6146824563675,0.1911838985505146,2187.6552413847803,synthetic_gp_augmentation
13245.719765420672,3205.367118850443,0.4514775852968568,221.5214401835837,0.27397345715407084,269.0265829092513,synthetic_gp_augmentation
8768.757929439977,6543.730198696831,0.3049682984168778,1833.7118188090894,0.09361399216209908,1751.8351795011351,synthetic_gp_augmentation
9956.664084927272,5420.006795889008,0.21499558675704222,2135.680020452534,0.14525968176255177,1705.0586667971106,synthetic_gp_augmentation
13757.563370125546,3368.6732768896686,-0.3796854330862989,7260.2494197497,0.24480588937021747,7303.806005828482,synthetic_gp_augmentation
2044.4036415248165,2091.4977976218834,0.7743655250976003,147.31842380533732,0.1754900075502894,115.90377826370717,synthetic_gp_augmentation
14826.296920770328,694.9217482254558,-0.030885135484695514,3234.476056143366,0.08213431200994488,2907.9227779738612,synthetic_gp_augmentation
513.6767164699631,6213.247919872358,-0.1854298509781589,18080.598597598706,0.27715690959001005,13513.11967075951,synthetic_gp_augmentation
13395.576040228627,3322.211444141633,0.5805149007466492,161.20327179879874,0.2671223643226133,195.30550980169357,synthetic_gp_augmentation
1320.1727822991866,4073.788736773464,-0.17628935807047452,10658.779529481604,0.14313505986214062,10327.166683010946,synthetic_gp_augmentation
3194.5885645182643,3754.745881576363,0.894077472481484,41.01921661868534,0.28803736234843075,43.86357277484701,synthetic_gp_augmentation
161.91692746000854,3449.1028509539215,0.08868955818882007,3816.5382043291343,0.1192863356636191,3441.880694267211,synthetic_gp_augmentation
7179.581618023047,5471.196616542798,-0.08472582787159938,7049.494933018938,0.07773644680298783,7258.37140230738,synthetic_gp_augmentation
5416.311704806537,4869.872926068869,-0.41310889832349706,18489.384082385277,0.22049913672708857,18509.03556410462,synthetic_gp_augmentation
2739.2872926437344,7776.430389154444,-0.4414741516906518,27812.38472722521,0.3266100039607759,30018.704976954883,synthetic_gp_augmentation
7272.3335567821105,1111.2312611938532,-0.36680321440348485,6874.59412612151,0.17993081092399849,8412.68640936323,synthetic_gp_augmentation
6497.697042437723,4588.154505861734,-0.4929540396630434,24969.958319868587,0.22441259014117806,19321.8447855943,synthetic_gp_augmentation
12305.81041990999,505.9213072185118,-0.042074028831683596,3986.3993185175805,0.06450973297271054,3848.3710943409,synthetic_gp_augmentation
14300.771866513516,6463.3473496656,-0.06536383985887173,5255.916752844539,0.09939467341264424,4339.288004456992,synthetic_gp_augmentation
10475.819303096601,4930.4906660087445,0.10212844361402484,2234.1818014837168,0.13600184500650797,2001.1076735775932,synthetic_gp_augmentation
2078.1251807517297,3427.0305279403033,-0.1739079074624627,10115.074930930048,0.13664588078887188,10742.296974015413,synthetic_gp_augmentation
4796.7136358866255,6417.885237151569,-0.41216237887823226,19291.994221698493,0.15506262041974336,21558.88518026332,synthetic_gp_augmentation
14621.760919633249,3640.020867932626,-0.40037246086587175,8096.576000122699,0.28344782753427206,7144.1866151977565,synthetic_gp_augmentation
1510.8784388254376,1822.2887625075775,-0.2449950745727439,13955.979188142277,0.2505085234895812,11753.887560412844,synthetic_gp_augmentation
6569.007846314141,3780.006088882695,-0.05677466238323947,5449.947280977106,0.27699977253766633,6021.779796961799,synthetic_gp_augmentation
15085.823445812352,566.6543730987134,-0.29281112969828277,3298.0370049932467,0.0918959248809846,3823.3194865175324,synthetic_gp_augmentation
15215.570979364822,7182.8888771151,0.011164953060201044,2847.310057901478,0.26605453330758483,3514.3267453245758,synthetic_gp_augmentation
6638.13051507739,5847.666997875689,0.7911082147070774,141.85545402368894,0.2410182814342362,147.78229721761596,synthetic_gp_augmentation
10711.610520770879,6082.526289720222,-0.1337557866585365,8781.25049578981,0.14919248702948223,7988.281680533241,synthetic_gp_augmentation
7362.255013828583,6995.946432147538,-0.2642409561822944,12278.748852941313,0.0845106274538824,13725.243302476028,synthetic_gp_augmentation
12080.022577037833,6332.580710520669,0.4306867542031244,1134.2584762578979,0.24847913262907423,1047.0819207105787,synthetic_gp_augmentation
602.1431580186763,3454.8207220275185,0.18723345314497797,3340.353119809781,0.1127596925136076,3306.837733242134,synthetic_gp_augmentation
2392.098667849599,949.091212203597,-0.43384437786704,12764.018103653458,0.07773401013709927,13324.648643073575,synthetic_gp_augmentation
9865.760976343228,2986.918239847622,0.6029302636329443,145.53756070903069,0.08424247481536702,175.6125973378671,synthetic_gp_augmentation
3797.580972844711,7472.677715037778,0.5014801605952863,1435.6462801732816,0.08657617605468186,1499.2816330103346,synthetic_gp_augmentation
10690.231558379463,7592.723929851038,0.8682177064364776,91.94539424537682,0.18717443185227156,101.11811547352553,synthetic_gp_augmentation
5684.444546634644,6142.966924190365,0.8136292673872139,173.15602704558736,0.23148624875605395,138.71146105520833,synthetic_gp_augmentation
14197.664374232361,1635.4446645711,0.31794761107534153,766.7843592694192,0.21212131539083673,645.0424675981728,synthetic_gp_augmentation
13126.224230403785,1555.598867713285,0.4604298110128575,184.02475760387497,0.1454248428928401,192.29327132017306,synthetic_gp_augmentation
7936.121021093637,7038.172087045763,0.073309553581558,2969.8013251875855,0.08901171724816354,2892.741640568365,synthetic_gp_augmentation
4411.092391137937,4673.099818659914,0.2739323552790871,2422.7024778781765,0.2515791933625172,2508.756200777404,synthetic_gp_augmentation
7958.730451308616,3026.0134582325422,-0.04422814313093637,5517.753502135119,0.0717544745824888,5365.865044891045,synthetic_gp_augmentation
3239.9646246261227,2416.088063689412,-0.4867119113265844,24990.674714526966,0.1546664137208707,19738.307646874877,synthetic_gp_augmentation
13788.090079483802,5419.056205415844,0.32102967096779955,880.6740007949654,0.1521197841155639,1183.6124899395963,synthetic_gp_augmentation
13186.775103437796,7676.552613215503,0.23560744672085232,1572.1372168211396,0.2820852792236104,2201.360386929868,synthetic_gp_augmentation
14444.17972770312,6221.069905922389,0.6366280490083445,408.17013173365984,0.2817414754878686,412.38176878279495,synthetic_gp_augmentation
14051.884001465725,3889.3007448124317,-0.23819352317070908,4464.562677711735,0.19286944926101715,5951.61668690532,synthetic_gp_augmentation
15357.580566745966,3525.6920656177313,0.6415617749862776,151.372680670266,0.24624625681829657,181.77098492568624,synthetic_gp_augmentation
3730.546082947623,7261.313506579095,-0.478602945642211,33433.265752795465,0.2927233569878275,28601.899287982862,synthetic_gp_augmentation
14916.006223645516,4624.856787790031,0.3222387287796252,764.4208461058037,0.2053460157830851,966.5336103256525,synthetic_gp_augmentation
9182.289742496763,3973.112184529562,0.05559336174283347,2990.7910808066626,0.0758657062563744,2945.13782899373,synthetic_gp_augmentation
6817.67183429862,5462.686956251385,-0.03587127012065161,5157.09453022522,0.08647804642297006,5739.710278902027,synthetic_gp_augmentation
9009.944945889181,1897.2305370362114,0.1066143540334088,4140.606374189739,0.17507460470625663,3369.384567606421,synthetic_gp_augmentation
5547.377470739418,509.8839005990374,-0.1869719193212983,6706.212592825835,0.06577328578634724,6615.926870578626,synthetic_gp_augmentation
4687.9928106791385,6840.891523882752,-0.24320408566003476,12970.149909199676,0.24217580453553364,14917.086177007499,synthetic_gp_augmentation
3936.8979738427074,4858.0936055956545,0.6271496376020294,467.44165715885885,0.22640725893110758,607.6596593992083,synthetic_gp_augmentation
1410.6050323683164,1319.0168098005506,-0.18113837967709373,9728.774365201956,0.22478972849991327,8363.984778113778,synthetic_gp_augmentation
7995.381864640281,2384.3834120059773,0.5317607922949124,537.6765952859529,0.19394175001029282,435.6667420475462,synthetic_gp_augmentation
14215.41064385081,7919.468100716246,0.49590476221968516,987.1943727763004,0.19160033599136592,1115.8127194102012,synthetic_gp_augmentation
10119.416311462715,5075.389059709242,-0.4532394180101965,12602.975901788974,0.1484406511501483,13947.335776756365,synthetic_gp_augmentation
8383.512560816798,5088.897127736979,0.7335013882625632,156.32217139631655,0.16098558783823227,189.06624667542107,synthetic_gp_augmentation
6914.627400189573,577.3093056697762,0.6050971821307323,3107.1334341396755,0.09524690662655085,2430.501752377366,synthetic_gp_augmentation
3427.50982639402,7142.263116469765,0.6328674731066375,1107.0959577824033,0.22784792107661223,848.251449306639,synthetic_gp_augmentation
13184.680447370247,4382.259538105764,0.3155745207050893,859.4241472622188,0.19734235702075772,928.4609898255408,synthetic_gp_augmentation
3254.289116176296,2475.111331606988,0.890733213642867,42.16775234423791,0.09387265142655968,46.14170820740097,synthetic_gp_augmentation
11494.301831964276,5584.441827088734,-0.2491870033315629,8628.157690320586,0.15433890150183394,9115.726219934963,synthetic_gp_augmentation
12183.761682788827,6666.995155774953,-0.3987296966816553,12238.895272284699,0.24874136748104794,11897.13345433888,synthetic_gp_augmentation
9240.417768240975,6288.971278586028,0.4858344613311908,779.9732289831959,0.27441545922161154,962.7829900713032,synthetic_gp_augmentation
13820.529361781773,7816.378976383031,-0.08848786764603933,7087.0879325462965,0.3088086273585067,5038.109658362322,synthetic_gp_augmentation
4727.700603965335,5094.84318933554,0.35152651350207376,2070.3636952066595,0.16965067917091092,1522.7305233092138,synthetic_gp_augmentation
14117.713817761525,2569.8034524709224,0.048382258114379684,1887.8626791077236,0.1351094060207727,2243.5737973338464,synthetic_gp_augmentation
11697.626307628936,3983.420904548269,-0.03306617809859519,4219.8257703815825,0.08558908261460166,3934.7737196443372,synthetic_gp_augmentation
12800.122261411996,6530.537343604932,0.7505480744328212,175.93406753500503,0.10029274171637736,203.56344407834484,synthetic_gp_augmentation
10666.817381484296,2122.7406977230194,-0.3011391579432954,7523.352740676611,0.21214468709542403,7471.663756691838,synthetic_gp_augmentation
13556.853970140513,1851.2660395519313,-0.23542008384889124,6976.519822848168,0.22727264458464558,4955.335724185369,synthetic_gp_augmentation
15890.271917210412,5798.676642611766,0.43497719401811286,787.1822816609542,0.2831460316947088,987.7897323992071,synthetic_gp_augmentation
6780.589386941754,3555.4194121232863,0.5956414178711817,458.55534523379174,0.11634052581776992,420.6593190253383,synthetic_gp_augmentation
13041.259370982169,6532.563161517781,0.6651002887788899,369.9499090772807,0.1069072992375362,378.2523619277673,synthetic_gp_augmentation
11938.818176336734,1149.4686892719112,-0.17639039712084736,4565.4701363608065,0.17923356399631138,4714.010393881563,synthetic_gp_augmentation
7300.635634821086,2685.571705195254,0.7349587856052353,136.91319002152355,0.2604429577415767,139.19654400374353,synthetic_gp_augmentation
14838.489095746942,2144.7992527208094,0.35337091899437734,359.8765308624293,0.22601713342335614,407.381643323287,synthetic_gp_augmentation
6371.372280204256,5582.945184530188,0.6525057864796604,400.01602562798524,0.1651446087249592,477.78783173055996,synthetic_gp_augmentation
9090.908068792178,6074.6337066131955,-0.40406928371549244,13684.38693793954,0.14279528887321102,15084.290685712043,synthetic_gp_augmentation
1784.4834761562886,3648.0215670924504,-0.0003479296204099147,5129.630598101372,0.22953413706146172,6995.4518756248335,synthetic_gp_augmentation
3689.825585653633,3824.235011191485,0.23480957828693638,3118.272430336975,0.2533490827557263,3419.13752583286,synthetic_gp_augmentation
13467.069111486795,1056.2550623130358,0.3077398456152003,1270.341258014674,0.08642791203454221,1042.0870022461186,synthetic_gp_augmentation
6405.1882929786725,5614.624750504419,-0.3612998242968114,19022.56975215259,0.21386945432208876,16284.923383512412,synthetic_gp_augmentation
6365.937021702605,7938.541068793979,0.25412154244304563,2314.8891434387497,0.15105679522653995,2964.0143238890023,synthetic_gp_augmentation
4011.098189230862,6223.374726654475,0.4316810063302343,1527.9427964381198,0.27903020073795215,1603.5782823989928,synthetic_gp_augmentation
7916.604315329525,1784.8985855010246,0.0062331200705417755,5218.343903623513,0.2692195392589317,5093.248493361229,synthetic_gp_augmentation
12912.489685474897,4984.981916753884,0.20103494199288308,1488.5425708732623,0.06126285367641603,1418.472482404071,synthetic_gp_augmentation
14333.10947260246,2359.6544853140235,-0.09040700969831617,3143.7039841123797,0.221366984356962,3661.469838590222,synthetic_gp_augmentation
1214.8194695025238,241.4124233302637,0.7187003806207795,1443.5133639021642,0.08597204147077074,1320.90298709595,synthetic_gp_augmentation
9239.649626717835,1438.5828452466685,0.3388892493660368,2058.4163112699953,0.11189101714756594,1963.1884240683162,synthetic_gp_augmentation
7529.6465494881195,820.7485781107309,0.271783454590254,3487.5619844134185,0.08065129201522038,3541.684750286866,synthetic_gp_augmentation
9867.081422498095,1567.4604285455534,0.822100396228794,84.88726542105115,0.15232048237780377,66.20677513957894,synthetic_gp_augmentation
7211.683421841479,6364.8353715920275,0.4309041331241529,1107.6631957741017,0.21661897030722377,1328.0089543258507,synthetic_gp_augmentation
7602.903327628881,6056.319607560895,0.39845431367152884,1299.4201886812427,0.11203887488180145,1303.662294434194,synthetic_gp_augmentation
9353.786147226985,7590.900438742166,0.84627283931451,114.77558105487545,0.17413645932281924,124.20454195842414,synthetic_gp_augmentation
8065.633055405251,4594.184920542198,-0.467018441701782,14797.553641987071,0.20513685816354177,16210.310269026766,synthetic_gp_augmentation
7607.0967712282745,3883.271536080437,0.3772274098153918,1226.0907328601663,0.195194783016128,965.5600148587304,synthetic_gp_augmentation
13103.581428333484,6001.01740472211,-0.28043105475897095,8659.369352315345,0.07292836931361933,7874.861391252957,synthetic_gp_augmentation
11955.803060681937,776.7211191447201,0.6430433154929449,405.00421342532707,0.07326528996452074,290.072787681775,synthetic_gp_augmentation
5527.918057480966,3425.6966998790813,0.39695834149775977,950.7264039633873,0.13762283307499015,1153.8376752337629,synthetic_gp_augmentation
12829.176168493595,3990.5967594564854,0.811785290157393,65.40218274904835,0.06226301725056365,63.632337746496844,synthetic_gp_augmentation
13673.045637171552,6648.410483187021,0.4374090069364017,1339.503707156857,0.23097591286413804,1110.2471028763514,synthetic_gp_augmentation
2540.526065449629,6513.741281850395,-0.4758935495792974,33303.57436895604,0.12774071800781656,30793.416934050518,synthetic_gp_augmentation
9364.651141519065,6786.12287879985,0.21449538216116804,2060.3677256695855,0.2760453990804557,2082.5328166750633,synthetic_gp_augmentation
4636.460698227499,5582.983422941615,0.7651352890626173,202.9079071867648,0.1563400416840516,226.5165657055674,synthetic_gp_augmentation
11852.839918634889,4244.446457478701,-0.17477579416013928,6371.094923487225,0.2822505048545739,6812.643626626082,synthetic_gp_augmentation
10775.316034351206,6986.259322042157,0.5078430169105785,907.3342111713808,0.06770950528284443,946.0120700787098,synthetic_gp_augmentation
4156.482031316379,3843.8767412705097,0.2035119937147679,2720.7492880966856,0.2373246609200837,3571.8464685309013,synthetic_gp_augmentation
8227.185838536097,7885.2952631101725,-0.43336663404741776,17409.948077091856,0.24327937606228472,18573.061867494685,synthetic_gp_augmentation
15183.478839867455,6998.544999833429,-0.10811867458480634,4686.019798210977,0.06304833046493723,4963.310284661278,synthetic_gp_augmentation
6162.789861457309,4083.7573233712633,-0.04255189329966663,6767.460984741927,0.1521889714107337,5741.156509271196,synthetic_gp_augmentation
14024.241926815002,554.300762776851,0.4350060691825026,989.1576701126827,0.08310675003187024,1064.555828824208,synthetic_gp_augmentation
15792.418841141924,1795.9364069751703,0.16024030899507258,1118.4762865181153,0.26709175316012174,1246.808421664367,synthetic_gp_augmentation
14010.128496002097,6211.188635010279,0.18206645718551917,2197.177369918647,0.2743068627898612,2142.4957666911187,synthetic_gp_augmentation
2737.2698726011513,889.2340559894781,0.6292451794324083,2185.6271377989883,0.11150655330209819,2089.1315091848005,synthetic_gp_augmentation
13132.565690609092,3758.4005305541054,-0.11021606209795165,5889.500510953741,0.2843419601494821,4809.493349312029,synthetic_gp_augmentation
6353.499950818995,7026.774626964122,0.014580226760214865,4997.774785184685,0.07271676716657681,4860.5303768398535,synthetic_gp_augmentation
13944.660635754035,6776.910903147839,0.08571806656524605,2647.74538401291,0.2796649318688733,2804.802069054418,synthetic_gp_augmentation
11051.160182882726,6114.223368477862,0.2782633784390651,1818.9665468794105,0.1924565567301797,1607.4036780543563,synthetic_gp_augmentation
13015.52144887755,5357.194476462782,-0.12338437241841788,7105.174389742324,0.22530663785974725,5748.154017589341,synthetic_gp_augmentation
11381.978622776713,1450.3089799077813,-0.35475669250109443,7294.496879963968,0.11292959198275536,6890.681972098347,synthetic_gp_augmentation
7547.644581889206,4490.515867268926,0.10030869174164514,2861.8245665338973,0.06366789797449514,2515.0964917781002,synthetic_gp_augmentation
14290.50096163359,7845.425459706755,0.265402398344742,1613.3226890474632,0.28691921038383106,2112.660564249808,synthetic_gp_augmentation
3756.173483316255,4402.478206458197,-0.18079495434508763,12787.65817776946,0.171483006985126,10017.489582346261,synthetic_gp_augmentation
2809.224995622136,5164.45493808358,0.7466940835506528,289.87606343246773,0.24695549359082566,271.0310927831969,synthetic_gp_augmentation
10320.579852903948,5420.60377532939,0.6183858222313796,371.823198899123,0.15841852718017024,393.905174908829,synthetic_gp_augmentation
15554.710048958148,6643.10686140404,0.19112947881907139,2374.335064102536,0.22609486666224798,2297.396456575774,synthetic_gp_augmentation
4031.379515577648,3479.8454248563903,0.13008950624982407,4617.221762491047,0.06981096408669335,4371.9926181193005,synthetic_gp_augmentation
4069.759025047841,3980.0792084199816,-0.4429622406135425,19249.120103576537,0.069531072962525,20533.930268372686,synthetic_gp_augmentation
2318.0316825988198,1407.7761113967194,0.25164562588678685,4798.080402173966,0.14869934873205895,4872.822012841112,synthetic_gp_augmentation
13782.960528850752,4917.439101900016,0.33404593359344215,979.4643186930896,0.14934158074537598,949.7038086074629,synthetic_gp_augmentation
3699.720892540212,2366.0640505951137,0.7482844940334297,132.27672162449883,0.21902090117373915,158.70575958863841,synthetic_gp_augmentation
8100.538574925717,4060.9979911095966,0.20153729204507498,1613.6192458835176,0.12044556196728992,1957.836469427285,synthetic_gp_augmentation
15854.872400235052,6132.457548079183,-0.27967160825061904,6713.029138700714,0.2434451093044075,6299.0654596492,synthetic_gp_augmentation
293.0403246604926,140.55923745589283,-0.24792033828731147,6576.3324158617725,0.06478696416206178,6166.487787238228,synthetic_gp_augmentation
8948.128839121626,4511.324212674986,-0.27618561406719677,11565.686657867567,0.07620625835154711,10543.012470056046,synthetic_gp_augmentation
8245.395779008639,1387.5601384855179,0.8139488236777854,186.29662044691483,0.18724036973255714,228.1959525413024,synthetic_gp_augmentation
12938.41328492146,2235.0667182708294,0.61074496030457,93.02974936359362,0.2801901399163235,88.34935461591746,synthetic_gp_augmentation
5748.976478889153,277.70624069598335,0.654672576848075,2835.4847507334266,0.06019071358290546,2467.199953945594,synthetic_gp_augmentation
6624.427606494761,1355.7020814872178,0.6766069263346355,538.8329362382478,0.20180743292258596,672.1826832117714,synthetic_gp_augmentation
11878.962183009007,7988.182089594496,0.48304759865425684,1331.2305830747637,0.06874493372464044,1218.5827874072813,synthetic_gp_augmentation
12576.871656091558,5758.783359117179,0.48607139753083506,562.1214628574903,0.2851722758795262,680.3387322253762,synthetic_gp_augmentation
2272.946800383401,4894.854838169548,-0.18524960889695707,9321.088854728734,0.18219951050386088,11139.83693090607,synthetic_gp_augmentation
6355.967476414316,6216.05562479412,0.1869320783349323,1892.4341651818456,0.2758609257695773,2666.497843511324,synthetic_gp_augmentation
143.04565144501584,4154.440476523266,0.7562710116776827,179.00093993901703,0.24291201180946123,175.1899765151618,synthetic_gp_augmentation
4850.269222899853,282.27199534160974,-0.3454042846980231,6740.74312272276,0.08384301059658102,7180.6646182216955,synthetic_gp_augmentation
8925.172332335509,5675.166564640422,0.7490704156092889,144.40665215292927,0.26373279726206816,183.03902138828883,synthetic_gp_augmentation
5412.092368593258,7876.82001657938,0.7913809532313749,217.63460346950976,0.2604627189494272,240.83331327597358,synthetic_gp_augmentation
4425.518507924943,2064.4236477756904,0.7930537687536663,228.72808494508448,0.15696789390837074,173.07775810832413,synthetic_gp_augmentation
7414.59600996108,3707.7245236887998,-0.4932311510527504,17739.39352249483,0.28914414203429856,16480.54843346439,synthetic_gp_augmentation
2986.2174189441307,2890.1952084102495,-0.19060171814325366,9313.762492011076,0.18639066690677888,10926.353223330421,synthetic_gp_augmentation
8521.041331255792,3123.7399538389072,0.46774333043551963,438.4908578596062,0.2029805426179653,408.6750837608496,synthetic_gp_augmentation
11336.465148880292,5771.199951002855,-0.04956430661641137,4162.008664077409,0.27935180050838365,4983.9702123680145,synthetic_gp_augmentation
9247.189746793185,3027.2351180484006,-0.4144833918777921,12960.53726709841,0.0946874309422713,11602.429546454952,synthetic_gp_augmentation
1580.4383606506415,7528.673003669814,0.568118912768979,1219.802986066773,0.08862437983192997,1220.1316183652282,synthetic_gp_augmentation
13526.096965232615,6317.267630108483,-0.45997093054887844,8454.842700864849,0.2604568954603774,10423.24311672751,synthetic_gp_augmentation
2882.147616051062,221.17620070156096,0.12442985910500137,5690.928136441794,0.06339155987689091,4705.614599942706,synthetic_gp_augmentation
12260.510809716945,6548.391056269798,0.8266065270576846,103.17344408011198,0.11091342173178952,105.76437346722084,synthetic_gp_augmentation
5832.985261336022,6182.859379509269,0.1163259569097187,2845.9825584815953,0.2585670327133493,3164.2905403246127,synthetic_gp_augmentation
12545.905434092027,4131.949827049868,0.776642199563929,95.25885065664416,0.2140049243929958,84.91206951437081,synthetic_gp_augmentation
3379.7391641449976,3974.5391739713086,0.07260594430090861,5573.304610444738,0.08381116112684261,5033.33326994581,synthetic_gp_augmentation
3067.927448757334,6684.215227735627,-0.014639447257256688,9734.90667094393,0.26036848901146625,7064.750957980394,synthetic_gp_augmentation
8002.710954857967,3398.2823133042793,-0.3496640763613672,13160.428206996476,0.18392376986508369,11505.121797869373,synthetic_gp_augmentation
623.6826337039319,1275.6987463463877,0.001327272638078858,4080.9250886376267,0.23658790012814895,4571.14582971836,synthetic_gp_augmentation
3682.2276866391007,2503.1906627922613,-0.02821891396947096,6494.78665761449,0.057506139952437904,7205.44202835833,synthetic_gp_augmentation
11611.794809731138,2121.6192268599148,0.6851716603677789,80.17664355451876,0.20829546589132786,57.05232936291584,synthetic_gp_augmentation
13414.397305056265,5448.472237211602,0.7878812439023806,106.89115696980292,0.16749106742040976,101.25699395463128,synthetic_gp_augmentation
1384.487286611186,1430.986800326762,-0.46929787994533817,18677.919158976863,0.12702256638101034,18213.90655121028,synthetic_gp_augmentation
12780.523544445547,3727.735578110095,0.40051985392625644,592.6962300397756,0.27938773930146277,485.64153807193986,synthetic_gp_augmentation
13927.98030174075,6717.2874352942545,0.17864004332669203,1728.1573662705875,0.27757774378729855,2264.9387006707966,synthetic_gp_augmentation
11205.014017803554,3879.9899457397437,-0.08436991093406565,5906.826713894899,0.20160418302197403,5253.692833408325,synthetic_gp_augmentation
10819.03376997404,7438.431476555063,-0.13613011639714084,10519.312387247357,0.12552552691394517,8532.38707642078,synthetic_gp_augmentation
8448.982410183335,7203.753023084702,-0.18545557467393226,10692.899581043897,0.27710460263863484,11181.413727792215,synthetic_gp_augmentation
10479.316869411909,1482.3006328321826,0.2356312169613919,2139.666813449183,0.062224996698380844,2071.771807355578,synthetic_gp_augmentation
14713.843666609022,5489.330818815069,-0.47552808891797593,8994.295238638846,0.06866479831471237,8747.533725236975,synthetic_gp_augmentation
1698.2998225256638,1716.9979929662018,0.534438127056541,931.3791735632085,0.2705619551399691,659.8152029559994,synthetic_gp_augmentation
5120.65519775285,6586.434449843661,-0.07945678895297653,8519.488935438601,0.1569992700798261,8789.722312608641,synthetic_gp_augmentation
1252.034080174362,5085.785236292553,0.09756403172979866,4147.609808216323,0.15431192858174092,4645.9987755478705,synthetic_gp_augmentation
15122.402233910212,2352.9415542532092,0.23787307697888194,728.7653606563797,0.22824042745128378,937.672804330157,synthetic_gp_augmentation
7179.720909390269,1992.9890270680514,-0.20409655618129147,8545.00241821672,0.06624775860430997,7532.475639989916,synthetic_gp_augmentation
10837.977083751395,3436.62124036344,0.7371837063931828,98.96311948308151,0.12413040321571903,95.80501762059619,synthetic_gp_augmentation
13473.80902561871,6405.783771689048,0.4549305572495741,1138.0558284089477,0.1665127086668067,979.709890462417,synthetic_gp_augmentation
15856.903944416168,6369.292872315613,0.7184148788975329,250.91371880228192,0.22244181803695345,240.39848360357814,synthetic_gp_augmentation
2672.3410788970255,267.00980443948373,0.1656308473699285,5430.941826043563,0.05703313413471515,4657.672139819312,synthetic_gp_augmentation
12812.250430919836,2418.2977237672008,0.1054446411851735,1579.550760148042,0.15219120885653586,1909.3615089932223,synthetic_gp_augmentation
14210.024080374109,3382.807707757741,-0.16800040408720174,5141.705639748748,0.1964918741109058,5044.0004305163475,synthetic_gp_augmentation
877.1184919289224,4684.656107553946,0.262776505690443,2874.0409660076684,0.2597882081329919,2741.7179567248245,synthetic_gp_augmentation
12090.039906950617,1196.2160705175925,0.33042900264506914,1683.3382084213044,0.21271341838425664,1266.801016109088,synthetic_gp_augmentation
10412.688984379869,7084.77616454367,-0.29646441556230546,13258.89196049012,0.1669459576212059,11951.025777319634,synthetic_gp_augmentation
8273.36631701795,3812.3801073091963,-0.11765375278615564,5744.757382775984,0.2623149589733619,6971.82261264763,synthetic_gp_augmentation
4229.9018081775275,5953.145808347515,-0.48004788667568654,22577.553890617568,0.1025553263870466,25366.128370182247,synthetic_gp_augmentation
2250.019655863378,3878.228051970719,-0.05320572505492022,6150.910342200892,0.20388821265351537,7541.503327355154,synthetic_gp_augmentation
1959.461006118412,3719.8606112037087,0.31306256727388937,1763.3788016462847,0.2771783258527316,2137.667914197965,synthetic_gp_augmentation
1742.8334375650181,4975.404200668033,0.8379955369718071,78.74440871510016,0.08312017334987103,106.34308143166037,synthetic_gp_augmentation
10240.861638139786,2074.91609751694,-0.25094448505480005,6351.124153775764,0.1449016025193848,7028.05605330038,synthetic_gp_augmentation
5687.4325372526555,1998.4167944499998,-0.42234965726152845,13663.866675546982,0.11913900997258278,12854.35458080058,synthetic_gp_augmentation
3544.471667473372,7914.830839132872,-0.08516419697995309,10495.57260915342,0.19285921583214888,10249.038042361262,synthetic_gp_augmentation
11100.972974023858,6951.936074553778,-0.28048322256395564,10888.562095954212,0.12375251284473138,10977.638923478677,synthetic_gp_augmentation
11020.908095686822,5902.039171597156,0.4737265956516785,619.5900799699966,0.1732106151921126,791.5336722566099,synthetic_gp_augmentation
8672.775848476263,1097.156312444266,-0.4919511696626681,10819.520874468923,0.14176618070644,9253.219942624833,synthetic_gp_augmentation
14965.82928816703,241.7976894781333,0.8732139291820311,222.0442691658627,0.08432816332324534,209.3552334440638,synthetic_gp_augmentation
6228.086279918599,1403.3000335767438,0.6979333453672911,514.8652445946075,0.1554348622214481,555.0766900435452,synthetic_gp_augmentation
13390.221243181759,7501.847716060161,0.18693882890553004,1983.7181656295138,0.0578365258347217,2271.5928156876384,synthetic_gp_augmentation
1294.7165861219214,6530.318161991903,0.7893191077296697,260.0035704697662,0.09527147805783355,260.3144200816881,synthetic_gp_augmentation
11863.314395212221,4184.608099908611,0.3792830657201879,763.5281654059133,0.25952009498024176,684.1485519011732,synthetic_gp_augmentation
15816.313879927688,7750.244730947018,0.8912708273648371,75.80889867212059,0.38432195839886363,78.65724147975452,synthetic_gp_augmentation
13560.911638976288,1172.6568232184081,-0.11037131802674571,3701.844247729238,0.19647788674937883,3605.3863469146445,synthetic_gp_augmentation
9316.669037029944,4473.203520048295,0.8956685996645188,45.13489220127247,0.11175190750913551,42.51789050390065,synthetic_gp_augmentation
10065.580422801855,1465.7770111896787,-0.24765379102909885,6615.774506242289,0.09721997396456546,6526.885652830996,synthetic_gp_augmentation
5717.303836047454,2451.4288384344472,-0.005214285305343569,5952.100577383087,0.09975083188575311,5647.518512507248,synthetic_gp_augmentation
10903.814970303853,7521.080151705804,0.8094537124761323,135.3362006548128,0.08085257013826631,148.01985606487844,synthetic_gp_augmentation
12349.2865925831,6946.228132389468,0.01875919935520587,3104.3334733947827,0.10888460405807458,3629.175836036026,synthetic_gp_augmentation
15971.832849773877,814.3902850446887,-0.20622907210218683,3510.8910697563347,0.08870256634330223,3340.7516170220847,synthetic_gp_augmentation
7930.160380306885,1996.3504444875077,-0.41671805233747927,12063.25214527895,0.18649790085668436,10724.99670590272,synthetic_gp_augmentation
1074.7346457977321,4756.059756656405,-0.2914585063890503,19366.581957247712,0.28632017983435937,19317.905965483715,synthetic_gp_augmentation
9574.141416622666,490.82229872659514,-0.002687183550339922,4725.881540482534,0.0605679491464424,4735.708933314041,synthetic_gp_augmentation
1992.4839847164806,4400.677178811499,0.0897248734561924,4841.182773251551,0.1718655978070329,5096.978536006782,synthetic_gp_augmentation
3991.76419254215,4675.931486352085,0.25943158818833545,2755.970446700956,0.2537626867453109,2801.3387943216762,synthetic_gp_augmentation
5327.600589761222,2327.7374506436763,0.6390231923380529,399.76492870805396,0.2504891734550411,399.5704261715686,synthetic_gp_augmentation
11723.374983059728,2344.983841000987,-0.4812192102542622,10956.972827584663,0.29365532926833043,9531.757433629944,synthetic_gp_augmentation
2735.4718547934053,7485.410961568342,0.30814908023235277,2460.792438902348,0.06502097018558022,2573.5290521342504,synthetic_gp_augmentation
13984.514988026705,4682.152504911123,0.559770908990534,258.13757570532607,0.259149583799993,356.4289354231172,synthetic_gp_augmentation
11126.736247261364,2412.596594028116,0.7644837510301998,63.78312850758279,0.16110763192143657,51.1907451165411,synthetic_gp_augmentation
549.8476596460218,811.5301684691403,0.3001214036989668,2549.755530428332,0.07752922545070935,2064.5296354636594,synthetic_gp_augmentation
8982.921313953391,573.1323447573118,0.7726413397527487,1273.2935603587625,0.07665727173015642,970.9833864822883,synthetic_gp_augmentation
4592.296980458706,5954.270084655091,0.506888839653507,1197.913178769997,0.10329010042193702,1213.9433454412822,synthetic_gp_augmentation
9587.948971867667,5813.343666522799,-0.36478112390484696,17388.71134880573,0.2630199893787671,13268.91680664175,synthetic_gp_augmentation
7010.206393327348,2120.010689125298,0.3595500352316596,2053.5493096587966,0.19905189967080242,2166.16003670141,synthetic_gp_augmentation
4676.16333788575,7658.084010662578,-0.11519349917202171,13043.975399236058,0.26349097587846465,11008.841897029208,synthetic_gp_augmentation
10898.411358178406,834.6423599625145,0.3854905290233993,1689.8999701413532,0.07783142390402543,1722.519979436777,synthetic_gp_augmentation
15298.182493603914,3440.306919785866,0.23341373827141632,1009.2999848510287,0.11894000464254867,1120.8855586642228,synthetic_gp_augmentation
15694.0437397428,2256.791248444201,-0.22813791881640416,4947.581689890213,0.28667335007583383,4396.497388540067,synthetic_gp_augmentation
11851.286601360956,5192.068389057657,0.26955497096344183,993.6981815927273,0.26459711423965016,1308.7630469586504,synthetic_gp_augmentation
7496.878297860813,5524.813783573475,0.3232055064169278,1678.3879388446223,0.08002181297203317,1508.1729552715822,synthetic_gp_augmentation
11808.030144637654,3467.3666561627588,0.10666605256375195,2198.9826365423637,0.0839350704687051,1882.7244703726265,synthetic_gp_augmentation
3629.06922901909,6083.098029801328,0.7283671227162636,339.41334886021184,0.15284066145307174,357.22765290381943,synthetic_gp_augmentation
7274.323177100525,336.7879827701579,0.6082756545170545,2140.9125523166426,0.06374137227267855,2223.193404474966,synthetic_gp_augmentation
7458.503111286882,2503.130693247047,0.62668061218881,260.82223390259486,0.061342726546949514,281.5987895612129,synthetic_gp_augmentation
13239.927744566075,5475.440331159152,0.23650738738259958,1431.683799972886,0.07809622857356002,1498.4565523242782,synthetic_gp_augmentation
10973.130480911817,2637.16086300306,-0.22511305117306124,8302.259465094268,0.21867784114458722,6883.337096091249,synthetic_gp_augmentation
10326.363942286876,628.2822435435955,0.5141905467516641,1747.479446810132,0.08491642026063366,1521.7470578304353,synthetic_gp_augmentation
10432.256018756127,2760.1074277342022,-0.4035101077887958,11308.450193274786,0.28656082638069064,9967.19435926701,synthetic_gp_augmentation
4400.474262181415,5691.958174309306,0.22460491061418209,2183.0211658043113,0.2645642277095989,3019.8713749037847,synthetic_gp_augmentation
6010.209031289591,975.878922026542,-0.4258292859258756,11052.116671590982,0.08776641750584684,9774.369764720394,synthetic_gp_augmentation
826.0303384436277,5797.050913693236,0.2397861622998163,2484.0615952471867,0.2707487784312416,2860.486499697396,synthetic_gp_augmentation
12612.364059412768,6203.645730860605,0.46029103678046723,1228.4407407748788,0.2727699247444371,895.9816895923525,synthetic_gp_augmentation
6984.67162120004,5082.405955381591,0.08687754498701783,2805.376564315784,0.1552974210186673,2835.2253303294856,synthetic_gp_augmentation
7067.989877692419,1953.8723884651538,0.08366443317604877,3806.9540821637133,0.09783987911391633,4228.878053844693,synthetic_gp_augmentation
4001.1646124446647,6442.362857560492,-0.32808860961617553,22327.854200148784,0.12742054755939042,18983.286113689475,synthetic_gp_augmentation
3429.8937752049196,1715.5400142277228,-0.07741055258229662,6577.312582369483,0.2668871840997985,7970.387366800849,synthetic_gp_augmentation
3797.592941738445,5653.165593136657,0.7089869940823161,285.5243655668215,0.2356372285223683,379.4235832126832,synthetic_gp_augmentation
1120.920739890884,437.7594131764777,0.7571718632747069,1055.3304593275109,0.10515836747349577,965.3633913000384,synthetic_gp_augmentation
12303.367914096283,6394.296949293304,0.8350121428106194,102.93633520976725,0.18688706859626666,95.81384348343717,synthetic_gp_augmentation
6085.864007061218,4051.468322879259,-0.35963082402264746,13322.87477638226,0.10969804014693915,14629.16340833957,synthetic_gp_augmentation
6145.745783998941,3621.1911705044113,-0.08530486422355738,5850.067092064593,0.20028041002665056,6926.597221812487,synthetic_gp_augmentation
6957.960676101082,3364.0895415878945,0.1480780862546871,3329.615171223993,0.21715243036991128,2892.3161695788185,synthetic_gp_augmentation
13059.212692188692,4853.040531527335,0.3984413541460732,944.0515219979093,0.22819700139783794,726.7885686764379,synthetic_gp_augmentation
5201.306645443092,5796.62800626369,0.4839178854392907,1204.0053888955626,0.27145106697674587,1258.3302202750826,synthetic_gp_augmentation
12152.775758999593,7167.812925796486,0.600422804066483,714.7323517198356,0.26244649024658045,639.4495975239643,synthetic_gp_augmentation
15038.762968394738,2183.558503577802,0.19422333408421533,1427.789644192894,0.25887976454280354,1072.6047689411234,synthetic_gp_augmentation
10607.80431520431,5046.21018328339,0.27921797327765274,1536.1380055855125,0.10809511364967722,1347.2458710806868,synthetic_gp_augmentation
6963.729190714692,5490.740891745039,0.8447989646721625,65.40048149833639,0.11710018781910175,86.8755179324059,synthetic_gp_augmentation
11989.856598031969,5398.3771182951405,-0.16396040829442582,6365.192615744297,0.17745486730963556,7188.345526879212,synthetic_gp_augmentation
7380.56817904703,3944.0051822637593,0.6252636400378444,361.6549239259313,0.11899635077278323,365.68898531956677,synthetic_gp_augmentation
6689.393610619439,3128.1803856296087,0.4965452481004361,638.2497326107209,0.20956318881222233,478.90989113074113,synthetic_gp_augmentation
8452.002300805663,6099.030536536733,-0.3038742285806514,12506.68129993166,0.17668302909422484,13006.740857615212,synthetic_gp_augmentation
5151.785123467771,2400.0784323264106,0.7970883698053461,124.2949035081369,0.17540863626831005,120.72593316515739,synthetic_gp_augmentation
6696.146887866026,4366.633550080991,0.5913065140554166,531.5543653644677,0.22262588427119784,529.3440926304359,synthetic_gp_augmentation
2069.3244099559006,2140.8868612974156,-0.322516982745017,15653.012127133807,0.22252834630087098,14746.70193463037,synthetic_gp_augmentation
6626.019429531602,265.8653021163122,-0.30446125647000943,7224.80165811357,0.09802002736017518,6333.90567637534,synthetic_gp_augmentation
8955.24616729386,412.60594705844335,0.4564778414780041,2163.7616763455644,0.07257711247317913,2379.722256055594,synthetic_gp_augmentation
14898.307781169784,5560.084211094997,-0.3498219787492618,7138.561747255929,0.14914844898169902,7101.407566017859,synthetic_gp_augmentation
675.9350636203271,7785.166767936585,-0.34135815173603934,21146.08524289966,0.32393650932207674,28375.775730752797,synthetic_gp_augmentation
9981.188663380912,3637.5070690086,0.060391253735752715,2952.4663478274474,0.2183726905759072,2827.094060787799,synthetic_gp_augmentation
7377.989467736229,1176.4890046778733,-0.4924709557141294,10065.461646590862,0.20796489931916143,10395.556367626956,synthetic_gp_augmentation
422.15193844581273,6544.665684234825,0.5100767639423927,1429.0915447042255,0.09714981081206224,1297.9741785301467,synthetic_gp_augmentation
4067.8159974256537,2091.4871757897586,0.2562897904447572,4114.339175374413,0.1622495268963943,3932.777609958958,synthetic_gp_augmentation
1983.9155124413448,7965.0116928310445,-0.39055619109948886,28425.817223438033,0.11329740911891792,28942.65590800608,synthetic_gp_augmentation
3547.026917129971,4506.113326616481,0.2610158478472795,2745.3102909566637,0.05980045940136078,2893.7399209342348,synthetic_gp_augmentation
6480.770732576921,3968.0381561947515,-0.40102545160247466,13289.973638602532,0.0850007729561575,15387.998578038216,synthetic_gp_augmentation
8511.726356473355,2683.050174637189,0.17965266621203557,2007.7185295794868,0.25837422819551314,2342.0964839901717,synthetic_gp_augmentation
115.740903429539,6235.775877015582,0.19975255072190312,2728.4667720254793,0.282727753712403,2695.450102918442,synthetic_gp_augmentation
2673.722833996979,846.5270864644463,-0.02540731794951534,6242.30294142138,0.0795986287068558,6692.5418595348065,synthetic_gp_augmentation
1587.7055311799313,6856.021736260386,0.37048004163656434,2335.0742678540996,0.2279295362682923,2040.3339466711368,synthetic_gp_augmentation
8839.807048277626,6138.6951541130775,0.04230176371670746,3297.590972584599,0.21961702994886953,3206.2316872344036,synthetic_gp_augmentation
5332.29043938019,6890.9104312119,0.3217448106181823,2377.711225774812,0.18615177257494853,2228.670132606508,synthetic_gp_augmentation
8819.524002952017,7159.949968333319,-0.01030108764051213,4958.748227653009,0.24435987167528558,4928.479541122493,synthetic_gp_augmentation
3626.9905045773776,1838.22258354465,0.5009537505225659,1225.0445763616246,0.23801076134023197,1578.1237320690932,synthetic_gp_augmentation
15067.733730196924,6799.3777613310185,-0.2759390344208814,7179.444085996514,0.27309745991896495,6668.247228159542,synthetic_gp_augmentation
1822.099126905005,3019.1037769288923,0.4607763972488077,601.8380472669164,0.08798134006144517,701.0725646328023,synthetic_gp_augmentation
2117.0540925912974,483.2606143650597,0.5975102915468418,2707.2727669947253,0.0719812099940384,3364.984638848351,synthetic_gp_augmentation
2430.094541511234,2333.0748523081324,-0.4077763048614843,20530.833171209866,0.24742617310258125,18029.15096117491,synthetic_gp_augmentation
15702.296731493036,1935.3624917984869,0.35394483342085326,459.11470387812693,0.12296789510210866,472.3095425537285,synthetic_gp_augmentation
9920.797818702938,6960.500949512836,0.6066015184183013,784.7533908331035,0.10202632266850112,634.3378984851417,synthetic_gp_augmentation
9803.610232091225,3710.770795273186,-0.33948594310995517,9291.807464107085,0.27610449999907666,10412.243804376832,synthetic_gp_augmentation
15788.501404144621,5468.353899570506,0.7623133876290433,101.73665740789988,0.23130281195054483,129.3100549008246,synthetic_gp_augmentation
1506.1764314670108,7696.953197532684,0.08071830075385833,5676.700491624873,0.29934290605351443,5429.041187274644,synthetic_gp_augmentation
15594.564191422396,2393.5028190816297,0.5329757495382053,204.83441072546785,0.1925142325158145,161.7969724718776,synthetic_gp_augmentation
3343.8090302092505,6089.596460219166,0.7586697855609743,331.5318430216712,0.16355676057018542,280.2569090525359,synthetic_gp_augmentation
10006.836906636363,182.1129721497714,0.8854920112183964,580.5455232954076,0.07497065146918176,523.4620523597149,synthetic_gp_augmentation
6779.328688314387,832.9294024922253,0.3174950896438056,3323.1379819081253,0.08119925326840206,3610.7907034042046,synthetic_gp_augmentation
6204.833834287134,1294.9207200262247,0.4859834999044158,2897.226815887446,0.23217837564113677,2316.4719200237655,synthetic_gp_augmentation
14906.768922823454,2499.3466949800672,-0.14762045623561215,4438.332730473862,0.05817551644006733,4255.005612237276,synthetic_gp_augmentation
2472.7208822000775,3223.897721035027,-0.09393507894045855,10116.647775230816,0.277901917254145,8526.814973769096,synthetic_gp_augmentation
15953.397276112273,3816.127125858035,0.6910771976636327,115.87999666728395,0.30063713740201403,144.9940336728627,synthetic_gp_augmentation
6128.088471355622,1962.6507702671797,0.05754146511327529,5017.455915209449,0.085906282461863,4777.227719235619,synthetic_gp_augmentation
10415.520971828015,529.7225568810875,0.6514075361992528,1271.373629656774,0.08487690635541432,1201.2063186892835,synthetic_gp_augmentation
15489.717030585427,5420.184734721946,-0.4291644596461661,6816.752955995767,0.16645695424793222,7880.868408092844,synthetic_gp_augmentation
1015.8567010256991,189.2908282741157,-0.19444520948992267,6913.56760102769,0.06327383912776129,6045.575845466268,synthetic_gp_augmentation
14773.54337051053,6475.765078869798,-0.261868275441786,6768.64867238555,0.07888344069581647,6425.082607508944,synthetic_gp_augmentation
9128.201027134059,7433.238601209611,0.2378944575834402,1892.5051453125748,0.1385781130516301,2246.0353448701103,synthetic_gp_augmentation
11299.910375741492,5682.951309277075,-0.3872572334207186,14887.880739494814,0.2601875141665189,11826.61848391464,synthetic_gp_augmentation
2472.028523792939,4767.684138198655,-0.018581387610168754,8685.548764936326,0.2805189512285389,7110.253647088058,synthetic_gp_augmentation
8580.860150213413,5256.148234629062,0.8807431537908348,64.58141366969603,0.3080232601670616,55.98821398269436,synthetic_gp_augmentation
7354.332187464141,7453.641088532004,0.5648279780879457,962.2503841422626,0.10407508106702407,959.1542773713426,synthetic_gp_augmentation
2564.264331886302,7714.446969551739,-0.3108394207832401,25675.061747503907,0.31410339314344193,21941.178693921454,synthetic_gp_augmentation
13684.845376796626,4936.633409187345,0.4528231598021554,655.2174264787459,0.12238365352099753,577.4902297232223,synthetic_gp_augmentation
648.0887860409282,6422.4564298733785,-0.4697246678592452,42594.425115800484,0.148620073659778,33801.896946397705,synthetic_gp_augmentation
11370.907047208917,8.305257377100084,0.10756708736657838,2155.376704963124,0.06421811022994442,1985.8010350088236,synthetic_gp_augmentation
15990.301580580977,4216.127334621725,0.800025704911884,54.568896580232284,0.2927971139679185,63.734351794994765,synthetic_gp_augmentation
218.97963809758917,5223.010718541581,-0.384724270340549,33973.01633532731,0.2882404566310588,29488.176390618806,synthetic_gp_augmentation
2660.6263568370446,5737.643597900653,0.7687630741884004,310.03903698047054,0.2908685079586748,241.2478563227391,synthetic_gp_augmentation
10818.894384200838,2950.315275170249,-0.22766972567054955,6825.237537581311,0.10620264064871639,7272.274614431713,synthetic_gp_augmentation
1053.8542699070374,2365.155364892738,-0.23524988731821633,15680.219793159413,0.2174004115556166,12642.968214682549,synthetic_gp_augmentation
9477.660743308157,1457.1405325432681,-0.22638965773103964,6835.451569027043,0.10263497427059831,6529.984278860427,synthetic_gp_augmentation
10975.601646620793,4462.524392421476,0.8037585152244962,64.63072233994039,0.09742815961651574,75.30037039489257,synthetic_gp_augmentation
9451.526935013715,7354.427458016972,0.34524299215112775,1960.9937689298672,0.23536905736959657,1758.0955048541923,synthetic_gp_augmentation
5906.4367780349685,7167.8252057923855,0.5511045234156222,909.5039454198635,0.25229009326700386,1097.2300708619528,synthetic_gp_augmentation
3401.431036293324,6310.350581366216,0.31471199028091235,2439.846486994978,0.26498406090139986,2255.7530529448413,synthetic_gp_augmentation
14122.324752508946,4042.718649099938,0.5532494729093922,316.59617626631047,0.09394250339599493,307.04159972767707,synthetic_gp_augmentation
10702.649242478155,3112.24207631086,0.5830996726748263,184.99183956277466,0.1979551736802781,190.11196097725082,synthetic_gp_augmentation
7601.484967562169,990.3832299613997,0.45460900022080586,2538.012243533552,0.05786557312278114,2466.1478777920365,synthetic_gp_augmentation
5213.187235624274,6281.108712737892,-0.33352609296577457,23066.34195799956,0.2784391794268981,17422.286832556336,synthetic_gp_augmentation
1465.5907300574083,4939.715548653579,0.7134172298265147,290.1574549275164,0.12168072838015799,339.60047364980375,synthetic_gp_augmentation
3989.571410868556,3015.0534379041333,-0.13474123748063083,9143.019900128744,0.06615269261106696,8618.214103241628,synthetic_gp_augmentation
277.8693740813425,7350.303808534396,0.8946718216800873,157.295456208025,0.24658582977817056,171.30799849148826,synthetic_gp_augmentation
15787.352088646934,5277.381651294897,0.039711104476030434,3552.4204242318533,0.2821775643808644,2893.754283148819,synthetic_gp_augmentation
3637.4678088469655,7433.91093474997,-0.3320037833615013,20928.66064475406,0.15599109645022166,20946.130961177572,synthetic_gp_augmentation
13056.527488697426,3795.2996827171514,-0.05747889637512593,3384.6142207329503,0.2750169607660949,3764.1141179380434,synthetic_gp_augmentation
2781.4536206991597,3636.942592511439,0.3029479410409761,2320.356990634826,0.2194796256354239,2553.2184141576636,synthetic_gp_augmentation
4609.258278728626,7497.914322512637,0.04802473348338776,5685.270574504975,0.06377137122524008,4834.180831224368,synthetic_gp_augmentation
5258.050059851521,7686.13855103109,0.4550888135886667,2140.371496123769,0.29065226968582963,1690.283577565001,synthetic_gp_augmentation
12793.77792288179,6551.179151259543,-0.20116920815428269,8209.281641843185,0.13156345950733356,7508.950888407369,synthetic_gp_augmentation
15327.325187445227,3699.249158594709,0.2543946269486136,1199.3125460810932,0.2744770633689985,1096.7326175072715,synthetic_gp_augmentation
14017.182290048491,1682.3943541524704,0.6025448002775282,105.19199172568096,0.26205697545178497,108.22357078623035,synthetic_gp_augmentation
2541.888084469329,3067.5270502226263,0.7477272521735903,134.68554995361453,0.14011633378073846,128.86386338240652,synthetic_gp_augmentation
12449.349953953715,7506.379932142309,0.052922068871258166,3224.3522856282234,0.05950451896825832,3212.5120963044806,synthetic_gp_augmentation
2452.355921544912,2908.434360642399,0.7942506082120144,63.438772381779636,0.17615454106801612,66.68299174875483,synthetic_gp_augmentation
14622.75959433741,6053.7394145883,-0.44964275653274005,9287.922589763532,0.14286862182228618,8871.52125058394,synthetic_gp_augmentation
8334.269353130398,7384.034808728863,0.4473676830516755,1577.8542789511632,0.2004707875618756,1368.141885671298,synthetic_gp_augmentation
5448.459300101637,7763.137303051437,0.5947786427790678,1001.0491193333456,0.324213417658613,1013.3432222290036,synthetic_gp_augmentation
2596.7054076136656,7581.393175002849,0.09519793289887757,4315.582370692103,0.15850569663887906,4952.729497195618,synthetic_gp_augmentation
287.76450204617333,4440.460781778207,-0.48463573371364366,26560.431278888966,0.12225113125081431,31533.96943808301,synthetic_gp_augmentation
4042.357167408067,3935.040597206963,0.46184922437726783,1067.3622899939755,0.13605077936544696,1064.7260905400753,synthetic_gp_augmentation
14632.919006172859,7901.12407014389,-0.02041006044681265,2861.900816533215,0.21724805885394152,3927.241203527485,synthetic_gp_augmentation
12776.468857128417,1745.4336366424545,-0.2874618634304804,5063.497302367665,0.27477024236929537,5792.288976042406,synthetic_gp_augmentation
15519.71995323644,1500.242093478101,-0.28004771287786556,3655.135351439498,0.06402694144791675,4400.706605670077,synthetic_gp_augmentation
1702.1081858298314,7705.4583819666805,0.5768296781638493,1542.1376954655266,0.30632890695636517,1203.302197047661,synthetic_gp_augmentation
9515.642021740145,5513.558574593357,-0.23765480610258294,11681.011244805184,0.07638873777033142,10324.3529791925,synthetic_gp_augmentation
4188.692537089348,4290.432078385263,0.17773761739903315,3678.8282724513965,0.27336147802851857,3597.5329262850996,synthetic_gp_augmentation
8732.773121781278,1056.3983427304456,0.858545103519182,193.3986543281023,0.09605271411982058,198.0110527080781,synthetic_gp_augmentation
5195.232680458937,4105.921992130634,0.5623461770156784,903.2261350550378,0.18422374949481463,719.2421156215569,synthetic_gp_augmentation
4607.102248869384,7553.76922817244,0.26607110820062674,3004.231994044734,0.11403536337082915,2876.3677700722833,synthetic_gp_augmentation
9224.140302191101,4823.130586789373,0.2395854936738795,1451.3794383072045,0.25560835810343036,1597.8549020020737,synthetic_gp_augmentation
3014.758773725691,3237.0289795162785,-0.2657415818347362,12506.482274194695,0.28315213449552223,13493.033649685436,synthetic_gp_augmentation
7559.221647856658,4408.824011721027,0.12499300502138333,2775.7247078940954,0.1627945659737404,2417.329341601343,synthetic_gp_augmentation
10447.915014200153,7089.160696142276,-0.2971404845311304,12061.965896744729,0.17239258736877974,11939.939715685785,synthetic_gp_augmentation
2138.0949636065843,7302.789289082621,-0.38298503867653905,30496.942382714085,0.278053509564035,27221.75156187946,synthetic_gp_augmentation
14896.448906942775,3200.705325223162,-0.3472078696570717,7941.478471956913,0.28485056802711434,6398.15429601445,synthetic_gp_augmentation
8141.022721320584,4864.4880194745765,0.3492556193124893,1118.6123949798368,0.21778408997792112,1203.4802177434592,synthetic_gp_augmentation
13130.494752961042,2233.620901462646,-0.22902582413340122,7416.307351419841,0.27916003222414576,5358.430668838621,synthetic_gp_augmentation
10497.096346874907,3608.6823692678117,-0.2909162790124826,8548.906932430606,0.19031603839254857,8938.08318526072,synthetic_gp_augmentation
11389.014965438473,1759.0610942651433,0.7139833469357821,60.83565671985741,0.2786922014961245,50.148576150229495,synthetic_gp_augmentation
11486.481961786125,4251.778094924602,-0.329181851471766,7102.9546082468505,0.28256608974592357,9480.957150299257,synthetic_gp_augmentation
14014.088363277415,4625.9210797172955,0.4878891594723186,452.57835361298214,0.20565402739143884,465.6327007014337,synthetic_gp_augmentation
4523.652712370094,2176.9464051091854,0.31071163287094306,2790.257198761393,0.2535023188395825,3232.8693840868327,synthetic_gp_augmentation
1682.203321560769,1208.2048530516154,-0.4673024197041884,18477.451484994355,0.225657762878876,16564.086605674627,synthetic_gp_augmentation
9739.384849257249,1116.3493296492782,-0.4999730646767897,8120.417480931487,0.17717677585632072,8648.15559827491,synthetic_gp_augmentation
3936.56588186353,1773.1040285816268,0.1656176219136728,5790.7366149154595,0.27120980061765465,5019.84295110724,synthetic_gp_augmentation
1065.2442351703962,943.816168852484,-0.40017028897113016,13239.662926117026,0.07472018472471455,13644.428878137776,synthetic_gp_augmentation
8827.312665204417,7990.97351811431,-0.019161455533232397,5503.089085659269,0.05923813458720803,5520.981823830086,synthetic_gp_augmentation
2649.3761865916017,2079.3320151124562,0.20889621075109976,5400.371622910684,0.14456682265712079,4588.691374115206,synthetic_gp_augmentation
9805.476378992225,7168.386523425057,-0.31030913241420033,14071.128196952317,0.2564448114787651,12842.595882024743,synthetic_gp_augmentation
12674.755580725954,4873.487630015339,0.2648731296885527,1232.0117200899053,0.20596854580503127,1174.6258997390773,synthetic_gp_augmentation
13167.903460272611,5720.56133445452,0.2402510077721698,1235.5137910624903,0.2775388184603091,1577.8352028740526,synthetic_gp_augmentation
5021.741779388276,4487.351291997083,0.34396923288191616,1614.7126064851993,0.06120938609505904,1499.4191787513241,synthetic_gp_augmentation
7618.906196251249,6623.782131894273,0.7439840398440996,288.56610664916957,0.2467342101358802,263.54899441169346,synthetic_gp_augmentation
10516.310873653762,2797.4837228021397,0.16454325407391324,2462.6935635532,0.2703315507343715,1774.5572335504849,synthetic_gp_augmentation
3440.3852687941835,6110.805571291711,0.14000854990003775,5163.263267537701,0.18750207368743324,3854.238021210009,synthetic_gp_augmentation
1659.4692507458258,7272.393124480517,0.3645297014546971,2723.055793203452,0.28650856992464246,2145.45577957832,synthetic_gp_augmentation
13284.616145129596,6422.594970431743,-0.4839910857375035,12164.945409350828,0.1437930332283129,11407.038583529786,synthetic_gp_augmentation
9546.126192523887,327.96615841624634,0.8754028263138727,719.4671340236682,0.06371254930764897,679.888540780186,synthetic_gp_augmentation
3993.190480380083,7034.207777530067,0.8197710206022548,168.8687900367593,0.08623879229303194,188.67111452526274,synthetic_gp_augmentation
1443.246241265444,5937.24962100083,0.28201667623205273,2475.255127665824,0.12689051575645938,2568.5571785910706,synthetic_gp_augmentation
12413.243567735652,959.3082467765441,0.5786792430255092,294.2917902784715,0.07049792522527636,262.9098513057732,synthetic_gp_augmentation
9480.765033663914,6459.007118696962,0.7886549537371415,127.6853028435415,0.1710666659316287,149.84888111230663,synthetic_gp_augmentation
1860.9300625027854,5179.912340988687,0.3202692961742992,2455.1853527063263,0.25664988173528946,2164.091181600009,synthetic_gp_augmentation
1364.1384531686865,2710.610540175842,-0.4734838138865446,28970.260433366107,0.2792151859126051,23788.313791703906,synthetic_gp_augmentation
12038.297701639754,7072.244409541334,0.45294912655214337,1182.9796608796291,0.14114028452108623,1129.5573194166714,synthetic_gp_augmentation
4757.680913411011,4524.533507625382,-0.36969070354134553,15656.402084750947,0.07775979647156632,17224.070761794384,synthetic_gp_augmentation
14239.899427198694,6823.423448155218,0.4396488829526398,1259.2503383617507,0.2567254262371386,1142.6818439125245,synthetic_gp_augmentation
12216.9610343798,5360.909988673942,0.3223986428428871,1031.3419961654088,0.22081185399102776,1179.168247157736,synthetic_gp_augmentation
11372.217852443726,4568.044383516468,0.19105380793673876,1407.4233448778007,0.13104588385623925,1450.271495258178,synthetic_gp_augmentation
1555.8013664920456,3228.0770260260397,-0.07958992402017206,8730.149135061783,0.2790937164393508,8121.889325514043,synthetic_gp_augmentation
5285.9860078567,1090.7536246214988,-0.24572743400710323,6312.959620540824,0.1350459792254582,7928.790943576711,synthetic_gp_augmentation
3831.289020839347,5489.703040289293,-0.18824696555918125,11654.436624347829,0.06446106420162202,11721.986081003648,synthetic_gp_augmentation
6352.6771369706,3446.393584046512,0.7012233367536911,277.5019802863862,0.11085146455861905,235.27534676782042,synthetic_gp_augmentation
11903.089212177747,7476.900082845136,0.15036092841300086,2203.1864276773076,0.07611206603257473,2281.2669315357184,synthetic_gp_augmentation
7640.457044663646,7720.7773489511865,0.425502727767175,1631.2663233676735,0.313322285220963,1617.892171100854,synthetic_gp_augmentation
9174.616637311916,6141.126842799607,0.2208444098085932,1360.2717542807702,0.22225859123539418,1908.6366868521166,synthetic_gp_augmentation
5095.062720445643,1939.9581096202817,0.6677781526237148,394.4705867502444,0.13950404142727404,470.1789481131566,synthetic_gp_augmentation
2346.4993466848987,5727.83744643173,0.21189281400620064,2567.0434228899885,0.2794006003905574,3400.5958802103028,synthetic_gp_augmentation
4344.245018109884,163.37400772044396,-0.369344561909717,6854.660811965645,0.07955693485471961,7154.068133510274,synthetic_gp_augmentation
13768.916789747595,6611.204022467142,-0.2228214290535857,5808.161346993923,0.19730338416063697,6478.295998944398,synthetic_gp_augmentation
9678.429698239226,3948.948536724233,-0.48142841875917036,17927.737270873196,0.1460203430934201,13844.069013526043,synthetic_gp_augmentation
6110.019903836016,7493.917199081491,0.6641339962836186,606.3941349452158,0.05903985597431686,623.3557814495533,synthetic_gp_augmentation
12659.505109595842,3022.0803306077205,0.4285819666307581,252.19076784320862,0.0917812590679476,257.75476009409726,synthetic_gp_augmentation
1124.8731760330493,2105.3888358707545,0.5628826853703317,506.97044140150274,0.18482711892772677,408.2954274187678,synthetic_gp_augmentation
4136.8682979659325,7960.450710048314,0.501028328574751,1397.9726952251185,0.11927310880869656,1556.4462634719935,synthetic_gp_augmentation
3758.6401495116943,4245.422972096602,0.6542715642313759,352.1562638753198,0.2851551496193125,481.301453630251,synthetic_gp_augmentation
11326.967460044887,7288.45731216807,0.41485986187480195,1130.8163400057008,0.282434970585912,1351.5249361016388,synthetic_gp_augmentation
9922.796388578012,4147.749702251387,-0.1468281558553859,8421.01524644455,0.23018782126209553,7125.849078172255,synthetic_gp_augmentation
3030.5290332287323,4423.087638178801,0.3256470997525135,1649.6335964989673,0.14164199580423595,2013.973548089166,synthetic_gp_augmentation
10205.106558271944,6781.916023051313,0.5790598857931377,606.5906304458462,0.2817099714009137,696.0680222146489,synthetic_gp_augmentation
6137.537291058485,7717.281852806397,0.28620039988179136,2412.493091694844,0.3114110143671904,2667.379434111211,synthetic_gp_augmentation
14796.058100497068,2626.5768749577296,-0.07502332472307072,3111.2938268192906,0.20658911586772227,3474.347616692136,synthetic_gp_augmentation
12259.11508435395,5909.043056958773,0.5076287870680303,636.0182123637803,0.16871814058192183,671.730293916248,synthetic_gp_augmentation
7213.406757585507,2282.995818319676,0.12716149449753045,3101.9273802150788,0.2744699439917126,3486.5599375397255,synthetic_gp_augmentation
12017.2881428585,4887.624330652044,-0.09877525819074601,5425.052568179076,0.18948978636274838,5744.175860896208,synthetic_gp_augmentation
15608.928748836923,6438.316705746164,0.6775182832341753,325.63641601542076,0.12780541956835972,333.27949262409663,synthetic_gp_augmentation
7429.595112753383,7091.890597290347,0.3071262935654897,2422.738233014716,0.16447066313554368,2044.5774743368725,synthetic_gp_augmentation
10316.16161742768,3589.729474233974,-0.10317280295919412,5798.36392318824,0.16046373278731474,5969.66736171609,synthetic_gp_augmentation
14706.767379474593,2958.045460527132,-0.039953931953513766,3432.9158868126383,0.09209418509194273,3125.9917080565615,synthetic_gp_augmentation
4053.9271263751552,2027.6128960871026,0.30033116153866557,3570.3620614045853,0.08183431685799654,3634.9619187543976,synthetic_gp_augmentation
14196.270827293825,1067.3373633455005,0.09209303158873305,1705.154387134153,0.10337100316775168,2023.7821744382848,synthetic_gp_augmentation
1650.9608376904243,2919.3405491493927,-0.27527323461183845,14400.929231620707,0.14741091719002802,15043.623648007191,synthetic_gp_augmentation
10410.325912343578,6975.822437982778,0.35465790534891184,1632.1991553637029,0.07165658066572424,1570.9770135269812,synthetic_gp_augmentation
12547.126665386972,3350.4761296851057,0.46475409247314337,348.9541260659601,0.2329887986323622,290.0129535222773,synthetic_gp_augmentation
9872.238886113575,2538.345326489776,-0.49984768520319167,16637.925795165214,0.2079814662291258,11745.834611713732,synthetic_gp_augmentation
7979.003386025434,5913.057956691318,0.2516170425307356,1951.9819399914024,0.1568822559782071,1918.34256308386,synthetic_gp_augmentation
9915.818888818409,1724.6757730075099,0.3080260718355935,1734.7996743033355,0.2691627594413106,1629.44336537829,synthetic_gp_augmentation
2511.4529695931687,2050.2944199014596,-0.035110324079444644,8532.277281344848,0.10943635070955748,7922.076085105766,synthetic_gp_augmentation
3527.5742942504717,7487.2691867064195,-0.025776237346612663,7491.63661332591,0.0729556883392504,7542.5341457390705,synthetic_gp_augmentation
4391.399568905837,652.7175409377337,-0.0552775647389509,6858.126525124395,0.07614767870828378,6853.522296194291,synthetic_gp_augmentation
7126.227072546621,4614.009539158435,0.6367158304030198,477.6211175156263,0.19842053310569238,405.10562292824727,synthetic_gp_augmentation
3987.1658955248486,1842.0857249168448,0.15663649393010015,5572.26907405175,0.23380182852210557,5039.559166517695,synthetic_gp_augmentation
7191.904335755269,2761.484576485133,0.47896715863422723,500.5423965546133,0.28093131609904276,530.0944034330972,synthetic_gp_augmentation
6614.2471171290135,7188.046040627587,0.26855193994706883,1781.1401430403512,0.26678869694224056,2410.005635978715,synthetic_gp_augmentation
2992.892988900367,3452.6987725733206,0.5672040695715752,574.3594831717177,0.1013711238131545,531.5198936270792,synthetic_gp_augmentation
11732.86954534071,3342.632132187454,0.7437103966136684,73.6996236402536,0.2400283237242567,83.27833220646843,synthetic_gp_augmentation
7230.486370074842,3092.6470413951142,0.21635661036844445,2438.568892222769,0.16342270665199712,2420.9695727234703,synthetic_gp_augmentation
358.4880472942233,7712.925815500595,0.1922708928501048,2717.689787295525,0.3107388699866018,2951.6634736151086,synthetic_gp_augmentation
15427.817867520773,938.3954897585252,0.8198066418509278,56.428735275826234,0.23304286384088785,64.27318115816018,synthetic_gp_augmentation
13070.641424367077,6975.003367514932,0.8071234016820192,153.3253553013252,0.18502158754460504,131.79583821604095,synthetic_gp_augmentation
13918.560741244612,7652.092733642827,-0.28093371859708716,6990.787153009352,0.2595638675579251,7649.569121593019,synthetic_gp_augmentation
14518.23533232825,2521.8179699492707,-0.49500378691061153,5551.0557408709665,0.19516506537845094,7369.080448691632,synthetic_gp_augmentation
5466.086331512574,662.9949060505637,0.11223442290234575,5150.956564107809,0.07389009176220698,5399.946001826965,synthetic_gp_augmentation
9814.242986825508,4160.3350748201265,0.5266762287040669,441.55642202814045,0.24133479810655145,434.994874279918,synthetic_gp_augmentation
4350.064734088492,6023.918523787007,0.023042285042740085,4720.596365407084,0.07001717796854136,5233.42453403329,synthetic_gp_augmentation
3629.0407980083687,5258.444946623636,0.3140432675026431,1830.2086015831815,0.2814437187963991,2094.8263307345396,synthetic_gp_augmentation
1911.1253516224513,5491.753263379014,-0.20243360492836798,10947.012441469655,0.08654049956199647,12937.464994023556,synthetic_gp_augmentation
10583.095715071599,1547.9159088850931,0.5235987968895304,175.75755373497682,0.10741617756546268,221.3056559102322,synthetic_gp_augmentation
12516.6119573894,5669.042119081124,-0.17864728303394822,7216.92552300032,0.24945790601417625,7074.194442004402,synthetic_gp_augmentation
12199.15237432036,2490.6482158426984,0.6769408212993457,70.19363714893701,0.07008811670081666,67.9635464659457,synthetic_gp_augmentation
5128.778497241092,7989.392224480569,-0.012417327250860255,5773.26883997553,0.06296084820882139,6773.992363598562,synthetic_gp_augmentation
3363.6316223967156,5854.141304592051,0.3381078263559546,2500.6151520388526,0.2316160992046804,1973.982348773363,synthetic_gp_augmentation
7312.465437428488,4723.292059268102,0.2618156099400083,1332.5582000161019,0.2779054936829079,1878.7296075439629,synthetic_gp_augmentation
8794.334017824118,6936.942233724384,-0.08497459693135473,6700.116479444119,0.12250871544612207,7977.531784773929,synthetic_gp_augmentation
14713.485334700037,4714.493597755417,0.11470027333309862,2054.466741241578,0.27618444090898425,2086.4667580585024,synthetic_gp_augmentation
14009.68815295746,4421.998934204267,0.6843623286490701,195.60852857836863,0.16384705545673559,165.72794362433288,synthetic_gp_augmentation
14665.32746769906,1898.5248224430366,0.26768199987625585,708.3956187743775,0.17811301430024862,806.1102982282335,synthetic_gp_augmentation
13619.171923662076,5424.8959626034,-0.42217825484172705,7845.086784285198,0.1437629213892739,8645.193760422351,synthetic_gp_augmentation
15436.841150537348,2997.1554259956915,0.49824520728985344,257.59697788948336,0.05943290685662106,264.64723935682645,synthetic_gp_augmentation
7501.449954988013,344.6610224970428,-0.2445665030853289,5549.318519000787,0.07987484629748694,5985.6073328640905,synthetic_gp_augmentation
854.8286091862004,6528.494370959662,0.1804878689095868,3481.9837719073203,0.08048470170470799,3265.9176025318006,synthetic_gp_augmentation
1428.6363111608039,414.9853331899349,0.15595443298995793,4074.600737302449,0.06498066998295624,4190.298901093325,synthetic_gp_augmentation
6305.390654180256,5378.400982724207,0.18108169997039003,3145.017643655029,0.20067279926302095,2578.9544697914052,synthetic_gp_augmentation
4197.224751240657,1253.7671318793216,-0.4565803911436085,12918.673752851664,0.24066651236030512,13109.509253659846,synthetic_gp_augmentation
2802.0554026409704,3460.556132566911,-0.11865607311800513,9881.605845737038,0.08895100241893704,9065.89101358342,synthetic_gp_augmentation
15255.940014687512,6872.733268373765,-0.42897033819354763,7090.3265404978065,0.21294202943970006,9114.379174221913,synthetic_gp_augmentation
3207.171455728897,755.3563929131731,0.08093938366924813,7197.617919374374,0.05864045259011828,6293.950114823871,synthetic_gp_augmentation
15354.130429812172,5337.205428420967,0.3698714182007016,785.0892113290843,0.25063932178751847,1055.464428953464,synthetic_gp_augmentation
10291.036186791052,6940.237970850342,-0.40963279487666426,17349.55594273653,0.12238275704926416,14467.928376043334,synthetic_gp_augmentation
10848.701465421116,1381.8789705925337,-0.3335552530490854,6166.309536652519,0.18720304061650392,6786.983232359011,synthetic_gp_augmentation
5370.441746180071,6398.300037086438,0.42610949012801835,1609.1415095579232,0.17647021249127812,1598.0161946750386,synthetic_gp_augmentation
10378.189905126686,3600.9695739306258,0.24366270937475643,1046.9283584710483,0.17760950580684806,1262.8093999589928,synthetic_gp_augmentation
3068.4046806721185,3429.151299945964,0.6667768115200035,439.811672769539,0.13495614505310305,319.38668318439164,synthetic_gp_augmentation
15009.516377322074,2894.2748067189996,-0.21280096589992142,7163.140357729921,0.18258472237694343,5149.668905667433,synthetic_gp_augmentation
4898.514105373437,3084.593169567343,-0.3315207973930635,16944.47666013633,0.1541924917247813,13441.912849464572,synthetic_gp_augmentation
4157.465545467321,4159.677011401801,0.006833804592285775,5815.884536595736,0.24108193314918977,5400.190544437824,synthetic_gp_augmentation
11407.488491287104,854.3985833877264,0.39189398899058014,1556.3350056628365,0.08177434338442076,1491.0880457306414,synthetic_gp_augmentation
10537.534617252291,3400.5269589836635,0.18035413789749477,1571.5918033558635,0.17576545405142086,1515.9319719992957,synthetic_gp_augmentation
10155.895131583502,3985.5388275065166,-0.40019107550300603,11414.620870446097,0.07227377655646117,11636.748475224733,synthetic_gp_augmentation
2635.9398409976125,1326.6357507969824,0.44877107802239924,3802.5172011936306,0.22267843029799916,3002.5531371581733,synthetic_gp_augmentation
10805.920087691085,2904.4136143330566,-0.08424450401658717,4681.439498215128,0.16686799873270408,5153.135648504331,synthetic_gp_augmentation
4402.710053603582,3543.6933954074384,0.43727545942407375,951.7999482267521,0.09727748322657088,985.7775716958414,synthetic_gp_augmentation
4438.092029155671,5350.998517063746,-0.08711916369268174,7415.337735117773,0.23044681589155533,8125.308134902366,synthetic_gp_augmentation
2678.6609656061746,7206.130580299982,-0.059288103419040505,9285.052852871579,0.27759992282709445,8650.818303168238,synthetic_gp_augmentation
5384.796447075018,4403.0041007025475,-0.20625937602131184,9773.194079727922,0.1712898742447414,10252.72511880512,synthetic_gp_augmentation
5366.891858950117,5410.945024938913,0.8772037461322899,67.4862393911968,0.21439844360286464,71.8886146508572,synthetic_gp_augmentation
7321.4462860660815,617.5170035152355,-0.4775015938690149,7484.820191744724,0.10001463748965586,8008.885553100615,synthetic_gp_augmentation
3127.6701241949568,7635.736234780745,-0.3218465925937112,26584.312977325088,0.24629370068680712,21425.857214571184,synthetic_gp_augmentation
3168.819824924384,2521.669522844183,0.6708062533184302,228.5684086556889,0.0779132720436329,223.85129979335608,synthetic_gp_augmentation
8713.64328944533,2834.3339975033714,-0.30657357231527044,9685.686138364237,0.24760304045373188,9343.560338397965,synthetic_gp_augmentation
11053.46242702248,677.3605741243936,-0.13210104441127735,5111.196045873362,0.08822494442770586,4567.165823356287,synthetic_gp_augmentation
6886.050384463614,1923.9206536493825,0.0756816492557536,4244.906326722234,0.13897288009095288,4407.58125215025,synthetic_gp_augmentation
1663.2337989012447,1454.370212850181,0.5463980740347036,938.8482542601766,0.1147612544436772,769.4358696582162,synthetic_gp_augmentation
783.0262752727486,7799.082242391041,0.24354186369094266,2301.8376993619727,0.3178367464506621,2870.642747987681,synthetic_gp_augmentation
11569.765152470054,6248.2783782336355,-0.15131351413329602,5576.258187535985,0.2834609023001823,7725.804396227,synthetic_gp_augmentation
12200.243010405795,7439.197199845604,0.6093863333504441,469.0152830735562,0.14057451660311818,643.2075600219785,synthetic_gp_augmentation
13504.626031355447,6893.786936428083,0.7123867757323092,343.77989793754176,0.2447445398524875,289.0788855810687,synthetic_gp_augmentation
12452.822173813604,3832.272414793544,-0.42760072534389715,12398.981218415107,0.254457284724774,9570.104292927554,synthetic_gp_augmentation
4923.068359646958,2615.042674860355,0.4855140907949077,756.9526643963221,0.19396928506588712,706.7223252586015,synthetic_gp_augmentation
2851.080349358421,2339.6121358536284,0.8203057558546394,87.79754776309257,0.24804435418314771,72.31057797503841,synthetic_gp_augmentation
15936.65050613018,5737.070700810851,-0.13113028657935316,4210.451302247413,0.2937459452807536,4918.801986928707,synthetic_gp_augmentation
1112.2510701699316,205.38149045873945,0.6008855613138957,2254.5582530571164,0.074903371889799,1625.7004153498367,synthetic_gp_augmentation
13249.427432267192,1136.3377193438166,0.4647351002272385,330.1737553939651,0.1655891422870031,466.5761994317044,synthetic_gp_augmentation
10267.961524299388,5463.080962038887,0.7302177596644126,175.92823938641016,0.10894311168324512,186.09430480956294,synthetic_gp_augmentation
11787.779063763688,987.5388304035315,0.4706312424397723,731.8831309359006,0.05810454869610048,735.2271110150443,synthetic_gp_augmentation
11416.302206756563,386.33480616320173,0.6934363514268236,793.0877161523896,0.09093413814657644,868.5776901180485,synthetic_gp_augmentation
13749.108312663602,873.7213168895269,0.0034054858517923448,2477.4211281743765,0.08918757177647144,2900.4025339559867,synthetic_gp_augmentation
3022.293910712122,5525.393224344771,-0.2793258109750567,17888.476933532518,0.10322879076945392,16254.148503908847,synthetic_gp_augmentation
113.11140767149749,1114.6020752376007,0.00869284850429397,2601.5057060510967,0.14815305964890288,3106.9049140799993,synthetic_gp_augmentation
5726.3523652410095,1842.4015740727943,-0.31569003124992817,11491.707258046194,0.23562571278274586,10061.901939947049,synthetic_gp_augmentation
2068.218564762489,6007.285633572181,0.39312325101310897,1857.5668058058213,0.06580370815089395,1775.9840507840174,synthetic_gp_augmentation
5374.814068101644,283.0031737936576,0.7530208261137619,2355.2512399011594,0.06982144905897078,1968.9164819080072,synthetic_gp_augmentation
1216.7105970985813,7246.906844607524,0.43965665966053025,1667.9511254515,0.28877231677799603,1757.4492584804452,synthetic_gp_augmentation
1004.9199138423686,7010.547394327382,0.6096824575594268,990.6531536374463,0.05915875723452358,968.1789769381996,synthetic_gp_augmentation
14664.817451835863,1478.5520071717792,-0.3369329643081297,5168.267962603172,0.07705931740485447,5291.262439335475,synthetic_gp_augmentation
5062.433714723769,2122.7407181876392,0.1983672675189977,4143.584513358773,0.20022286105714068,3837.554637912622,synthetic_gp_augmentation
15717.468089830001,1508.4605715491275,0.244677392582188,882.8002813472107,0.08151415962855997,901.5786081650909,synthetic_gp_augmentation
15433.435432453358,5756.2763116938395,0.5957740634762925,377.68297396349044,0.2990304159411462,457.8332900721975,synthetic_gp_augmentation
2366.8833890011097,2000.0710735138564,-0.10436931600380772,8444.9247041775,0.07831852465440224,8906.318966667028,synthetic_gp_augmentation
11467.296416049436,7451.598059028017,-0.3509205989815823,11550.56848133361,0.11885616255697898,12425.464982951296,synthetic_gp_augmentation
11081.288462371942,4707.209020557386,0.1896317813998626,2072.754277211094,0.27253930687363026,1485.837559101949,synthetic_gp_augmentation
1629.436900230149,71.50579770970555,0.679211683606203,928.5717390659759,0.06803750948311824,1081.7426501219134,synthetic_gp_augmentation
3098.1052502894727,7069.355251333333,0.17408557095415877,3706.7102302845074,0.13859480819721426,3588.7715917881287,synthetic_gp_augmentation
1318.5547170690159,5822.093172260433,0.6847790908636604,403.6103855417933,0.25877310869736947,509.50197736889083,synthetic_gp_augmentation
9705.733862951432,6303.259172328051,0.21096900254578654,1541.6369457064138,0.2669949006197996,1947.83909491668,synthetic_gp_augmentation
15786.79810600055,574.6016365759283,0.59577791375208,320.66041346626275,0.07850269357676107,356.282684010349,synthetic_gp_augmentation
10784.554148761268,5668.481361748338,0.5090432504876732,865.381505155932,0.2529805353966981,643.0284740531562,synthetic_gp_augmentation
11401.108406848682,6436.7157889931495,-0.12748444346781707,8209.708897476434,0.13520796392290602,7490.473048719675,synthetic_gp_augmentation
15754.90216053817,7653.082849256438,-0.06684234487814289,4334.6757789098,0.26121635181130826,4210.780593120964,synthetic_gp_augmentation
10880.383711331559,4643.763782259484,0.758873731526921,99.30284469930805,0.22825707608256177,116.8105612500367,synthetic_gp_augmentation
738.8870047926782,4064.3348159941725,-0.176590021317994,8324.362265308868,0.12598196789670937,10336.24276225525,synthetic_gp_augmentation
13885.389053619901,3403.174319855294,0.47650077876531804,321.5596489584127,0.17485865221362987,290.8154136352124,synthetic_gp_augmentation
5898.384817022861,5610.30144771715,-0.29683181520377344,12950.69508050986,0.20457796959611793,14446.099278736168,synthetic_gp_augmentation
169.3815820839743,7366.57043771691,0.5572217197489384,920.0482993176743,0.22294308170452581,1172.8614470499879,synthetic_gp_augmentation
8165.023423217047,4798.040389728286,-0.18739421058894307,9361.245270626992,0.2712846347859754,9100.200662543148,synthetic_gp_augmentation
14998.538513932592,1818.2691320667184,0.33169152185184236,410.50884196081006,0.2537097493886385,555.3898872102143,synthetic_gp_augmentation
4191.557926400233,140.59160247341396,0.2899408828318527,3707.774524081932,0.061664834279845926,3492.654390115751,synthetic_gp_augmentation
7915.059451540154,4952.904946140221,-0.21508004575307732,9007.631794122997,0.11712690333937943,10015.844878374013,synthetic_gp_augmentation
2863.052515740013,6916.783104152421,0.1879646495759657,3715.183233650365,0.15573605439866892,3499.0575590154904,synthetic_gp_augmentation
1017.3134794963976,527.802220587275,0.7309472356200888,908.0661566963224,0.10978413354459048,904.2956156360943,synthetic_gp_augmentation
1380.6646527384996,3180.5696716907673,0.4527410874128368,861.2500661622337,0.2589049336087921,749.1584734663788,synthetic_gp_augmentation
11659.47340478555,7520.375408647223,0.8897161587388323,76.80275675762714,0.12586720118093944,80.83823547396685,synthetic_gp_augmentation
13838.78408480017,4013.415966854442,0.5983759653946754,262.1862115119151,0.06090687710357237,248.22002463671436,synthetic_gp_augmentation
4684.265228186453,2829.2512941507875,0.2884828898175853,3048.9189173089494,0.24971937830650653,2916.767267388057,synthetic_gp_augmentation
3200.9685355527545,3265.11652955845,0.8124001044402194,91.102801058975,0.2834022880027561,74.29697662652958,synthetic_gp_augmentation
527.0068531302041,938.3161153343372,0.23781881229354063,2449.4924304088663,0.07251002813707877,2611.589678232778,synthetic_gp_augmentation
10401.25194607262,5181.783022924619,0.8163421864884921,64.61146556360771,0.26610754075530757,81.48901348990653,synthetic_gp_augmentation
6270.051402105737,4886.332549441503,0.17048364866023957,1939.4730067672147,0.19237455871384357,2592.8997586176274,synthetic_gp_augmentation
8924.662910444495,133.37654630671736,-0.3078660669423564,5176.205571937532,0.08364375666716899,5442.051809145521,synthetic_gp_augmentation
1596.1789755159723,1395.702796530557,0.3517219454970363,3040.8558678438703,0.16299325749906712,3909.6212093405693,synthetic_gp_augmentation
2553.429127690683,1324.5760155668843,0.5372351667006909,2062.6840136718365,0.22623595085485207,1895.2550206607038,synthetic_gp_augmentation
14915.534450892435,783.6118903839156,0.02309051645681648,2586.948792940327,0.07518973065892548,2537.5454243333656,synthetic_gp_augmentation
12207.973190336359,5883.8061855862115,0.5470304005904851,530.4153643717381,0.19975368001305407,578.1566680769891,synthetic_gp_augmentation
14771.55162362016,961.0977158279335,0.24347187969920758,1027.509442834069,0.06497690412164514,1139.1121868821683,synthetic_gp_augmentation
14675.216523539939,5345.552587602753,-0.0781014174262854,3277.812223300429,0.24046788148019452,4435.236172838411,synthetic_gp_augmentation
10425.342612013077,1427.1224772294033,0.38132971981995845,1248.5047035058276,0.126311718358195,1218.5786469021086,synthetic_gp_augmentation
14858.994504983426,946.4814259834106,0.0445265917229386,2366.44432926981,0.07912396565470363,2217.1642020397917,synthetic_gp_augmentation
157.49829208056087,4067.22765230416,-0.495687960916398,42398.33543331184,0.16106970522718536,32995.15386894335,synthetic_gp_augmentation
1094.880741953934,5163.860078862045,0.645449362334636,450.72885605725435,0.24656348317783067,575.03211291359,synthetic_gp_augmentation
1840.8484786429617,6495.398880461094,-0.07079461145693577,8768.28649523941,0.057232474577581384,8706.839604479681,synthetic_gp_augmentation
1616.1199056074781,1028.4976437170449,0.8434771888719728,234.35625294825036,0.08995458463635776,227.80244669140686,synthetic_gp_augmentation
5692.068014519189,4929.493979086641,0.5628308146741088,994.9663631619438,0.1449096169841633,785.9947769881292,synthetic_gp_augmentation
11250.205833038786,6190.716795289978,-0.1625436013278953,8181.21766131734,0.26442169494694834,8214.82827480855,synthetic_gp_augmentation
12671.31602494787,2499.2413720630752,0.8703188222240734,24.779312325269125,0.06872622971682238,30.18932589742031,synthetic_gp_augmentation
9484.391062079532,637.7246349395014,0.19941282879541034,3733.541125522806,0.07879484068310602,3248.082806791267,synthetic_gp_augmentation
11991.635474155986,732.4691804836539,0.7733253877314115,215.76756040488078,0.0663399055352492,230.29084390646383,synthetic_gp_augmentation
5741.350514287823,7097.695448181424,0.7857642944744994,185.7490342722922,0.17400637248428846,226.67892368095312,synthetic_gp_augmentation
306.59424388156026,3013.6133468818766,0.47563550590328596,562.9676736953759,0.08293427500045068,610.1422402749299,synthetic_gp_augmentation
5356.548810841548,6149.505214434517,-0.03958156657761741,8028.619139669911,0.23072434754427645,6904.37846986111,synthetic_gp_augmentation
4460.504009967836,2971.9873769657906,-0.17472878183729407,8348.246330008646,0.08084893612741369,9058.01632749065,synthetic_gp_augmentation
13008.73543568261,5192.821237020902,-0.45904058997391217,12206.015564558034,0.26678792135008567,9831.194947897091,synthetic_gp_augmentation
12182.829721746037,613.4388257475018,-0.015117086131097579,3964.3225606279593,0.08354465202271312,3739.7921387806828,synthetic_gp_augmentation
11159.277283561,3847.2451805488035,0.34368668063691876,590.3611075944116,0.23397374768673482,721.3637620485093,synthetic_gp_augmentation
2310.180748345018,772.1517293624611,-0.07246933011671708,7199.736292740638,0.06364347127309483,6699.260264987467,synthetic_gp_augmentation
12944.559164329883,1986.2731254418247,0.3114683599849323,509.3343918184359,0.07979215153782183,580.3494290630517,synthetic_gp_augmentation
3197.9192150541307,5740.670431095573,-0.004272509495276522,4912.146754071073,0.28133449859359827,6600.470090402408,synthetic_gp_augmentation
10404.693491476111,5392.83349031403,0.5472068690729723,566.0420345189917,0.19291547222517136,530.2517396162914,synthetic_gp_augmentation
7787.835091958528,5976.640711448526,-0.3539423957326462,13864.95967610894,0.08081946107323859,14875.723514884121,synthetic_gp_augmentation
7085.665983513978,494.0403778986813,0.5007724379177216,2791.789542422597,0.06437986728240039,2865.6116415401825,synthetic_gp_augmentation
1882.7582992109822,7951.313697384375,0.5686355582132845,1548.7943836702557,0.13940297066600987,1271.886623600199,synthetic_gp_augmentation
8341.03798593813,435.36022967815137,0.29626611276362314,2882.6955991879527,0.06705375425848599,3228.7994817129666,synthetic_gp_augmentation
1688.915762660582,6605.982331513232,0.7405225742993575,299.41998398677964,0.18520070111939765,398.6407798499318,synthetic_gp_augmentation
2711.6288573428396,5922.1514678442845,0.8363889171159113,149.5151916685558,0.15538596735350543,133.47215731661615,synthetic_gp_augmentation
2207.486396968727,4734.094323934559,-0.45145152386480336,26300.851588660462,0.2823355326506972,26739.523414055227,synthetic_gp_augmentation
15270.321637213121,3510.8573211598973,0.4507162336987569,407.30143750516146,0.1132060113144763,389.52598918063484,synthetic_gp_augmentation
4629.348578057852,6057.058826161461,-0.16795569653705877,10282.533281982358,0.1145183342976522,11354.909905978635,synthetic_gp_augmentation
5747.748745176523,5918.862426150768,0.07145663260675861,3738.8611534294514,0.14805986133506255,3590.7643982207287,synthetic_gp_augmentation
5221.081640106973,1097.426683918436,0.37241599551357885,4465.313091047816,0.12916949680458142,3540.48718831568,synthetic_gp_augmentation
14382.182078332486,6341.059783686962,0.497181178455667,874.5389090044472,0.24160854746535657,808.9779545805629,synthetic_gp_augmentation
9051.157990224727,628.455979479722,0.6762673016377865,1361.5443706241053,0.09297199230689607,1289.9980222145928,synthetic_gp_augmentation
14714.642393039656,4004.369137028278,0.4875416855970298,506.58801427861636,0.07354306802778249,402.36380978200566,synthetic_gp_augmentation
4868.806002663539,5160.654612537554,0.5883585914086353,826.9624242097948,0.2444380379466131,761.8686507288627,synthetic_gp_augmentation
1925.8713234679883,6573.510859001822,0.3386996791031761,1904.6719277587715,0.1413005185343976,2184.7561265706076,synthetic_gp_augmentation
8943.873398314376,3704.88174474443,-0.3361172827897252,12011.339287630426,0.27400334916230534,11023.48157563439,synthetic_gp_augmentation
5594.038169461279,1894.8646205211617,-0.46999755916058933,14511.60086097723,0.23902034293413743,13837.981052817438,synthetic_gp_augmentation
12850.318652502898,3925.276923652852,0.24169626849014092,1243.1386798685498,0.13964244229818965,1029.2535450760515,synthetic_gp_augmentation
14082.832201695372,2001.6648834969608,0.5017574671325198,103.6789096646017,0.08452404124158747,108.76576107764522,synthetic_gp_augmentation
7613.918823422441,4229.803051649186,-0.3475881761821006,12446.377690599902,0.28074380820601663,12935.49780346795,synthetic_gp_augmentation
8892.906800876053,6244.035870003155,-0.14135164454209737,10218.922701704923,0.2814553710050105,9172.23904855369,synthetic_gp_augmentation
4407.634254842368,1920.7209075402316,0.29393027019167084,2977.9536019862976,0.1464297599474856,3638.4265047585095,synthetic_gp_augmentation
7874.710693973965,1599.881473522716,0.04670385339335925,5831.965112983625,0.16873799031474623,4744.263721711337,synthetic_gp_augmentation
693.2336492065489,3793.4827165356796,-0.21794549939219504,10423.559026337489,0.27349525795051516,12649.614414964579,synthetic_gp_augmentation
12883.618448182775,404.0349215268053,-0.49385020076477754,5650.802992643271,0.12403448812409365,5084.647988209942,synthetic_gp_augmentation
1712.8173085852932,1834.7250274840467,-0.049864866466697244,5646.73310646509,0.24141097368480938,7620.701634866979,synthetic_gp_augmentation
5009.100967197779,2829.639313501535,0.22262700536083735,3052.2096760385725,0.2488995024795103,3366.97342685747,synthetic_gp_augmentation
9088.5330973786,3901.037700487282,0.8008927162048427,70.61085362872505,0.18161627246609216,81.26845458500162,synthetic_gp_augmentation
783.3044977856921,2155.4936898029123,-0.18153357915913948,11029.029390047266,0.23545184181088186,9972.943482223149,synthetic_gp_augmentation
1361.138696985027,4485.091957667251,0.21715709234908653,3214.6069180620198,0.06105971978662433,3385.724493000859,synthetic_gp_augmentation
11168.250086046904,7027.317331561372,0.293095148264092,1907.8983950181134,0.07778492357955748,1803.8986880741727,synthetic_gp_augmentation
1241.255779666223,4349.819690860817,0.4089187196025803,1241.9009463055181,0.2319166186791849,1359.5062000277155,synthetic_gp_augmentation
7685.617573333287,2294.716173891454,-0.0400071087757673,5096.310913277734,0.2703974024757643,5580.283279648663,synthetic_gp_augmentation
5485.260571389931,495.84777601851914,-0.36072545271403156,7294.121706259239,0.07978465478001263,7390.321770799979,synthetic_gp_augmentation
3726.4625865070216,1093.3304379865892,0.7898987362551388,598.4164658218696,0.16036618684522966,654.4311692069891,synthetic_gp_augmentation
3101.5844760322802,4489.738948377525,0.8338576003950322,79.01672628545735,0.0648769057065374,94.46075838860553,synthetic_gp_augmentation
12238.239570348012,5469.670704835038,0.11352359354568897,2185.8776375117204,0.08783032948267593,2091.2668055944455,synthetic_gp_augmentation
15229.520871089493,397.3435484325645,0.31280494668499315,1377.0567161071183,0.07334794338401844,1404.6073832380848,synthetic_gp_augmentation
2328.8579010329745,1484.3986377078534,-0.45936304940895606,17137.126337686488,0.07690552549651394,16908.02664718129,synthetic_gp_augmentation
15358.931384868618,2552.6501654125645,-0.4338981024387552,6082.563401044515,0.17461155499405448,6353.425333700163,synthetic_gp_augmentation
9556.723805254149,2558.184871044019,-0.39266561784278536,11369.857878627174,0.14181051436129727,10172.144706920099,synthetic_gp_augmentation
10302.400445275787,7667.2561134236885,0.5342448407884892,885.4201549043817,0.2745715337131043,979.0966120468557,synthetic_gp_augmentation
11387.829412467052,1630.1647835393806,-0.1818717124749103,4562.310732023194,0.20283630182834636,5359.882933039431,synthetic_gp_augmentation
11295.490356637838,500.16279583287115,-0.24177388783587023,4927.975356431955,0.06370428114776143,4837.451553455093,synthetic_gp_augmentation
13134.996620152444,2824.1186344985526,-0.4883305341405019,7320.6924347133745,0.29249401570951045,8637.815242960647,synthetic_gp_augmentation
7787.151556428389,1075.5357682374358,-0.4679434380169757,11320.07007586165,0.11828088027344774,9436.708905468027,synthetic_gp_augmentation
8580.401541483747,1012.655721086313,0.06753725326899007,4536.017390177092,0.0832490134018902,4604.183508117768,synthetic_gp_augmentation
1773.5957411515612,2451.129113999589,0.31068285447508737,2710.512359316604,0.10201403303530014,2932.9885049910263,synthetic_gp_augmentation
10667.779035726882,733.8142092428761,0.141075653653281,3076.175613624602,0.06331747953632978,3281.672499978373,synthetic_gp_augmentation
634.3985100613896,4834.427435419594,0.14338578099997357,4557.812016966997,0.24579217553740673,3475.99714613596,synthetic_gp_augmentation
4482.5973122255555,4013.5981281628005,0.5543990593727879,797.5937923645344,0.07370705002887576,765.7005621646086,synthetic_gp_augmentation
1598.2548446929943,616.797351610443,-0.09460181155983555,6125.624418127337,0.07791122034492211,5877.9345426468135,synthetic_gp_augmentation
3132.561801431217,6901.9557921131545,-0.16719505478748464,13722.892690224904,0.1737654715855479,12590.015164945413,synthetic_gp_augmentation
10255.821515068355,2277.704465698662,0.6960538632445632,97.78993764769643,0.2790398530396718,71.78706762918245,synthetic_gp_augmentation
10092.778420258199,7691.046279577435,0.464969330802519,1672.8823856085257,0.2946935427696441,1258.397857942162,synthetic_gp_augmentation
6794.773116631822,7452.309060450605,0.16761302871601858,2818.253149107349,0.10590732232371572,2789.228184995029,synthetic_gp_augmentation
1533.7344261829094,3472.773009750022,-0.11443324425239021,9118.43310821985,0.07716329872264142,9034.98200239832,synthetic_gp_augmentation
6990.645271704593,1828.5355235066793,-0.3087854525899342,8619.02916842764,0.2472517657472723,9099.820339101567,synthetic_gp_augmentation
5708.643462546865,6678.8217002417805,-0.44761032455003297,18237.730923951643,0.26528460531428777,21787.9618068122,synthetic_gp_augmentation
11555.3005304096,2890.2867329795745,0.6933115011877382,86.78040723288335,0.1860968613579495,81.9938803104715,synthetic_gp_augmentation
7915.895700658283,4412.8617265515295,-0.4358387099233689,19521.269691889822,0.1839047222182129,15282.067031182096,synthetic_gp_augmentation
7843.015108649423,3915.2195416101263,-0.27797764294734384,13980.195541247738,0.15846732396850755,10508.976394615227,synthetic_gp_augmentation
15464.120507440659,6800.143030511651,-0.1086100245854863,5016.180692371973,0.2714519433125039,4887.756475426152,synthetic_gp_augmentation
12125.078125084863,5834.251038714657,-0.1316997772006604,5176.649172017937,0.24572161879840887,6679.205886524585,synthetic_gp_augmentation
8001.975011316033,7009.1158946940295,0.26774738490977645,2030.323031329263,0.058451253590458045,2143.254810086972,synthetic_gp_augmentation
7719.639544934744,5877.623299098995,0.059221072461611124,4234.888873573047,0.2009822411778236,3007.1616833208122,synthetic_gp_augmentation
15085.897286784926,4001.417218216102,0.50717498085095,441.9021672723198,0.08131347397617683,374.32972945644707,synthetic_gp_augmentation
5174.866151100541,7900.42631597158,0.7750255970341113,216.27227950776827,0.22610260962399792,296.7903083455329,synthetic_gp_augmentation
15990.601913663975,6790.8238522859965,0.7899167868908377,145.8197062658634,0.4195732267927408,144.3866761110454,synthetic_gp_augmentation
11527.165776921938,6202.553710284223,0.8720160304042701,80.08983670873009,0.27521383268986155,69.6696383683004,synthetic_gp_augmentation
1083.9790847066656,2078.0268842096543,-0.20644715460487612,10219.04454978454,0.14336423240800614,10896.123833395313,synthetic_gp_augmentation
505.4748669671461,7003.512216703719,-0.26878669289795964,19803.606071429127,0.0763676114539678,22020.714259808894,synthetic_gp_augmentation
9633.940502254618,86.52907903166174,0.379323851022098,1991.653856808379,0.055277207207854576,2074.9045483320947,synthetic_gp_augmentation
1237.8755509850337,1819.5197343514656,0.45335337744696036,870.8939726590872,0.2524726260694078,1081.0916413012758,synthetic_gp_augmentation
14940.874873834397,3229.8595606757585,-0.3770275081050948,6253.179578285913,0.3080149466690015,6621.692179600772,synthetic_gp_augmentation
14996.81398636058,4689.257241872576,0.6495002354256878,207.33607274069593,0.26864673064256,239.57142496532742,synthetic_gp_augmentation
8782.259661294469,4487.034562882847,0.5962931440203374,335.3116811477627,0.09372005331662356,382.9763641989067,synthetic_gp_augmentation
9904.559009195618,1406.5266110822777,0.3798635064881043,1407.5751771458065,0.15029412953061122,1477.5996898602955,synthetic_gp_augmentation
4741.120984251472,838.3855985082542,0.1098574712574868,5814.926080021508,0.079277520909829,5720.40400145918,synthetic_gp_augmentation
1117.1634242915459,1778.6314206822374,-0.2848797962736057,10932.687481274075,0.27134167564624306,13478.72204399504,synthetic_gp_augmentation
11825.621078549866,2789.670311171869,0.20782917930464184,1125.2534735922852,0.2735105532862232,1159.0747030118746,synthetic_gp_augmentation
1718.3972211093776,112.4295033606897,-0.2771629862419218,7261.452902526604,0.06115401080955802,6845.15217937066,synthetic_gp_augmentation
1460.366492192451,5539.646564398846,0.34697029912450694,1777.267036212506,0.09081342701108716,1952.3579186098898,synthetic_gp_augmentation
5048.447436347158,1981.8194858999316,-0.06604937754770324,8064.912517850751,0.0724126280146197,7083.321646159537,synthetic_gp_augmentation
298.20399142232475,2811.2354923868993,-0.15377123277468446,7208.43738811193,0.26328201131935053,8780.785373523995,synthetic_gp_augmentation
7001.166290525424,2679.213524671196,0.11747193193695737,3564.154559574076,0.25550991786070476,3399.7577507701512,synthetic_gp_augmentation
11352.12647027322,4094.6384070281747,0.3129979203621305,1109.5558248650343,0.16596316330121433,954.246264038354,synthetic_gp_augmentation
12841.44800960883,6878.397776756888,0.014449691799931164,4896.795066708732,0.20159998270453303,3571.054394280036,synthetic_gp_augmentation
9708.486130402849,1195.1196280443294,0.8490447615936028,96.65108719888372,0.21900062429635425,106.57065820317615,synthetic_gp_augmentation
13565.29982951121,2725.8169058501603,-0.49174330970495767,6420.258348073753,0.32013273895777533,8120.216967586416,synthetic_gp_augmentation
6563.385039897054,5536.2304618542685,0.7780054258267484,141.71396910258363,0.0983664107947754,164.03491787281635,synthetic_gp_augmentation
13595.476152461579,353.85130624349426,-0.4990423307243076,4565.101927989144,0.13502427767270778,4715.731605383718,synthetic_gp_augmentation
3646.274435172895,7694.6011239794125,0.8948917147963871,92.4469840145243,0.30434427562896926,116.59609303457552,synthetic_gp_augmentation
15111.915781901409,4861.097620655926,0.5193335259991652,513.8985061408146,0.22149862641639828,469.95698013575804,synthetic_gp_augmentation
4472.0368940101525,7652.06696824577,0.40229772039961176,1595.237528239588,0.2568330017771565,2016.0380266072254,synthetic_gp_augmentation
3958.517282984928,3320.253845241095,0.07161466182712417,5307.277166420926,0.25642302973622316,4981.127764908873,synthetic_gp_augmentation
5930.332223993101,849.9912753074997,0.5978936238568096,2158.7588748081557,0.08848130445656872,2429.587161223658,synthetic_gp_augmentation
5686.459964299299,283.57547999815756,-0.28318475391440867,6583.001561076118,0.07798306499976125,6617.241910140252,synthetic_gp_augmentation
14141.717424371183,3825.029256809182,0.8153373518755325,54.80116614867104,0.2566026663356488,58.63358415992935,synthetic_gp_augmentation
4748.1778110442165,4061.459126903112,0.7007615907091813,377.4107216033556,0.12548894136178051,325.1501570072603,synthetic_gp_augmentation
5508.209363646822,4902.445397291421,0.41192823842634774,1487.6496864432777,0.1713521767306677,1240.9047308927252,synthetic_gp_augmentation
13166.191644033886,1449.6469987071032,0.22952903145027825,893.5342885099077,0.10146785579829648,1228.186944824443,synthetic_gp_augmentation
2605.864061286806,2609.6891221528012,0.05331259135066324,5167.849035055105,0.1863982562980554,5946.973867917024,synthetic_gp_augmentation
1745.81326612993,1565.6761215146196,0.7119150272037753,305.3879634860426,0.130925743328473,245.92303599302434,synthetic_gp_augmentation
8097.624526477868,5573.3087999211,0.4064420045073074,1440.1831971067043,0.14336052876472122,1100.7585734571287,synthetic_gp_augmentation
10783.01261367132,4132.580065778495,0.10886043948057822,2476.619277863549,0.21408886065996927,1886.1004177811499,synthetic_gp_augmentation
12748.850697343189,5888.808792580923,0.5987084053601015,377.1715241988088,0.19253849088166486,459.1935443662617,synthetic_gp_augmentation
9475.035161194532,457.98535673319753,-0.42425474434631266,6354.211036755425,0.08555861356249499,6150.763157306662,synthetic_gp_augmentation
12404.21120497211,3402.8966418811315,0.6383669513061514,173.71638289645492,0.1861858566231696,164.07035074304528,synthetic_gp_augmentation
622.5959572368566,428.95611765090894,-0.18005882134875167,6280.298760475652,0.06357956081840438,6364.826329046517,synthetic_gp_augmentation
715.6893595410393,323.1857508449645,0.499191137741715,1656.075652989621,0.0875513678775961,1998.2670053986008,synthetic_gp_augmentation
5330.204042576233,1173.2265677663997,-0.22017972019839754,9256.487794141502,0.20189435604835312,7761.517429023101,synthetic_gp_augmentation
5765.447990145336,1260.1071814724207,-0.4871445766602721,11722.164924470168,0.24593328789638305,12065.973129095597,synthetic_gp_augmentation
9013.531653555636,4150.043399710745,-0.17829122625141303,7223.0993735096745,0.23433151769287616,8112.1876432806785,synthetic_gp_augmentation
10879.290549636651,1603.260465579414,0.5957180296303073,93.4922259958715,0.1790442809094848,123.26419496486265,synthetic_gp_augmentation
10704.698400658159,857.4920776975823,0.31017368904345055,1898.679974141495,0.08743110904719027,2238.7032322636583,synthetic_gp_augmentation
5157.219939028004,6602.212495863616,0.6878083483642798,431.2741478768127,0.19909459005697458,490.88626832272456,synthetic_gp_augmentation
5604.809840241355,3682.1587793100416,0.8476587189420983,90.24907346373833,0.25912394119859394,75.20739817068765,synthetic_gp_augmentation
9403.850364096723,7060.8887907531025,0.354160804525566,1639.06981246502,0.12023963244623449,1641.0714070581782,synthetic_gp_augmentation
9583.276239464385,2448.9863573230978,-0.17554509493478332,7205.335179617618,0.10587790624577569,6629.79985555328,synthetic_gp_augmentation
5103.728626830417,5020.256041496717,-0.37029078288334594,14861.606009558294,0.10830438840899526,17408.847565550775,synthetic_gp_augmentation
5352.054383829261,7386.508434413315,0.7127654629713003,331.37396944713834,0.19768893916473912,453.8598657056156,synthetic_gp_augmentation
11135.315709659739,1373.5663955832474,-0.15684144297396385,4453.697578942383,0.18653692378480272,5071.165264037133,synthetic_gp_augmentation
10393.832083729505,6405.828474443227,0.7509255145773082,174.25511189552526,0.21365860065310893,207.78531216243152,synthetic_gp_augmentation
2247.307794408418,5052.133998761018,0.7296026394599848,297.02917412369084,0.10937504108830412,309.9643508355826,synthetic_gp_augmentation
7112.565886838755,6503.573957016427,0.3789328971783642,1685.541904327957,0.060196733070711966,1579.4170458309638,synthetic_gp_augmentation
677.260250061156,3472.6917626960985,0.8311570559376431,53.074517676380054,0.07483306780132709,62.53652544810648,synthetic_gp_augmentation
13697.106749098997,1030.6978278156214,0.558421142498928,224.7505470101334,0.06695693217818732,242.9231470892171,synthetic_gp_augmentation
2694.5326973198835,7680.656863882917,0.4565944796528033,1497.6891096059069,0.2868822056682028,1763.2609465866128,synthetic_gp_augmentation
8165.253256141283,501.5337836810758,0.1100370528258694,4656.712586856299,0.06306076868318618,4488.2289088948755,synthetic_gp_augmentation
6846.949219875883,523.8671839551064,0.17759782403163704,4655.685340292974,0.061834526016572106,4394.391978954979,synthetic_gp_augmentation
261.05646372919523,7185.249537453618,0.04448953766433572,4175.199861328385,0.2658756144442238,4822.683370235261,synthetic_gp_augmentation
14654.811299725148,2406.0971851014,0.8248494285039019,53.77295308830813,0.1759369294971884,41.59899921830718,synthetic_gp_augmentation
7333.31111461546,4776.160262777201,0.3933668984705797,888.5752481971914,0.27888239380752516,1020.9049900356334,synthetic_gp_augmentation
15272.865600493778,2299.804231258454,0.5925090228132888,135.3674470637437,0.27472400270606295,119.51636834674254,synthetic_gp_augmentation
13873.784797313961,1539.7549541602177,0.6933968229985801,42.385991831134476,0.09234809899911922,56.79819122767549,synthetic_gp_augmentation
14765.994226530525,3670.9556644117542,0.0846936164224128,2386.6908896942573,0.25158832094562944,2096.116149389864,synthetic_gp_augmentation
3322.5768270967083,2669.14312229704,-0.4439645592509141,23626.85979854458,0.2507034464168139,18833.579314129947,synthetic_gp_augmentation
8828.751257818416,1121.6533413697346,0.42378382543887216,2137.7634359534777,0.14924367056566346,1925.7612246637002,synthetic_gp_augmentation
15118.021687056751,5649.154690463359,0.1405011072198581,2689.202407194932,0.2331171864899446,2263.268034289929,synthetic_gp_augmentation
7084.4257827868205,1346.2617279553858,-0.07501866138583735,8138.415489310144,0.2067980197776496,6359.990109592115,synthetic_gp_augmentation
4369.36699747317,2337.0111295051574,-0.06456620057179513,9195.834951401303,0.24201212417618706,7371.316488153079,synthetic_gp_augmentation
2298.763323756303,2695.2701169321394,-0.07524262573304091,8403.058815253165,0.2658462707356662,8374.906896718096,synthetic_gp_augmentation
11208.273742118203,3634.9343758373607,-0.3165638061567869,8194.683212073181,0.21765961631183967,8936.94599141075,synthetic_gp_augmentation
15588.342941791258,5620.549596400536,0.14933335324070773,2228.3531103671426,0.20275652969010702,2239.0605428803724,synthetic_gp_augmentation
550.6659520852357,3423.5610772296436,0.1348808957876959,3264.850324408371,0.1512081328739204,3738.6476957240475,synthetic_gp_augmentation
11873.081140972216,6968.7489714838675,0.07671132300609429,2767.265415664512,0.07884317403662003,2774.2513908117344,synthetic_gp_augmentation
14838.1927646987,5438.285172961476,0.48433193247846607,632.5122363799608,0.13271423168304505,639.6577245405596,synthetic_gp_augmentation
1289.0263942148545,6707.89372904144,0.08774080774978443,3763.2225877249593,0.2736175858572769,5074.517476897492,synthetic_gp_augmentation
1194.3559035283067,6292.690126146925,0.4173999160003018,1590.1908113370064,0.2733976340927971,1712.288031031463,synthetic_gp_augmentation
13367.321759203387,4581.7741490721,0.8018548965664005,81.75260866323049,0.1762586479410144,71.66830302357972,synthetic_gp_augmentation
14524.43823605214,1381.4451886317959,0.2543184196494853,1023.5479023543222,0.1825510296832886,966.6339963566678,synthetic_gp_augmentation
14060.055007784,4914.6493988811335,0.26303116004610716,1174.2556067413655,0.1531061535349153,1216.644763585353,synthetic_gp_augmentation
8302.792450286299,5406.876004121166,0.6530852103271287,342.6626084810001,0.18505052758297763,368.7440833845383,synthetic_gp_augmentation
4102.199203815973,2979.421799197621,-0.24988617502160665,12639.20526072029,0.07517103001297008,11464.07663654337,synthetic_gp_augmentation
8145.010512187007,4102.761371652759,0.3771015141258115,782.3757543510494,0.17795500868822386,901.1461890154715,synthetic_gp_augmentation
10575.653760727475,1241.6091543506127,0.6246303978126879,156.95130886297395,0.2341219000812663,184.38897516752746,synthetic_gp_augmentation
2230.237785741221,605.1581095879249,-0.3253975771627901,9150.213207142913,0.09682663209382218,9180.446980777793,synthetic_gp_augmentation
8227.650103761498,6557.114439188418,0.10996995127134757,2937.411552913143,0.11844304813109116,2423.459307342037,synthetic_gp_augmentation
964.6733892524027,4443.09001263729,0.22552634645316383,3187.7614799050816,0.11199722400737563,3182.6910858891933,synthetic_gp_augmentation
4862.248595366869,7577.128319253298,-0.13906662362602862,11362.872246321269,0.1527496270321082,11665.608266053421,synthetic_gp_augmentation
3790.0793246496264,5995.890250874624,0.4512991397705808,1753.1494992978164,0.06871677996314807,1481.489673795019,synthetic_gp_augmentation
9958.501529115561,6150.105281995952,0.16671708958586084,2512.835563238391,0.23119197897812158,1978.1778812061768,synthetic_gp_augmentation
12609.908721157888,4072.4674735761237,-0.08348780788584814,3621.6095517157464,0.15207756751390689,4619.3822417267365,synthetic_gp_augmentation
1011.1169771943656,6523.631492205205,-0.02838966411224192,7248.418472002753,0.06882673577037703,7399.535720709732,synthetic_gp_augmentation
13619.510593970608,7536.507562510535,0.6993356970093043,439.6740097353849,0.09872044898504637,352.4063908238683,synthetic_gp_augmentation
13786.206349778211,5773.922018683502,0.7126797276779573,149.24728635403378,0.2886683553567056,209.73741254876788,synthetic_gp_augmentation
5542.0782811795625,844.7115270960106,0.6373259203779726,2138.671691480622,0.08642710842501239,2293.406440366165,synthetic_gp_augmentation
10578.164648928121,5208.15887402805,0.7794163496561111,154.11287726328914,0.2786126735647547,113.13562362583791,synthetic_gp_augmentation
6501.547204084847,963.4656979287355,0.8332291121540423,606.7966441994655,0.09428575020394984,626.8308029294249,synthetic_gp_augmentation
2551.635026815141,617.7793793493427,0.18855907509187253,6341.363221830467,0.07860055216011881,5041.48403054185,synthetic_gp_augmentation
8505.732455153455,5543.203240927503,-0.3646149287104661,16198.030448618,0.14154696037585865,14051.536236868531,synthetic_gp_augmentation
1473.1188245753867,6678.2834553923085,0.6200994102337041,858.5284448056155,0.2580504799978231,873.2393742487246,synthetic_gp_augmentation
14067.707270796207,1270.7319258349328,0.3868046997692798,468.0413011364462,0.23924439351913745,508.75769081832107,synthetic_gp_augmentation
14796.207174612777,593.1888637283578,0.0327240663214422,2847.848966170587,0.07983614132313632,2718.1357043935423,synthetic_gp_augmentation
13163.648878481317,7092.183153536351,0.8657464136734421,76.80675485514375,0.26740531130619416,91.21770649901151,synthetic_gp_augmentation
9044.197120020059,1057.6746959269512,-0.02584071621490902,4794.715316341326,0.09118933223240411,4961.704030790449,synthetic_gp_augmentation
8965.817598894733,280.6887499498973,0.7706875701325426,1399.7815917936455,0.06464756694240509,1170.3254930900982,synthetic_gp_augmentation
15755.257287954784,5768.434950131912,0.3296182272820989,1236.2329506086203,0.2864877148196548,1382.323268059336,synthetic_gp_augmentation
1307.579017892799,4115.786731713811,0.7044691513122072,283.74566592648245,0.2018856211570586,302.88040781624403,synthetic_gp_augmentation
9034.860685258725,4319.401952750302,0.5670967653574213,388.30856479970805,0.26080707919973917,412.2988489026598,synthetic_gp_augmentation
212.6571313021739,6041.856561404689,-0.19363031028173588,14570.70924044023,0.10194674121985563,13064.87594260652,synthetic_gp_augmentation
4298.135866182263,2569.9580653215735,-0.45915860024449007,20253.232833743645,0.14133502188761832,17427.385039849734,synthetic_gp_augmentation
3086.9509162636277,2190.553479005211,-0.2842075517248326,12759.146223403717,0.2642218776239234,12475.783089581164,synthetic_gp_augmentation
742.8677091487591,2142.333756360401,-0.02892622998489608,4297.075680870581,0.2227470843199509,6067.57266090637,synthetic_gp_augmentation
5893.349065962219,404.76334417884897,0.2570148548785619,4260.61186349055,0.07156104595501313,4280.429306615267,synthetic_gp_augmentation
5453.06584079822,205.20733575204008,0.28060105238271515,4163.697625428911,0.07126567736225518,3757.9357126418904,synthetic_gp_augmentation
10897.279940901539,6307.260979746982,-0.13135183030348663,6808.882492570594,0.2667750150965551,7950.291605719112,synthetic_gp_augmentation
12129.096718090326,2047.41463224768,-0.1444544250806934,5440.96836896968,0.10524191262357599,4883.409170013221,synthetic_gp_augmentation
5316.802866124173,5521.241514810909,0.827121890368931,128.39548875353404,0.10292017697438001,111.90645468623198,synthetic_gp_augmentation
13164.087686691457,4345.507084324449,0.8892823613738541,35.884719925878066,0.23725041641353944,39.0887247614377,synthetic_gp_augmentation
11100.88658870449,6699.70903981759,0.6360140352412984,516.7552516129617,0.28099309970937886,494.38853674532226,synthetic_gp_augmentation
115.78017840499976,2938.33291303332,0.5200843947612197,414.3479767630023,0.1342895909703894,481.0417466697354,synthetic_gp_augmentation
657.9431781726493,706.7265591170973,-0.2502039754823553,9534.272994031206,0.067975176153378,8875.508117916255,synthetic_gp_augmentation
15854.766921286408,5997.166115087382,0.29690983920924663,1480.2317325814486,0.064492634436508,1600.2581775705244,synthetic_gp_augmentation
12538.314383706595,170.418609593467,0.7511990808927236,816.0901092849148,0.08763020942997524,578.1987266087265,synthetic_gp_augmentation
15007.287614489858,1783.7066758899703,0.032273884441805345,1734.110397778136,0.2693538351125561,2059.4809310316227,synthetic_gp_augmentation
14446.620958196638,426.00534778510826,0.800378359094126,222.9635989293906,0.06947122312174957,225.4172583931935,synthetic_gp_augmentation
425.0434319697383,7185.186972958523,0.4917211042750377,1561.4002534326235,0.26618672391443465,1466.3789304906309,synthetic_gp_augmentation
12690.371907678074,42.37665361257825,-0.07858346129926574,3489.5847387781814,0.053784585754089904,3417.2693681562037,synthetic_gp_augmentation
7273.217329777358,3941.9373201218546,-0.3671159215687841,12713.55649513681,0.11711359166768856,13478.554510896154,synthetic_gp_augmentation
12653.975443610425,3391.993017271841,0.6414917986757,141.19618589414958,0.20208374524061423,157.64306053439375,synthetic_gp_augmentation
12046.048035081705,6989.563203755667,-0.35562870001092717,11032.42476268009,0.0797110680319251,11532.776518698767,synthetic_gp_augmentation
12709.030538765277,5874.765932651147,0.853745934653672,59.48633436624554,0.21053878790354144,71.43566824070783,synthetic_gp_augmentation
9953.462159312521,3458.355407937863,-0.1597972637062074,6423.023432966288,0.09680384636328129,7024.136187235297,synthetic_gp_augmentation
5034.76520147702,6527.105979980676,0.45362341157706554,1507.4589233611057,0.07677786661538344,1533.4097539557486,synthetic_gp_augmentation
15471.54702190832,6056.482388286166,-0.0793124574398631,4779.7699909181965,0.12272104433978392,4346.573728362089,synthetic_gp_augmentation
7083.473649823852,3192.0004641923797,0.03721902394087018,4932.27719567531,0.26394477160138463,4061.7211229954787,synthetic_gp_augmentation
8882.090728827123,311.1039173003372,0.10958097049555415,3950.8623352840987,0.05954580041683013,3997.3244242953124,synthetic_gp_augmentation
6611.087156143781,653.657963521165,-0.3953489112699992,6889.521739791839,0.0870905230769512,7644.3213843114145,synthetic_gp_augmentation
8887.477877098885,431.3476444338775,-0.1782602186024383,6073.730218280752,0.07547130654095695,5399.201235898803,synthetic_gp_augmentation
13244.767221674769,1222.9790571262474,0.4746437917694143,370.3609570342952,0.23012301393572893,355.26920971114674,synthetic_gp_augmentation
14553.911214792715,6857.134541444599,0.2014225556446726,3079.9111622296127,0.2264027434434171,2242.2861184816925,synthetic_gp_augmentation
14920.553131064251,6385.274486046921,-0.15630606393813667,5796.041570585526,0.19928699844011555,5459.507105201508,synthetic_gp_augmentation
7130.162063685476,4990.402891403775,0.6043886808885204,549.3346881441445,0.10506697934009332,506.52579489575385,synthetic_gp_augmentation
11313.316934790224,4992.50480992536,-0.38583952400095944,11400.681562404594,0.07152602405661611,11227.801368561157,synthetic_gp_augmentation
13429.345101604915,991.4539724241331,0.8926749462293104,61.42107047884705,0.18171676821476238,55.13007739644725,synthetic_gp_augmentation
9051.417648855397,5591.722829139094,0.7036675614025096,233.63689030034539,0.18165773400483345,244.19474764515613,synthetic_gp_augmentation
11229.698246973954,2240.211286963784,-0.05484790401247902,4107.793097966089,0.28002534973871407,4311.2855755339515,synthetic_gp_augmentation
12020.696676467844,4154.026638289609,0.7188073994351032,112.97125170886197,0.23666693523521679,125.49095492306559,synthetic_gp_augmentation
10854.66104980486,7637.780830406859,0.45440034186461475,1385.7199653900652,0.24110984056041965,1272.8860459813134,synthetic_gp_augmentation
11963.523536096021,6964.923154547419,0.43289619793906053,1156.1433574821986,0.09092639759316834,1193.1590853156938,synthetic_gp_augmentation
3417.4607876403743,1865.548058366337,-0.3044063234780781,13590.912409053935,0.2156589658947398,11943.276668039121,synthetic_gp_augmentation
8024.15529764658,5893.204925602347,0.7682524969871942,171.72367137639398,0.18976736568578026,173.0033000092078,synthetic_gp_augmentation
9453.470018220887,832.7259996736886,0.1304785156899253,3715.0501498240205,0.08089785148502364,3725.920914038583,synthetic_gp_augmentation
139.39910062666698,213.93988595226077,0.6245188616757431,1097.324668274598,0.07565850013018158,858.1250700676081,synthetic_gp_augmentation
13709.803890137544,225.3941982548815,-0.08066669349682676,3480.538758997099,0.07356013453115026,3570.1713041978837,synthetic_gp_augmentation
9799.389684274101,1361.971873744099,-0.06879486815650293,4824.118353226048,0.1958205301160233,4992.598189127319,synthetic_gp_augmentation
13080.077453955651,2906.4471476641493,0.19532389452880616,1106.6692815110675,0.16469670005966955,1050.9972378263735,synthetic_gp_augmentation
11501.205766404659,127.53951173353428,-0.4161530012637969,4879.89672299066,0.06523141750585106,5029.371110441634,synthetic_gp_augmentation
12156.96274107183,7904.181051014735,0.66998930584487,476.0286621192523,0.21193818401877326,484.8332539314423,synthetic_gp_augmentation
6333.475143603514,4267.027225855945,-0.18187796871036588,7668.630191547473,0.28100508357053455,9234.48154952085,synthetic_gp_augmentation
9171.095531834902,4159.767278868399,-0.3981275814667956,12250.402021445267,0.24204205951636598,12818.584767336919,synthetic_gp_augmentation
10353.48252337801,4903.591235719766,0.8741337478075848,46.057720691676664,0.1722563456191713,52.500702047776215,synthetic_gp_augmentation
11518.995094834194,7085.012958946452,0.8032874605042111,188.42494733218126,0.16532029793834918,140.9985663077262,synthetic_gp_augmentation
9117.038911271798,2413.7095366166923,0.23534060048059324,1627.5750517158517,0.15415978980073916,1895.8741333011665,synthetic_gp_augmentation
7995.285190993495,3895.7489827676977,0.4526904733769297,687.577599820199,0.17868589993553483,622.7795680072097,synthetic_gp_augmentation
12977.989932016162,29.15196957414956,0.3459668492227044,1093.7409436456953,0.05385581076976679,1197.6507825383478,synthetic_gp_augmentation
4521.377231548366,2447.23111130493,0.41419660433019967,1730.3750236828903,0.11015720159002865,1754.031398742387,synthetic_gp_augmentation
15349.266075471774,2170.3751866269513,-0.03360234309886151,3331.062595473391,0.24836266263591336,2702.7355254940053,synthetic_gp_augmentation
11345.548387705918,7980.297353688277,-0.026839299125845095,5050.970463775618,0.07811691650110864,4901.669353511352,synthetic_gp_augmentation
15808.228969707552,4675.143509961504,0.08798342531673031,2263.7135467554153,0.25771589313482646,2332.2097666935865,synthetic_gp_augmentation
14710.664592680429,2124.199759148568,-0.16631584393332943,5371.829176093516,0.20434091150006733,4078.1313447231573,synthetic_gp_augmentation
12110.40750548239,2825.812706130491,-0.14889166655639308,6419.355561492395,0.25189077978737767,5514.535966303561,synthetic_gp_augmentation
9789.926959101782,7888.480382965232,-0.48972412095082696,19442.879805629826,0.23642629729493536,18074.869350347977,synthetic_gp_augmentation
2837.513552558495,3444.9734233188638,-0.28299038351348926,15991.279725319886,0.13722602959841965,14502.140965062474,synthetic_gp_augmentation
12269.486706069803,4557.847739302537,0.10741792370906611,1915.554138413333,0.12000754506594577,1895.7452249195585,synthetic_gp_augmentation
13905.002141649959,439.68310513496345,0.8519545350597195,166.5571325497696,0.07035165767007082,196.5554846127197,synthetic_gp_augmentation
1843.5287971480025,6887.356899634604,-0.46203498474828053,26031.227801404915,0.2025274250021693,32613.489132721257,synthetic_gp_augmentation
6156.951533973282,125.50021826643132,0.1778329412960884,3551.28745556905,0.06505812797747293,3638.4107811207896,synthetic_gp_augmentation
8144.834255639151,7187.869085963813,0.6264429898785224,507.03944803675375,0.2688977381666485,644.9923358522677,synthetic_gp_augmentation
6973.9722043188185,6334.869628814417,0.5819552864590936,729.9829857493064,0.2555570875045776,753.9745941202254,synthetic_gp_augmentation
1826.526110362694,606.5856811392889,-0.23509582830585285,9018.114351492228,0.0925528600208827,8106.2398523026695,synthetic_gp_augmentation
2541.0998753096255,5788.888622504431,0.49090554272887066,1392.702676303366,0.2749317290061908,1295.165229827124,synthetic_gp_augmentation
13418.114956402245,6167.533457114551,0.37120405210418994,1001.7027132416854,0.24898061310937683,1233.6489906286456,synthetic_gp_augmentation
7801.709721303071,4818.456587429476,0.4453867026089733,1117.8846673502028,0.2616050486263411,824.5841558861631,synthetic_gp_augmentation
874.6865853683695,4621.366401248986,-0.12745325812116864,10134.934263036317,0.20153542067217936,9624.341478725853,synthetic_gp_augmentation
362.21101774463364,397.4962099837924,0.6350281432445,1196.7408415195216,0.09077265930606956,1001.7828499566896,synthetic_gp_augmentation
7628.258891709793,475.97097458226045,0.28293251303222855,3694.575975364132,0.05710089873873753,3593.2893575327926,synthetic_gp_augmentation
2713.621742198655,5818.309198685575,0.5151092665074686,1092.7615739248972,0.2591292056065903,1191.9702504360653,synthetic_gp_augmentation
11311.502541387626,844.5214313512786,0.8154029138409102,172.5539073664752,0.08633390751482645,177.85992405793797,synthetic_gp_augmentation
12745.643054191247,1934.7528056518204,0.6976961820467398,63.88616703095155,0.13597124645119266,50.95009160360592,synthetic_gp_augmentation
3729.9176644679787,3990.6927505868703,0.5952724587377161,675.3726653178102,0.06481490276235607,635.963488531255,synthetic_gp_augmentation
9515.613423620314,1313.3093889014526,-0.09449175079623218,6345.101086529559,0.22640120817278914,5253.591264050467,synthetic_gp_augmentation
2555.6698314176374,6318.7164844002045,-0.4242836422786355,26378.860352969514,0.2646822177561624,27222.39872485055,synthetic_gp_augmentation
4926.964160350753,6459.024190232709,0.3045022481851829,2421.6731890174083,0.10160752309350463,2221.4673098063686,synthetic_gp_augmentation
14231.84835748479,6737.145690087136,-0.45168172549285224,9641.227850476205,0.28416382163003695,9924.498164061935,synthetic_gp_augmentation
8751.159654568743,396.54496619763967,0.499865683906197,2015.3157715260168,0.07124912264289517,2232.5689523891774,synthetic_gp_augmentation
3681.440086454161,6775.341381714687,0.28807576573412474,2190.8354296511857,0.280071433361632,2567.5267352777532,synthetic_gp_augmentation
5347.38705765379,2905.7551224535914,-0.26458732244212,11132.431857790627,0.16718563712755036,10753.344091561588,synthetic_gp_augmentation
7588.139001463391,5566.56302658418,0.726010008395727,274.95381719228044,0.15434769468220097,238.75865132236243,synthetic_gp_augmentation
7733.273195593231,4713.967233520077,0.33428972480668073,1586.6863834612775,0.27511827412149453,1306.1319764185105,synthetic_gp_augmentation
15962.602678220837,2777.668933657429,0.22084873010375372,1089.963724493463,0.28343674356003545,1161.109928513948,synthetic_gp_augmentation
1919.6805716409683,2211.23863272339,0.2946284633588765,2704.492367006567,0.27232080474714,3633.4460565152754,synthetic_gp_augmentation
13646.244066065294,5221.944736795253,-0.3839580784609168,8177.829218893515,0.28082504771750183,8031.741604918665,synthetic_gp_augmentation
13832.544426807735,1068.993096023176,0.5366118766344969,221.14789622269373,0.09930434283464522,248.82119096712256,synthetic_gp_augmentation
5570.190975320545,4611.547528645628,0.30974342192227156,1315.8955606433426,0.1882947556671645,1833.7018317376894,synthetic_gp_augmentation
8355.69505818391,892.0280410067134,-0.26304007810136387,7154.380446393067,0.10556605460638445,6309.138062927498,synthetic_gp_augmentation
12805.808430195038,3448.900399059352,-0.17344404900902494,6225.620097981679,0.1079101030859019,5696.575754071819,synthetic_gp_augmentation
8022.638623494249,1632.6513229054056,-0.47997210611615787,10649.662995724342,0.22437848478155212,10921.650244903594,synthetic_gp_augmentation
10000.792375261097,5757.182280115405,0.6259293800858001,396.45909159253523,0.28355002809797547,428.03107017070556,synthetic_gp_augmentation
8277.677396523464,4743.948986623969,-0.45619897326699493,19428.92862462473,0.29000827530094964,15888.170751907404,synthetic_gp_augmentation
11406.00272824467,6790.937448474893,-0.42021947680074645,16679.882096900375,0.27528987939489147,13360.850298469442,synthetic_gp_augmentation
8112.534134440725,4350.958319057221,0.5960275864673723,484.2239566943962,0.236626883277761,404.58757690777594,synthetic_gp_augmentation
3032.6907781007762,1515.5748788856665,0.15659847919140735,6356.034043321314,0.06608473569688537,5479.076663991759,synthetic_gp_augmentation
15576.2440715599,1227.1234009454295,-0.3497838439879688,4177.240206047289,0.2762482918205752,4668.7154039886445,synthetic_gp_augmentation
7778.234534700031,5866.500041845818,-0.2591698782419258,10540.100236587095,0.21685547959056353,12215.443019895132,synthetic_gp_augmentation
13411.504634467798,3536.680080295011,0.8393573863031534,49.32259247707138,0.10381187512557351,50.970171420121936,synthetic_gp_augmentation
4977.707928877562,4745.273604523342,0.711669961510323,330.8719554769813,0.2836382200742731,326.77497571985276,synthetic_gp_augmentation
12214.976039170386,6660.148192609969,0.8801969554012936,64.93000057664268,0.26514411764095164,73.0679545401731,synthetic_gp_augmentation
2333.1575183854598,7946.677564084334,0.5726640870435258,1156.8301987274015,0.14894891188628723,1252.3327965621509,synthetic_gp_augmentation
4982.125463803888,2580.20252121026,0.6997919520343749,257.9904743411393,0.14645461664999718,192.73997401154975,synthetic_gp_augmentation
7187.149347419752,7215.63570982695,0.3324366954054562,1707.2296677378613,0.2812723270261931,1994.6812936738015,synthetic_gp_augmentation
5224.8835184804075,6448.406974828791,0.7141977136443172,297.41416081012835,0.1465017501007782,388.3448078729274,synthetic_gp_augmentation
6253.57213842452,544.0535225564247,-0.34388284176882233,7971.463348489056,0.07943721940447993,7086.838762776867,synthetic_gp_augmentation
13139.665442060797,2673.27144683113,0.5383160261157955,133.1748592519,0.2548267397318641,131.3386261751218,synthetic_gp_augmentation
4181.146685060465,1752.343678675067,0.3802130218016204,3807.2782064675157,0.27398296934070343,3135.331489350764,synthetic_gp_augmentation
11949.970637257698,5315.074179383984,-0.41621492416698935,11422.434249223312,0.2612765484886783,11268.407233408365,synthetic_gp_augmentation
1272.0218988752642,4442.393089741506,-0.09177348011188835,7120.773265023572,0.11460791687797893,8784.176714932015,synthetic_gp_augmentation
12275.251809489468,3958.8084207164293,-0.19745047947847227,6746.630285392851,0.09570921045179615,6717.336472683104,synthetic_gp_augmentation
12693.16956099339,6108.51011046062,0.06724563111839055,2112.010886361311,0.18464518160596533,2851.814837416452,synthetic_gp_augmentation
6487.010530489464,2666.469566495867,-0.22230532186677604,9266.694827776288,0.246670092419379,8707.5986002379,synthetic_gp_augmentation
11587.39738836278,3062.018364426125,-0.11523849818722093,5716.9788907653065,0.11969698226469737,5393.137664083339,synthetic_gp_augmentation
14650.700619547077,6925.071585803594,-0.08555781066001555,5388.625111544246,0.14234890553083993,4670.1717777670265,synthetic_gp_augmentation
12831.336279516978,7777.668074080053,0.3397352531743426,1752.679579150156,0.32329252534613984,1822.210940546611,synthetic_gp_augmentation
6308.099515311662,6210.858726142658,-0.3111767359018087,18812.449038084727,0.27518720574596145,15309.939730646533,synthetic_gp_augmentation
7798.9948770530245,1736.5677982178102,-0.16245827138904884,5293.836388427552,0.2724157467251883,6762.855174257175,synthetic_gp_augmentation
12491.784962094307,901.2130573107786,-0.05599271462786165,3932.758971148283,0.08669050330101322,3639.7003171712336,synthetic_gp_augmentation
4752.253978601065,1673.6411821264162,0.12869511358650176,5983.842626131075,0.242756920109176,5041.771952519882,synthetic_gp_augmentation
12881.735570911089,3382.0909201831714,-0.44667591403802365,7794.194669277256,0.2286706218304984,8941.954958196868,synthetic_gp_augmentation
5316.331166718965,1893.5762219811058,0.8988960329018656,168.47985144902893,0.1827032855672011,146.7945382969708,synthetic_gp_augmentation
12915.250259930055,7208.329184576094,-0.07945119642716436,7056.915346101294,0.27853921855893554,5147.485500834477,synthetic_gp_augmentation
1480.127049276501,5365.783214139522,-0.09771719497014236,9481.317781850626,0.21569495005683068,9090.299008470804,synthetic_gp_augmentation
805.9170208783831,3333.833958264113,0.27681882122766255,1725.1690044505635,0.24744915997274217,2424.8479836388196,synthetic_gp_augmentation
15963.039613180174,2190.4938628924865,0.6956450510509626,84.46728927476599,0.2765718334215841,88.87977054252718,synthetic_gp_augmentation
13924.368259431556,3045.2880411277147,0.13953311528511614,1594.505134947704,0.09850579635126276,1492.4339085636038,synthetic_gp_augmentation
14137.275305112642,3808.404762933842,-0.1516251188243558,4055.5272542382513,0.27195280064699084,5064.691084949048,synthetic_gp_augmentation
15225.351166945218,5710.578817405829,0.29222570447349594,1121.3306777364683,0.2769763452910614,1455.153166543324,synthetic_gp_augmentation
7069.2293196903565,714.7324658310313,0.17611957003602152,4454.680126183743,0.06607351641135448,4307.688600345658,synthetic_gp_augmentation
4660.68531941442,6790.663518311566,0.09230475783121406,5202.537400097142,0.27491820832867897,3818.2585539731595,synthetic_gp_augmentation
2167.3974207846577,1020.48024904144,0.8774361310979124,279.0614894542562,0.07761721056159744,232.04975861717404,synthetic_gp_augmentation
8069.225223261586,2099.600655779503,0.8943303702559908,116.7594686211834,0.19813461199063842,110.76712175488716,synthetic_gp_augmentation
3598.7682955780647,7948.719166180671,0.2867213598406313,2496.830811973862,0.13091420679732776,2891.2896227506435,synthetic_gp_augmentation
14975.258622155183,1521.6690723540091,-0.4047945020994647,6330.2243668102055,0.07195804275691281,5641.186780721346,synthetic_gp_augmentation
163.65028284018763,809.1375022907652,0.2936846126760503,1985.7280603859338,0.08262440678593182,1686.0813615487623,synthetic_gp_augmentation
4018.966064026486,3145.032638809799,0.7959695429725595,68.63106618737875,0.23247089363205245,83.70749590964537,synthetic_gp_augmentation
3263.4117143318012,734.6834741480696,-0.1982988107961483,7603.257694184696,0.06797321918285215,7673.41156043337,synthetic_gp_augmentation
3689.877141617394,29.93942679236028,-0.2338327251576019,5463.657605932095,0.060663803348431806,5166.339107112303,synthetic_gp_augmentation
10531.156920472737,633.2926110518224,-0.28684180298380213,4342.708404560652,0.08798444153926417,5355.749191513997,synthetic_gp_augmentation
5307.442045179073,4181.884630175254,0.6476980891772863,429.18184171083664,0.2597383602393039,464.19824218467693,synthetic_gp_augmentation
9878.887672263634,1847.1435610475382,0.1860770797852629,2749.5549731988162,0.2297366872095823,2338.9330636412624,synthetic_gp_augmentation
9680.652571858662,6860.069064573944,-0.045269963624419485,6766.258513465699,0.22227006112273465,6016.978290245728,synthetic_gp_augmentation
11143.071381453465,1158.6641417223545,-0.11442145986385704,5434.253028092888,0.1853754196972606,4601.033092918415,synthetic_gp_augmentation
5911.502441719581,2696.158965875761,0.7356676837601714,108.217317939236,0.266803190633315,151.16354222786097,synthetic_gp_augmentation
2639.8416352010754,1172.5930037455798,0.0735518498459472,5096.841771161448,0.19541522621622587,6102.595072256908,synthetic_gp_augmentation
5197.286592953507,2293.541628655578,-0.15837517010136676,6595.330404138891,0.2706052540158139,7981.470741255369,synthetic_gp_augmentation
9986.80101280488,6294.919207497493,0.3896363796485176,1145.0467431483787,0.27163600660797244,1271.340714237088,synthetic_gp_augmentation
4512.426799000841,2763.83742411253,0.5015117764317332,781.2328647053575,0.28137187269244385,601.4566261229394,synthetic_gp_augmentation
7269.552747877451,3964.518389953411,0.6507385603418108,303.46688401987416,0.0942701416248476,329.25294359511435,synthetic_gp_augmentation
13384.65729515281,5391.160843783852,-0.3582727996035129,10288.659745525578,0.1901962925691079,8169.781804326764,synthetic_gp_augmentation
10728.252774221799,6578.053193217494,-0.4972157619697974,16330.718750633052,0.1498108818495564,15774.623077544826,synthetic_gp_augmentation
9014.380167593774,2409.6727225796144,-0.4292072623813842,11958.863088767022,0.20243360480452094,11063.218702639078,synthetic_gp_augmentation
14174.089738478073,1673.7653416321532,0.4895105628083365,119.37689678212291,0.26120793111334056,135.91061632079737,synthetic_gp_augmentation
10791.789198246966,7827.626990046941,0.8082951563495986,183.15381874348057,0.30280515306142264,155.40215406290937,synthetic_gp_augmentation
10319.402719578417,2561.1803571799755,-0.036452465177086446,5183.902941880122,0.11908002337295548,4466.509858174848,synthetic_gp_augmentation
3117.313381651213,5368.544793447004,0.5936718329522208,743.936959668862,0.21230237368351168,789.8148558717502,synthetic_gp_augmentation
1791.5800598972837,5422.728325422434,0.520858315216137,1247.9065364663836,0.14402811073326058,1107.6747264695377,synthetic_gp_augmentation
15445.759661212645,4112.235564796328,0.8692862110002877,47.03370011635115,0.19775629543067322,41.236178164378586,synthetic_gp_augmentation
9621.848084595607,1827.5795638764557,0.15911031408558263,2907.904969190959,0.2456435203283342,2681.9655373075525,synthetic_gp_augmentation
6709.366205428222,1131.6593676334098,-0.26749784579834857,10251.551932628014,0.18550357576669943,7504.627894769605,synthetic_gp_augmentation
9465.431052472459,3896.129159315449,0.5713239608228391,295.89020417159907,0.17942438108408576,348.60588446169595,synthetic_gp_augmentation
1082.8101810402745,4087.4362936910156,0.6463464096300149,398.41286985341134,0.1681592079543791,444.8983118630796,synthetic_gp_augmentation
13171.823655075297,6186.934054198381,0.49022010598688126,662.764734154223,0.26427386290520016,788.8847301159124,synthetic_gp_augmentation
3544.664015472942,5678.667551617548,0.7084543425916907,446.73825477366154,0.2570424869732654,384.85773823419527,synthetic_gp_augmentation
12892.281500455358,7296.330230686934,0.019655616647866303,3245.1474001847214,0.27801052754087946,3544.6568399552953,synthetic_gp_augmentation
8596.617247891409,7766.884495101052,0.4664410045129683,1112.6212977147406,0.32384248087487344,1339.8860742045015,synthetic_gp_augmentation
580.3381770489203,612.0899906420271,0.12501620431577265,3516.9388514603806,0.08102139126982437,2942.873658837055,synthetic_gp_augmentation
13071.750349693031,3240.9464737368207,-0.16051096318213454,4882.7369777028425,0.28131911133483406,5273.1843201158,synthetic_gp_augmentation
2905.7162493619758,4870.418958725463,-0.2836528582925969,11575.66838057242,0.2116455311087342,15600.373882094706,synthetic_gp_augmentation
12118.455920131506,1451.5502866447853,0.4399939614692675,408.94454173621534,0.1159459011797747,374.60478414386193,synthetic_gp_augmentation
5665.687235730363,4663.557835606971,0.725382323588383,263.5373177797742,0.24590302070707662,273.1555603346037,synthetic_gp_augmentation
6290.4106889072345,2797.444063051553,-0.05981279196422429,6309.933995415585,0.2694108284566312,6326.365601992262,synthetic_gp_augmentation
4028.374637763432,2711.4147587497273,0.10092953682681793,4000.3085286987334,0.27351779609754234,4883.514022967168,synthetic_gp_augmentation
13760.937811280664,6672.056042409889,-0.4950342723763971,10227.436463100854,0.2537581802151321,11226.36507116544,synthetic_gp_augmentation
4827.53946509386,3375.46526934576,0.07799668154402839,5217.104159197198,0.20420998966983772,4373.316692828202,synthetic_gp_augmentation
3442.061859041279,4219.16763251562,-0.10614903888508187,7433.315610280809,0.2774011199612885,8426.403681112199,synthetic_gp_augmentation
5017.070648744882,4502.98288827583,0.30388004217444176,1959.3408546760315,0.058089494459309485,2011.791290032118,synthetic_gp_augmentation
3330.0782451616114,4503.97423881293,0.7719240559914868,157.04385587585566,0.07268225220264966,185.37284682533,synthetic_gp_augmentation
5150.718010802799,1704.9721102669766,0.20861359677011748,3185.4252327108184,0.26166963656633535,4111.571447291397,synthetic_gp_augmentation
2620.6274629993877,2676.9888715529564,0.4876759757278679,832.8214806454087,0.25476233199808823,677.5853365649589,synthetic_gp_augmentation
6731.1408459987515,5240.162356769357,-0.28659532295535495,14973.836310391214,0.28811116135054093,13020.051453027902,synthetic_gp_augmentation
14083.523003879034,1165.5807917258167,-0.01480114906344343,2944.4236361002395,0.19188046953806734,2738.30209917701,synthetic_gp_augmentation
1010.922872884345,7952.924757069356,-0.3415962282290057,23520.215693185946,0.1282580217857324,27706.749147282735,synthetic_gp_augmentation
3481.527837484487,6176.346331627165,0.11704524530402638,3674.610040675415,0.253996077676055,4080.2291993843933,synthetic_gp_augmentation
14251.233319142753,2410.8148069142635,0.1733080910323791,1213.9598407398212,0.16042909753385007,1228.0612231151044,synthetic_gp_augmentation
10903.268249405466,3102.4162785427666,0.13861417650649688,2012.5039403161375,0.17839673722827618,1766.858519676637,synthetic_gp_augmentation
3923.5295101142838,5769.666182190999,-0.2069470358866478,13278.823293769061,0.28045654357112126,12738.80015689342,synthetic_gp_augmentation
6774.9879207869935,5243.262396676521,-0.06569580787812185,8953.658795347117,0.28143901782614444,6468.197393105451,synthetic_gp_augmentation
3458.4138115636442,5616.7400960047,0.8112394015488715,101.67759016780009,0.22882562075880236,139.41583569253447,synthetic_gp_augmentation
2144.5572950907317,7111.993563612315,-0.07580654603314169,8044.465984939037,0.19232152437499905,9214.95173423674,synthetic_gp_augmentation
6141.974472770875,3650.3618104832744,0.5239412197700226,659.2278669296394,0.23209893337172902,610.4183921086099,synthetic_gp_augmentation
9255.563520618567,5356.169187581318,-0.4410016691197339,16119.609976883523,0.23119655580817067,15106.595908080337,synthetic_gp_augmentation
5822.929539890403,3532.0636396789464,-0.3203604558677029,11047.397978823128,0.1069403580208455,12932.99355624944,synthetic_gp_augmentation
9812.11035240892,5104.784624959012,-0.06393091717314259,6703.55107503638,0.17950421676349243,5605.106494524608,synthetic_gp_augmentation
4810.450292530957,3798.589095703577,0.7619892059043152,251.30278602182997,0.27043567768330307,184.2311512054912,synthetic_gp_augmentation
5599.023391396566,6213.309018703145,-0.19299168316932674,13449.71672926297,0.27524210109750263,11960.65195759056,synthetic_gp_augmentation
12671.710107149293,42.08098626986434,0.517442454119011,837.5020764929926,0.06379719882019029,955.7229981295461,synthetic_gp_augmentation
14065.204221212343,1725.6876463182546,-0.26546574634043396,5107.535189719666,0.27218492249955367,4964.9036476682995,synthetic_gp_augmentation
5220.341896343728,2371.5010013059564,0.3579788645653983,2792.286689918251,0.20787072795750833,2562.627638960874,synthetic_gp_augmentation
9187.101241389892,7563.15605000893,0.3215595230517937,1844.750146790033,0.1346068235101316,1973.5136752056176,synthetic_gp_augmentation
4522.780313887062,4056.369703735343,0.37072706159554125,1816.3386352148339,0.11784472974557557,1373.669647590325,synthetic_gp_augmentation
948.0208031480976,2914.8150399851297,-0.09921286967245735,7819.470785221246,0.15332676581221652,8393.294188252246,synthetic_gp_augmentation
2818.95538345479,3614.57826746029,0.7410800487918674,210.7066315057979,0.19353225092295787,204.14432172774218,synthetic_gp_augmentation
6868.829127575983,6942.643120911768,0.2972215125020753,2264.3571096553005,0.11439980882677732,2119.4035145439734,synthetic_gp_augmentation
7844.023344728594,7698.686925441103,-0.20313956239068676,17341.77859728615,0.3004539323111773,12243.300722941056,synthetic_gp_augmentation
1603.4300755480006,6733.254107351588,-0.40607190990471037,38106.97732659669,0.2848536635904907,29173.8115912539,synthetic_gp_augmentation
5633.406933270023,1592.1208876436897,0.16552656324332382,4295.1440912032685,0.1553289916359549,4389.824007827535,synthetic_gp_augmentation
15241.345930050062,2149.4245740980427,0.0934470866561562,1494.8401653038104,0.22989909820472107,1734.6736186559713,synthetic_gp_augmentation
9880.6558808159,4768.393444464793,-0.3141832676772489,8094.829572177328,0.28090713030493264,10852.122043150839,synthetic_gp_augmentation
718.6820503100173,1621.6429875686504,0.39534527542978815,1624.799460905854,0.19226629518769073,1481.8883432930147,synthetic_gp_augmentation
9644.345174118202,5970.254981972139,0.7998866226267942,109.33295913245374,0.08694173839766248,111.70859165312736,synthetic_gp_augmentation
1566.8964908724242,1599.7084233566943,0.48445927154333435,1072.1748270602973,0.17145614620109786,1038.771998960317,synthetic_gp_augmentation
8726.45072965567,2104.0851727153135,0.20340940091766313,3051.2795819483,0.17740020342863527,2419.1487522214106,synthetic_gp_augmentation
12056.013081520712,2454.364303852885,0.5780715650055992,84.26673846970738,0.10662760141561121,100.4887432431974,synthetic_gp_augmentation
4860.642767582738,5856.671174967066,0.43629423782284493,1291.2803651601052,0.2272073200828327,1466.9961263789016,synthetic_gp_augmentation
853.4093176998177,4245.483485793451,-0.49291296648213573,24039.384065107457,0.28681481587452207,29821.985676682187,synthetic_gp_augmentation
493.9682150693891,6557.9943850791615,-0.39842841737066437,28332.739403330357,0.12900939199482164,30214.207294887376,synthetic_gp_augmentation
6937.4224573637875,6503.425978687388,0.37397189104649586,1743.796005587237,0.06071119234286352,1616.9905414921268,synthetic_gp_augmentation
14145.18980417719,3118.664767589787,-0.23043059585685643,7285.354055932744,0.19823724153009903,5619.827539243706,synthetic_gp_augmentation
3980.598182811727,6251.498299899359,0.4642214207706,1252.2243962044697,0.282299698868309,1467.5225833572763,synthetic_gp_augmentation
10980.462532908212,4025.8307996440744,-0.4108665508289054,12652.491408814867,0.08284388492813466,11150.176129423315,synthetic_gp_augmentation
1067.1948932716468,945.9338431093629,0.04949533323253774,3671.248396817932,0.07724107551571756,4616.155511518538,synthetic_gp_augmentation
2534.295975273696,3414.3558847300637,0.358203077629738,1968.877102984583,0.15927181925831504,1483.9846767882532,synthetic_gp_augmentation
5367.301015371117,4162.926158137525,0.49887428421670177,759.0949307230466,0.24486112506819785,927.4832203180338,synthetic_gp_augmentation
10754.48146896227,639.3468633285622,0.6425178247374463,1053.516923124825,0.09093942629703862,952.8520899030963,synthetic_gp_augmentation
7080.6582844267405,3700.9020938539993,-0.0373799376689638,6985.8640540934875,0.26928866934712925,5335.55686254035,synthetic_gp_augmentation
11773.7015846701,5213.364343681064,0.671402459156698,262.8901100321658,0.27775307776921315,246.96582035368925,synthetic_gp_augmentation
13894.806062613761,4912.705877957903,-0.00404380359209805,3175.607964567179,0.15806796626941125,3262.7873394453145,synthetic_gp_augmentation
12158.119197916832,434.831103128456,-0.49021842231999574,6501.723856794185,0.11695546080653499,5443.299531592127,synthetic_gp_augmentation
15876.73059628066,762.7174872656086,0.35400825977181916,835.0541189483713,0.09048367385030151,778.7999617689458,synthetic_gp_augmentation
13334.625099593515,6958.0484253388995,-0.13829906599326036,5138.326886530756,0.10197333049857671,6150.426725465422,synthetic_gp_augmentation
11711.22562025274,2476.902957663408,0.6590795973111672,80.92524662169984,0.08231954385458021,77.34847746417509,synthetic_gp_augmentation
12848.64888482866,5751.136681931652,0.7796018315642546,115.72108211101933,0.28945003671395325,123.19075078702346,synthetic_gp_augmentation
14961.463323091823,4619.124738813145,0.8463752734183374,60.94802422556959,0.21018553669281004,52.81539764720569,synthetic_gp_augmentation
7655.797318568052,7867.3780700754605,-0.07603749179964858,6167.772691761112,0.26154111486512666,8543.883633597332,synthetic_gp_augmentation
10248.763680209442,757.1512983175337,0.13830019146466943,3418.7062906383926,0.06052041356573141,3430.5379779031246,synthetic_gp_augmentation
8287.541573007085,4383.045937922039,0.6235365439314571,382.5778281718587,0.2020209675215816,349.0510431231508,synthetic_gp_augmentation
13631.48809635396,4740.301190970031,-0.05493623609013787,3476.0692001211955,0.2813141846515315,4012.0875175686233,synthetic_gp_augmentation
6958.617685656966,2461.348567608929,0.03920046083812512,4495.438400831963,0.08774666058517674,4397.537386214912,synthetic_gp_augmentation
13133.655661201254,375.62597993176627,-0.16781571507850107,3607.953890689767,0.06584402573551364,3984.565901975658,synthetic_gp_augmentation
12809.737743408507,416.83628550260823,0.30131424709241605,2067.3844104659975,0.06723329138006891,1924.6418944922484,synthetic_gp_augmentation
15393.98901176059,3628.944433605105,0.42297337835543436,609.9675963857038,0.22747630177422767,485.3187289046738,synthetic_gp_augmentation
4057.8391181929587,5539.790315551353,-0.054184762878765,6782.010885790015,0.09393094028177236,7207.020230360294,synthetic_gp_augmentation
11382.950207186004,5601.40628642502,-0.46607727688381,10156.935303030916,0.18516994853532,13111.734460866226,synthetic_gp_augmentation
12135.02001259503,1447.7587977745934,0.530270938717958,160.29107236858087,0.13516261643744001,184.25277353443258,synthetic_gp_augmentation
14986.828035594184,6863.77712804629,0.36323620508522636,1116.1120048937805,0.21990391565219772,1481.2568092028766,synthetic_gp_augmentation
14519.748447082944,3017.299407757959,-0.19340170015809494,5476.989698408085,0.06668797741741431,5181.480447771619,synthetic_gp_augmentation
9219.061201164328,7714.943215779343,-0.059493254767921,6792.088448369536,0.31001899353924234,6881.742687952033,synthetic_gp_augmentation
9308.53565523728,945.2770754050946,0.8399590249775482,194.4423048752906,0.07966637935432996,200.07589775832722,synthetic_gp_augmentation
15601.906968537962,7266.705225963582,0.3336688589479383,2195.9175168727825,0.2908103372653648,1667.4917021507183,synthetic_gp_augmentation
4154.777656984486,6581.404209149851,0.39556703244896074,1981.349338575863,0.14981952735104903,1846.8970630403364,synthetic_gp_augmentation
11623.305873375544,6470.729129597472,0.8362223487112597,74.10089446877467,0.09452589531150153,98.50829794509163,synthetic_gp_augmentation
12753.140576404468,2890.4801232395603,-0.02419729710980728,3798.529066128244,0.18506823308522755,3289.195154188479,synthetic_gp_augmentation
7115.326523320959,5706.744853767784,-0.10671763345278229,6049.3283411848715,0.2721814990926105,8335.333811116805,synthetic_gp_augmentation
3457.9801484620225,4634.772528090403,0.02743947237691413,5379.861765080501,0.2158684943427046,5637.3174840843485,synthetic_gp_augmentation
3104.4701090930193,3395.833051449747,0.6213287317081184,414.6531635672303,0.17926168520475844,399.4687092665871,synthetic_gp_augmentation
13718.286414335309,7944.893568429438,-0.33065757585403377,12422.260110091132,0.1435216085906931,9282.186429941501,synthetic_gp_augmentation
8221.028139301387,2323.637745160959,-0.2104454228662418,7083.86021003445,0.25357912687593226,7439.436596294134,synthetic_gp_augmentation
4077.7197395999706,2312.066232770193,0.3982162344809336,2559.1264916098353,0.2609894514041322,2248.8913274433603,synthetic_gp_augmentation
14034.67653693898,1221.4491370283022,0.02064093674690226,2850.190941448686,0.22668166218732902,2498.3313711725373,synthetic_gp_augmentation
5022.191397876607,2479.9979973558807,-0.11333081842823539,8486.921116559664,0.06675623878038839,7567.0330631118095,synthetic_gp_augmentation
3284.3061984332758,6074.493416814328,0.5565127038473212,1319.9212732841913,0.14069582850127466,1037.7931184924792,synthetic_gp_augmentation
1449.2492525234559,6878.832077618128,-0.45558280627023895,27255.811246569963,0.2076402669517337,32819.92446938389,synthetic_gp_augmentation
8233.345072538596,915.5599009788889,0.5342327950473309,1481.62009336798,0.08795288979416882,1960.5763866486102,synthetic_gp_augmentation
7266.727646310768,4973.701448598613,-0.2056164078807991,11407.000651136701,0.09325186579649232,10095.833766651886,synthetic_gp_augmentation
12045.863099189972,4538.295244757944,0.7638878797269637,99.17693216275401,0.11858621205125,104.51650589597331,synthetic_gp_augmentation
7487.181136369279,5350.38228410692,0.07917054401154466,2936.878338480677,0.23149571280645242,2798.9763542124197,synthetic_gp_augmentation
5566.6739058975,5368.450969014368,0.39921566467942127,1127.786293818157,0.2124045492716478,1392.469507564222,synthetic_gp_augmentation
4260.313158563811,7675.739762132227,-0.33064296632502116,24061.82743099096,0.2868253226917397,20118.645610161413,synthetic_gp_augmentation
4522.53325297254,2772.233667413914,-0.1445618281693672,9852.090175968178,0.278768270296862,8341.064432789837,synthetic_gp_augmentation
14852.781639062241,2398.1353738862304,0.48085203209778427,137.04387989270128,0.1813194050600438,148.54146021767298,synthetic_gp_augmentation
15812.005150458688,3435.347673909294,0.5786683333503804,274.86302387519936,0.256223419637114,258.1209555900611,synthetic_gp_augmentation
5298.019337556374,3790.0341785006262,0.28876327566505267,2382.131731930957,0.2731821477632718,2328.800333182635,synthetic_gp_augmentation
1505.4047431382096,554.2159480359423,0.2970636530251398,4054.6897144362024,0.06452416895761902,4054.40217696042,synthetic_gp_augmentation
1028.7886349184373,7482.999492742895,0.09456588422817691,4544.76513008227,0.06497697413219174,4869.415358580445,synthetic_gp_augmentation
12661.473329706263,546.331613360974,0.7530626075205056,286.0274025049571,0.07355676976712384,285.42257780387115,synthetic_gp_augmentation
8249.591309403577,4721.164741444966,0.021101347262998504,3654.347066719417,0.27749693269717285,3558.616073029894,synthetic_gp_augmentation
5458.087239982135,6036.6002321431215,-0.03996811052193355,7144.959146585267,0.08499407806196278,6806.905435925792,synthetic_gp_augmentation
10626.588713641844,94.90822752661998,0.5911897874356902,1343.7837257761785,0.06671036908402332,1184.5586011360172,synthetic_gp_augmentation
10127.279762610091,1781.9851834670785,-0.48383504070514005,9672.418917151937,0.34808634241252445,9715.927056660103,synthetic_gp_augmentation
15043.966218718684,3016.5762467950944,-0.2589310322256746,5662.957196998238,0.06857693183987544,5601.39092776782,synthetic_gp_augmentation
15384.042216299236,4054.539576549348,-0.39952796429710397,5665.658509151271,0.11916575611687175,7020.627000686188,synthetic_gp_augmentation
10922.872033079944,2732.7623580452832,0.21694713021282175,1019.3391689047095,0.279873636852251,1365.9941653140997,synthetic_gp_augmentation
13103.273243182279,5191.9940651924,0.3792994018600344,1136.7512382631494,0.2645321019459888,873.6930336996586,synthetic_gp_augmentation
12699.55909532934,1811.1801380057013,-0.48547367579249,6561.1856689867145,0.3604564367197705,8043.780801418013,synthetic_gp_augmentation
7911.726169928406,203.863491432152,-0.273951032043527,6611.092818940741,0.09420287368612566,5732.745740024177,synthetic_gp_augmentation
11300.886779731329,12.568406546033195,-0.07644209796601215,3636.737661957807,0.05620014602395736,3444.9388767177093,synthetic_gp_augmentation
1344.318222168766,2764.0960955970736,-0.08808313067995788,10121.26369334438,0.28029765922303496,8290.112987085638,synthetic_gp_augmentation
12152.53522208988,2893.3023935539773,-0.36401419634766785,8767.366432898123,0.18381913073027875,8352.749880298506,synthetic_gp_augmentation
15393.144814358646,7588.832939092352,-0.25801356152924904,6468.5598814697,0.18873219007526568,6714.771932936237,synthetic_gp_augmentation
1451.098574699241,358.2457001618904,0.6858724653613197,1614.6070347945495,0.08396782470976767,1745.7663579229788,synthetic_gp_augmentation
13394.240975010487,4240.520481081448,0.48081359825960535,536.1439200720409,0.28129497905618417,428.84303919665905,synthetic_gp_augmentation
3696.403347852787,5594.200095181756,-0.13122954995748104,12353.743017545292,0.16626442647176032,9925.8465635374,synthetic_gp_augmentation
8444.49788298634,5109.876801125284,-0.3877211169853074,13268.805901974032,0.19112839746346244,14274.553594724515,synthetic_gp_augmentation
14852.945784861517,65.11594979154279,-0.011531687642822697,2869.882815800795,0.05359720796973817,2861.5853945000663,synthetic_gp_augmentation
15367.59347191519,5054.861387272093,0.05729732047872593,2617.8739001835866,0.11106260440679278,2669.915617249983,synthetic_gp_augmentation
2133.3299112018303,2579.103517597857,0.765854318942423,80.60768908938792,0.1722637402278839,91.25193048040495,synthetic_gp_augmentation
11200.499794298621,1506.9230890855927,0.17081528408861035,2218.513889010845,0.06200403457350478,2271.959572265238,synthetic_gp_augmentation
3622.780140236292,5729.645215817434,-0.31119982369388804,20648.22664084243,0.28226733702303586,17590.660528990036,synthetic_gp_augmentation
5263.8529952882445,5003.962669512488,0.41862630861166084,1139.7404829085654,0.06276525988774488,1267.322278181614,synthetic_gp_augmentation
2540.9947268060623,1407.5814967004342,-0.3907372071897047,16673.60819191853,0.1530276624395142,14066.551317493677,synthetic_gp_augmentation
9041.038961242128,5353.392010659699,0.6880508750059995,309.3558811596327,0.23782647512342903,262.48200650825976,synthetic_gp_augmentation
10484.132054236507,5895.8272691353195,-0.24783962269317944,10892.660295133539,0.17983650542523763,10164.785856450406,synthetic_gp_augmentation
10417.698114423807,3915.282089902445,0.48179330803968656,390.22573784808156,0.1525567325653605,434.8541250342211,synthetic_gp_augmentation
12475.931485373645,2722.9254639003616,-0.24260154785921634,7822.799040951988,0.27797713842283905,6369.350887680776,synthetic_gp_augmentation
6702.974478446784,1332.438794305407,0.3400189768422254,2689.743113358281,0.21567086656890877,2996.562314623107,synthetic_gp_augmentation
4448.502388234372,2319.6842008859244,-0.16732558207908776,8725.953471476305,0.25580260930259124,8599.155884090796,synthetic_gp_augmentation
347.7331306761473,6110.626899620168,0.25837728701458196,1923.6561692713883,0.18818593970316588,2523.6254383906094,synthetic_gp_augmentation
3385.4142342329515,3275.205796370046,0.340221016803948,1853.3953147758407,0.27916690328179666,2188.1936573352327,synthetic_gp_augmentation
5066.966214012393,5621.705935946061,0.3659284551500007,1363.5001084545281,0.2008540054772778,1603.0255418205404,synthetic_gp_augmentation
2933.489018039402,5920.730599987894,0.4559184289294441,1652.3864730209239,0.14827832841524177,1468.090667944009,synthetic_gp_augmentation
420.2970967959759,5393.361792994317,-0.4033585944610805,28721.340996118306,0.21570775946863366,29014.81007466623,synthetic_gp_augmentation
2603.416977776546,5388.307389463588,0.48474236537311155,1144.0426534626122,0.18894699396586984,1262.3293107792888,synthetic_gp_augmentation
10690.9829017244,4886.465634608412,-0.2835631860704211,12184.678710839837,0.19198650320808353,9755.220427373457,synthetic_gp_augmentation
10110.408121914274,4147.375829709708,0.4478454343916972,447.95216502622293,0.22869023369099584,551.6808727125309,synthetic_gp_augmentation
14977.369866428875,1582.533494962158,-0.326347340067628,4841.853227652396,0.14976970780350557,5155.33511755893,synthetic_gp_augmentation
12790.875833217218,6742.427095374802,0.1711805947724574,1846.8652560925993,0.28276013380805765,2177.1688364378456,synthetic_gp_augmentation
9127.32225777494,7714.113379900763,0.04147579637452814,4714.371372787907,0.30960256841420625,3565.630932282916,synthetic_gp_augmentation
2287.14592514206,3731.8725248013307,0.854284899300574,69.09224252769611,0.28343846579281595,64.26695500045203,synthetic_gp_augmentation
9068.741920909995,7465.910047077246,0.38313283204223914,1800.4363536479088,0.08510352773362824,1618.624793385372,synthetic_gp_augmentation
1079.3614685354742,7983.956301786267,-0.3765117214481593,31785.934576575055,0.07797637407318149,29945.439193247792,synthetic_gp_augmentation
6305.112200260407,5794.8429899997445,-0.2282062410094235,11056.351833795436,0.27308719303485607,12217.640043722538,synthetic_gp_augmentation
6902.239568870773,5150.322706004181,-0.09938949220130078,10488.008775323606,0.23205098415682326,7554.703900377538,synthetic_gp_augmentation
4549.232102477116,1898.1185280059779,0.029820256622498542,5738.078507832142,0.17314313941885942,5988.03717590365,synthetic_gp_augmentation
11004.704117218796,376.71555003455023,0.5867156164317588,1091.762414009716,0.0921605392477316,1406.8383645832816,synthetic_gp_augmentation
13471.017030050594,3626.8424893956544,0.8217133143009463,59.03520317120086,0.2144852743440138,56.610594457451896,synthetic_gp_augmentation
12319.420182323744,6297.639979170178,0.7940692475871771,140.65049410085447,0.2744506974599259,123.86474508364618,synthetic_gp_augmentation
10081.258323074997,2601.0773015175755,-0.2610429154883821,6821.274695591182,0.17557861751650777,7791.241846434676,synthetic_gp_augmentation
8659.682309394911,6275.509769545475,-0.41542113164758826,14867.312663661307,0.2828344716918985,16042.23041827443,synthetic_gp_augmentation
594.2384621276829,5238.413455703644,0.6599462269913163,406.1053548827358,0.2862515513213778,530.1547981947432,synthetic_gp_augmentation
11594.650579201547,5564.330814540698,-0.09649443203589042,6531.284488710698,0.12580016406103778,6286.377262258908,synthetic_gp_augmentation
8765.228739298109,2285.92710701912,0.31595654535208917,1530.6766016445138,0.27357413215355797,1598.6639672713654,synthetic_gp_augmentation
5312.688417769722,1453.630400201737,-0.23900919247910157,8460.984980015814,0.10172496400540437,8456.015510249656,synthetic_gp_augmentation
14976.147904868887,1972.6442246378112,0.024798248599596895,2068.660051978087,0.07634439619783034,2142.41917789123,synthetic_gp_augmentation
10027.35969736391,718.8003447393214,0.7146385246045623,950.1921145919368,0.09487532825792583,714.5200185317931,synthetic_gp_augmentation
7667.0077110547,1014.1872503696643,0.4099727659092579,2822.376083998049,0.05760621616968521,2616.3160969517776,synthetic_gp_augmentation
9972.655661363682,1684.1078343666923,0.8125742094540493,80.4120968557641,0.2615811533006039,56.78047795615171,synthetic_gp_augmentation
6678.5029672719465,4641.8736910066955,0.384407040942367,1169.9387121801428,0.2236266273029591,1136.1670846304296,synthetic_gp_augmentation
7575.898143927958,3529.6889563811183,-0.07500204474285571,6472.574962441391,0.08089487280664721,6169.866173564295,synthetic_gp_augmentation
4715.917181651959,2135.5161005244963,0.6271520477314834,451.7547308652446,0.21989405808608428,501.7228272690937,synthetic_gp_augmentation
7093.667479407148,6888.899575181513,0.5629692568895088,1054.6899517587267,0.19231956114354215,901.3119308367906,synthetic_gp_augmentation
735.0766088748604,7384.875789086349,0.1666337050982456,3037.243515844194,0.199784900110175,3344.575101359045,synthetic_gp_augmentation
12740.935776008862,5079.719698220541,0.20397500198803353,1818.8231806060796,0.14505427918264951,1443.068379323849,synthetic_gp_augmentation
4599.374699694874,126.30077222973313,-0.046647659493654514,6299.549862445991,0.05871480974444398,5666.262114458501,synthetic_gp_augmentation
10952.700715576746,7307.805528125561,-0.12373833169085341,8254.992607081202,0.2724164766908853,8143.2671826745445,synthetic_gp_augmentation
10319.332503412954,6859.70668544661,0.8951389467978192,60.760432730326976,0.23322604094469346,70.15831809946727,synthetic_gp_augmentation
10476.785981346755,5082.169782247193,0.8681577227414519,54.55601259597513,0.15501396921321262,56.3555952088932,synthetic_gp_augmentation
9769.249768467265,4278.188445846544,0.2415050482016492,1291.7808459875696,0.2774824671465494,1398.5707012212213,synthetic_gp_augmentation
15349.719225305604,3623.4085865486804,0.8371198153093711,37.00714340352131,0.23681018954352556,49.312934566122976,synthetic_gp_augmentation
8182.672186856715,3857.398766134653,-0.0013823733509805702,4693.322237330302,0.22390586586407535,4170.579245462166,synthetic_gp_augmentation
11743.873936694088,6153.765126738798,0.6899920537045607,216.77386868761175,0.2397854936253421,289.8427413595599,synthetic_gp_augmentation
11316.644366629786,4105.132818869486,0.38881542098346944,611.3129687323286,0.1799062585415221,661.1897071668478,synthetic_gp_augmentation
3856.654478725453,1408.1975896195252,0.5038925597955299,1980.5665413418474,0.15563490335995747,2737.0909074041715,synthetic_gp_augmentation
4604.562843070527,465.42053738394173,0.5054841053659398,3096.708674368923,0.07183063008567346,3555.768641901992,synthetic_gp_augmentation
6841.871860695789,1009.4902102920997,0.3901601100087686,3196.716112056607,0.05951454866110311,2980.8896525032624,synthetic_gp_augmentation
4515.3970943650265,2011.528870699089,0.6932592158481576,366.2494683969259,0.1115425832898479,364.3933836085211,synthetic_gp_augmentation
5931.215272986359,2941.8729715176532,0.04881855092013987,5075.591382950302,0.11397447438264725,4391.474708681718,synthetic_gp_augmentation
6316.273761460065,7139.32809740167,0.6888645313483253,441.75325705769916,0.22687293665228403,481.4961060340496,synthetic_gp_augmentation
9701.446518919669,1912.697857597344,-0.24321877051123203,6572.715286825834,0.1593181874934605,7037.288530805366,synthetic_gp_augmentation
3596.25167948748,2556.7884640202783,-0.22005681171992042,9853.878033081235,0.11702203058550752,10738.35480961658,synthetic_gp_augmentation
12888.240667439328,1784.1163162141909,0.5042805085488045,104.86236698192224,0.27379021980481594,137.09039698482317,synthetic_gp_augmentation
7056.828072666923,4365.934549649067,0.5501818464586223,604.2965494725914,0.22353419542925682,607.3961373864598,synthetic_gp_augmentation
11329.281375763625,4936.693570355895,0.763221504814594,128.25457942681183,0.1334247003465294,119.37947510080801,synthetic_gp_augmentation
1394.9354517290042,4257.020255177285,-0.11544393327338098,8822.268533592718,0.28219945835322524,9131.222153121678,synthetic_gp_augmentation
548.6905616195202,7963.024141232994,0.21046041556965234,3108.4538002044824,0.10367478316844381,3013.237958672803,synthetic_gp_augmentation
5564.990224253406,6442.369159122418,0.8600521951055948,86.3318060754052,0.12424855825728441,109.52891975067918,synthetic_gp_augmentation
15193.119744282674,2928.4222139968683,0.700956813286624,101.81220231609419,0.13873060426487618,96.14037392163254,synthetic_gp_augmentation
5253.575012162568,4638.268049295987,0.1859390295416472,2373.89045862117,0.22013203374372012,2968.3140197852645,synthetic_gp_augmentation
9064.513778481856,2811.779351591081,0.7087351304994434,117.75771657625508,0.26214176721348276,113.04794264832854,synthetic_gp_augmentation
4192.462453544374,6274.846769389915,-0.20044070658334973,16678.745847075807,0.27924248750667224,12885.438602743416,synthetic_gp_augmentation
9959.790800262712,1374.649112734688,0.7896375117288019,96.41915288314563,0.19514092932954963,77.52085906497017,synthetic_gp_augmentation
7525.973367118429,1733.3737143571443,0.2935843454252661,2082.718013088031,0.2714999257658827,2617.1760083284616,synthetic_gp_augmentation
5992.989357939563,309.5525669624708,0.045109020122943044,5850.883245293881,0.05925961765327439,5533.629594244848,synthetic_gp_augmentation
3338.6606503748603,4871.517386703939,0.31429765503005036,2298.15218229893,0.21035481042927753,2115.7237428807525,synthetic_gp_augmentation
1873.1893691461394,5508.306070311656,0.5976114938140729,766.8571980967222,0.05984540047710214,792.3910046017394,synthetic_gp_augmentation
2006.078229911105,26.898289851030377,-0.16382988212932714,4892.66205995896,0.05492321191258939,4704.509579450111,synthetic_gp_augmentation
15984.736278338296,4086.286111954005,-0.35736827612376976,6645.371021423277,0.16510052390020497,6382.731436053828,synthetic_gp_augmentation
6655.740557030032,3014.996307918191,0.5263681451270539,430.74738560656795,0.07410458694077948,418.82473738267595,synthetic_gp_augmentation
130.6823551860974,6339.046254550141,0.8334565528660922,231.04230850003194,0.25316155182733174,223.79009925315492,synthetic_gp_augmentation
15251.567770953628,311.12596798914717,0.39176932876393533,1374.4133469100475,0.0707050578424527,1223.5874493310762,synthetic_gp_augmentation
417.6807952540212,388.52551054462833,-0.3003831642736855,9290.288952065828,0.07741650262822827,8393.396102294762,synthetic_gp_augmentation
6755.519396317085,4961.672789807039,0.40073951723987933,1180.6205980613286,0.09243007770773558,1092.5894061249787,synthetic_gp_augmentation
11507.893616933428,4733.110836638111,-0.3367150653467632,10423.054289379665,0.2806865548069921,9968.48302340504,synthetic_gp_augmentation
14642.12798551101,6648.720183984082,-0.07506534577212337,3948.1915772992197,0.2339227991311536,4467.726063836292,synthetic_gp_augmentation
11434.892033770406,4738.135113258889,-0.455763218321447,9995.40262891304,0.2828844782566253,12118.684386781464,synthetic_gp_augmentation
7471.649502910187,7594.966628732011,0.18250227372306005,1937.5404649722523,0.1797301245966696,2644.1997116276184,synthetic_gp_augmentation
15593.628419847244,2515.0771378753766,-0.05010414028893839,3078.419804974539,0.06406365193099028,3012.9491430828084,synthetic_gp_augmentation
725.1781902289998,3183.371251238402,-0.3634693542164442,25978.307104127125,0.2603352993407004,21116.493230682307,synthetic_gp_augmentation
15791.586020354327,7821.397332023333,-0.06736177680428757,4301.986629733942,0.3105207930463455,4238.720941345659,synthetic_gp_augmentation
13605.32567216418,860.193946974225,0.4065981671826281,722.7406067079446,0.0829647140343029,860.5499109958727,synthetic_gp_augmentation
14869.98727230911,6367.238825570236,-0.09528582229934096,4644.586214990081,0.21749008741177445,4755.08624868748,synthetic_gp_augmentation
4150.881543150833,92.54971728352234,-0.29969903564989797,7017.516575844096,0.06678840034636543,6480.83539416556,synthetic_gp_augmentation
2365.0833493198893,3892.1059952268183,0.2627164510360901,3517.938701707584,0.18294132340263594,3136.297830031206,synthetic_gp_augmentation
10646.712942025932,1227.2186989493957,0.5545181788210762,277.50979404720874,0.2293761327969194,381.33838762329003,synthetic_gp_augmentation
14801.44493788316,264.33841880549824,0.4955013892932081,1045.0916244417376,0.06463325334065008,985.7032189375979,synthetic_gp_augmentation
6461.058247044229,2046.3917268453918,0.2381799671166287,3051.772590426038,0.10190003826085188,3061.467402483103,synthetic_gp_augmentation
2222.583777960435,3065.7591184500407,-0.41608488600273597,23554.516169793125,0.13273687474795595,20971.460500058314,synthetic_gp_augmentation
3157.79324038346,7614.946398539614,-0.09395187556584261,10814.955907881298,0.20964094570100403,10358.283804124965,synthetic_gp_augmentation
2379.266116331662,809.649019521924,-0.05225877957598274,6691.741031029486,0.07083353114218287,6639.957521347969,synthetic_gp_augmentation
12983.632325260536,3386.256869326177,0.05301575130771086,2157.898373676252,0.1913348629501195,2448.32165561641,synthetic_gp_augmentation
11307.488140756688,3656.730972860663,0.8312497846260378,47.20232520812194,0.24261325504388,58.76802435225595,synthetic_gp_augmentation
10729.059216157173,5718.017293994565,0.8877053493719083,65.98034733845624,0.3190704366637206,53.56424463575666,synthetic_gp_augmentation
13025.1950283626,4942.750741207861,0.3663123850929213,880.3443649470263,0.11399920781448009,835.5481241553873,synthetic_gp_augmentation
14111.608129180173,6502.6561578652245,-0.2075249868505457,6237.537684497829,0.09081684379826718,5964.047167492252,synthetic_gp_augmentation
13136.173436933244,4853.688215837385,-0.029190263324656462,3177.3112750276473,0.22811948419527944,3693.3966746220963,synthetic_gp_augmentation
8229.764659261851,7148.705125460676,-0.4329810065619165,16800.366966209665,0.23605717046087515,17852.077597396947,synthetic_gp_augmentation
7645.028418087465,6810.627773731084,0.1039064744435525,2163.7596713081048,0.2642164208818476,2605.865495027752,synthetic_gp_augmentation
13860.366504391393,7360.187139999672,-0.16308202535493266,4242.457202819413,0.23203819219481828,5964.643500563025,synthetic_gp_augmentation
6243.345586608158,2151.8001802257995,0.6464092823334833,309.71143157447517,0.23469910014825318,397.1333641670788,synthetic_gp_augmentation
6395.011596747166,7883.369476256962,-0.19206183205384247,14170.193752293913,0.2438066979291426,12923.506018284017,synthetic_gp_augmentation
4948.090390030166,6531.119323771332,0.6477956311329376,600.1286865781028,0.12269533312021964,660.312941544137,synthetic_gp_augmentation
8347.357479884406,6358.462448330426,-0.4493605768512664,21518.125698377888,0.2371231568528674,17438.413713605823,synthetic_gp_augmentation
10601.332210436265,7866.143786976523,-0.4409290625009811,19440.534779388396,0.26563719863360497,15693.642919136051,synthetic_gp_augmentation
6944.986730742171,3532.505824371843,0.8139557815817882,84.62684799831518,0.08736132066014621,89.1129614492008,synthetic_gp_augmentation
3563.6129409492296,5932.314438099285,-0.3968322138359054,29066.787808479494,0.1359147895902135,22613.16726778165,synthetic_gp_augmentation
14774.800375458777,6011.718513354053,0.3321933726503743,1270.8976877843472,0.060985184430162834,1349.2963381040045,synthetic_gp_augmentation
3396.9179951206465,1526.047128969707,-0.4496194823080467,15489.809954647311,0.08756615931093582,15050.377427481617,synthetic_gp_augmentation
9004.913872156065,2792.4117576192184,0.36959992947746056,801.2804675024619,0.2720817496255625,865.2529267057485,synthetic_gp_augmentation
13275.500782039226,5983.998511839696,0.2800764649680373,1425.6959170296795,0.06509936923836784,1520.1743833275118,synthetic_gp_augmentation
2307.737049338193,5729.983805754435,0.3841358000254089,1307.9673729123263,0.2799188681527354,1756.990109848807,synthetic_gp_augmentation
9419.139204238425,4768.271035115286,0.22869412930417587,1455.8603661482712,0.28047114657139566,1589.3975999246288,synthetic_gp_augmentation
8211.644063434496,1119.5878918995402,-0.37147912599507027,11197.204275180511,0.1888232612340057,7933.698547299696,synthetic_gp_augmentation
672.7960186966368,5083.642073858921,-0.3124433388967509,17411.551514591647,0.1578469468296166,21932.550325394583,synthetic_gp_augmentation
8003.74152272491,7096.474269099833,0.5084912310760215,1214.9803645454294,0.1738503276921479,1085.816505095383,synthetic_gp_augmentation
4290.43963656415,5145.3949071178495,0.8747490221122918,68.74078694836925,0.23612906071668885,73.20482810929732,synthetic_gp_augmentation
5548.74206800752,7165.011428621933,0.11047731322472676,4413.528643369559,0.24981541106475144,3413.6472818232087,synthetic_gp_augmentation
10420.715427075525,7992.424145095195,-0.3627457557236916,14587.411252932085,0.07507500316429903,14105.849387789956,synthetic_gp_augmentation
8013.3843586382845,2873.6178641882634,-0.005737626493072134,5624.714296770187,0.205424953666825,4639.929033008761,synthetic_gp_augmentation
1582.169581412621,5786.317554782808,0.039014387968731246,6533.477760553425,0.27472604391613614,6219.122819212909,synthetic_gp_augmentation
1261.3562687119668,4319.669060804043,0.8952334674393707,36.43148247145506,0.2659088784101937,49.59811031073517,synthetic_gp_augmentation
3051.9573603161884,3639.7744056653246,0.4612166946121421,1137.4473398327666,0.22264739750203,914.4432963514082,synthetic_gp_augmentation
3135.073830498356,1918.9366295396892,-0.334987479500955,13448.28716486637,0.1520747388881193,13290.232396849498,synthetic_gp_augmentation
9771.982035844701,1967.3167679674482,-0.028092596280617887,4352.948364452022,0.09191404469075583,4569.421420280658,synthetic_gp_augmentation
2927.2499783241306,1479.778294079768,-0.4320178025015038,15613.645932142517,0.0748841908425857,15029.834898075494,synthetic_gp_augmentation
14119.338830068853,5051.8680519915315,0.41428471135602896,787.0487964559502,0.1062997182043175,727.9225889316447,synthetic_gp_augmentation
3435.194503753269,1136.4247731448245,0.44183497642789327,3605.985166314504,0.1652813211809231,3685.317677766345,synthetic_gp_augmentation
1548.989982279484,3451.091758536406,-0.41950455689652133,23324.771314921778,0.12016216217211165,23312.634348804735,synthetic_gp_augmentation
14024.361660118386,4186.665914177553,-0.030272082181732385,2449.7542863665176,0.26696995739940843,3384.138458963136,synthetic_gp_augmentation
4795.708459620055,3505.875817511758,0.7639737137118174,136.51137435534042,0.06277461918754124,169.85076401486575,synthetic_gp_augmentation
6864.219814356399,6839.436107791333,0.657542442104726,487.2494637640445,0.24794563072486828,548.5494943057556,synthetic_gp_augmentation
15348.519505797833,3545.3548783508822,0.3038975977357026,817.4676701431384,0.1041024315656934,764.9995102510042,synthetic_gp_augmentation
15115.470584608604,662.6567437144208,0.1784727046644451,1668.2170651091424,0.07801927208747955,1727.1306697092068,synthetic_gp_augmentation
11467.178539312194,7937.596329381178,0.8899926768937898,101.58242692421938,0.21848190579319368,85.09124819251986,synthetic_gp_augmentation
1196.12933254762,6759.8687284817015,0.511073783326778,1290.109037599561,0.2828364332785548,1359.1143003071927,synthetic_gp_augmentation
9534.10799404122,5280.347883247998,0.8336892956741371,68.09950651765915,0.297833929986689,77.23341735143674,synthetic_gp_augmentation
15826.3391671719,6050.58896646886,-0.3997806999055433,6949.618218114976,0.21292903322665863,7794.847643142491,synthetic_gp_augmentation
15155.96803194129,1025.5255980387528,-0.20298838109802758,4068.480855527593,0.09497525350653778,3831.588034697352,synthetic_gp_augmentation
1785.4396310670916,6127.318352825398,-0.45644454995716793,25432.36166459635,0.20900169045595166,30916.110675399996,synthetic_gp_augmentation
6395.880119136861,1661.991533696761,0.7150846605648455,376.4465940886146,0.23429983759080092,367.20311414120386,synthetic_gp_augmentation
5117.034259855145,3911.809036591806,0.47192401763146263,854.4297660485204,0.16133270089531496,954.9231982175086,synthetic_gp_augmentation
2162.676899787998,1423.8623145942686,-0.2512876860210077,10445.221981361257,0.13992423850263208,10533.945905890801,synthetic_gp_augmentation
11147.293148855299,6030.279714657534,0.8638668504189781,66.60688608229577,0.09727669494477847,71.38490399767942,synthetic_gp_augmentation
4454.188993327764,1967.4710440995752,0.8381161116605853,186.3221748898889,0.11055844691819851,163.75568713762848,synthetic_gp_augmentation
5583.366269692235,2025.6673479335418,-0.18556307310541031,8805.220393624368,0.07354552284330959,8038.611559083842,synthetic_gp_augmentation
1536.7061395525454,873.7787947223925,0.40581365425979454,3629.06285421738,0.08706376847097533,3782.870172837208,synthetic_gp_augmentation
8017.684184580783,5764.851655710973,0.43534408342982,1316.9108984257343,0.2808276102383646,1077.3525650839797,synthetic_gp_augmentation
2614.8690320676983,2366.757046247023,-0.49437654296997147,21538.51582848272,0.22257572448761276,21127.746000574523,synthetic_gp_augmentation
6970.237734913877,4146.240105615739,0.46429170917589924,1094.1840872219823,0.22769001610416928,787.2655534722811,synthetic_gp_augmentation
2379.141331442494,2657.948458936314,-0.19012372731912425,10638.731807691598,0.23968393823463058,10987.195678443535,synthetic_gp_augmentation
15266.213250207318,6197.610070577866,0.7618462508425747,138.31460534658416,0.27802361875224746,163.67385028910235,synthetic_gp_augmentation
2405.222277834567,1811.86925195201,0.6739099855833222,471.13317541466097,0.26074836898930803,360.71518901976214,synthetic_gp_augmentation
8398.005746225068,7526.676000371133,0.7674110185393397,219.03956774890713,0.07846124811370261,244.55770697233444,synthetic_gp_augmentation
3231.979222571901,2570.7197991176613,0.5605755472820855,478.0210261923962,0.13401114102853462,472.6353961713089,synthetic_gp_augmentation
1314.1526752144869,830.8129703260053,-0.2691323860333821,11852.084503335569,0.08368303169707773,9503.208078225096,synthetic_gp_augmentation
3316.7070395893606,1922.4418625194594,0.004776038183922138,6003.381687425169,0.14224173917047672,7105.486526492303,synthetic_gp_augmentation
970.9083075079338,591.5274325374016,0.49250406302098737,2759.574548097403,0.0790775208395329,3228.350631797707,synthetic_gp_augmentation
2316.418391623722,3749.9098479393983,-0.04734493943850265,6372.362589160307,0.28218327524683817,7424.7091809667545,synthetic_gp_augmentation
7946.39810843515,2002.0097657877516,0.494046107063438,678.4950504756694,0.07624209206340239,673.1896074545722,synthetic_gp_augmentation
10463.866784815431,7088.3683555590105,-0.02937778503835381,5580.177575921994,0.1593481097327983,5204.241474934202,synthetic_gp_augmentation
1488.703059641357,4137.028961761171,-0.2511787639083082,15779.521391103497,0.223644695164501,14652.323922544425,synthetic_gp_augmentation
7112.196120077869,1866.9475898342905,0.22542934574535056,3125.547479116678,0.21030016052963016,3089.1975289992115,synthetic_gp_augmentation
9341.827663368296,3610.1626392395315,0.46071886330501577,451.8149725191413,0.18635349191202974,457.6712475209439,synthetic_gp_augmentation
3824.188251755878,1567.9541771233944,0.22407396219586206,4421.4748542123125,0.12359641019403611,4747.0416370643225,synthetic_gp_augmentation
6016.046743104804,1429.8350073993474,0.3986142176190056,3130.3829108283794,0.12178090841803121,2738.8499725430156,synthetic_gp_augmentation
1242.1744287643774,2405.251761067552,0.11327142534606305,4604.4117442743545,0.16601443369108154,4794.979323186227,synthetic_gp_augmentation
3600.084175706209,866.4117181515741,0.5896638605766826,2699.142111260121,0.09479250859488943,2901.2031938487717,synthetic_gp_augmentation
7521.371522111146,1509.180295287125,0.4099529917025906,2043.1430067174135,0.057577343843007354,2204.007890729132,synthetic_gp_augmentation
15848.030644912624,7504.374983963375,0.3044492877194436,1849.5795137779003,0.07914997527028822,1824.6475828255475,synthetic_gp_augmentation
15940.614500732221,5334.4210775796955,0.1095204016657848,3307.741446030334,0.24939184377045417,2451.4624652228404,synthetic_gp_augmentation
15675.984729876178,7368.821307658125,0.2500185785931377,2566.500202588833,0.22207451287802807,2096.9186791584793,synthetic_gp_augmentation
6827.073542175209,2054.7755317422702,-0.4285863896319535,11888.54369109559,0.18939544761183616,12087.042582796988,synthetic_gp_augmentation
5244.817652264403,2898.182454831871,-0.21382357902841037,8744.891895698012,0.17744177466667693,9413.430621203155,synthetic_gp_augmentation
3879.6585683985386,1153.5598489798851,0.7042085445485784,973.5951091350148,0.20928289276771567,1240.2880247432106,synthetic_gp_augmentation
324.61254106668787,6437.656800033575,0.6372812754659611,619.7762801430737,0.1267461707493095,757.6616829508407,synthetic_gp_augmentation
1614.2144035851688,477.20105490200115,0.23913653268931379,3638.847005242777,0.058600241304124,4183.864935100551,synthetic_gp_augmentation
5500.633174488322,6554.517348093148,0.43912454134231693,1467.126736496967,0.11202680508207806,1561.4175342309725,synthetic_gp_augmentation
2967.6241739882803,4937.479403572074,-0.30223593715216146,13649.667202023751,0.1252084065200961,16508.493692721375,synthetic_gp_augmentation
11485.98953347408,4144.525563197545,0.5370818564808644,420.58752212257434,0.22639708918451854,347.0676732568456,synthetic_gp_augmentation
5778.137974756235,2829.071372028646,0.8941290519409182,47.25579833468701,0.25323380620768027,48.490653198543896,synthetic_gp_augmentation
13644.698906370055,600.4466431041617,-0.44263176773913776,5180.740958677247,0.0868192857584092,4871.567211560867,synthetic_gp_augmentation
3931.5368481835653,7927.77588828719,-0.15711279147399265,12789.873443050228,0.17085223870025448,12857.369294452035,synthetic_gp_augmentation
8660.456492377334,1398.1898138003874,0.3368370477369903,2065.6833197901888,0.15951454766817202,2230.601803460745,synthetic_gp_augmentation
3027.813552672001,2042.4677998083505,0.08127223465536915,5855.7876667407945,0.09702141749660813,5919.497850252598,synthetic_gp_augmentation
7975.279800534888,1887.326099956942,0.39257868916530003,1658.1791458600246,0.18858298819809413,1793.8375742543467,synthetic_gp_augmentation
2524.2174927563406,7263.531253485625,0.3209660663942999,2431.1569838885807,0.2877529072500125,2438.2245106267183,synthetic_gp_augmentation
2669.1001275071985,6109.507141788243,0.6031852550593131,899.4532712852808,0.1881921887266297,846.1705202254789,synthetic_gp_augmentation
9834.351694968049,3658.638395514693,-0.40073591180295565,10139.995242536883,0.24301807941597003,11567.185588526518,synthetic_gp_augmentation
4294.198070594691,7643.384271614873,0.11686249789982772,4506.533747397293,0.24605005181495063,3961.7906122203603,synthetic_gp_augmentation
2840.638902371532,422.2670462915339,0.7040753055657205,2273.399216328067,0.076036305354524,2499.9060967891382,synthetic_gp_augmentation
14883.315177147662,7149.3630497732165,0.00786666748574627,2953.19647611702,0.23679311484492804,3561.2137125537274,synthetic_gp_augmentation
783.751686766812,483.41868550527334,0.20530432737834348,2614.937161795897,0.05742796464214708,3166.81127516728,synthetic_gp_augmentation
9085.854991864606,3129.04556747651,-0.46978992318891344,12089.328822989299,0.23062717973074068,13099.871518842761,synthetic_gp_augmentation
8817.395085148917,432.03902701191765,-0.18615654688198208,5572.706372585174,0.07592783366685887,5448.379902106019,synthetic_gp_augmentation
4084.6811030086506,7991.751934061483,0.14911717021528514,4032.015359553735,0.06818867411115878,3768.823382990955,synthetic_gp_augmentation
7299.070747293803,7315.116020004813,0.05855537677008105,4119.57710438856,0.2674069872544096,3363.944925562991,synthetic_gp_augmentation
3624.984659191489,2214.221801579754,0.7323955310302981,170.71205530965014,0.2802742465273801,212.07988157447684,synthetic_gp_augmentation
3174.827221242239,3596.3469284569624,0.6966789823763615,243.50533902045166,0.16995106095025012,290.7774575122515,synthetic_gp_augmentation
5106.5678046122985,2582.241459938766,-0.16229222292716666,7755.030944149642,0.1492295666166538,8185.351023403311,synthetic_gp_augmentation
14447.681732183957,170.51124347952572,-0.4753057793525806,4683.9692251057295,0.09085240591469755,4110.8763333295055,synthetic_gp_augmentation
12763.819707708328,5250.048064937077,0.6962590775852673,237.84829596075883,0.2901275727687523,200.23038222655856,synthetic_gp_augmentation
15155.587429026746,4907.423232746411,-0.039230790252953895,3421.8985112835358,0.16499794714874674,3598.0149262775158,synthetic_gp_augmentation
10466.20130192606,7234.485625750726,-0.014046407063160016,5392.887068553792,0.2864636484896513,4774.550771439497,synthetic_gp_augmentation
10640.452025410194,3814.832320843603,-0.27824728252213626,9766.760645341737,0.2634259864835169,8846.323083303538,synthetic_gp_augmentation
7732.49289087685,2757.671694387103,0.47021017260612574,545.4744007166747,0.2811565616207109,512.7411376621467,synthetic_gp_augmentation
14492.46254153491,4092.1374633421356,-0.10784751429488737,5633.4077376668565,0.1930656553700277,4588.6720992376695,synthetic_gp_augmentation
8222.946673398232,1557.559927166717,-0.2525596585128589,6790.563050472716,0.1217247054837152,7339.867490196858,synthetic_gp_augmentation
5745.455125640892,5004.322814598291,0.20474703748620948,2658.630210027511,0.062425647608820176,2614.3389578383926,synthetic_gp_augmentation
10281.962657690876,6160.263062321293,0.5505822682900194,523.1911183042457,0.242646859119365,685.1088739753137,synthetic_gp_augmentation
8783.617945075319,1227.6937070055371,-0.12256196346504444,4631.278303825555,0.2289297965567408,5678.123835210479,synthetic_gp_augmentation
2071.9150634273383,2547.0657410826334,0.5108546013843911,487.05765328161294,0.1023787814894724,538.9824714350295,synthetic_gp_augmentation
6344.334081207629,6942.407834931189,0.14676515353949982,2569.996625681875,0.11660986416383402,2927.167269261404,synthetic_gp_augmentation
5081.8740364022315,4044.2539890705752,0.06528181253474252,4285.128649466113,0.10177253773667563,3967.8273462747375,synthetic_gp_augmentation
13564.657022676995,4254.693173420374,0.003329215390636797,2875.0146305795356,0.28302323412963365,3072.843293978963,synthetic_gp_augmentation
6123.596655872429,5779.265576426813,-0.2961866485527562,13677.85418631436,0.28085521623227366,14445.7045820273,synthetic_gp_augmentation
13162.728198958393,4623.142521770612,-0.03431272641108152,3568.1389870848143,0.20284476814567046,3705.4088567766994,synthetic_gp_augmentation
7133.994543025035,556.6381445905532,0.7309521428784747,2344.2335866535336,0.07947062162482642,1779.9362424331005,synthetic_gp_augmentation
12080.6589587852,6431.6936949042865,-0.3569663057391179,8941.39133586839,0.13518049476940003,11014.066037438157,synthetic_gp_augmentation
2250.98266332792,7382.688297987742,0.8416200211425238,153.82499238380157,0.20783798846532536,188.74364795671775,synthetic_gp_augmentation
14801.938492569552,426.2178639264977,-0.34950486151705495,3643.205809435369,0.08499703296602878,3948.773535117305,synthetic_gp_augmentation
7740.9022637028,969.9980516604079,0.006844299219095351,5322.658532213363,0.06960405406857607,5503.844845167413,synthetic_gp_augmentation
4230.792105458271,5615.801617659844,0.3488286433207618,2043.081242464235,0.19343936796271172,1748.1697470015968,synthetic_gp_augmentation
3939.6847412004295,4835.791460116204,0.6729779650514081,503.2294788899067,0.24632130884054118,454.35656873378696,synthetic_gp_augmentation
4314.728888342053,3060.135991773967,-0.29898405469639444,14549.303465636043,0.1209632070619146,12931.782779784506,synthetic_gp_augmentation
5930.914349395686,4313.989191522971,-0.3024568863181954,12811.214081921637,0.2614143036986103,13184.538954281466,synthetic_gp_augmentation
11508.560569542306,5626.70854400847,0.379729374526416,980.0540813278169,0.2077009539746607,1045.1077622138464,synthetic_gp_augmentation
15198.688382122618,4035.8116950474346,-0.09015471463331093,5427.448774230607,0.15784822152797967,4179.299807268025,synthetic_gp_augmentation
8799.943708011202,715.4882330663215,0.6488164841013431,1599.5613012370206,0.09227685412954362,1369.8459178044518,synthetic_gp_augmentation
7232.705147472441,3510.8698815070534,-0.39238128461743693,14144.724048275688,0.10636182115059789,13621.51607230328,synthetic_gp_augmentation
13609.54951889251,4462.23339766795,-0.4473805011037821,7106.066477454752,0.11558652097833727,8593.60346729168,synthetic_gp_augmentation
4759.299023481815,2865.7605521427927,0.758356659404338,100.55187428217499,0.21798517485326335,122.20441016066113,synthetic_gp_augmentation
6382.334274981475,3109.0572494315047,0.4344372834450956,604.2375946336391,0.18587466490389445,746.7379148651735,synthetic_gp_augmentation
12821.241300145291,4073.1718474750014,0.8779574269218433,38.893313009555214,0.13771636321827235,42.60695730306551,synthetic_gp_augmentation
15472.436061507511,931.9946450297696,0.6507885789800454,225.85809609463337,0.11929397807458901,162.37281607353418,synthetic_gp_augmentation
11288.163803604219,5899.207564155049,-0.4378882998126619,15893.392528984092,0.18529424199213254,13082.05317168486,synthetic_gp_augmentation
2668.6565505739804,5602.423657149725,-0.4946646781165464,26430.224091446296,0.20505651152302246,29786.653664501242,synthetic_gp_augmentation
9419.5775872655,6353.951942874632,-0.4708821148088282,19408.55744431301,0.23832782151097903,16681.375166146354,synthetic_gp_augmentation
1988.5562572196968,2601.5305074221073,0.13266974388713293,4802.157740431913,0.175378376029482,4987.755983012712,synthetic_gp_augmentation
12647.358433915928,3488.425752529535,0.3727356555647301,503.29909863745024,0.07241383318769097,413.2459340071973,synthetic_gp_augmentation
11153.915686654296,7716.039008771995,0.4479824561403869,1272.8676358745302,0.3122286615029975,1315.4977182722682,synthetic_gp_augmentation
14570.425818670163,688.6187792630611,0.12944368775802995,2335.3379199266506,0.07177148111850903,2182.7284184680884,synthetic_gp_augmentation
2978.056625655741,5192.106429398458,-0.4404106756454559,18282.935360485244,0.26835123157751223,24865.109227692472,synthetic_gp_augmentation
6346.439633758551,5642.05915652149,-0.18336661320857112,12674.392878757366,0.2275799607400747,10613.37455805277,synthetic_gp_augmentation
10389.188730369704,1261.891789207837,0.8896739312465942,83.17951084505135,0.24761962321669295,71.78477357586335,synthetic_gp_augmentation
6772.5716256710675,2922.5856466439186,-0.015790627221869136,5852.909529865909,0.14123938551896592,5218.727736484149,synthetic_gp_augmentation
2879.6211718329723,345.01253409986623,-0.04532796715737891,6177.717814604161,0.05972976484795725,6703.739625987485,synthetic_gp_augmentation
562.2386652838723,4452.866060693128,-0.286091131373156,14530.853168959706,0.13706498977486595,19119.086521064215,synthetic_gp_augmentation
6564.9104848612105,7959.505142588993,0.8820012109665434,96.20177158811303,0.22155588543480884,112.14010777014843,synthetic_gp_augmentation
10422.423522652534,3439.079654577271,-0.17735694977036176,7409.6683196023505,0.12457957248927141,7090.507870029584,synthetic_gp_augmentation
9226.348909624568,7920.065762983491,0.4055571941553946,1733.925046233951,0.18547556982778465,1644.1653264487977,synthetic_gp_augmentation
2584.2357121942146,1009.8033904717001,-0.4411335585869265,14946.512381775208,0.06773914918586413,13690.580614628325,synthetic_gp_augmentation
7266.025757491448,3139.6347461423657,-0.40693873791130275,9980.937553327225,0.22471817048643486,13345.01029917513,synthetic_gp_augmentation
5974.58963428192,7215.719760387775,0.5034523762480259,1243.9761359417284,0.2817130286381747,1312.497868446728,synthetic_gp_augmentation
4459.818196465058,7013.563853259777,0.3892354279854139,1762.377223704692,0.06288842884970401,1965.9974136259632,synthetic_gp_augmentation
11695.412777380188,2588.7326229582736,0.45222735386891744,188.41126799858455,0.15954675099630633,170.434586538743,synthetic_gp_augmentation
5023.467277432231,5428.884670146653,-0.17664142999521915,11730.2963766089,0.1355032359971885,10760.50088629302,synthetic_gp_augmentation
14779.254210786903,6135.019729225822,0.2817252270215438,2023.1559431701921,0.21577294113637704,1616.6331867485042,synthetic_gp_augmentation
8674.488117831961,5027.80957546334,0.8573674411761638,61.5872830313735,0.07989612526590173,65.01850261277407,synthetic_gp_augmentation
9910.664271552916,1220.6049164801805,-0.2701612258344678,6828.782835000588,0.23708555397783243,6351.8468940829,synthetic_gp_augmentation
1264.6111800640672,584.0215405645077,0.0671393137777917,4615.442757021714,0.07937910551484711,4468.16103529924,synthetic_gp_augmentation
2932.332885493607,4916.977438532488,-0.030040273416153562,7328.216910139477,0.15474079780487593,7052.219108765152,synthetic_gp_augmentation
1705.1240688400042,4002.205325512865,0.5571048973882073,747.5778370434356,0.06490960595251385,749.9235500932706,synthetic_gp_augmentation
13391.145186577794,2342.1583596721975,0.18116131064758456,1246.9176440500605,0.2386653913633443,1216.8053472649744,synthetic_gp_augmentation
3064.6391617937848,3136.6974176112803,-0.47739279409572916,22652.229885331995,0.220303947382399,22012.710986379483,synthetic_gp_augmentation
3586.4208396771473,3964.166816980045,-0.25471200714807773,15993.575677635032,0.11708871866121541,12800.303806157051,synthetic_gp_augmentation
5238.995902935248,3122.0717527073,-0.42962806604647064,15904.420553738139,0.204478070104482,16365.849446947828,synthetic_gp_augmentation
9498.134109565983,3098.3333766877327,0.6858203969488503,104.20569226984288,0.1715043616983849,125.99489519038072,synthetic_gp_augmentation
9986.55948142031,925.8624904908235,-0.0943198057831261,4967.962689475509,0.08023406241767198,4926.466349296732,synthetic_gp_augmentation
11019.387940809176,6924.723346042746,-0.3349083083390576,12303.626628044878,0.15035990045296824,12106.678318248529,synthetic_gp_augmentation
14492.564823794055,4873.232654224754,-0.004158688605772454,3171.9073824582715,0.207641718887464,3184.11679965212,synthetic_gp_augmentation
4791.138233894957,1168.8174768160948,-0.39179495736709224,8446.888969857542,0.19974611133050046,10753.940697916843,synthetic_gp_augmentation
10574.267928387733,3390.9952230234862,0.8703999888585956,44.01679518224459,0.20858626367639976,44.52428947014575,synthetic_gp_augmentation
8999.593247865305,3333.727296236364,-0.058988938113081424,4514.867427991239,0.2464946951135668,5242.537246219971,synthetic_gp_augmentation
4962.812122559817,4804.967027912981,0.8062933784457245,107.90821771964582,0.26718246877521323,116.83901351691374,synthetic_gp_augmentation
14527.901466839407,4870.956942794653,0.4558201672047357,689.2171796377914,0.209649624849905,592.7620708755217,synthetic_gp_augmentation
1618.1862501515582,5161.777095838099,0.29254978239359064,2026.453273941762,0.24249301114324928,2468.7666171473475,synthetic_gp_augmentation
11420.816326629618,5583.224458750459,0.16569579597143935,1731.908571916116,0.15059591794580834,1788.6350911041452,synthetic_gp_augmentation
11673.19203705937,826.8323690321315,0.46233214952474266,1029.5861868738466,0.07605779331047585,1075.281881184135,synthetic_gp_augmentation
14653.69179027039,2439.3776045824966,0.46078546696463574,145.3006331815411,0.12664155350482229,156.08543410370982,synthetic_gp_augmentation
8345.43141838652,138.7825533813789,-0.4852705149349298,8038.20780309707,0.0808100903144769,6416.207262370903,synthetic_gp_augmentation
5213.79517768601,3637.1320966430635,0.7708972437396748,154.79319322662124,0.21879120150491727,159.04455001226523,synthetic_gp_augmentation
13261.076650774326,3435.4406226422984,0.015148788612713293,2444.5813712786544,0.12516438460805546,2879.3304144113,synthetic_gp_augmentation
12355.883481135043,5874.61544143583,-0.005417629839806315,3171.812552758365,0.20512198711778515,3810.218135904359,synthetic_gp_augmentation
8055.018269269579,1336.935572862889,0.06922676143619189,3929.222096477261,0.21508668340874476,4655.308915337554,synthetic_gp_augmentation
12308.932272577596,5051.955657004087,0.45939592743250757,515.9751416135672,0.10667107922030075,564.4375840157176,synthetic_gp_augmentation
4359.222073028447,2453.5535834412176,0.02642483046956179,6099.087177377428,0.0983362253651058,5808.66029658432,synthetic_gp_augmentation
9473.15065341514,3055.331798477593,0.02336348669808397,3296.4699923459334,0.11139064817932047,3627.246236404411,synthetic_gp_augmentation
13856.41693112722,5754.294898971633,-0.41114916852017896,8218.049167605765,0.28647155426323667,8389.49861999197,synthetic_gp_augmentation
5155.953623402549,572.3843885886026,0.08329833019769961,6319.628058017109,0.07219995353164146,5740.979588394146,synthetic_gp_augmentation
7788.444720648817,2742.2631114492997,-0.29073013213874466,8239.893578320682,0.2824467388997634,9355.041362333592,synthetic_gp_augmentation
15221.613181348941,3130.585841117215,0.6978249556836924,117.10548444458233,0.221656829979547,105.50780490137244,synthetic_gp_augmentation
14203.920423255788,1593.7953205656052,0.8452143572863384,29.98724568717759,0.20862733383050427,38.551924578371136,synthetic_gp_augmentation
6225.428268158097,7579.303949523704,0.4583392035937749,1380.1702349468633,0.15589249243198325,1560.8961597522084,synthetic_gp_augmentation
15944.433628189485,7982.095622353265,0.5586121487582532,902.2173524376337,0.12434456750838414,875.4615700602782,synthetic_gp_augmentation
2525.7931144726263,6551.281126560442,0.826851653963844,155.34933483846854,0.1313889449411095,172.9385509715115,synthetic_gp_augmentation
12795.071833722139,665.1842535834644,-0.44298387370761294,5831.520217408451,0.08241487021070168,5346.061355329414,synthetic_gp_augmentation
14547.02258298869,6970.234525652085,-0.3589378368620281,8999.136860089879,0.08628544670028826,8272.966183995532,synthetic_gp_augmentation
11725.11609283815,4127.942970082189,0.013221687956303074,3365.740207076627,0.21065976257007885,3238.9532350352574,synthetic_gp_augmentation
10066.378154471815,1411.5133305582858,0.4555025908749163,679.5166253641021,0.14536922498984486,550.2318920541694,synthetic_gp_augmentation
6896.12413449121,2619.3324764936206,0.6643710433677481,311.33621000095525,0.19819143281023663,233.0579491135237,synthetic_gp_augmentation
8197.874980274668,6961.814139416371,0.5487080990926501,893.1660574339139,0.09768143688688732,901.6909293394289,synthetic_gp_augmentation
423.85873158160484,4157.707095475388,-0.18599237957273007,10821.260176975673,0.24092727580682272,10669.164249859485,synthetic_gp_augmentation
8098.428296760076,3842.4920024853855,-0.4915221514371365,13649.580769852902,0.25104003166236766,15729.654356020963,synthetic_gp_augmentation
13709.935722768585,6005.877972426075,-0.423821765061972,8425.417153508102,0.09884819152408326,9095.795742327935,synthetic_gp_augmentation
11377.456777161746,6609.516980148439,0.3197820719280099,1730.9061314937237,0.18705120209257495,1593.1999252410758,synthetic_gp_augmentation
12751.767091787577,6118.774499166564,0.19600656453203913,1988.9867223837791,0.19743650587307124,1897.0556561846947,synthetic_gp_augmentation
6308.711337319483,3075.4244018736613,-0.12140468089879486,5812.041876425719,0.1392951616054657,7368.7639245860155,synthetic_gp_augmentation
8510.674466916033,5135.406092874555,-0.4908329979560428,18577.322562909027,0.22034950833807354,17086.78021290482,synthetic_gp_augmentation
632.3887470538975,6858.8792661674215,0.29521448895476166,2523.8193072011914,0.2251522426052705,2404.5737338356776,synthetic_gp_augmentation
7643.21511379304,3105.093480919705,-0.4040371709072701,11399.755311139297,0.18468922423651582,12791.993640526534,synthetic_gp_augmentation
4157.821503625399,452.9510710021176,0.5310642403513306,3511.2690616692526,0.07273456554024131,3548.2318795077035,synthetic_gp_augmentation
11077.488929585339,6178.2566713491915,0.17109668108158882,2178.0811797030315,0.25543444772982443,1919.3206876589295,synthetic_gp_augmentation
7017.895238496607,1576.2275474046996,-0.4323221030335269,12043.157151746716,0.14985920587616808,10839.069735093051,synthetic_gp_augmentation
6709.283270484524,4335.097208995069,0.7929999829492138,92.36250771641849,0.2460396824034302,115.57944837043631,synthetic_gp_augmentation
4074.7893890532914,292.6858673746171,0.1684173844974397,5101.30579905157,0.059112276303161605,5010.953148474317,synthetic_gp_augmentation
8651.503344068471,7181.199925853265,0.059449745233685625,3799.053399870426,0.26200155073666576,3021.1568840351097,synthetic_gp_augmentation
7064.62582220463,6560.037559203611,0.7060655629228287,251.43253157089538,0.19255053287742122,350.35768475819424,synthetic_gp_augmentation
7636.353121162547,4195.273534296527,0.6838095205772328,271.1396466114025,0.26781600446495685,261.720108830222,synthetic_gp_augmentation
9335.854440138473,5646.295967775599,0.5181653342000332,811.3751146139421,0.23036762098179916,715.3953116277147,synthetic_gp_augmentation
200.5618911117922,831.3293189508713,0.6611039760600117,490.74798968743335,0.09262312580104894,470.5878377101196,synthetic_gp_augmentation
14532.36486626092,6761.675971178965,-0.32594012662388316,8430.918732576707,0.2841560241142795,7430.594860871252,synthetic_gp_augmentation
1230.2896114267921,5722.092248574171,0.5652817771124785,966.5753168098329,0.2800182442071245,960.8018978590803,synthetic_gp_augmentation
7269.703482324313,959.739173800644,-0.04075228382222107,5535.1723410115865,0.07503804530006969,5954.550940877768,synthetic_gp_augmentation
8428.139672981019,180.2435536515734,0.01832405238160284,4817.280579692873,0.0622290693673918,4559.5043285479105,synthetic_gp_augmentation
4555.658729874492,5028.086900742189,-0.4239744670318944,24195.765175067547,0.10671582848555596,20652.738230740764,synthetic_gp_augmentation
13774.103319195401,1374.0399739265338,0.08013233147851184,2456.573040368362,0.1867550625723037,2064.693693634799,synthetic_gp_augmentation
6402.121360002482,5754.0611937562935,0.5594878491069057,752.2832075443197,0.28438480836556446,822.5079950608119,synthetic_gp_augmentation
10256.213336718154,563.2500317502318,0.2013048853711562,3144.963289616633,0.07322450381796643,3116.4087761306478,synthetic_gp_augmentation
4057.1876775512756,648.807062744929,0.5690874765325555,3754.5986819847544,0.0807753228014953,3365.131245872173,synthetic_gp_augmentation
408.5577928548783,3730.3339245050583,-0.45061676278745016,26542.50656133311,0.287113079911283,27302.465291132787,synthetic_gp_augmentation
6526.05711625109,7952.075723215304,-0.25197011495855937,16127.604908121337,0.13105917371306275,14744.476343672259,synthetic_gp_augmentation
8630.135183976814,2212.12991816521,0.2890511034599115,2507.6468132620225,0.272537083400213,1864.1398803248735,synthetic_gp_augmentation
15396.028384719873,4148.7925949938835,0.4522460411382796,453.1573600793979,0.24278110553921256,561.1413973788526,synthetic_gp_augmentation
11338.74286415185,6736.9568772035,0.8475759263685907,108.78024623354716,0.2881060149493836,99.0805415933688,synthetic_gp_augmentation
15931.149829943784,2308.7168616412814,0.42380674498071946,315.84941320427794,0.26624683583857084,271.5623588811636,synthetic_gp_augmentation
4791.455435992154,4439.55504569189,0.08430805283563969,3868.582879547119,0.11890854562465189,3875.3717437593405,synthetic_gp_augmentation
12645.947145753631,7604.988120841446,0.25930962582067696,1660.2587139802088,0.195403556268087,2103.5879239105657,synthetic_gp_augmentation
8933.37963399116,2660.6864666884603,0.7779570743746387,81.20619885704683,0.24255813883416746,84.63033946815341,synthetic_gp_augmentation
9826.98963573114,3515.2446504814484,0.44218494532709807,533.3907420088774,0.06557500151894695,439.1196774854595,synthetic_gp_augmentation
15775.06588703301,7110.506516029372,0.6244512968563389,534.16704213411,0.30428886381923,545.3681411679111,synthetic_gp_augmentation
10498.396476042759,2659.9908578756626,-0.07787422725785315,4111.2970303437805,0.24031471567095022,5085.541938973628,synthetic_gp_augmentation
14391.188588156994,3045.3901170705244,0.5420496195735813,177.50845992514718,0.10921209462011829,195.26860834939578,synthetic_gp_augmentation
11639.428732036027,2432.950471021586,-0.3047960829241935,6367.481748205647,0.12832105730903592,7403.20231639625,synthetic_gp_augmentation
2125.439335423526,6476.251002600583,0.5496858629673045,1154.434074723407,0.08757357132266218,1145.8807330667864,synthetic_gp_augmentation
11220.83699412477,7443.095763502239,0.7341820299233941,294.4357933097276,0.11889586518206426,287.8730037135499,synthetic_gp_augmentation
7800.617860099163,5048.791045335245,0.7603254538747903,134.87771099566302,0.10632063896704609,159.57552873916975,synthetic_gp_augmentation
14708.888088419244,4989.04105007722,-0.33677391452629324,5252.2369902054315,0.10000709202719761,6855.822556720424,synthetic_gp_augmentation
12928.667710328236,3120.028957705401,0.6618348736032278,109.45024783085171,0.20194420357578732,113.68904402546565,synthetic_gp_augmentation
1755.741532954881,99.86999657197337,-0.3460888681247487,6885.864805756293,0.058144185302258566,7366.082100288889,synthetic_gp_augmentation
2229.2587340915793,1391.5007905885864,0.169755734595868,4823.700492985221,0.16689126007280483,5148.655921959522,synthetic_gp_augmentation
1206.8149285978286,1179.5068367218757,0.4555301415606311,1789.8161634234305,0.20269703432797836,2156.0018859631173,synthetic_gp_augmentation
7942.593508439417,927.0560225042939,0.1779487561164489,3882.449215375349,0.08750356005393158,3909.2197941207314,synthetic_gp_augmentation
1384.270971396913,5232.378528427163,-0.02412655690579396,6335.035385635922,0.2803214295646854,7268.65221524784,synthetic_gp_augmentation
11606.485551537635,1090.791618990381,0.45734962049419725,776.8368391350658,0.1184725470590177,780.464646157267,synthetic_gp_augmentation
8882.50144506188,685.0716202937539,0.42523028514965144,2861.776308618883,0.07542064437520667,2388.8700273957957,synthetic_gp_augmentation
13390.571779094964,3060.6520524948655,0.31604971723179387,492.5772876497424,0.11953711781425193,532.2329973043833,synthetic_gp_augmentation
4548.753039873929,1992.1813037431884,0.23980013068742456,3912.0014661943364,0.06387828729104503,3893.6798805158305,synthetic_gp_augmentation
8354.338468162137,1166.8843650870579,0.4880358587712733,1497.069739813318,0.19215082762078617,1655.6977507391916,synthetic_gp_augmentation
1967.9270059776554,1169.0230044685438,0.06425187938161214,5572.906185245793,0.1932943022448471,5724.217231713496,synthetic_gp_augmentation
1727.5597964714395,6064.76480073001,0.5128377731413711,1346.4769491505958,0.1403118823358839,1240.0076471598074,synthetic_gp_augmentation
3360.3045165186145,6822.213146017115,-0.08117612933750651,8329.306678861672,0.2568396235342888,9176.597437614753,synthetic_gp_augmentation
12919.080670695404,6011.342797910801,-0.3029484066096948,7588.679664491676,0.0772042093537309,8444.802084481711,synthetic_gp_augmentation
1782.4509901864565,5025.706077633366,0.7765776718269666,179.11563459818623,0.07778391186113207,194.47256345814714,synthetic_gp_augmentation
9869.397167926838,7260.9966201558655,0.7092495306446742,281.20012221285947,0.28865869004610983,341.3304805581434,synthetic_gp_augmentation
11964.282679780497,4157.894421874005,0.3658079070078467,703.9596415773934,0.23856024813282894,707.5873605351186,synthetic_gp_augmentation
3121.9680970692852,3292.964402654947,0.8563274406841903,44.23015556860045,0.2758661214321774,55.79372380244449,synthetic_gp_augmentation
1079.821574204031,2619.0736070459684,0.296962573017577,2274.3856651640217,0.1971118358949234,2791.4414002545104,synthetic_gp_augmentation
7236.02150197826,2653.694235690027,-0.15814564155952426,6989.323121153831,0.235309587912819,7390.905276974832,synthetic_gp_augmentation
3319.516989388283,1186.538253698342,0.39433678674566974,4138.287082897904,0.20658980287840928,4090.9199028690487,synthetic_gp_augmentation
11218.405863321614,6372.781205390811,0.7804311465406353,142.82957614054172,0.2269520044998724,152.42229637379975,synthetic_gp_augmentation
5771.4155145211935,442.94467466835033,0.46620748195787187,3391.550240588146,0.06619184909132313,3332.9793788270194,synthetic_gp_augmentation
7244.727662426801,5397.48195011616,-0.4632634523908356,17065.231710078315,0.19544297985451006,18369.431171198004,synthetic_gp_augmentation
1904.4104363172178,6915.681542696287,0.783985645407522,249.45700595699228,0.15748309419469417,281.8653857224051,synthetic_gp_augmentation
9124.049556116248,3979.4267758829374,0.5551453573555551,347.32113890291686,0.06988446127958817,400.4569073584653,synthetic_gp_augmentation
3049.834615147326,561.6062547324017,0.06256341875635718,6485.565735498972,0.07038850745114261,6359.31681944198,synthetic_gp_augmentation
10895.8720085475,3427.339693095127,0.8824886450886922,33.309317559049255,0.1793511784612041,40.558123409023295,synthetic_gp_augmentation
1231.5842785115099,2745.812823058799,0.5103510659697656,652.3105642364308,0.2827194268565801,531.2987738424657,synthetic_gp_augmentation
15616.724017273042,7884.314554395446,0.6556175145699683,471.94106428493427,0.25388898296265844,518.8193806874347,synthetic_gp_augmentation
10983.978959514407,5530.121612951555,0.8204331829497715,96.25490009844,0.17395569504285083,83.82231538325416,synthetic_gp_augmentation
324.10486284350714,4126.6153516978475,0.5841877816513501,504.3447696124473,0.21645036836977966,585.0767130210536,synthetic_gp_augmentation
5417.959986062978,5675.314035536772,0.040885009500922775,4184.544684109418,0.25414737150619876,4152.898810069136,synthetic_gp_augmentation
2529.730898430098,5780.567813777346,0.7167050180582846,531.7709832972039,0.28017991094913375,382.21926463575215,synthetic_gp_augmentation
3572.740196600781,530.8710459688389,0.730454198306526,2513.931905845038,0.07903941122011818,2284.7996593510165,synthetic_gp_augmentation
13976.729109162443,1780.852195818163,0.6600658587037695,61.840525445060514,0.27295137535254993,75.0684992212841,synthetic_gp_augmentation
9690.954094808507,103.74044343108847,0.5908808199139108,1672.4932853434896,0.06564105177041148,1377.3447957425387,synthetic_gp_augmentation
2905.676683159502,4078.459247428575,0.6119959684749059,671.107004440442,0.1460500816085228,594.7207810286478,synthetic_gp_augmentation
8950.884470930436,7006.398838688212,-0.08482649898974948,7964.687631940122,0.058068322285093406,7932.929549360812,synthetic_gp_augmentation
4166.912389457392,4876.436277562627,0.06913948857694718,6351.025318022022,0.2070836640027621,4502.197154213654,synthetic_gp_augmentation
15621.593743293617,4001.660222461675,-0.33892315301571463,6222.228722208463,0.060987910128091724,6353.471523357493,synthetic_gp_augmentation
620.8399611927546,7407.726780885119,0.6628281306062598,831.4179780027479,0.169377412689463,782.1038843023575,synthetic_gp_augmentation
11743.86291246826,1377.7480881740312,0.404409066154522,674.1612247151924,0.1839215749164325,614.9315680394456,synthetic_gp_augmentation
12390.652716443694,596.8344652614857,0.3578034011632659,1986.3525583124908,0.07678683133564082,1767.2749924450707,synthetic_gp_augmentation
1167.8879469274343,7338.445891277742,-0.15549074525083312,10665.20327973828,0.25032668526779367,12980.05196099267,synthetic_gp_augmentation
6210.475879752925,5463.7798897035955,0.13637241525361565,3093.856188093271,0.08870357070462616,2815.0261970326405,synthetic_gp_augmentation
13903.661741812179,1967.8332967684157,0.8933763293318635,28.426398037717032,0.19561977200475233,27.62688061955653,synthetic_gp_augmentation
10519.378915115918,6122.770814430613,0.23637603466918,2204.653980628834,0.20185682850092707,1762.710894532456,synthetic_gp_augmentation
12549.904083763799,5391.156668677353,0.6318377942181452,374.58883401654026,0.21102430528963778,325.02682192074684,synthetic_gp_augmentation
13267.152334566566,1783.2905921235822,-0.2696929987983264,4877.230728912804,0.2699330193729723,5378.004789844541,synthetic_gp_augmentation
8189.810906498353,6580.609930375998,0.3829111195455095,1640.325580988017,0.14728828749784265,1497.4071561722312,synthetic_gp_augmentation
11516.293127695693,6882.081797858288,0.5175001591144497,999.7652759654109,0.2013674605875797,877.4084920077092,synthetic_gp_augmentation
4287.14350389646,4491.440926410144,-0.4257209849527449,21720.859450968175,0.07521958894907746,20356.458748516397,synthetic_gp_augmentation
13686.386808211837,4182.350749754113,-0.21865130832305146,6919.624492988072,0.26195140482364354,6049.497281338093,synthetic_gp_augmentation
430.510509165881,5581.470626461124,0.2521751676914632,2459.7799572988965,0.14997197806790707,2578.5118747456995,synthetic_gp_augmentation
3212.7684751346223,4225.990754499783,-0.4120567605756453,18772.890007512866,0.2797874685155007,21217.52736404849,synthetic_gp_augmentation
12823.179094280402,3341.4483045252873,0.09367397079717954,1518.9279951887743,0.23950999489984084,1977.6917010666475,synthetic_gp_augmentation
5510.105569093489,683.3520913951095,0.17491169124162143,4702.408091357192,0.0705572073961417,4882.624300167062,synthetic_gp_augmentation
2482.3420398076646,1008.397405724641,0.7905336249936794,504.10280875617894,0.11263554782277052,501.56058943416724,synthetic_gp_augmentation
3069.400615811313,6082.2037456053395,-0.058052905045767045,8565.146873130296,0.14981739805607125,7919.612230214808,synthetic_gp_augmentation
8539.026790783506,197.31251699414454,-0.2638641371909518,6096.411145699119,0.08786430569080088,5518.49643943324,synthetic_gp_augmentation
13554.286316585307,418.4402063808692,-0.4894884377934358,4190.243712917419,0.10927585151419976,4777.954818518265,synthetic_gp_augmentation
584.6464550819255,5631.976907637479,0.5512123983496209,907.4458321430184,0.2155292928336051,993.987196487865,synthetic_gp_augmentation
7496.173359805805,33.70177531316898,0.12289063545260526,2414.5240578817593,0.055733355561430865,2515.7770993371296,synthetic_gp_augmentation
15303.37989935279,2496.346994838982,-0.22178494016880873,4817.458911558194,0.06516555320490912,4784.807739525469,synthetic_gp_augmentation
4536.2558742846095,6106.547684764358,0.8062387720508939,120.30501377035162,0.18555312354303613,154.69489356461713,synthetic_gp_augmentation
15350.811571166068,3340.806399818045,0.6025536458142138,240.06852051173726,0.2967212113595657,210.42887925204587,synthetic_gp_augmentation
14214.130707781022,3750.3825828648933,-0.3398894321102127,5774.015104430262,0.2929544892102018,6732.917423553572,synthetic_gp_augmentation
13089.474221672734,1617.0752260723252,0.689218075536814,49.11815867915801,0.19217707968953596,54.64203882454779,synthetic_gp_augmentation
11005.290110844218,5771.131503186087,0.4694043349163881,604.9806048646739,0.2811109697661657,763.326943744774,synthetic_gp_augmentation
6824.366674381708,4058.0088443733684,-0.3932507867025037,15275.051832093288,0.11784339225734362,14896.685941345322,synthetic_gp_augmentation
12709.962979850838,372.262476617248,-0.39302401781900975,4857.518539911039,0.09038935760561542,4806.45118973156,synthetic_gp_augmentation
12135.28774148669,1145.9510755773463,-0.02867329003094421,3813.719762736754,0.175287559438367,3583.3163471680027,synthetic_gp_augmentation
15972.269624323204,6954.679490493934,0.5509362754454563,808.8960622387821,0.19838414206812582,760.5667061734293,synthetic_gp_augmentation
7708.348128968004,1409.1813182436895,0.4954139639536804,1165.1523563059313,0.14712865510312165,1337.7065895212154,synthetic_gp_augmentation
12930.075347336662,2226.953672098804,-0.49703504760365935,7759.9956129019465,0.3951009221021876,8428.143078479801,synthetic_gp_augmentation
13813.406035037307,1104.7583057632498,-0.2172798940091536,4372.796458474035,0.14557664446496596,4334.760844359144,synthetic_gp_augmentation
3464.4810451135745,5884.360813262069,0.5900031471749856,966.6307005459254,0.1946476826403926,860.2287501715208,synthetic_gp_augmentation
768.8564286436696,3563.5933380520123,-0.3233934823393898,22725.142288845243,0.1297827986339525,19952.049487863344,synthetic_gp_augmentation
6535.499594798416,7549.080309160568,-0.04306953165655947,7209.065800753097,0.10829027308085688,7419.363002191017,synthetic_gp_augmentation
13722.113282544738,5314.596657983219,-0.24255469034514782,6040.7883685654815,0.2631328128543724,6421.378588114664,synthetic_gp_augmentation
4696.742170992713,4251.113763894174,-0.34396365042509564,13245.471983142472,0.28277272754913574,15889.851491238607,synthetic_gp_augmentation
216.83541112177664,323.40306567731324,-0.4141215572074309,10103.42689652238,0.07118198770539377,9577.984487489715,synthetic_gp_augmentation
5750.29447389178,7605.282081029523,0.25046992765209364,2433.9771156255188,0.1942467143032565,2876.6919414466934,synthetic_gp_augmentation
9886.715446654604,7651.436883337984,0.4697387163929376,1207.9630392833888,0.2558552971828675,1236.4279824576165,synthetic_gp_augmentation
2163.139322150156,2209.118948444237,-0.41937369388385637,19747.171616248183,0.2735551047784904,18524.36798529986,synthetic_gp_augmentation
14356.0499031442,5026.363861945069,0.3867974789073604,802.6199255814275,0.07418734870607675,815.6622507763665,synthetic_gp_augmentation
2584.75623616156,1615.3219531189968,-0.03230827866241376,7207.420101904277,0.1845731156381527,7498.825223145738,synthetic_gp_augmentation
14565.717365563516,4379.774356803671,0.6669633132837332,163.7967284656962,0.20975654723955706,190.8114408862108,synthetic_gp_augmentation
3540.5900080592974,6166.313912995147,0.6167234711050678,810.5057643242199,0.24743202674517858,783.0411857385284,synthetic_gp_augmentation
15909.030915261868,7518.573798443137,0.6114670521033048,534.6942156629319,0.215443812725523,627.6469247596012,synthetic_gp_augmentation
9715.504541399894,2713.735386125375,0.05812887782688181,3108.831672000058,0.27449805719207654,3173.620975979814,synthetic_gp_augmentation
1441.0838215691494,5548.042104342092,0.6515674656505772,658.0271239787222,0.10759941411295118,600.6241869120606,synthetic_gp_augmentation
1137.9080282106916,5731.4169147774355,0.38197480561543584,2099.080029743965,0.2806341693017732,1796.008778543456,synthetic_gp_augmentation
1291.2549705255533,1769.1904093179298,0.030156991422133905,4376.198175411414,0.27254546029174603,5906.292594068776,synthetic_gp_augmentation
9479.294681926134,5032.257051947137,-0.3870620623624142,12980.006235837944,0.08631136530173715,13140.571824917437,synthetic_gp_augmentation
6507.107594151041,6112.608850768274,-0.148037711786265,9512.550499638071,0.18977116005785616,10144.367707423344,synthetic_gp_augmentation
7172.888572581603,7999.578059636269,-0.08058149769346568,8719.538418194334,0.06373142258404324,9088.628078993897,synthetic_gp_augmentation
9469.674488267585,321.8589554118445,0.7985396080260017,998.645076043146,0.059995253500068485,1006.7553972242823,synthetic_gp_augmentation
8575.345616103055,1618.4403494204646,0.8999132754166139,122.11329702607347,0.23933266619839125,130.1241340126863,synthetic_gp_augmentation
11040.181556310195,1160.6274553579256,-0.2988566135697476,5680.747918199932,0.2014087023970081,5982.1793181121275,synthetic_gp_augmentation
11450.384892518674,3633.9892849757202,0.48915601635935035,341.84143170784114,0.21600951367842514,334.39633715928176,synthetic_gp_augmentation
15957.240806491482,7028.292452903499,0.19805143571313444,2419.4899533809685,0.08144599182899903,2308.0033917338405,synthetic_gp_augmentation
5669.7356917553625,3589.7861525420403,0.836561295088466,93.50233180496707,0.16143063553624787,80.83511183020033,synthetic_gp_augmentation
294.2258603540778,5347.843182675306,0.4991704552498205,812.6380421110556,0.23595785555560853,1127.7601007697112,synthetic_gp_augmentation
2097.438224271311,3011.993140241753,0.33111633096670634,2082.17617588827,0.06671499272869182,1795.9504935932623,synthetic_gp_augmentation
8900.875541292566,2557.306522488921,-0.20666253037234827,7103.682838705305,0.1149923664612182,7313.062771588618,synthetic_gp_augmentation
5573.698815599968,6673.881478632338,-0.1577784673808943,14473.185593863729,0.2536862889529736,11275.004171718261,synthetic_gp_augmentation
15045.723239909381,5244.380080947357,0.7761024304927437,85.21131573986735,0.30467938546400103,105.72421327089579,synthetic_gp_augmentation
12788.828070225098,3988.0925209411575,-0.1272820629616359,5183.640939358373,0.09316541214927597,5297.631008699263,synthetic_gp_augmentation
4211.578949680613,1506.197978394308,0.1727780074571239,5344.077806291429,0.061693860306096165,5061.58662718426,synthetic_gp_augmentation
13133.84279048952,3865.774899741449,0.03475066502502133,2667.4497102870996,0.21706833482531654,2722.6018344045883,synthetic_gp_augmentation
148.67156733907782,5397.595503467806,0.8101241980540785,167.00922784077193,0.32629427583302273,187.66178181105272,synthetic_gp_augmentation
9952.87005795791,2936.9007140492986,0.08600366221670208,3151.784302206241,0.12475789566397334,2663.1911729773537,synthetic_gp_augmentation
14962.638701627886,6750.277890203147,0.7446737627307416,204.9892789696595,0.3361435266249355,220.1385209555689,synthetic_gp_augmentation
12626.973237338534,4265.151844848807,0.33252810758497864,908.1760037768352,0.2805340356133094,844.2145247165381,synthetic_gp_augmentation
6411.579653226858,6869.691386109749,-0.27572611428384974,14885.544365430302,0.2162700099100556,14726.820327770893,synthetic_gp_augmentation
13205.399242992007,3703.3424517292237,-0.12055532070768837,4067.7262313477336,0.27229685657915337,4900.050383440461,synthetic_gp_augmentation
8858.22347398124,3315.281134806532,0.7140334875466385,145.05816336106378,0.2599900919206455,131.7814774518693,synthetic_gp_augmentation
9934.789760400863,829.7311626679677,0.5919400960758834,967.735361128334,0.08676438538123483,925.8828414459309,synthetic_gp_augmentation
1036.7538954392758,2899.935030855722,0.12639271022871368,4583.146143758103,0.17689074157392026,4559.198522519906,synthetic_gp_augmentation
3304.671985072835,3176.386404504654,0.772631015975606,110.0536938593311,0.25808466074797337,113.18395014000559,synthetic_gp_augmentation
1034.9368193936125,4702.5856137053415,-0.34308193361939343,28870.477200987418,0.27950606176574394,22661.40052090601,synthetic_gp_augmentation
11889.00422474464,1150.7365644027816,0.3483026913232242,1248.9069767342892,0.17803911593997343,1308.2192634034664,synthetic_gp_augmentation
14733.761544587398,4488.735885801125,0.6316817791078442,263.7812094651568,0.08042890890617843,250.64784794057306,synthetic_gp_augmentation
1718.1185009589142,2151.8685177978964,-0.3721223509258232,15033.431763429278,0.23206218719877209,17178.225183018345,synthetic_gp_augmentation
15041.551943562521,5117.346481026827,-0.18554436265749402,6867.863407331975,0.19771523747466518,5581.582754186509,synthetic_gp_augmentation
1175.1581213057902,5524.105063365636,0.07825504353248469,5097.418291231127,0.06959978489806212,5227.201603704604,synthetic_gp_augmentation
13459.991227982207,699.1014519737595,-0.3474865946228066,5320.365305634718,0.08210769091509067,4759.997059147193,synthetic_gp_augmentation
1217.9471031748403,3915.6146706313466,0.3803206015253462,1202.7608681551526,0.15305534716930788,1339.5965099239725,synthetic_gp_augmentation
389.87406052483976,743.1873607345372,0.21046283215282158,2133.5630707786736,0.057755888140324806,2038.9047647974958,synthetic_gp_augmentation
13004.388239086942,4962.638331766427,-0.41317906523095005,9196.988786204296,0.09129035481783083,9146.897774060391,synthetic_gp_augmentation
2126.084070054334,3586.1411296961405,0.0362574829826352,5266.2158080731015,0.15503181571262148,6116.164473071433,synthetic_gp_augmentation
2081.303039864696,7566.86838318038,0.6095251489565416,1284.3817972173408,0.1399438127327294,1035.0365655193586,synthetic_gp_augmentation
9139.894995291686,813.9778646573639,0.7460694911912835,734.1662494775074,0.10812509585827842,602.1761357852008,synthetic_gp_augmentation
3825.3000529095866,7040.0120552954495,-0.1566715140806197,12039.930438909538,0.09301002161436342,12146.20512658958,synthetic_gp_augmentation
11710.398388803495,6401.030981129624,0.7033123185848991,243.57601788907363,0.2015885717717191,278.9847591677817,synthetic_gp_augmentation
15199.202672010322,3357.9086429166764,0.7484608921786333,114.16857111702242,0.2853594610498002,85.16875204883718,synthetic_gp_augmentation
14047.088325424771,1246.93428622113,0.875049056674692,38.09151936681114,0.3120616795175616,44.96706276654601,synthetic_gp_augmentation
8361.418315389557,7374.446085942378,-0.1553538486500704,8586.189385194264,0.21294556996783465,10511.907258672763,synthetic_gp_augmentation
13333.87693705878,1869.6373142260807,-0.40343607505678897,6177.257439447312,0.25560232948101574,6831.8986337960305,synthetic_gp_augmentation
3008.1606253882496,6992.92566390263,0.680820412636979,615.5429599436637,0.06527910775657576,619.7307624084614,synthetic_gp_augmentation
1186.7314572904754,4026.3617594423113,0.1873029228793759,3448.2083415044126,0.07387847496487975,3722.420315737361,synthetic_gp_augmentation
10529.654450982507,3693.8770938189327,-0.014964569257449545,4419.2438701180945,0.26568358879128146,4026.5362537427936,synthetic_gp_augmentation
926.0448097530893,4956.090140670565,-0.4226740359127385,34528.75190308157,0.09766920283023543,27986.752867267765,synthetic_gp_augmentation
11095.710939007955,3426.9653924775516,-0.3729969690453504,9120.726534014058,0.13899354329047128,9757.903934978056,synthetic_gp_augmentation
15239.991534001701,7507.875510439439,-0.24290047122208475,5898.7141627867195,0.10531006502492668,6521.267728309633,synthetic_gp_augmentation
5090.7978353804465,1906.0554318299987,0.8585612939129783,165.97432735384862,0.17090252757891236,177.88016597444334,synthetic_gp_augmentation
7829.917116305772,7372.668471038014,-0.10603420111299,8478.536404344468,0.21439045971767845,9409.313575274628,synthetic_gp_augmentation
11892.876804217392,7953.677572873429,0.6438662206331702,520.2783357946746,0.12345026927832081,585.4461957207383,synthetic_gp_augmentation
3960.1858688270468,415.25750460397416,-0.4728207074407811,9515.574417471378,0.13024165774148078,9252.736890372998,synthetic_gp_augmentation
8715.396239775504,4251.032980730973,-0.04945891446251893,5240.536359591861,0.2816592447125864,5080.30162538312,synthetic_gp_augmentation
10585.529672587101,1374.5543975495086,0.7686694061804624,68.8421587424928,0.19265363213497513,72.70370583953171,synthetic_gp_augmentation
15663.057605707956,4973.714047653419,-0.24094290396591767,5880.610457475283,0.08951396776623337,5858.775605597379,synthetic_gp_augmentation
11940.782378453918,7916.341145719005,-0.10236707142113344,6249.380858403615,0.18996070870330237,6979.160519714967,synthetic_gp_augmentation
1978.2805194372766,7175.047163345646,0.657120834398268,687.1999697112169,0.2579719448538656,766.1649897149766,synthetic_gp_augmentation
7657.801876994634,7398.787692850828,-0.3300516389670983,14771.204106880388,0.18222046326687097,15592.127500806611,synthetic_gp_augmentation
9461.455449534196,1706.7985064967947,-0.4255435329186621,10433.033441038817,0.28486858936158327,9253.426867675227,synthetic_gp_augmentation
6968.260305999146,1878.648131159605,0.06670846216204629,4664.537526799301,0.19711016544348847,4519.6582608633435,synthetic_gp_augmentation
4615.692479739586,7195.39766062121,0.4210197776893613,1453.574291819946,0.27152618143267965,1833.2966886448335,synthetic_gp_augmentation
1989.3579219662129,1529.2319445939722,-0.32203772403810793,13663.449420375959,0.09016758775656757,13058.180661826564,synthetic_gp_augmentation
8241.466742068926,1231.6712992735984,-0.1917516429863914,4482.351251154074,0.23468170225680712,6273.384638725019,synthetic_gp_augmentation
2733.565988096292,97.30105371215015,0.14397306142389343,3614.6245341897165,0.05609783740192084,3490.235445458958,synthetic_gp_augmentation
9489.544796513,1455.5828806929733,0.44521450440028865,929.0519995714162,0.09176155404476578,940.5787568731885,synthetic_gp_augmentation
2798.1812226456605,1518.1027748362626,-0.08945292442277203,8332.244038292358,0.07115002168360726,7983.4784709543255,synthetic_gp_augmentation
11605.159285284855,619.9215002048933,0.7384872514560585,403.9182023297216,0.08810803281133119,429.46217040892464,synthetic_gp_augmentation
3204.3418061717593,6941.928827305272,0.5936016050725557,1050.8924615319434,0.11662646201192628,1011.8204119018387,synthetic_gp_augmentation
14350.933102340778,6239.982469568992,0.27218104720195424,2315.5127675764243,0.2814427780697545,1685.683556842327,synthetic_gp_augmentation
516.7287691260607,2035.8519787780542,0.14289565681550664,3629.850653073209,0.08356846471178504,3733.8588623193964,synthetic_gp_augmentation
8399.758454027202,6266.061626489621,0.3673595598395125,1440.224537451056,0.2802900959161282,1426.8620340561406,synthetic_gp_augmentation
3678.716759815994,6204.162474785476,-0.31106958659299216,14448.667308287166,0.2732895814974422,18237.640363991788,synthetic_gp_augmentation
7598.4841887258535,2584.0612146813883,0.6936979075852396,174.16572044751,0.1526173522778598,172.80430610625731,synthetic_gp_augmentation
13488.110627555745,4517.233811903016,0.18516389712084314,1620.5407433669507,0.078473583821545,1470.41032164036,synthetic_gp_augmentation
14652.907567873714,3052.884335633348,0.8094815857333721,46.63610959697582,0.1092952045904567,51.520708530182254,synthetic_gp_augmentation
4921.653028550748,1501.406536187753,0.8377593545597612,362.04199531409245,0.06860949346699192,316.72740558293253,synthetic_gp_augmentation
2552.473591311633,4685.063072016006,-0.4569964505746808,28222.479510993184,0.26220787636785275,25999.339108444525,synthetic_gp_augmentation
11550.233116304285,6006.646399822808,0.038273366076455706,2882.7781862263805,0.06455877023963297,3270.0710828211304,synthetic_gp_augmentation
9353.779734750215,6024.856996753191,0.23671277854477135,1938.1404829648934,0.07150528683554068,1805.7818738391334,synthetic_gp_augmentation
3296.1567639732025,2850.3153465539485,0.25543368337831907,2609.5717339944395,0.23160528286329307,3664.819911388646,synthetic_gp_augmentation
12188.70303059024,4149.694147246624,0.6513507135858125,204.55664928798817,0.23197140717004922,198.27649575346868,synthetic_gp_augmentation
8350.993920350043,6110.228788680691,-0.30245441759972413,11011.04233748493,0.1905432211641175,13048.186619137443,synthetic_gp_augmentation
10488.98367216778,435.98075618072676,0.37147576557289186,2152.2083233568787,0.073873116085706,2406.2090366224093,synthetic_gp_augmentation
5813.490640017881,575.1066664068825,0.8196357829833676,1946.8396340847955,0.08644665231400687,1525.441495827726,synthetic_gp_augmentation
7081.651224707778,3009.781919776619,0.895367671326001,41.48724165742272,0.07702200831319587,44.52346731699385,synthetic_gp_augmentation
12128.60229556092,2997.168156401763,0.8615941960578191,30.441712875607745,0.070812911416938,33.50581662438485,synthetic_gp_augmentation
2596.4800540134906,750.0246388769884,-0.32890596110758546,8790.461710341087,0.08304858033882792,9715.961564082154,synthetic_gp_augmentation
12475.011256541875,4736.0642454023,0.251730752807107,1040.4982243961751,0.28096002577664214,1190.6136456980755,synthetic_gp_augmentation
11970.955328476435,6334.72406315125,0.3489474523516465,1668.1886748572808,0.24616122143355768,1387.966014977967,synthetic_gp_augmentation
408.82233013397274,5204.183504602615,-0.44816277161944323,35641.98546462766,0.2745908949475737,30904.934686580476,synthetic_gp_augmentation
4442.81808044611,3171.0511600486066,-0.16633424705808858,10900.823126293437,0.25029499532370647,8962.73052126565,synthetic_gp_augmentation
7546.570110389838,7479.425798542861,-0.07919411352143879,7937.293578329597,0.06942305057734145,8511.500876238355,synthetic_gp_augmentation
14715.631379967897,4221.449966614205,0.31708136558784705,1073.2341495884123,0.28067482155639484,886.1032196330164,synthetic_gp_augmentation
6072.134956846367,1654.8032666847375,0.4914936113036129,1656.1946787956526,0.22655124898879972,1785.874746672553,synthetic_gp_augmentation
14012.87076850587,5191.799893889725,0.4464212566438984,861.2156557275509,0.265158552543818,667.637464309755,synthetic_gp_augmentation
6003.359751387169,5466.639991500372,-0.4803705040130801,19140.12281910332,0.14239325050073182,21017.349729622078,synthetic_gp_augmentation
931.2839720590357,6248.99812246641,-0.3501709314273187,26045.424962194284,0.28395797916314097,26131.027169156387,synthetic_gp_augmentation
11905.579727784394,7320.396951825792,0.14233187816518,3053.21710985981,0.26428295713739974,2290.137589651197,synthetic_gp_augmentation
2495.378843183316,7592.452730865167,0.8178126904150602,183.1282452421814,0.18209610781247373,222.4065848045563,synthetic_gp_augmentation
4186.618248810479,5041.48401700477,-0.1517390695930424,9673.565663850555,0.09368545324170957,9853.152654297895,synthetic_gp_augmentation
12426.208709872115,7727.648286026747,0.4776462074658354,1127.7363638816046,0.320690002337968,1171.9688817636973,synthetic_gp_augmentation
322.1662387535548,20.914856121768466,0.769499397855864,178.6684118230333,0.05708023061263142,201.371794449755,synthetic_gp_augmentation
135.53975548361444,5100.939729968062,-0.08911902318921866,8812.055630917775,0.18115006107930523,8289.8610140279,synthetic_gp_augmentation
4948.792668612198,2361.541235667987,0.3511751647534511,3763.1684092570963,0.21880204537604458,2744.4168670470945,synthetic_gp_augmentation
2966.951991323316,2380.0015978847105,0.2117694977648833,5086.032581955003,0.19804416387227652,4428.339073464215,synthetic_gp_augmentation
9856.143609686163,3865.037117096859,0.5897496846052386,311.7873116553099,0.21692484367828663,305.0049908469429,synthetic_gp_augmentation
3732.1399003070906,86.92942394693137,-0.16580234129394872,5667.372225347448,0.055462350428611404,5813.942412694527,synthetic_gp_augmentation
9516.093679990672,1886.371264197252,0.6376123241573495,114.26409920679161,0.19377294450082808,156.83212200121807,synthetic_gp_augmentation
6130.328614321739,232.96765567869303,0.40994777221843104,3674.690017885127,0.06457724640499436,3230.3177132990945,synthetic_gp_augmentation
3069.2648609496564,5204.468525753903,0.6191125803834903,770.0625781080121,0.2719048515248376,674.7777968999986,synthetic_gp_augmentation
2295.8653321131037,7114.300629542665,0.6980110730692426,496.6279445848189,0.1954910431343464,564.9379532949353,synthetic_gp_augmentation
3866.0835897238803,7982.309278655457,0.3642864202332943,2410.818235287611,0.07497992490310372,2329.839187016275,synthetic_gp_augmentation
574.3305174064628,3588.4551342567797,-0.4485708487881431,24596.407309688217,0.1660033385382183,26163.989012555412,synthetic_gp_augmentation
4999.218696376668,2081.1288823532223,-0.08315327581566845,7794.080029522033,0.1489115353661043,7242.644546552922,synthetic_gp_augmentation
14441.079573890527,6824.828773845539,0.7292276429462203,274.15009094496463,0.3194741627870289,252.1247948606803,synthetic_gp_augmentation
13318.65780154015,905.2681403237823,0.3777391153449764,810.5282514402115,0.08274772195383481,956.8871959931107,synthetic_gp_augmentation
6014.859731842576,7793.911848449126,0.7460789076688077,325.4571510608627,0.3206102614595456,356.76297053675637,synthetic_gp_augmentation
9121.032888323529,4031.477322939313,0.20661843813025438,1398.7200317514491,0.08404541551009372,1699.5660926215105,synthetic_gp_augmentation
13276.926873180026,773.2042985938667,0.7076294190392793,159.69315914311247,0.07632435664713526,142.25522482296316,synthetic_gp_augmentation
4812.5610718088965,4356.2575798555135,0.028501583802176267,5762.767526376675,0.22495484017200484,4606.2229179488495,synthetic_gp_augmentation
749.8328373696219,6741.315954896294,0.7324753884207873,523.908621663955,0.2837303755642307,461.4847293443481,synthetic_gp_augmentation
5103.537026298156,5138.443837547495,0.6008995850759471,755.4400771264393,0.22436392905395283,697.3078795820317,synthetic_gp_augmentation
14058.82904774931,3455.1707719655606,0.12882516300304991,1772.5317500113051,0.09721070375885785,1634.2532162394261,synthetic_gp_augmentation
14600.603596386547,1808.056480809551,0.26473668199626055,628.0652057113448,0.26050448139776494,831.6565616398848,synthetic_gp_augmentation
1843.2019977199511,3843.377670496049,-0.2139631760123235,13935.472598225459,0.24217782953293676,11848.72733003317,synthetic_gp_augmentation
7383.130811733059,1303.9542302892526,0.07694152577021596,6682.747107792248,0.2306007778064157,4812.513017362245,synthetic_gp_augmentation
6163.447535243462,5336.101299785483,-0.2715264021839646,16203.459582138592,0.2543037633393511,13067.190452458339,synthetic_gp_augmentation
7880.811226311867,4845.83257972608,-0.20520259697282972,13504.80522936164,0.23900543492650142,9702.815226873863,synthetic_gp_augmentation
8920.040432532967,6480.570945009623,0.6849172906527985,347.11241039359516,0.17724228334218692,362.43935406073456,synthetic_gp_augmentation
422.1142842821625,3596.23417793821,0.007461328889437069,6769.387586666926,0.1689743279571234,5108.069486889717,synthetic_gp_augmentation
13491.651741946456,2229.188264220232,0.6406126520969058,67.0140077012273,0.2790574970533841,79.7124619321157,synthetic_gp_augmentation
10489.136510857912,5527.976651679078,-0.40091111373191946,13653.757257275556,0.09369680382641422,12790.383436007294,synthetic_gp_augmentation
10601.19059204457,5653.6733124748,0.006138064048681557,3415.8668192776117,0.23605095662668152,3957.311512399144,synthetic_gp_augmentation
8494.879739508264,4224.676571250765,-0.2784171635445791,7821.834141152479,0.28009722702170853,10517.778112638674,synthetic_gp_augmentation
5414.94724625867,7007.8289190949845,0.4710069804768795,1425.350166895825,0.06256783245670629,1495.038717072253,synthetic_gp_augmentation
2468.7474044543856,1822.268059772287,0.7759516655444572,170.6803113870791,0.256332421990076,183.1670766775386,synthetic_gp_augmentation
9386.607148867206,3213.536202823365,0.5683057897586814,220.0795850337853,0.27629492460849736,253.3451407122846,synthetic_gp_augmentation
814.5683157963922,6369.86057331859,0.589812652104464,709.9503381782911,0.21438975081391115,954.6410083322352,synthetic_gp_augmentation
13209.590826300795,1063.6872157494493,0.7066131653712728,121.74646919584343,0.11432829912900581,98.37363918700153,synthetic_gp_augmentation
6792.496021582786,6464.875944129718,0.5873305110946807,748.7107972436572,0.12754570463714557,765.3815820394653,synthetic_gp_augmentation
6694.592164175399,2820.761765846722,0.2960025533693684,2147.654277078577,0.25567314994718554,2231.4945559652697,synthetic_gp_augmentation
5302.0166497669015,1004.0295922429357,0.4999868052440033,2750.891715148184,0.06508656201785075,2850.5738683107693,synthetic_gp_augmentation
15512.726830307523,633.1958842818324,0.08233665545438973,2139.247340346975,0.08063731204093919,2255.5375284130573,synthetic_gp_augmentation
2731.9508745659796,2304.3307631161315,0.5103253497262004,507.199260329894,0.2657224273422538,689.2069874113627,synthetic_gp_augmentation
10570.586977327148,930.8975138998256,-0.18678837339939208,4513.065379870132,0.08314211245624197,5112.583344608793,synthetic_gp_augmentation
15871.135567800613,1977.8754083017445,0.8355181893554278,49.51200239476908,0.13082354585757597,42.459538335671986,synthetic_gp_augmentation
3844.0552093878996,1703.901085549406,-0.4264839943047095,15492.999867638264,0.26586875980383284,14338.839531439418,synthetic_gp_augmentation
14499.316613373056,5864.445213537586,0.5303426675890368,643.9667613379572,0.22450679328110099,611.4303262766729,synthetic_gp_augmentation
4530.003291409941,1724.50467485534,0.8558697440782557,238.1057506820893,0.273045713187457,215.64675327184185,synthetic_gp_augmentation
10401.608729992273,1728.788174141001,-0.06719031122002744,6182.825677291412,0.27118124682173245,4764.0743179084775,synthetic_gp_augmentation
743.9333357405468,258.14505999084327,0.7774515853517323,1006.0243846656897,0.09932248536234779,752.2332884824959,synthetic_gp_augmentation
10507.66246383581,5511.836386048858,0.5417532513797281,598.3504744395036,0.09489622442997948,555.114650363477,synthetic_gp_augmentation
8627.484457839795,5227.923751584672,0.8353081949310068,83.0958991848871,0.2902398550733421,79.16876886965532,synthetic_gp_augmentation
3881.582619620479,4548.793249248628,0.41567990473176264,1462.7931826861602,0.10262330421753578,1327.101114088356,synthetic_gp_augmentation
15525.17052868802,3781.9080974167055,0.4459534305228917,363.2779798709194,0.2938073317100705,497.4032035151249,synthetic_gp_augmentation
7401.217921503839,6881.092064969878,0.07655330960841233,3460.461657642935,0.19856284996036588,3006.1353285236864,synthetic_gp_augmentation
10211.116316509133,5168.07928301871,-0.045157957221960754,3798.9150232436923,0.24743391114971716,4985.398178904113,synthetic_gp_augmentation
12667.570966694604,673.295525502688,-0.3848561249558616,4254.201648282492,0.07884949749894828,5136.645213252859,synthetic_gp_augmentation
3939.6760638865244,6480.707687808714,0.02921200977455396,5503.672163507849,0.06709834521967259,5432.418355925873,synthetic_gp_augmentation
13844.761072667688,4675.108333518546,0.62447308187996,328.2750258799352,0.2563601915313748,266.4915878905657,synthetic_gp_augmentation
4555.194394428961,5228.205274603477,0.8236101035591663,102.16914836523301,0.2855433501428809,113.1165385978768,synthetic_gp_augmentation
12435.709775892297,1441.8194849908152,0.8652124046022596,39.81818241156776,0.12524714219628724,40.50382751330361,synthetic_gp_augmentation
1882.3777955801106,3499.9207531388593,-0.2108637806559791,12657.791749320462,0.06345194670171207,11925.747279071562,synthetic_gp_augmentation
4685.348584285299,7044.659794994273,0.30000446676633497,2482.063693697978,0.09864407376492747,2465.6578939192905,synthetic_gp_augmentation
8584.556949643897,1723.4495446905225,0.30604742171451416,2114.249049322072,0.26890828779243986,2129.810395489753,synthetic_gp_augmentation
8446.26132169861,0.999252297549269,-0.25353343762252833,4622.9950809190605,0.0580738724531916,4300.765747367449,synthetic_gp_augmentation
13621.855833333224,2060.0696969398005,0.3142794838772148,394.4460457893151,0.12750678359648976,543.7297818706325,synthetic_gp_augmentation
15938.423396453854,3900.339593411296,0.007867976444902669,3619.8278164341627,0.22513466540544583,2687.8192838348527,synthetic_gp_augmentation
1804.652449176236,6570.224346415371,0.8193690103526161,172.81302708083683,0.15181319695964843,192.9203029967146,synthetic_gp_augmentation
4415.071311918089,5146.327204586807,-0.14271691968399708,7996.17062087175,0.22783332457553104,9647.088687356258,synthetic_gp_augmentation
5785.811542546905,7352.5077516574065,0.668945673711689,778.4250638545138,0.23655821815473357,607.1684741412697,synthetic_gp_augmentation
7714.802684179081,3644.515453023148,0.7555978796378096,101.73598902355884,0.22682466296563508,141.16423582678541,synthetic_gp_augmentation
7953.164916154945,3126.5217836562983,0.5302211577460119,319.6431817488838,0.20778281425852504,367.41749422350637,synthetic_gp_augmentation
12351.892914283086,1744.4998763128333,-0.13548330428694388,5989.130239436385,0.27363080269168055,4491.7704407494075,synthetic_gp_augmentation
399.7401067034577,5888.8791760644835,0.8595650116576388,122.9602977436886,0.20896460208698306,154.7971050154627,synthetic_gp_augmentation
7334.845993272687,642.872984362473,-0.39383930743039863,6843.460888571614,0.0899917455648992,7237.393797929157,synthetic_gp_augmentation
9927.374028081013,1941.708678664069,-0.3360797299142235,7827.132099186557,0.15945305737693213,8088.37095324507,synthetic_gp_augmentation
7420.289834779072,7087.162076321038,0.8699976281292323,122.8507280840375,0.15860392235335083,105.87286209792417,synthetic_gp_augmentation
2177.259570808667,4615.3665447972235,0.5876526838670078,591.8139654743552,0.20323579402423494,719.7125394224928,synthetic_gp_augmentation
6419.837930681306,372.70087254665805,0.544937391484295,2288.8415652681924,0.06894642170298894,2773.2461292963985,synthetic_gp_augmentation
6645.325552562804,5634.040386638284,-0.2757091343960195,16175.202634748599,0.23041139185318948,13240.780291470504,synthetic_gp_augmentation
3084.6831669511644,4053.458942024931,0.18451436413698663,3405.156641018774,0.11132380955750174,4029.468048885655,synthetic_gp_augmentation
12125.28312008816,6836.173819984125,0.6770676434783864,275.53626863954867,0.2594111678002842,379.1212509983038,synthetic_gp_augmentation
5210.270814265381,5459.470980330104,-0.03958101830708827,6503.072304054659,0.09474597281854177,6341.956265538184,synthetic_gp_augmentation
9464.897920040998,35.57270382230904,-0.23012881461982532,4391.284234345916,0.056326418727640847,4362.7130570086265,synthetic_gp_augmentation
8300.109877244404,1645.912697399365,-0.4846765551246138,7681.374656358764,0.24130192520524246,10855.309966554996,synthetic_gp_augmentation
14051.09055954058,2063.70960451956,0.37155947880506535,262.8325286847755,0.12794027309749506,310.3895921441967,synthetic_gp_augmentation
2040.037416619127,5617.8583132932,-0.08866556560548772,10328.83828315054,0.1972588832940394,8790.313130437693,synthetic_gp_augmentation
1916.7818312300162,4074.513421360754,0.7091413976299568,240.48927136087943,0.1492242481885617,300.34503476682085,synthetic_gp_augmentation
4875.082739055951,5979.579976729305,-0.10307467853664365,10048.5863107852,0.0696353504779577,9024.247848347532,synthetic_gp_augmentation
6956.317993200777,4102.9375902677,-0.28779386294169534,12617.3166561031,0.17998783221307946,11698.566667189427,synthetic_gp_augmentation
4846.821755159019,2619.076885572808,0.8446265168060452,50.936194504878976,0.20011520878928044,71.84903790181616,synthetic_gp_augmentation
12234.674610084376,829.2851736695148,0.8506878171563133,107.35094807432165,0.08523332886940632,126.70386541553329,synthetic_gp_augmentation
1447.918410078691,3206.2406427654537,0.7997399836347796,75.30721801519395,0.27450141032267833,68.56666345678157,synthetic_gp_augmentation
6679.416977157946,4411.634465454229,-0.2734329862517041,10973.4204620918,0.15900826864145653,11815.447562872878,synthetic_gp_augmentation
12396.730681401896,7509.099225524981,0.1444772039584119,2500.1974290531525,0.06433930773218229,2324.7746401196896,synthetic_gp_augmentation
13623.934903029187,1917.7614165320094,-0.2141775526500107,4425.037374082842,0.15165254580699447,4753.120024893885,synthetic_gp_augmentation
11760.183088977277,5328.67951557347,0.17029656147304073,1520.9432524174354,0.2503593706960765,1690.9974744864849,synthetic_gp_augmentation
11614.64805781191,5710.024975378673,0.6828989858000889,222.91594206217937,0.27705819304346724,268.16612051521685,synthetic_gp_augmentation
10934.093611331396,90.72701715183217,-0.49416984802522,5659.832888825165,0.057224511387656524,5325.066453214904,synthetic_gp_augmentation
3826.4294566714675,5247.359599436925,0.04530475537980727,3769.2015973840457,0.2826608635474281,5043.491154486542,synthetic_gp_augmentation
8857.066386030781,1305.741253716195,0.8916961619574659,105.2814598973469,0.2556511908161074,145.39663202106115,synthetic_gp_augmentation
12352.688388951068,1442.5955710465867,0.3250409465410491,1026.1713837461016,0.1097385183100188,950.067563616288,synthetic_gp_augmentation
5142.218523814698,4471.2610665166185,-0.08532569842286747,7128.194326172322,0.07657025494359053,7335.86363184456,synthetic_gp_augmentation
10498.17303279921,3003.2923672696993,0.04459196405846799,3320.790430428743,0.0588121291963981,3122.3005196493127,synthetic_gp_augmentation
8100.225730025818,2471.111060450063,0.1266378020426081,3135.5504718301763,0.07853681744915925,3016.633437773433,synthetic_gp_augmentation
1531.8751007363396,7627.736396226602,0.12228128702828966,3180.8050390316007,0.22597904648139946,4392.3732913991935,synthetic_gp_augmentation
10692.852928355538,2325.2488006551102,0.20960862727644902,1386.576411761163,0.25169818713587494,1602.6332277031354,synthetic_gp_augmentation
13864.42386213687,4336.379397883999,0.15030841006925255,1234.8095579949181,0.2454849169109918,1659.2797263128114,synthetic_gp_augmentation
2348.7574796112185,6834.844444326762,0.22255915893907774,2945.7637288956303,0.2470586177533264,3194.314643168917,synthetic_gp_augmentation
5921.080029241545,5313.44649808657,-0.4608154695447438,17722.47850561238,0.2719589786424251,20199.37168971337,synthetic_gp_augmentation
873.8125319692767,2582.215575853765,-0.42380234493185936,28602.43011788216,0.15329217976827972,21917.665588835036,synthetic_gp_augmentation
571.1469870246185,4419.493466934555,0.019601562491168845,5657.365316104181,0.1464548858008692,5828.164030166588,synthetic_gp_augmentation
15835.570097080727,663.9290098618194,0.7389181899387554,121.82281423641572,0.08635886916569761,160.47128520168417,synthetic_gp_augmentation
7946.196982071516,4365.491221661538,0.6071652247622177,313.6957207552236,0.22224289969361694,394.11747236727007,synthetic_gp_augmentation
5752.752396300418,3451.1127068283354,-0.3457849013238106,14874.614924733578,0.13311681037626888,13669.484791134368,synthetic_gp_augmentation
4470.545518337801,6063.469656587553,0.19276334224068725,3941.811232005048,0.12382263136976229,3265.1294225086885,synthetic_gp_augmentation
15682.20105462485,6783.222745072937,0.3464221793694189,1987.1165345195423,0.27961049604155197,1556.9927405103358,synthetic_gp_augmentation
4110.78748979477,1596.9321731795123,0.17366493996912546,4070.7825702477176,0.16239433553478969,5023.49618015795,synthetic_gp_augmentation
11638.763492230119,652.2872436861045,0.47659329177068543,1336.9082439024744,0.0774910701047733,1340.8827120670517,synthetic_gp_augmentation
4611.753723314348,3124.455849958685,0.8961684213253296,40.39769971152868,0.2151610613282617,41.39195478931386,synthetic_gp_augmentation
1220.783135175014,4273.203265604377,-0.3649362180879602,17494.4913651579,0.2855798465722152,22762.448550365803,synthetic_gp_augmentation
10964.098170835267,3014.4155865201806,0.22174764403980296,1499.9147418815433,0.07441704282096269,1270.9427259059096,synthetic_gp_augmentation
125.93047731485149,5028.489367984641,0.21732004814757455,2463.2651295044984,0.07615640382244031,2550.470188004849,synthetic_gp_augmentation
10844.401333813055,4045.2102377526007,0.28733031682295507,1009.3617317839788,0.09736897315436119,1097.5877983408984,synthetic_gp_augmentation
4080.9879239381876,7493.008277320718,-0.26624556162385926,15747.835259142146,0.09658533932836266,17121.963401074154,synthetic_gp_augmentation
11963.057289936869,3275.128986556744,0.3937009073849066,421.7750786438759,0.27970003651865527,361.99056448147826,synthetic_gp_augmentation
12339.027660875325,659.9533835886593,-0.4379227083757132,6124.57058978429,0.08182089842220404,5515.371653223007,synthetic_gp_augmentation
11613.305097198852,2415.4801691318166,0.5375728817045504,104.67858103027172,0.15429570162869502,112.0875829359192,synthetic_gp_augmentation
489.2867193350052,4847.150898905956,0.428423335896157,1298.9854538689426,0.23446269265424569,1385.9971533012072,synthetic_gp_augmentation
11289.412252335918,2048.200788856689,-0.03740686422227163,3756.7216782350183,0.1062057369232201,4082.885267473562,synthetic_gp_augmentation
3957.743359557404,2716.579872178807,0.6602897357396493,218.09167303202082,0.2759274045131364,264.56051880374696,synthetic_gp_augmentation
4460.393298382883,5969.134239272441,0.2553498890616325,2749.052356327971,0.08936052380001114,2702.165976717311,synthetic_gp_augmentation
2650.309200391681,2803.0130707822395,0.6621269012195918,201.12767246771213,0.2687413302236306,234.83632878881247,synthetic_gp_augmentation
10603.280440522369,1563.904318083935,-0.3068318078087394,6689.149392756522,0.13295299699330473,6907.394251918511,synthetic_gp_augmentation
12104.919402259196,3365.0956173368245,0.3274848458651979,408.6713299618126,0.21782451514800222,553.501469906302,synthetic_gp_augmentation
690.8545229277792,2814.717543837009,0.31320069135612927,2274.001503998265,0.26095094783908607,1926.8204779788803,synthetic_gp_augmentation
8904.817298817095,7920.199312985407,0.41412324040729953,1507.9043296001216,0.1851113072431649,1616.494077584294,synthetic_gp_augmentation
4924.742068529527,5434.266822494912,0.18884467862817989,3534.7404667156507,0.12670152338185917,3134.3951867220385,synthetic_gp_augmentation
14033.880243420523,7310.3045331588255,-0.39166595084265865,8163.384402191604,0.2718529697795466,9615.759440837737,synthetic_gp_augmentation
2687.7205368677164,5032.492618911067,0.17106390473548927,4246.513200177327,0.0870522625282747,3901.489279385243,synthetic_gp_augmentation
5890.695881143182,1995.027799358831,0.6029121416812,660.1426482840264,0.07238889381489624,589.1875437881465,synthetic_gp_augmentation
13593.832125642537,4859.2807626662425,0.002052284710970187,2855.1812968270588,0.222719548255837,3198.7258291171265,synthetic_gp_augmentation
3131.2198300352807,3215.010688520929,-0.4620531317106814,16258.729069892954,0.279396261463084,21448.41184900126,synthetic_gp_augmentation
1357.199920150496,7834.59665096324,0.45500992258414674,2013.858525325492,0.2958241537529768,1763.7038044523292,synthetic_gp_augmentation
7878.742168320841,2228.728108758821,-0.37958680067976586,7945.437713649676,0.29366630936949184,10465.224299038795,synthetic_gp_augmentation
1297.7575328866842,3751.4811718264864,0.026350732164947877,6291.806891195445,0.28297759264720923,6263.15624115062,synthetic_gp_augmentation
10878.667002478076,1278.9363655936024,-0.3136168309988304,5751.421593936179,0.242995372419469,6389.349911908611,synthetic_gp_augmentation
12670.563675984044,1428.3535894839101,0.16630002842366476,1597.869558926759,0.12694128815775527,1779.3206170641515,synthetic_gp_augmentation
13612.750917124165,4827.875392686671,-0.3018811115190772,6489.350162071859,0.2555738015739294,7007.283030543305,synthetic_gp_augmentation
15702.069786829421,6008.125665221717,-0.34734823498640555,5590.592459358989,0.17425375149024525,7083.39126643466,synthetic_gp_augmentation
10785.049984563431,5091.678988934762,0.4769183086999037,528.0999250614996,0.17105895385191697,584.378590199645,synthetic_gp_augmentation
12328.084430056322,2634.2719832237663,-0.278797775908185,5833.023571354007,0.21529378846193584,6836.502358199414,synthetic_gp_augmentation
8141.5566253091365,476.9453805201582,-0.2832858875826415,5870.690128931024,0.062061228934454225,5916.882308462181,synthetic_gp_augmentation
14612.516728779907,3762.110897189537,0.3295268456525553,728.5657214827085,0.28391767904674503,706.814276795774,synthetic_gp_augmentation
10335.758276971455,4034.157224751712,-0.4389686638078121,11134.991459279194,0.10219413846873637,12318.568659442635,synthetic_gp_augmentation
14148.46735939636,6165.212863678548,-0.45381031967973007,12303.249498401414,0.25199257304910605,9239.900686289362,synthetic_gp_augmentation
3843.6870705207057,5122.316498335638,0.10402477652594921,4272.269329431538,0.2037254459634971,4193.807047742785,synthetic_gp_augmentation
7998.130713417222,6970.069020807895,0.011133676514383017,4861.373260449421,0.07686442646526438,4274.521253170855,synthetic_gp_augmentation
11704.120844914483,6263.863029560734,0.2624671630316936,1745.089448665763,0.28088998003827087,1686.2224898592706,synthetic_gp_augmentation
3323.275897546664,2927.0222704875746,0.8908784642063476,33.69960455282882,0.17112271045750194,37.624723976588925,synthetic_gp_augmentation
3460.3027128654544,5057.771388197586,0.10858909443610854,4242.271389511049,0.11867393736827918,4310.694875889037,synthetic_gp_augmentation
15650.879572449636,5978.292235641013,0.3064817284400678,1597.0079039047534,0.07275670566575315,1525.1703833722913,synthetic_gp_augmentation
7010.304735721576,7655.042953381959,0.7869410766506371,207.4116717664514,0.2610747494744026,218.8323022726695,synthetic_gp_augmentation
2990.8657014879695,3378.8173009779666,0.1764507442299369,5373.247005579436,0.20033153545444746,4464.521392882668,synthetic_gp_augmentation
6418.280757428217,3141.3106822530735,0.26811355031982476,1930.15749835925,0.22224453581794484,2334.6525543324806,synthetic_gp_augmentation
10007.055593776517,5902.625430958296,0.39209014695311606,1232.6001505978809,0.17105819222580212,1116.9651212741012,synthetic_gp_augmentation
14775.933078859265,7295.945370484458,0.8055034163880388,167.65216610235296,0.3202303015712733,138.1862781607375,synthetic_gp_augmentation
15786.782207161248,7353.808125756601,-0.49901472435523675,11662.762165678027,0.2527686413591988,10240.480370580955,synthetic_gp_augmentation
10462.01026668669,1256.7001391000804,0.7613158449527657,67.04792196183894,0.23855021220180164,88.61657952008821,synthetic_gp_augmentation
11228.765536683823,1632.7727809670307,0.19676882751985425,1704.2622731697322,0.2045928985430619,1967.1869750323187,synthetic_gp_augmentation
5217.083798175766,6039.43560631839,0.34947011693817565,1837.906735534689,0.10647809654598442,1743.376493889767,synthetic_gp_augmentation
13728.82166763511,5048.079087539216,0.13008116074751597,1777.4518883316302,0.10234131234883449,1911.714347461571,synthetic_gp_augmentation
3562.9935300030065,7240.858294839638,-0.134713918906747,9144.42640856215,0.28814694527316087,11508.540060796182,synthetic_gp_augmentation
1791.4523240443846,2510.4044753242833,-0.4075899338363076,19787.46579677365,0.06450040151573425,19762.310561862454,synthetic_gp_augmentation
15574.770242552648,6784.166489170104,0.8231759932765774,83.98821398357241,0.4195955496100635,111.3516101997968,synthetic_gp_augmentation
13839.804961446463,5470.206855870879,0.3734266887846305,1030.7503683117884,0.08879665481187231,1013.616881157057,synthetic_gp_augmentation
4927.9576391563205,1563.6504812527958,0.7228590324465345,504.3390387138975,0.12019527713578294,518.7265486844051,synthetic_gp_augmentation
10835.214390458683,1011.9549519651141,-0.09286840372316829,4586.777561147567,0.05820792194191184,4541.5127531912985,synthetic_gp_augmentation
7525.591882869872,5621.788816068861,-0.1108014711216973,7687.764283389312,0.20189208056850264,8210.666226127047,synthetic_gp_augmentation
5237.738477712987,1267.692101794144,-0.029901777409794716,7219.116714522938,0.23495499059716957,6699.047867573463,synthetic_gp_augmentation
4659.709951088688,6354.632317945186,-0.1765464794848292,11279.87152874454,0.22796584352299884,11869.456200109049,synthetic_gp_augmentation
2262.836379012413,4456.760321018538,0.1971589987384842,4109.637727692318,0.09463114962755903,3795.105790062011,synthetic_gp_augmentation
8834.157508185845,3814.936499702318,0.8107381660256816,69.61839256971926,0.2636921459745446,78.24249804363753,synthetic_gp_augmentation
7200.887372868374,2204.232287371357,0.7264877402819745,242.32023193083396,0.27072948756571535,205.91875415821488,synthetic_gp_augmentation
3524.1789629225314,5777.336887284211,-0.0117325478435652,8116.739577154629,0.27779962585922,6552.10071723682,synthetic_gp_augmentation
15023.909665294637,6224.509177319016,0.3563629238689815,1143.8035985172182,0.2800359614142241,1346.6268651128362,synthetic_gp_augmentation
10253.60002165561,6149.687421322706,0.3571613868706589,1039.8186614842978,0.23191430480537156,1339.0230941400453,synthetic_gp_augmentation
14403.650452395055,4672.124617412773,0.45726972460562076,424.6144633878487,0.2508939638741019,568.7494960946458,synthetic_gp_augmentation
1837.4115399208115,7517.590735671023,0.24984003616403672,2692.24909052617,0.06866455309192661,2973.6095536418825,synthetic_gp_augmentation
10003.33035711318,4670.572027061415,-0.4625426357106165,12245.722734407922,0.256278348974045,13896.553305750085,synthetic_gp_augmentation
5361.64039905002,2189.683539382938,0.8632849795667732,101.18523704845708,0.2638970876999255,121.62079723152488,synthetic_gp_augmentation
4313.838762309353,5895.071247856348,0.8275456580431113,128.82743299892596,0.18410750891163905,129.7588484332771,synthetic_gp_augmentation
4439.646255321804,2678.139373116844,-0.024664158574375372,4952.508299346172,0.25451478876908257,6517.010872725708,synthetic_gp_augmentation
7210.463542284209,5829.6859611734235,0.24892918563861177,2461.226369115253,0.24957505578993608,2053.9244611993627,synthetic_gp_augmentation
5282.821284191372,7621.6540705186,-0.049267313278690994,7317.269209483468,0.21874800692361254,8271.030506700597,synthetic_gp_augmentation
4413.257756057062,3514.4594942300705,0.7725090654952027,137.3617634363483,0.0673838614225507,152.66194533650955,synthetic_gp_augmentation
10411.345544641692,778.6051430371357,-0.09717326356746936,5189.017554476211,0.08092592761233533,4681.727703532012,synthetic_gp_augmentation
943.2147095829629,5332.371850635489,0.47133582542008057,1516.7074819893433,0.2477547708499804,1297.3437247484544,synthetic_gp_augmentation
5511.784072421707,76.18425356388502,-0.2549221951524143,5235.206079261351,0.06874389947463176,5722.800015122668,synthetic_gp_augmentation
11067.05625845355,6296.028170178374,-0.3526479684926583,8599.669555355873,0.272995283303137,11904.044080680285,synthetic_gp_augmentation
3290.599344065388,4555.537284621498,0.6823574567128752,329.98519679698137,0.14151348504955735,413.174696963674,synthetic_gp_augmentation
114.7250970293382,4131.268351477727,0.898991615242068,60.422888736132315,0.26830867819174964,44.66512352267278,synthetic_gp_augmentation
7632.907254122006,2590.2181743681813,0.3717562613588926,1229.465172896662,0.16007211410657862,1406.546282351678,synthetic_gp_augmentation
4439.743007220912,3322.3796849911614,0.6016356266512415,443.01343647809125,0.25482849381374273,463.70988752629876,synthetic_gp_augmentation
15917.374451012349,7159.274255324533,-0.41075811642361765,7893.541445700076,0.24978373660630812,8838.818559032974,synthetic_gp_augmentation
14702.499761105766,1082.963678302744,0.6331561294843158,201.2993880015595,0.14240547005856571,173.25031769581778,synthetic_gp_augmentation
3519.705349685714,2598.1167734926667,0.5617313573885578,523.5559525663052,0.17128255053986297,479.57560806617755,synthetic_gp_augmentation
5029.0386674315305,1538.4034235952352,0.24135813654693627,3902.962880819578,0.08499683682854998,4157.219451514077,synthetic_gp_augmentation
7472.902858069969,3417.0958138990554,-0.4678182339550399,11649.216876936895,0.1875891109553471,15208.54231127536,synthetic_gp_augmentation
13526.175391881972,1067.9873529853694,-0.21692422726547017,3824.516250375988,0.11144954042289934,4363.805040785947,synthetic_gp_augmentation
2107.2388414038865,827.7391406765977,0.817711116300524,454.24331751627506,0.08723163991763279,549.106514536155,synthetic_gp_augmentation
2078.736688738799,5322.096748938166,0.3938843538660667,1700.3177705443497,0.2551393960079874,1638.0092957149907,synthetic_gp_augmentation
6726.0428369153105,2141.6825989521876,0.2141296585483573,2589.6649329372344,0.22161198669733476,3081.482569936089,synthetic_gp_augmentation
13934.516694858976,3777.5199748613018,0.18379698856814064,940.3325824805273,0.27920745072064956,1324.9963334029528,synthetic_gp_augmentation
1807.11701001583,5841.789435805753,-0.046917665449548396,6803.711492903449,0.23917400785697437,7615.121079512124,synthetic_gp_augmentation
9231.32687865227,7586.207914146595,-0.36766527470079946,14907.407350171205,0.1741556679608504,15240.082688335599,synthetic_gp_augmentation
2575.2356342892954,1773.9622991439674,0.4478606309056786,1448.4643555141195,0.2728064413133652,2002.8615346409358,synthetic_gp_augmentation
11009.456029044246,7625.225661702626,-0.0393775889345247,5598.450364464582,0.22272789039323698,5252.285719331163,synthetic_gp_augmentation
14671.288642069612,2602.190408091472,-0.044170028225540836,2822.8142860251205,0.1770318802453348,3111.118051159239,synthetic_gp_augmentation
7330.831750361938,4462.777336415213,0.13660133053178147,2403.4799786588405,0.08993076648231188,2419.655280702035,synthetic_gp_augmentation
9310.141714723273,1594.1489285215491,0.7903835417299778,109.41097437516989,0.1738371048545007,114.31709082394573,synthetic_gp_augmentation
6595.41505516009,3558.111499461021,0.6857585910414967,268.482133877552,0.11779441039571086,268.5430092824972,synthetic_gp_augmentation
12993.290162109968,542.6198453124007,0.8875236633622858,128.78406752862617,0.07953866303487482,163.65602199811576,synthetic_gp_augmentation
5511.476976429565,5576.43020822416,0.8503683143029275,112.06736160912035,0.17300335672095304,94.38279138793754,synthetic_gp_augmentation
14010.86548751417,3332.9289577958275,-0.05976251670102878,3768.15079628666,0.24742793866085439,3565.234439496839,synthetic_gp_augmentation
4451.836481393079,7133.156261116727,0.032837142153099186,5246.121711258778,0.21791946601331177,5203.973997562279,synthetic_gp_augmentation
2604.5304106301064,2191.9351085851035,0.4775611864201019,1161.72880336266,0.2637422084757638,1000.7127793716188,synthetic_gp_augmentation
655.1610899816695,1128.3187574627602,0.8914444395443002,117.07380345904633,0.16611942527816345,113.63095437730053,synthetic_gp_augmentation
10595.870378724288,2462.4654389774314,0.24408029514323581,1421.946538991447,0.08541777465146232,1376.8135565526175,synthetic_gp_augmentation
2362.299359049818,1454.252887626299,0.4361804369825185,1953.3683995552065,0.10562869682745044,2658.859455292662,synthetic_gp_augmentation
1870.7030673067486,751.4973737533239,0.7798048311371908,562.4729414926047,0.06669873248557619,743.6838907348663,synthetic_gp_augmentation
1333.0716207573153,1865.3434660739636,0.3357563195847615,3362.1536667644264,0.21181377677499474,2911.8390001417865,synthetic_gp_augmentation
14006.70304830274,4582.515296568381,-0.07949698118956988,3772.605091000159,0.14936061549406646,4381.8743212208165,synthetic_gp_augmentation
15111.430336394798,7835.349782682223,0.3272899529468508,1380.277789731132,0.2976041025991219,1810.5333201658427,synthetic_gp_augmentation
840.3223124877018,2527.6945622362528,0.549582118189184,362.42345628303906,0.09035853206748143,408.23642416083163,synthetic_gp_augmentation
12185.14132654229,279.5542217338305,0.22182835053724603,2404.2884748921774,0.06213681609256552,2510.2097818986704,synthetic_gp_augmentation
11820.712772803445,1142.5809151713643,0.5914894176019743,172.26372544712288,0.17277770635294115,195.8820682291251,synthetic_gp_augmentation
15950.859851299643,954.5760752893661,-0.40254173437614127,3881.333636698546,0.2084445405963244,4395.606166795514,synthetic_gp_augmentation
5631.143521364984,3706.2682176418866,-0.030471568600567767,5095.98997513721,0.2718098170940898,5634.692398565659,synthetic_gp_augmentation
4639.592967877617,5957.204557285018,0.8437395076896554,89.36295394021705,0.10174676606026278,115.68877760935473,synthetic_gp_augmentation
7304.005720876253,2371.555086254867,-0.047177821708121015,6738.769261546815,0.20797236912030181,5807.3055370539,synthetic_gp_augmentation
13719.545316672129,1166.7421667507458,0.37059742254182004,909.9947831866332,0.19226346103863448,699.2021019133199,synthetic_gp_augmentation
11684.638916352591,5126.134130631415,0.22783866073354342,1334.713094195999,0.20646867219283188,1411.0980657793614,synthetic_gp_augmentation
7598.8186420832935,2409.4416707939395,0.8112736186518006,104.914251742902,0.1615481519996686,110.25148661646686,synthetic_gp_augmentation
3988.549208245384,4601.362794497862,-0.272119373031527,15050.490329783135,0.17779138304285394,13846.180324617631,synthetic_gp_augmentation
11659.550286167101,7470.292477382015,-0.08085666068633712,6127.068900175078,0.08393534673561197,6261.973377602734,synthetic_gp_augmentation
6459.224573973105,4099.932915890148,0.4326835626824779,756.3450714931543,0.17338585200162573,941.1501901426059,synthetic_gp_augmentation
10730.50858855365,6454.49530904973,0.26026910493666955,1884.58874953455,0.09761562322105072,1766.2853861620547,synthetic_gp_augmentation
6463.37113670791,5533.744899981025,0.052860548787663886,3754.9488681165144,0.08881583892897081,3558.124146635003,synthetic_gp_augmentation
7708.045666449609,6011.825398233486,0.07584160622871405,2689.226033555008,0.05908330945700858,2818.8834974011083,synthetic_gp_augmentation
15642.345147650005,4288.496863218121,0.8007377409811913,67.94350290009334,0.28780630999854556,64.62426322276032,synthetic_gp_augmentation
7165.421985947894,5751.116643587579,0.8610605523031905,79.41944326357859,0.2953776766265273,81.21283486769225,synthetic_gp_augmentation
5542.808599336934,5581.186160908445,0.2658112085444728,2058.6474485346343,0.14815930963803042,2341.3384044407067,synthetic_gp_augmentation
6040.097002911021,5360.461312237481,0.35384452332383753,1480.0873215837237,0.22109499122220158,1471.5055137748054,synthetic_gp_augmentation
2228.836203065388,3057.0775371413088,0.418910900699493,851.7655824126958,0.12494625052418516,939.1965710298052,synthetic_gp_augmentation
6903.51878455003,1245.855730821698,-0.3394936089445978,8565.0200834112,0.24620373386921915,8562.648378942062,synthetic_gp_augmentation
2760.9805820456772,2761.2977529256123,0.8194021533758329,55.89948235572023,0.28687997154070977,55.96875305932131,synthetic_gp_augmentation
5607.867260993098,2030.6499232396477,0.42530810183508694,1912.8866858342876,0.07900285979546448,2021.4382841949405,synthetic_gp_augmentation
12717.88621532654,5305.460097625251,0.7178841805053586,178.8523769376105,0.278034839959623,177.62810796263807,synthetic_gp_augmentation
9829.124479338896,5251.918706806951,0.16460290104686426,1480.768554521655,0.2818718758135761,1778.8373093752823,synthetic_gp_augmentation
14428.784566052944,4105.782358726307,0.4643988938115471,379.60329492244324,0.18467715740689453,466.8210302715318,synthetic_gp_augmentation
3181.3025430813614,2067.1701129681833,-0.3901578060251304,12416.18328169084,0.1291650515497245,15289.241827753762,synthetic_gp_augmentation
5581.782484058674,4173.814274425783,0.07027996693646199,2946.2512719102283,0.25256159179112175,3645.6786113906633,synthetic_gp_augmentation
8155.11712218167,3186.0131533974077,0.8891303022048351,33.862616352733106,0.2671202445780705,45.36044368763619,synthetic_gp_augmentation
2463.0553968027702,1862.66113742432,-0.4837005683252454,15961.762126803136,0.2434799854240144,18982.467751036293,synthetic_gp_augmentation
7204.061880580046,2360.6256727503105,-0.12926848158157112,8515.343596069632,0.22049653742972544,7002.938126271992,synthetic_gp_augmentation
8734.76044907295,760.9375141871748,0.15078801466532965,3829.770381883447,0.05655166601047334,3825.0613658820107,synthetic_gp_augmentation
4350.590159875402,201.1960087218645,-0.18788161752440913,6560.512844974904,0.06686584994536195,6487.778678166063,synthetic_gp_augmentation
9837.883693903646,7785.034495974834,-0.46230892201928564,19624.954937559276,0.32367753235399394,17155.31767763027,synthetic_gp_augmentation
1215.5455818148366,771.2794749273231,0.25536023374747807,3651.2049016265128,0.05966991959266649,4139.602906003447,synthetic_gp_augmentation
5452.051833691718,999.0987608852002,0.4091580526555304,4124.613348637633,0.06404544119877074,3337.300429804486,synthetic_gp_augmentation
12888.001641163433,6967.712680637141,0.08248688539735838,2663.328526933976,0.08115272359602678,2757.1548232087503,synthetic_gp_augmentation
4222.628334439672,5308.041885754064,0.017829311563674954,6394.686615266288,0.26551920084176045,5306.829654682193,synthetic_gp_augmentation
9722.311915048944,3488.58024996261,0.8798547842512789,51.18886823481566,0.1276471343545961,45.919390214571465,synthetic_gp_augmentation
6619.47244799396,5192.1872458067955,0.16853993250823707,2186.8706442122193,0.2648369474275627,2518.241503550505,synthetic_gp_augmentation
5131.716264402424,7479.878588243282,0.6172972345383638,887.8647870527257,0.06947759521345175,895.6487096489211,synthetic_gp_augmentation
14666.493837769427,795.0184914856475,-0.09795615892587706,3115.4470440571627,0.07525111368518561,3172.681618421493,synthetic_gp_augmentation
5557.8613174780985,1949.6882174026578,0.6622635543005648,483.2536940397293,0.12514459919068086,455.9089821757559,synthetic_gp_augmentation
3863.1468336435914,6882.403227765927,0.6531795648798555,682.9040613663531,0.19880796342851353,710.4271920452684,synthetic_gp_augmentation
14557.890918680301,6245.114762408856,-0.1252170299797674,4800.852059894312,0.28355602428041415,5152.293210097482,synthetic_gp_augmentation
11960.515259379457,7954.053772457526,0.41819693299838756,1331.3757266682505,0.12347004438063854,1506.5883703649254,synthetic_gp_augmentation
10940.615447801338,2511.27052057754,0.45482096736229105,226.4594172790881,0.06725669315260595,190.09659719111045,synthetic_gp_augmentation
887.6055788633254,7559.091177108361,0.11966174052120471,4347.771572654123,0.12259259621361702,4217.158058499766,synthetic_gp_augmentation
10249.60542457364,5720.745529483946,-0.07036063432421513,5234.897481567962,0.2771180910028228,6240.4402148582185,synthetic_gp_augmentation
3429.9821007675373,7061.943580972692,0.177980574764662,2903.3298339193216,0.12928540733370342,3523.1728398727473,synthetic_gp_augmentation
3687.6439715227093,1366.256762066894,0.8862123881617066,238.87531828329705,0.19819991669521078,239.45808065155484,synthetic_gp_augmentation
12488.30239396341,1645.1092402816023,-0.24985405968580093,5478.00087118552,0.21841166431391493,5522.683250656079,synthetic_gp_augmentation
4646.2066865073875,4647.669184258773,-0.2931041891758511,14096.759307846163,0.2301472069603188,14282.905450290475,synthetic_gp_augmentation
1238.2381042154643,6750.598160284113,-0.3009218376443443,17861.802089713383,0.2841553985467462,22937.59945304002,synthetic_gp_augmentation
679.2679622267915,631.5962817768934,0.8973529805684004,308.8516332548506,0.08263892821785775,269.6925259184112,synthetic_gp_augmentation
7146.529997200076,6807.046478047228,-0.27612141276896673,17909.628906522972,0.2687461032415391,14077.134082432154,synthetic_gp_augmentation
9912.344385185872,2744.9642363607722,-0.23366506843528312,10195.796025115325,0.2816854060142662,7570.644723692478,synthetic_gp_augmentation
13915.275210929665,3249.8129117800145,0.47270121957039135,324.8543287406806,0.284489589107338,266.220671720376,synthetic_gp_augmentation
3227.097937983911,7291.8392368615,0.23788582765262822,2890.817608033765,0.2801072305237131,3074.0514509240675,synthetic_gp_augmentation
8523.829713428791,1046.3546126627125,0.8757367668346656,180.34626816580123,0.09569950445798754,214.87244465311582,synthetic_gp_augmentation
5889.322959647404,4594.195849410747,-0.4455275675502588,16966.81720005084,0.19503473828931792,18595.162947119705,synthetic_gp_augmentation
7772.345474803365,1184.8646450063338,0.3691492166682958,2071.3358533668265,0.20426332059969404,2620.613758458329,synthetic_gp_augmentation
14793.581918849026,7428.757040758731,0.3490570471622638,1352.2743063741227,0.14092692995844744,1621.5356297213339,synthetic_gp_augmentation
8763.777296448527,6383.4505082849555,-0.050257297799028156,8166.286475928453,0.19428259699954256,6293.004624789843,synthetic_gp_augmentation
6700.417708732008,1870.5541940886228,0.7592166581089868,222.46482612440823,0.21302707536311105,263.43271665438147,synthetic_gp_augmentation
15832.094516525942,2382.2261447052283,0.2740343885471216,834.1245719522142,0.19681069332590884,864.0337391409963,synthetic_gp_augmentation
1136.9291514026274,3052.1226237014203,-0.15512362457849938,9839.9342971871,0.1052491109529299,10374.277565665388,synthetic_gp_augmentation
14920.603829101634,3243.341402363492,-0.37629807731896076,6639.096009082403,0.31158111095524826,6630.25919425893,synthetic_gp_augmentation
8076.42328884118,6538.742869056441,-0.35003354904655354,14577.347129073918,0.10231573678021215,14990.797337620043,synthetic_gp_augmentation
8109.725770497496,4516.266842473523,0.7562609447780273,149.15328386203012,0.07502261348324583,149.41021507886975,synthetic_gp_augmentation
14759.232913831027,3423.594519133824,-0.14956773272621743,4675.226164266396,0.1431545039013911,4758.286472929608,synthetic_gp_augmentation
8166.451275529806,5755.557255490823,0.7698074222564399,127.44613361545105,0.28754545898152617,163.30007633055982,synthetic_gp_augmentation
7070.672739429366,3662.9190107504523,-0.33183492768141154,12387.56959284794,0.24677403656630897,12284.535385998142,synthetic_gp_augmentation
4432.568614663464,1025.9201350783237,0.8775093598139361,351.23939489846015,0.09791441478026401,418.678256445977,synthetic_gp_augmentation
10575.18659239699,859.9134741562269,0.666688699207233,412.816115086496,0.09415965890631674,478.441738981691,synthetic_gp_augmentation
9157.35694657821,2607.653438361374,-0.33727976176417973,8452.394692685219,0.1901126929123838,9495.151941025928,synthetic_gp_augmentation
3508.092447469751,4822.961900921377,-0.379520896057123,17145.36770768406,0.25852698114314804,20028.711546183764,synthetic_gp_augmentation
11379.665349475064,1078.7306211858754,0.6248120553901233,177.67241252100445,0.11191577090910068,175.3122554147647,synthetic_gp_augmentation
10340.981031652584,4401.073365579258,-0.3907072425944501,11008.411086706064,0.1728938175398236,11736.9144771109,synthetic_gp_augmentation
6417.608758883999,2156.877158469868,-0.1329466200553363,6641.407873628975,0.23672063555158723,7273.7621562607,synthetic_gp_augmentation
169.97465826645407,5563.307324866334,0.6217497329734789,808.0247775811287,0.13579506585156462,674.6998893878794,synthetic_gp_augmentation
7200.640287801385,226.10160941096512,0.770612017287654,1754.5343977401997,0.06988648197596185,1457.245939444439,synthetic_gp_augmentation
196.32406237100247,3752.1874518445843,0.5747128815621618,611.7721731002462,0.2865000315183509,524.535030255354,synthetic_gp_augmentation
1292.4759798547336,418.1131921138608,0.745849949054018,1242.2043959666453,0.10160980114920695,1159.2690710974475,synthetic_gp_augmentation
6946.697449445262,2644.062202202564,0.2838436382523978,2926.4113937939537,0.22494308661067022,2293.3247658340847,synthetic_gp_augmentation
1402.5261585467103,124.60115429503293,0.5914556268693114,2130.651657286609,0.06918936108867792,1678.5392679470629,synthetic_gp_augmentation
4483.080397215943,3752.7900846234506,-0.01813914011480644,5091.053274814037,0.2816240980973334,5776.192657603098,synthetic_gp_augmentation
10522.312760087598,6136.126947824093,0.5992996965944213,431.12716090720824,0.2199853605297791,534.248509062776,synthetic_gp_augmentation
5006.983947489763,801.7603019675565,0.4516372703942819,3808.036458266715,0.0782004324434534,3502.8684220859514,synthetic_gp_augmentation
15962.612646532016,5881.781535952217,0.3047620891226841,1875.372180575583,0.2023502701053067,1535.450612439897,synthetic_gp_augmentation
14669.202339248199,4673.562136738649,0.8892218489551498,29.8969978811131,0.2550057298007577,37.98270725896754,synthetic_gp_augmentation
9406.427482909827,4036.842185088161,0.1576913348247776,1953.1182028731553,0.09171579859795714,1831.3707140999477,synthetic_gp_augmentation
13901.4749814771,2687.1770538335645,0.21386796160938604,999.7667821660301,0.2613891211641417,988.149435264936,synthetic_gp_augmentation
5170.486449563744,5682.716430146315,-0.13528412459365874,12299.31185814856,0.25843381537341426,9733.260234076408,synthetic_gp_augmentation
10984.367647621983,2155.6783151495074,0.04895464122058957,3291.253939192843,0.23515300900397598,3169.1783999972504,synthetic_gp_augmentation
367.53243411991303,1184.7658059622113,0.2939361691361999,1951.331389450428,0.20807004366421286,2290.0395786776367,synthetic_gp_augmentation
4460.254176006895,3963.3569087701367,0.7457273805333191,203.92929264238845,0.0965660430270445,226.928535028494,synthetic_gp_augmentation
15290.577256727553,21.034080476140637,0.5607661092882066,666.1817766033188,0.0682665854070953,656.2511292932992,synthetic_gp_augmentation
5121.720612906843,1548.6940720667287,-0.3870880316001999,9344.144521190532,0.1010296440594576,11418.56906778689,synthetic_gp_augmentation
2985.1258392929067,5053.872926660845,-0.0023813799857584916,5506.922893025405,0.1183763716376213,6643.7633692853005,synthetic_gp_augmentation
3081.7500004981125,6994.892041625035,0.49667895986093225,1520.8989160460303,0.05768509814836238,1469.8984830425277,synthetic_gp_augmentation
7719.4909078069895,392.2263886881945,-0.27410046878361916,6120.712849098093,0.08170944965517392,6004.835026428349,synthetic_gp_augmentation
13498.122926661505,4468.422337394641,0.20481485418367762,1274.6256490281241,0.09029542494094205,1360.5329577313876,synthetic_gp_augmentation
12152.22806562021,5094.200160840244,-0.05512333233958533,5889.428563830434,0.16572771577210435,4529.331618942589,synthetic_gp_augmentation
7045.946919850611,7459.12784946197,-0.4093440782890958,16814.973862019757,0.09738542104344348,19074.5115868014,synthetic_gp_augmentation
3418.7574466476726,5241.150357159652,0.8960045229740736,64.41220330623888,0.3252722117189775,60.47976288055733,synthetic_gp_augmentation
832.4319116248387,824.261619765907,0.8011104393128048,269.9873976263667,0.07734451188486345,269.9425005167266,synthetic_gp_augmentation
7455.822079775424,1173.9539403558438,0.5465366160316563,1299.0826348630699,0.20064244510816526,1705.6017204040545,synthetic_gp_augmentation
13054.928041439247,5086.113031095982,-0.2185638306453157,8245.36403627614,0.15939893901727756,6815.458187176943,synthetic_gp_augmentation
6596.752205273279,7426.443799018306,0.3831091961524298,2090.2413916965265,0.1439021311188004,1893.40401694191,synthetic_gp_augmentation
9555.772483489845,7365.497606287088,0.8525056130142117,123.7988385569249,0.22435236357746793,114.40458634732774,synthetic_gp_augmentation
7036.3196830448605,7589.246881257707,-0.4403895297913828,16438.124918226178,0.17186168034599808,20351.612656256882,synthetic_gp_augmentation
9306.356145663827,2343.6208624975466,-0.25714099573076066,10207.899822694202,0.23760711698862583,7782.404607072053,synthetic_gp_augmentation
8328.333385857431,5735.599263682531,0.4481456392962112,780.3911934940173,0.28111642033716305,1010.7569666285082,synthetic_gp_augmentation
10927.368941990027,5304.111255478796,0.7700515956039429,115.79370422023013,0.27599567826741134,125.21029052654514,synthetic_gp_augmentation
8172.570612176671,284.8302507021767,-0.25390490209006567,5589.936048901975,0.08630908650931579,5738.797606109151,synthetic_gp_augmentation
15055.714870864182,2124.5206107702375,-0.056062464524825384,3161.879798016417,0.20336174584707692,2909.812225182927,synthetic_gp_augmentation
6905.648087148811,1654.1338374357472,0.3234482641120259,2432.507076298196,0.22567732172340987,2761.026085773744,synthetic_gp_augmentation
353.06921833140365,2966.46881390672,0.8995254282187239,20.06926432091538,0.09033689907781806,21.56324491830693,synthetic_gp_augmentation
3858.339213002854,7624.429732361799,0.619531121496312,1340.9580464216056,0.22237063647659158,954.0734192872991,synthetic_gp_augmentation
8695.092445029726,2347.3967309462155,0.4450175484368395,584.2569370753472,0.23356716412584924,580.1852150587065,synthetic_gp_augmentation
8882.91815006165,4240.252248794585,0.7283197789333131,112.39711937816571,0.2828886396096049,157.72446832056852,synthetic_gp_augmentation
11461.378362494306,1538.1289726932953,0.20986304524387933,1887.9758218038407,0.08500876729677534,1853.7402091275965,synthetic_gp_augmentation
4466.905467618693,2219.471938367506,-0.32617791108093097,10096.011367144716,0.2769851150463036,12110.656435945482,synthetic_gp_augmentation
10671.968496759488,520.0259921190761,0.49338038692409447,1878.4211749719905,0.07363447632242912,1746.3111726804811,synthetic_gp_augmentation
6494.48867642652,6708.012966427548,-0.11501271827511766,9678.994251067696,0.27359140234887647,9839.213584146317,synthetic_gp_augmentation
2944.904091937551,6972.414507418032,0.5978842170693004,1005.4074055015172,0.07654819098933939,1004.5443892643574,synthetic_gp_augmentation
6682.399282460443,1280.4751935497825,0.6485741139830825,822.3478168430822,0.23743212705156827,968.1166784990148,synthetic_gp_augmentation
12610.379038141496,5944.327569303898,0.009859878409137712,3033.836685684913,0.1116649558171507,3551.745160470264,synthetic_gp_augmentation
14552.670788243155,1077.6610626186587,0.7988731834323828,76.99222416508306,0.23067314600754013,60.985992426050224,synthetic_gp_augmentation
9538.44974195565,2989.720093966487,0.017638372116054235,3863.912980878632,0.06060363264605942,3714.733493672132,synthetic_gp_augmentation
10948.40652668973,395.75931269660816,-0.26686028548518925,4379.625123812641,0.06810787123302227,4978.808062550017,synthetic_gp_augmentation
11868.324718266462,1254.1096923636346,0.19232165857248407,1714.588889943335,0.23625907868980464,2098.515968339818,synthetic_gp_augmentation
5382.183182612532,2168.928799920305,-0.38819180930840835,9502.919985080069,0.25255238680282205,12720.58096370548,synthetic_gp_augmentation
13242.110997683792,1020.3386370735145,0.5057775616186766,321.95525110383096,0.05997687637431416,275.4565230858915,synthetic_gp_augmentation
1271.7637309996073,7472.770177650665,0.6131341974169793,1030.5836978056384,0.08181948891572956,1010.8683473908496,synthetic_gp_augmentation
270.98410984040584,2306.5535046969308,0.26925566577343607,3061.194669735284,0.2656620284133062,2734.6355489027915,synthetic_gp_augmentation
2055.235284849636,4009.3733160713095,0.7506878341722927,202.5648898609726,0.07777140143012741,210.47407403118413,synthetic_gp_augmentation
2580.5327304574043,7972.273903405489,0.8360010534447524,182.37595567171277,0.10573727698547303,206.38330040093675,synthetic_gp_augmentation
14074.971623868769,4533.141415449952,0.12661352279492122,1924.9152694058682,0.08877009827031478,1905.4828080850368,synthetic_gp_augmentation
6857.209065318365,3291.966199936677,-0.37522196448765743,12955.60772953242,0.2782813151755153,13166.484347194459,synthetic_gp_augmentation
4471.413902329069,7438.339247394281,-0.17623024650109703,13515.286272885332,0.12754280798906933,12983.681008737949,synthetic_gp_augmentation
6922.294344190428,1779.9820429328684,0.42066246119888717,1934.2274585077978,0.26992641462287476,2029.8107670036052,synthetic_gp_augmentation
6377.970193940053,1436.0059267096635,0.06809813626972294,6080.086886913267,0.11973878757887639,5143.108487584691,synthetic_gp_augmentation
4893.24052100947,4282.914952326269,0.459013151809502,1362.316550909784,0.27705336849015016,1086.546380927698,synthetic_gp_augmentation
2292.6033603502483,3418.413902651121,0.4334292606139044,1086.7120911154402,0.15286375166639654,893.5253323464234,synthetic_gp_augmentation
10529.055845384702,6375.88861852372,0.3475153912563992,1927.7987975764693,0.20427206039227352,1448.5034001669696,synthetic_gp_augmentation
2272.01000419652,336.080330434938,-0.2790344063414225,7776.854242776377,0.0626236274881196,7685.9489887218315,synthetic_gp_augmentation
12429.248797495522,4941.80659528976,-0.09971858552002821,4990.082393752926,0.11577029460535818,5570.103395058649,synthetic_gp_augmentation
3306.8394111592124,5685.433143183011,0.029006277164137062,5216.017870377847,0.2607347542211922,5673.279267785385,synthetic_gp_augmentation
11728.803783419655,7775.334086591735,0.6541851859042249,491.2672187230951,0.32516868451530123,533.4790755948642,synthetic_gp_augmentation
2092.683555413767,1969.9457496757411,0.40290797240384857,1712.008169832085,0.08876968973031489,1547.4787842289484,synthetic_gp_augmentation
1479.2577157792646,7459.545852553938,0.44099228259536183,1619.6752413475942,0.0967380973902999,1788.2048075750602,synthetic_gp_augmentation
15198.207053393191,5045.030763866404,0.20448291403195462,1618.7307945927403,0.10930882155728931,1628.4998645476264,synthetic_gp_augmentation
7462.444227366033,304.39226188409305,-0.4445155983447112,7561.4651458079625,0.13580633141449833,6854.751374974919,synthetic_gp_augmentation
10120.744370070515,618.7520180462318,-0.2184310375014536,4459.863834272569,0.08774220248380421,5185.886890838972,synthetic_gp_augmentation
469.8409979361073,6283.524485021347,-0.3035769818794382,20937.93621113534,0.27862704103084773,24270.36647545594,synthetic_gp_augmentation
4531.491870845804,4539.795987651326,-0.4104046698488051,23723.537065680302,0.09984079437524045,19328.537547541877,synthetic_gp_augmentation
8135.8227074942415,4523.323852950991,-0.05273269282338222,5541.083625400871,0.07213359026619576,5340.355500781139,synthetic_gp_augmentation
14190.871182891522,7038.925146490283,0.6028222683748876,616.270058807544,0.18250674103791045,599.3443658722352,synthetic_gp_augmentation
4415.886739273583,1928.7833549698262,-0.3388154748986739,10899.152761086985,0.1393377741217038,11894.890112254063,synthetic_gp_augmentation
12425.541985753642,1283.44785457616,-0.3440084760853094,6642.923770343211,0.2390597915083381,6069.995988592145,synthetic_gp_augmentation
10629.185559313359,4910.4475809766445,-0.32603037313187566,10588.388285383078,0.16137266043263826,10615.997196189855,synthetic_gp_augmentation
1932.8052081113449,7059.384781231067,-0.1222496322409824,10248.870703642771,0.12141571744961456,11074.957474212732,synthetic_gp_augmentation
4764.665247392745,2122.0051573409455,-0.21691000673332683,8520.122220426625,0.20113569816069304,9120.550147082653,synthetic_gp_augmentation
3882.038179374054,5450.354918330816,-0.48045443693696854,23993.003468983025,0.15126908526929356,25421.137823524594,synthetic_gp_augmentation
7136.188642415239,1219.0322548661934,-0.11289676098190354,4665.508695362615,0.2250017825117731,6417.356799978704,synthetic_gp_augmentation
10201.81446445659,1375.2695666331913,0.8948122505185638,48.681820578057135,0.2094980152057849,62.543712602490096,synthetic_gp_augmentation
6991.374112585256,7212.080462901899,-0.028918980001699623,5746.550229952648,0.2795816280047422,6364.023969470048,synthetic_gp_augmentation
3988.131554453715,943.7199592510028,-0.20423735523664827,7218.370923268627,0.07709131933607095,7756.285847368636,synthetic_gp_augmentation
11164.472414829579,194.76429324155743,0.19399950128904053,2990.6095058309834,0.0684042241199572,2784.695996544337,synthetic_gp_augmentation
8357.091127909502,2900.076388201443,0.2835032818489982,1818.5437212692434,0.1737261600280429,1713.4080169924532,synthetic_gp_augmentation
3628.2202760717946,6398.860359265564,0.7555778455912288,332.4664880399896,0.17729778336701493,304.8215827301965,synthetic_gp_augmentation
10918.853871370055,1439.4863326187854,0.7990869670985505,63.59018574605999,0.13337233938496235,59.318069981782,synthetic_gp_augmentation
6261.258515066415,5202.615532168285,0.49828576123730506,1174.7496013034374,0.27254943506176693,1010.8223807917097,synthetic_gp_augmentation
5879.138333707312,2508.226630701076,-0.19802805316366912,8519.9054776698,0.0649279422783982,8262.44917653019,synthetic_gp_augmentation
2480.7739114416513,834.1476851747532,0.16345796702282755,5534.269108912806,0.07946566707137347,5321.077891345934,synthetic_gp_augmentation
9589.713619352098,5499.968391760703,-0.07240756614295357,5949.10373139718,0.058188603405008865,6369.229058263734,synthetic_gp_augmentation
9682.364127689454,2549.313076407489,0.6175884567538221,150.04671317169127,0.10589642083792854,150.4317639840657,synthetic_gp_augmentation
5510.780234297801,6932.832834240566,-0.4591562471848155,24933.329447415374,0.13642460709640444,22958.86664408773,synthetic_gp_augmentation
13771.615904161992,7352.285201855207,0.4274883720827599,1150.3347459403196,0.24501236204213583,1287.3413456611577,synthetic_gp_augmentation
13542.78058957531,6792.414095367622,-0.04748244339822144,5038.816282176866,0.2744913413893522,4138.978006535994,synthetic_gp_augmentation
1833.9634730706578,2578.813979483695,0.17340641542773438,4137.8954717939605,0.14418101940696634,4599.599803838181,synthetic_gp_augmentation
11151.1103661777,1892.6609948772493,-0.04780704019530768,3868.488855291537,0.18279824623648194,4235.18377649654,synthetic_gp_augmentation
6361.972623341854,7142.405139262398,0.010706038161709674,6028.478759276893,0.22690733627326545,5004.146201289462,synthetic_gp_augmentation
15995.466131899995,3623.57587101169,0.44410769430998587,468.40732295429234,0.24765350219293703,489.56174877659794,synthetic_gp_augmentation
3677.875711985973,5661.917788464126,0.3336920668016504,1938.2782832290675,0.2424439599183334,1947.4493329859138,synthetic_gp_augmentation
4560.334866090382,6617.313611285074,-0.15827505602722897,10875.071788178768,0.19689789846747194,11462.799017001842,synthetic_gp_augmentation
7129.490083436067,2221.4932389425803,-0.4389073205933218,13062.074326236032,0.31019418869702686,12408.251512535126,synthetic_gp_augmentation
11102.694525545576,4998.620506746287,0.1892293542729424,1430.2404524216429,0.06655170850162807,1519.0060060161682,synthetic_gp_augmentation
7746.438983685541,4721.538046105801,0.3662223139488566,793.2324845619405,0.2778292058399479,1115.2410959720337,synthetic_gp_augmentation
3611.973474107689,2161.6005812686067,0.18389898144954075,4836.766541160803,0.24044986426596143,4641.830395397274,synthetic_gp_augmentation
8151.347704836346,4677.653771082738,0.3665162897062839,1414.4557260642891,0.25537102445886845,1076.043468131217,synthetic_gp_augmentation
14231.725485204111,6322.858035826744,0.3777614605180021,1431.246881401142,0.25541887772086597,1276.7009670991263,synthetic_gp_augmentation
12699.09078491584,2800.087858753019,-0.4789432485438343,7619.046942800902,0.29681917424054255,9062.72744662231,synthetic_gp_augmentation
8031.379898386454,1938.5417514045776,0.2465627632394518,2519.3570858524654,0.1207581182421192,2556.4335063891035,synthetic_gp_augmentation
4687.0323899569685,5800.00970887645,0.20295115646569295,2424.128650962368,0.2689512075970072,3137.535919328167,synthetic_gp_augmentation
14066.287747271637,7634.315502951362,0.5442346053948279,897.9029896353761,0.26085233842512895,882.6035201406238,synthetic_gp_augmentation
11391.654353929272,1180.686583339769,-0.169796882638716,5142.345704897601,0.2040719724117823,4904.268009725793,synthetic_gp_augmentation
14083.010870663327,6120.79048951922,0.6244225637167728,328.842840629555,0.2024941354805595,428.34845710024416,synthetic_gp_augmentation
2034.8755692480229,5615.199263447103,0.7111844518371855,377.3998146798775,0.20266481374389284,391.39529126488407,synthetic_gp_augmentation
10951.579647432885,2504.4290335230253,-0.1630273411589631,5782.278147833918,0.06396565780101894,5982.872810733568,synthetic_gp_augmentation
3545.7257673703884,177.54360950523295,0.4625637237305009,4450.20108374874,0.06896875959141355,3214.653118752536,synthetic_gp_augmentation
2017.1813121541932,4060.4039529555384,-0.4930690563125044,28675.00627946783,0.1204519140531252,28060.19576577252,synthetic_gp_augmentation
7503.175309110237,2286.15501188573,0.5096099417352267,697.4984592730477,0.27421458870173565,558.5211186429449,synthetic_gp_augmentation
15064.66038827045,7417.108617541227,0.6094763490556192,458.82955643822163,0.21750626723610816,622.2976986209143,synthetic_gp_augmentation
5251.27479335388,1223.7511364256734,0.050247561732297386,6385.730277650697,0.2268080389637866,5803.749511827597,synthetic_gp_augmentation
13056.945918926838,7473.859036724431,-0.008493981470905743,3725.11414847659,0.07402684653540331,3801.5343607163722,synthetic_gp_augmentation
12006.34930744668,4030.4536800859196,0.677098825192459,151.12180386122927,0.08052380156407694,160.1342206510467,synthetic_gp_augmentation
10719.989533930726,6706.2342084874945,-0.4458946229187677,15382.95562153501,0.2748478163026061,14653.409915931961,synthetic_gp_augmentation
14734.367520064947,2268.700571535283,-0.23796901837301632,3933.38065493537,0.2805124590393736,4871.693993468494,synthetic_gp_augmentation
6586.00105066334,5071.365312677881,0.07698041644261999,3496.1726152960737,0.14246585096451833,3131.869709129007,synthetic_gp_augmentation
6295.771857127564,4452.707165787334,0.3348734259480165,1506.8683448308109,0.10081399036755019,1463.4719492821384,synthetic_gp_augmentation
2659.064034945999,7393.328715342671,-0.4928424816361436,32409.888123537625,0.19132937491844731,32978.84222410068,synthetic_gp_augmentation
4484.6170003716,1434.3874147393683,0.3052067725343244,4641.6765138804785,0.11631433669785353,4012.978901073283,synthetic_gp_augmentation
7642.675913290751,7591.715195628357,0.38200286117994864,1646.87913012609,0.17446197863294,1826.2572286401014,synthetic_gp_augmentation
5527.517822832297,783.7169662888401,0.7697633754249211,1748.2268776212236,0.07747684851073877,1626.4485444373195,synthetic_gp_augmentation
3536.181675806521,5077.4597523519715,0.11722081627724001,3832.257571952692,0.14523889826626052,4200.239862105883,synthetic_gp_augmentation
7810.867978873479,484.512905722025,0.2764101006194001,3317.519182805586,0.05601468157802565,3551.6984581094766,synthetic_gp_augmentation
11494.979390386008,615.9264649648267,0.1479058858900001,3111.124016250735,0.08508234047098596,3036.0118195667615,synthetic_gp_augmentation
4658.403204767499,4777.189943213774,-0.3340691955037505,16118.532124548712,0.28072836006853596,16158.667301017667,synthetic_gp_augmentation
12147.692680921202,4410.943697232469,0.6103581828459683,236.14014023438227,0.16182145742803059,271.2678948562154,synthetic_gp_augmentation
10113.625618126203,4584.209590028742,0.7392740088033076,176.6095471691204,0.1538750203771295,139.47480293756277,synthetic_gp_augmentation
12622.244744381298,3789.216772399543,0.6360532137968713,188.92462925665617,0.27677303312164137,191.95128711110624,synthetic_gp_augmentation
4089.4630991111057,5938.874724652838,0.826635204092905,111.74267720461906,0.12326760395599104,133.41809729662148,synthetic_gp_augmentation
10133.34750125542,7937.508290919189,0.1552399249156381,2240.3651925950994,0.1532933009970255,2871.3657071774924,synthetic_gp_augmentation
2544.3909438725864,2206.2499711228447,0.4132504577038343,1866.6734462037316,0.2710694776446908,1688.5200828448628,synthetic_gp_augmentation
5884.372016417724,2587.5173385195876,-0.26432175301664906,8450.51045624699,0.15789819075311168,9938.492129537723,synthetic_gp_augmentation
11617.32550800054,2584.3963387457175,0.8675313696523652,43.19901309921135,0.15518946443804976,33.307105428004874,synthetic_gp_augmentation
10143.52733072098,6106.151570446819,0.3127756698235571,1562.1302050875674,0.18237986372722703,1513.4775255786305,synthetic_gp_augmentation
3086.985532866599,2784.124008989825,-0.13367164865876863,11125.406915755046,0.2752906167231831,9439.904299269474,synthetic_gp_augmentation
13747.648486271213,5413.896540661205,0.6275239897164355,329.0410729815937,0.20712542740366371,330.2882532132173,synthetic_gp_augmentation
948.2806192883918,3567.1004560954307,0.3210875640919909,2011.842381452469,0.12857744986755765,1667.2323110841119,synthetic_gp_augmentation
15742.745953682539,6632.122982439194,0.5779683306681029,466.1575148052829,0.2243364510534281,630.5998757348282,synthetic_gp_augmentation
8550.925236299703,4112.469500433645,0.7281707524956755,193.7583731872888,0.19593516025539892,163.75916108158034,synthetic_gp_augmentation
9563.377473706723,2135.796668842424,0.22423179548362582,1535.3573412484202,0.21523882551533804,1960.046762164836,synthetic_gp_augmentation
10523.946752149066,2099.298183276831,-0.3529804343065027,8467.79741584197,0.21010618285335572,8180.660010153795,synthetic_gp_augmentation
11088.999031146706,6748.56164574367,-0.4243557719230123,15879.303700132692,0.28406744170383835,13754.322565913035,synthetic_gp_augmentation
3722.1973022735065,3110.912214892671,0.8771831444998999,42.62893810213377,0.20587334955381575,45.14889654227009,synthetic_gp_augmentation
11894.95252580939,1032.861054679631,0.7828137401894859,76.00275651940312,0.08207275064750111,83.32764571563989,synthetic_gp_augmentation
3882.7671979628594,1919.74022341088,0.8379253177428694,135.3136307267278,0.15988300830219965,161.3578614118143,synthetic_gp_augmentation
15692.180374767151,4276.651739738049,-0.4126903111050459,5740.022850703289,0.3197624580831634,7071.525433492826,synthetic_gp_augmentation
3721.8163362831547,7330.30012663802,-0.1229780233259316,10569.036836790794,0.257186196089237,11130.244603801551,synthetic_gp_augmentation
3863.275657202735,2404.491988598237,0.7621593308716252,115.42725126609025,0.17364313770014994,138.486843103614,synthetic_gp_augmentation
3963.4752052088243,3252.478678481083,0.13200831695175685,5455.456256093108,0.2813973672166208,4446.643719377735,synthetic_gp_augmentation
5838.354416511399,7742.035826337172,-0.02219210564351498,8802.048378900678,0.3211187455984353,6886.330954051536,synthetic_gp_augmentation
11462.77856274653,6761.757395690832,0.7317906699008441,181.68575041855317,0.2903919573847218,255.71172669400067,synthetic_gp_augmentation
2624.1024250967353,1197.3436085975325,0.22530658527200642,5441.743252169544,0.2125818827892727,5119.753687536829,synthetic_gp_augmentation
2629.240901757286,4910.0262968021125,-0.09347614491033468,8045.407980654169,0.16124046463814276,8638.01266049983,synthetic_gp_augmentation
7833.098929939241,6334.913626752277,0.23402164610321197,1812.732553035849,0.24539525919245792,2118.6936728028954,synthetic_gp_augmentation
3974.778392300357,6144.082730961901,-0.34257531214296466,21786.050392542813,0.22945664480948047,19384.375477326896,synthetic_gp_augmentation
3846.961493547634,3910.7639340369265,0.5236838255790497,909.7381871390057,0.16515822784133136,855.3463763287698,synthetic_gp_augmentation
246.8988505543516,5854.651085392337,0.3656725762438743,2315.699240923301,0.23048310119653498,1839.4162044804893,synthetic_gp_augmentation
5990.148500047372,4668.692884743869,0.34099229348530924,1928.2205757857498,0.24799948942467162,1452.9197419271618,synthetic_gp_augmentation
5160.183818432612,1611.5598628176215,0.11298209421177297,4955.4228963541,0.18140148656824095,5063.9681446066925,synthetic_gp_augmentation
595.3773921440595,448.4291250920691,-0.08805818566841295,5249.293405872253,0.05958993175354005,4217.183212451377,synthetic_gp_augmentation
9977.607533597251,2955.9974404026975,-0.40846708617167,12876.26464793509,0.10668007659732583,10676.603789592085,synthetic_gp_augmentation
10063.81739385333,495.512015580319,0.8258455057792751,608.1627846165634,0.0597375406369204,698.7314807028788,synthetic_gp_augmentation
1225.7275012011764,3160.107231367137,0.08317549018246206,5075.724285820648,0.24141934891729408,5197.703234774213,synthetic_gp_augmentation
13977.607958726825,6754.353187228651,0.02607345671034189,3381.0576674185418,0.2832804884033154,3382.720671776902,synthetic_gp_augmentation
9356.456385088797,272.59137072014283,0.8830282909431488,805.3909860882388,0.06405686585696944,678.5316580791439,synthetic_gp_augmentation
7495.120662579126,5358.936700729958,-0.3659356853060832,15074.18120705501,0.241698061298613,14897.509148717863,synthetic_gp_augmentation
3411.6519115293017,3999.989559537599,0.3514450905901678,1836.6702104169772,0.06319109962717785,1564.7887112974304,synthetic_gp_augmentation
13008.915861256055,1194.867141843127,0.17848840311341208,2011.2148759418235,0.21293616076033967,1679.7696272754893,synthetic_gp_augmentation
14632.674816670384,6444.236941856746,0.610692849307497,621.7594303660238,0.11797068374304122,505.09806678524876,synthetic_gp_augmentation
5040.770257645665,5996.057104800068,0.7109003491269905,338.34699988306215,0.07882505970949696,375.75925217539987,synthetic_gp_augmentation
2653.902119471635,4865.007797055712,0.20368970329814107,2623.1081576805877,0.21752397197361464,3614.147182646926,synthetic_gp_augmentation
4984.49802475378,3155.541909850589,0.023037186505348917,4899.467266580477,0.23610830395906052,5010.909371886209,synthetic_gp_augmentation
5391.605416749345,5541.809630268276,0.4005915541075099,1348.299760411809,0.09387399324223518,1454.1571691452668,synthetic_gp_augmentation
10166.381219327704,7291.045509529623,0.5491857792305361,977.0409558400576,0.281906783862155,870.5055259871992,synthetic_gp_augmentation
3115.3774666151817,273.4595421331818,-0.18145249351435733,6410.387318416816,0.06038288295377973,6991.457017678388,synthetic_gp_augmentation
14718.411097447122,5021.435501402683,0.20474247180369431,1526.716100031193,0.07773585177962285,1554.227845240463,synthetic_gp_augmentation
1739.2815743564283,1745.3383761244786,-0.34069261849278876,18795.724690872914,0.27474119419591336,14661.385264966166,synthetic_gp_augmentation
13693.627545225478,3391.8490310669567,0.7346024462005225,94.40840595397427,0.21788496940079952,86.9163608773508,synthetic_gp_augmentation
11289.93994348019,3119.837342676238,-0.2973752243169832,10878.742102528553,0.19962016310642897,8145.768836832823,synthetic_gp_augmentation
5750.221938660376,1522.8488019796957,0.6358875525230967,655.8927414644724,0.06952839950094471,697.9663627943256,synthetic_gp_augmentation
9568.445323970876,6421.199491559857,0.02163404055425666,4054.67373656437,0.14599928533326667,3772.3124020074874,synthetic_gp_augmentation
3654.3512033438105,3036.164679421602,0.42892992576131883,892.6613680772612,0.10029247874421218,1000.8437315495217,synthetic_gp_augmentation
2777.3954134614783,7097.570087491838,0.7744569202993672,296.24147562487474,0.17524769476021995,308.9261762820603,synthetic_gp_augmentation
7591.271248705692,2837.3461835719268,0.5932581521158613,284.12201206717396,0.24434761182878856,304.8930937498984,synthetic_gp_augmentation
5715.686492563277,6717.706757433227,0.6563175677178394,626.202552667967,0.28613172278845916,603.8939461059045,synthetic_gp_augmentation
3568.572034520401,3085.0018788783373,0.006344445077869909,5971.2957032902395,0.15262335459311185,6340.349054351542,synthetic_gp_augmentation
10640.550438913837,5632.257716783968,0.5259088287555223,594.4825551525441,0.2205679385806602,608.3889236417853,synthetic_gp_augmentation
12293.098172814729,6293.236996827378,0.5881284212697999,480.77596107211934,0.2760776202004333,555.6240860351544,synthetic_gp_augmentation
2749.514674152743,3861.5263221958544,0.6060731746412298,662.9194708173115,0.22055870222771326,558.2659393125703,synthetic_gp_augmentation
797.3467063448641,3403.363427068294,0.5361511739660034,529.4893677407631,0.16942868438183997,570.3919050364649,synthetic_gp_augmentation
7089.439267291285,4619.351762978577,-0.17572834426043715,9344.478377205107,0.19867631314086415,9039.823096139577,synthetic_gp_augmentation
12406.98296727975,4681.307028045746,-0.09527870378170084,4521.225397794525,0.2576433298272805,5268.330842467791,synthetic_gp_augmentation
10447.399385628869,3403.8337268374994,0.818857410589678,72.93236116801039,0.174626370193007,61.733644574006945,synthetic_gp_augmentation
11259.919354592,6061.303027541101,0.27540453444345825,1771.702331847641,0.12156423537296118,1594.9086457882665,synthetic_gp_augmentation
6505.145505894558,3197.7715820304634,0.5562305617883223,382.951730076267,0.2683803043646499,428.02372028833594,synthetic_gp_augmentation
8555.28360822529,4842.545794236099,0.7943026113455449,84.19088617601055,0.2401671585375645,99.53821190072507,synthetic_gp_augmentation
3349.4145306122305,7894.791215445317,0.7162945453348435,614.036235115005,0.2306479685180765,530.6692648638192,synthetic_gp_augmentation
11647.036282062545,2085.488888112824,-0.13407529210212654,4424.59162943973,0.15642429274501213,5038.5609482935315,synthetic_gp_augmentation
3231.7666497556847,1855.6223992921987,0.7385932607382442,365.5599721351241,0.23363825097192956,309.47061080333253,synthetic_gp_augmentation
4731.085940758029,1415.0981321038616,-0.07994489770756175,8302.049210029774,0.13982528011049175,7257.455849950752,synthetic_gp_augmentation
8154.061975335785,5515.553714465068,0.11737263200292625,2252.4393822633397,0.0643215280737564,2263.940824972875,synthetic_gp_augmentation
7838.68795288157,3592.757099347262,0.691727009366464,203.41060909097558,0.16549944010579398,208.68627974603055,synthetic_gp_augmentation
9653.505084871767,3108.850720594198,-0.04637329452539013,6820.030967695829,0.184298495166696,4839.668173436059,synthetic_gp_augmentation
7055.36914794868,1632.7229931909492,-0.09291931453750074,5454.361193914773,0.20387635784336017,6596.869853774315,synthetic_gp_augmentation
14719.625605310452,7129.107019226707,0.43611958915428783,1321.8470944535393,0.2151826836489334,1219.4976210951002,synthetic_gp_augmentation
13454.952097735293,3545.3842817790865,0.8995469073795663,36.159557818318,0.13718121783193202,33.31349502500282,synthetic_gp_augmentation
14077.90387466255,4861.546491890632,-0.31652022647197264,7254.989869437182,0.22780074642606732,6735.802210117149,synthetic_gp_augmentation
10109.313485314657,900.2366263402273,0.48148490512758413,1134.494637237512,0.08455006303825259,1353.6816696832789,synthetic_gp_augmentation
10196.625862186822,863.7777334792087,0.23773754306730566,2810.8766950238055,0.09214607013607409,2751.302612240736,synthetic_gp_augmentation
9786.259071083583,538.8363333119663,0.0748644864321848,4217.830064753643,0.06419941639905384,4186.54065447424,synthetic_gp_augmentation
7014.658055301154,2938.7686467063486,0.5498022495909425,422.7855849273971,0.12520634738431924,375.349672591197,synthetic_gp_augmentation
5221.485416969475,3783.092817535293,0.27677086117345273,2534.009345289071,0.2757628722010441,2473.2714936172397,synthetic_gp_augmentation
9512.845910437038,1956.6251955938947,0.6169356072579544,148.03036086473497,0.10881055144047347,163.3199372379703,synthetic_gp_augmentation
505.9562105013599,2797.420047018477,0.5413955226487164,415.7345271072824,0.27382481018945704,437.23820998271,synthetic_gp_augmentation
218.55725963846822,50.08027219015787,0.8791665775084794,205.6503517638662,0.05546767463737173,217.3182620781889,synthetic_gp_augmentation
13641.105038118301,2808.7077220911583,0.6352121879420645,141.83703499309757,0.2664323486282618,108.05718123444775,synthetic_gp_augmentation
838.1423119641928,953.3706786467801,-0.40648028359996435,13891.04963426959,0.07062674925131303,14157.499319051365,synthetic_gp_augmentation
9878.305430899356,36.048780480026466,0.40958450829113124,1330.0402589046207,0.05430310669563543,1291.3436508801792,synthetic_gp_augmentation
3250.922550996726,5571.044528520855,-0.3742935096822768,21635.134705022563,0.14425310160597574,21353.65050482361,synthetic_gp_augmentation
14342.120328415858,7450.270192395072,0.3476849199253311,1591.3169059307695,0.1105002382019398,1635.065620309039,synthetic_gp_augmentation
3122.5227707991626,4972.364486817258,0.5511250407945552,1011.1040232401471,0.08559518074328692,920.6752999720111,synthetic_gp_augmentation
14163.788299130127,769.6164154232772,-0.22392768145785563,4180.534109804204,0.07258718650859705,4026.244465373862,synthetic_gp_augmentation
12231.545282395258,7917.195595140033,0.10887630716300734,2835.7271788066346,0.19149776402793606,2731.1779046886772,synthetic_gp_augmentation
3927.8129610346837,7804.681367012106,0.25948080354147096,4046.9953355123366,0.31414664308602835,3039.273026875738,synthetic_gp_augmentation
2496.8322437898873,3745.8762852599098,0.07841380603417547,3846.341909727754,0.2818622914221521,5280.281288697603,synthetic_gp_augmentation
5128.100091961138,862.9537472503674,0.726406724131784,1586.4719680950452,0.0941830549734001,1784.0162206301989,synthetic_gp_augmentation
6427.414003697368,5765.9144771776355,-0.263535512407012,16928.520524592386,0.28388956956424977,13185.80749481895,synthetic_gp_augmentation
4007.9763563328825,7691.745635867497,0.5801777735795968,1378.4263568022054,0.2957737102390711,1149.0950484296584,synthetic_gp_augmentation
3751.4721462093385,4993.622836567848,0.12724194524972288,4116.092214175585,0.0652515837909849,4031.8801465074075,synthetic_gp_augmentation
13307.093749027426,4886.655218968617,0.2552691886613715,950.0784847900784,0.1898995494911394,1201.014147556365,synthetic_gp_augmentation
15685.889541887565,584.9546945581557,-0.22677939903108446,3274.771119152246,0.08205046877534988,3386.1420855261845,synthetic_gp_augmentation
6804.848021059117,6646.491557917449,-0.1854469038931118,9098.411819149871,0.23002905562033288,11663.29377001299,synthetic_gp_augmentation
2012.5428709818839,3066.371895432237,0.36270531673483397,1415.6387210507605,0.13085989656633645,1167.1353188997023,synthetic_gp_augmentation
4467.499969625194,1947.5577315231458,0.0010273356736316686,7384.833368075901,0.10697398632020774,6507.661582980777,synthetic_gp_augmentation
8839.177590022626,4530.0101082784895,-0.11157833275293128,7952.724867901685,0.08035266384499225,7017.851542413621,synthetic_gp_augmentation
9681.986371979981,3209.9161666676873,0.507605044248842,301.53814356205515,0.274860824523661,297.8963926726102,synthetic_gp_augmentation
982.2271857366036,4412.72170109609,-0.3686798068055488,20163.924182901144,0.18672419196020504,23716.489987758592,synthetic_gp_augmentation
2781.038313121929,2436.065651980029,0.8027471155291246,73.98545156441081,0.14722623350311873,66.54156994040798,synthetic_gp_augmentation
2662.9566624814906,7531.6868404341,0.1290839538673112,4374.490381146692,0.08201169244094803,4252.70966526386,synthetic_gp_augmentation
2404.1350940476036,7689.656372258135,0.2977621837208374,2722.9073333321066,0.293339279708832,2673.790217119586,synthetic_gp_augmentation
14758.549000311206,2800.0476340692694,0.008805275440174953,2720.9588091987553,0.26877306717413246,2578.959451523606,synthetic_gp_augmentation
8255.975763129682,18.316298770576722,0.5153994216824662,844.6598435066934,0.05983876345339021,884.0107918695137,synthetic_gp_augmentation
5784.061988830122,6619.030836485137,-0.27291402529717135,14697.584220671532,0.203003807206669,14929.74207165337,synthetic_gp_augmentation
4492.313642439193,469.6271776026881,-0.23565071534582227,6401.393846315742,0.0692459202337914,7122.399970674827,synthetic_gp_augmentation
8100.517006692186,5002.953827698552,0.3894762575059153,1195.354557534877,0.0710673417567467,987.0444380089087,synthetic_gp_augmentation
4779.735299873854,5288.142936320962,0.7468411404056465,213.07688601515136,0.2751521126812346,260.3839449882835,synthetic_gp_augmentation
7298.738900906628,4420.19642282065,0.6934420399614325,251.45567279187796,0.1490882607944265,265.6548638287197,synthetic_gp_augmentation
8141.165626231253,1945.5910454395494,0.647319034053542,279.4991033253384,0.11313251311194472,306.87842329582634,synthetic_gp_augmentation
15750.592787331236,131.6136256361293,-0.39272407297322803,3532.493524142219,0.07827587680071132,3423.799059190092,synthetic_gp_augmentation
3650.829151774854,6935.288723008943,-0.2994802067095136,16665.457962099357,0.1286682172205077,18563.98077009321,synthetic_gp_augmentation
7858.82102163409,3933.561369811713,-0.009936546077319863,4028.3290542452105,0.12758140520164524,4398.3519357337955,synthetic_gp_augmentation
2477.236657880489,6253.59280728569,-0.3394625399028668,20849.73062003101,0.28403845902008107,22013.768273172893,synthetic_gp_augmentation
5664.987800056765,5783.14425783287,0.5616005891406768,775.2048169327815,0.278537839914698,887.7780554911193,synthetic_gp_augmentation
11505.240427431829,7949.642088116232,0.20569703927028293,2173.4625129708115,0.13186019338222896,2558.390681251181,synthetic_gp_augmentation
2873.9480857931353,3503.6272312095457,0.07507045160112835,5801.0423785898365,0.06343472921257462,5308.986812780883,synthetic_gp_augmentation
9343.485790045686,3420.404854057421,0.5149266753637078,275.76398618295235,0.14580677571453257,355.75537135748385,synthetic_gp_augmentation
6725.546274731314,2254.0445364093616,-0.08994647771002706,8499.992250878024,0.2804112651300262,6729.026198383659,synthetic_gp_augmentation
920.1147560311205,5001.177707225717,0.7201439811605248,333.47326176252494,0.06201763137607599,326.3062634902591,synthetic_gp_augmentation
14935.896339507268,3888.9000044422737,0.4155534341531316,433.11139274118443,0.19905504845831384,541.9328774155736,synthetic_gp_augmentation
6676.289930656893,5830.08897713335,-0.0148925631366848,4434.533672382426,0.24867391289616111,5349.598718559351,synthetic_gp_augmentation
12564.431918443543,2852.093587531418,0.25582176645014176,711.9999075335265,0.22952045240199,849.4538046707694,synthetic_gp_augmentation
6719.384470835625,1046.7579328746074,-0.13677213346785166,6437.889878611615,0.08446124152287386,6458.179678300247,synthetic_gp_augmentation
15004.029113102675,6899.483616955633,0.8789730370663353,86.29195710423578,0.43454131941996094,76.73605679324602,synthetic_gp_augmentation
4718.47831741947,6624.375535717477,0.10984605729932984,4157.535672943946,0.20454519604241353,3615.8526584335896,synthetic_gp_augmentation
6654.46733003438,2808.0014969259537,0.7554838137595261,121.96756010114953,0.26547202311944446,123.69254098144327,synthetic_gp_augmentation
12165.941420122654,5522.813740095993,0.8692286401845424,71.38294079601354,0.19833285268594503,57.93933530981694,synthetic_gp_augmentation
5564.310312965625,3939.223250204894,0.25010944396345935,2555.507706920896,0.1186898335055501,2540.1061441062316,synthetic_gp_augmentation
5893.2774342293515,6087.776777048801,0.5219937981358214,847.0838874940152,0.1635037813588204,1078.86029813379,synthetic_gp_augmentation
11061.149213355355,462.52883251797795,0.8333852736642957,447.2027403972717,0.06179628394023629,491.2008644302006,synthetic_gp_augmentation
10331.049523042397,1399.279852704651,0.13929103142137045,3092.123693828668,0.15873418858394026,2991.4996432505422,synthetic_gp_augmentation
13263.9939397895,6254.124862200823,0.7516883729861412,191.84803838895908,0.2850223470263754,185.09922246419612,synthetic_gp_augmentation
13803.019081123713,3052.5238573830197,0.41784748431398644,275.0111110763948,0.11641908458072159,274.3296539831539,synthetic_gp_augmentation
9055.772506277923,280.8433938367214,-0.35273275255223346,6251.24424024275,0.10541720748982637,5816.891456015577,synthetic_gp_augmentation
4783.4415919657495,1341.0902856955734,0.08387415935283826,5831.990062223684,0.21164101050228837,5702.320880141406,synthetic_gp_augmentation
462.52393644201436,3292.7842566849163,-0.22581258342585242,17551.338663266943,0.273577694682702,13102.456255038698,synthetic_gp_augmentation
9869.011691922691,5743.304856134176,-0.2621961897174162,9564.462632665329,0.28266020735611797,10753.264368350197,synthetic_gp_augmentation
13224.954448923352,2907.8803344578478,0.5011242411567518,136.50796905876626,0.17494337060044138,177.6701695850072,synthetic_gp_augmentation
7263.582907635387,5961.486035030952,-0.4579720177499538,16073.563137414656,0.09658732906327942,18817.97112800487,synthetic_gp_augmentation
2718.827633804742,6864.484698360667,0.8525967964515708,144.9934973653865,0.22268740506926835,156.801969802297,synthetic_gp_augmentation
8208.823979238647,6403.004566835402,0.18566075348222455,2002.7918567877437,0.17065564891041585,2205.7461692815677,synthetic_gp_augmentation
13403.231381744898,1015.0453274415163,-0.08079954564038355,3122.832222571362,0.0591700885811721,3419.4154975040806,synthetic_gp_augmentation
2830.875022487888,3322.2682005732763,-0.38013749806260066,20776.60230319951,0.2676166489502775,18694.88118613508,synthetic_gp_augmentation
9833.183023781276,780.4991702527407,0.32353974970610666,2377.012946602927,0.07114186539833076,2537.3425023790296,synthetic_gp_augmentation
12078.560961813673,420.2239103582057,-0.017343702092400937,4251.223135179358,0.07465992404390157,3851.2294579382838,synthetic_gp_augmentation
14983.15557332369,516.2190198835752,0.3737016624621836,1281.5135144021642,0.07742482376349885,1084.5032830815035,synthetic_gp_augmentation
1955.5886976938646,838.0162166530915,0.2780777309302952,4365.266260446871,0.07960872081126645,4719.674272076696,synthetic_gp_augmentation
14829.626983216462,6685.80738733119,-0.19632481446684752,5615.127984203903,0.26499754193938985,5913.558274344912,synthetic_gp_augmentation
9663.333809274223,4349.41698906952,0.14631549137067978,1610.470082165742,0.23286360400500258,1810.0737237837884,synthetic_gp_augmentation
12290.555240173348,7579.105502216085,-0.06871178685458057,4522.613495801201,0.15653918045715967,5337.085164650133,synthetic_gp_augmentation
955.0178821400318,4304.002410500108,-0.16438628628336954,9752.128803118901,0.2679823198647525,10147.361973706507,synthetic_gp_augmentation
8147.7556746854625,5029.690658483094,0.577586103015663,582.3375721933699,0.12180244200147722,520.8852170865514,synthetic_gp_augmentation
9999.81181788462,1475.8716891239442,-0.4833307712011084,9308.459386878334,0.07769039306567857,9177.649546726389,synthetic_gp_augmentation
4978.658053978159,4324.648165069667,-0.12356399792482509,7239.402465900335,0.2535069092368381,8326.673213115444,synthetic_gp_augmentation
6963.238308809917,3082.4203904266146,0.24351995714078278,1662.157301615217,0.14926970693489394,2358.1967076727187,synthetic_gp_augmentation
8913.34035094561,7451.482737122961,0.16660438380264098,2129.7680702714247,0.10781263006431374,2365.6860078605923,synthetic_gp_augmentation
8885.51224239038,7471.369726254336,0.8162314576873864,152.83964697062808,0.07907401291989856,150.27611089282337,synthetic_gp_augmentation
765.5982539687253,1587.988900017928,0.6811204737601415,271.78051805991095,0.17197163786945158,222.7894952419674,synthetic_gp_augmentation
7087.760088604388,4961.046911506927,0.5522436780635607,808.1989681461597,0.12321337688064968,670.2030760822411,synthetic_gp_augmentation
3499.708661196471,5105.406423767824,0.21970938657850303,2769.1494738010856,0.18324433963329811,3295.107918868958,synthetic_gp_augmentation
14675.45174155706,4500.280635664143,0.10046942533778525,2147.8471812215016,0.06161867650598347,2165.664934471851,synthetic_gp_augmentation
15627.621842961013,994.6376639611944,-0.4488026039896862,4506.331988615852,0.23915138404946187,4921.796067043539,synthetic_gp_augmentation
2885.447816291834,6392.682279393602,0.10299806582695681,5074.637572334513,0.18424983856884658,4520.532047132798,synthetic_gp_augmentation
3590.116000078655,2761.808270825041,-0.05064565158828149,6339.885322719381,0.2803639675822385,7467.984804774894,synthetic_gp_augmentation
7696.260860111965,4116.413615553258,0.34928813192199415,964.8857326698778,0.19523346324060895,1104.8001960643467,synthetic_gp_augmentation
14004.639025899536,930.6235707942232,0.5557929464596398,219.63737232659312,0.07783663534098823,287.15314797869195,synthetic_gp_augmentation
8050.57581750847,7445.509691896222,0.23227184874583018,2627.433763181618,0.11764318588645126,2357.388274101369,synthetic_gp_augmentation
980.7337812732326,876.3028253785601,-0.29058355433445165,10461.121727364254,0.08898831036459343,10353.423282884896,synthetic_gp_augmentation
3715.5160354032923,2387.8278064002798,-0.3420107141030685,15833.91786493121,0.19499480180121073,13876.04997131633,synthetic_gp_augmentation
13500.063313989918,6606.321913456175,0.8574002840954411,102.25214203369073,0.22550651724250545,85.2797947514155,synthetic_gp_augmentation
9981.540864808789,5605.247364018839,0.11946794270292993,1929.398268786173,0.18058244620546005,2021.180914996983,synthetic_gp_augmentation
9051.029875202035,56.11550402482024,0.8252724719167843,455.4314725503298,0.07376331338338404,411.34968819455753,synthetic_gp_augmentation
5171.61652206401,1468.4923772752843,0.7805096636330962,442.20174403472436,0.07885410572402021,451.2036100667241,synthetic_gp_augmentation
14877.863940234378,6001.209433535214,0.06877417168636901,2907.8448323704247,0.07428135158387823,2947.540630859664,synthetic_gp_augmentation
5365.734094897905,3230.675928006499,0.6200354067355607,310.4827451675792,0.2798066879580842,397.10950696302615,synthetic_gp_augmentation
13375.616161181853,209.70825973807993,-0.3743184554425282,4901.910550740028,0.07877691164813555,4345.666694955013,synthetic_gp_augmentation
14344.865935816557,7711.335026560198,-0.38417202301947995,10901.164084557015,0.31112792000860634,9690.290316787872,synthetic_gp_augmentation
7785.0267101365735,1209.8633035244966,-0.0016607547901013597,6428.557109692057,0.22082948670077632,5512.3725278513175,synthetic_gp_augmentation
14319.199384743808,4083.733120374621,0.3536991402004358,640.5805091933236,0.15525270273460073,742.7757865965957,synthetic_gp_augmentation
4501.172269517649,1986.5287811587473,-0.486950502252721,17841.427558499796,0.17675101133827578,16020.506158287038,synthetic_gp_augmentation
10569.091476314086,5899.754561802877,0.22124517501365193,1707.8145159474632,0.17346676771080194,1745.0935913968526,synthetic_gp_augmentation
1498.6236015377417,6213.808792378304,0.865905665247956,183.8230027337793,0.2886018202879911,131.5280090896282,synthetic_gp_augmentation
7635.554004069063,3177.7632281991446,0.701823600040274,196.2822615620953,0.25536982429322386,163.51451248636903,synthetic_gp_augmentation
3555.5756543177317,5267.596971672255,-0.1745411323468512,13620.104898579852,0.28053723290188465,11019.089021825293,synthetic_gp_augmentation
1097.9361190965858,7272.588676371884,0.2392962667021048,2750.7953931130637,0.2862847412026532,2952.119785416825,synthetic_gp_augmentation
159.23557843416964,6518.472947940851,-0.2600277232366508,22552.45193870532,0.07821867481363236,22034.83931943106,synthetic_gp_augmentation
5263.558651408853,3319.1817411593174,-0.13143579369180164,10727.480453004791,0.257159919625522,7900.3651899672195,synthetic_gp_augmentation
9473.53645313453,3531.808431173103,0.7922011738681844,84.33366706941051,0.08484408063094348,82.31367799247548,synthetic_gp_augmentation
7338.162527653401,7095.026192216164,0.8968893886654192,85.90384671158678,0.17013237380133306,82.4973021631722,synthetic_gp_augmentation
4898.131846459987,274.98240341074353,-0.16041461663501455,6971.451531272669,0.05739556612432074,6578.619464622251,synthetic_gp_augmentation
15860.080489342392,182.49257851061085,-0.20310497778898529,3048.811740224359,0.07007399934741963,3115.6081449179137,synthetic_gp_augmentation
15038.448135676877,1646.362732520177,0.03740305407820366,2829.0619075212353,0.21987842614670144,2011.011769635694,synthetic_gp_augmentation
2097.8875787162006,6620.973157482749,0.12419899129286305,3163.439108832976,0.20153838821574996,4307.852724370573,synthetic_gp_augmentation
6700.208084029066,1225.7055009376065,-0.3750518653167566,9340.791167136276,0.24047328929218892,9183.944172370924,synthetic_gp_augmentation
10416.666250498412,2282.2342795868212,-0.2932078704876484,6895.537236006835,0.2775829198003774,7710.027259898151,synthetic_gp_augmentation
11762.503680725995,5032.549521121406,0.09475817439305545,2010.5472958567814,0.08585302669676571,2088.975123878139,synthetic_gp_augmentation
5925.317263060897,1473.9424804910461,-0.1704112047069236,7625.844169843928,0.07278844628224285,7418.056391768514,synthetic_gp_augmentation
11965.880822492029,2424.9307299485877,0.6829086772697563,57.584877516997935,0.143341625179905,64.24152559421192,synthetic_gp_augmentation
5375.820741597505,1824.8742701435053,0.25087380323301756,2731.285394923309,0.2477851254892268,3615.3856226544995,synthetic_gp_augmentation
11491.28749451889,7939.309471823464,0.10568104669576195,2584.183303404178,0.15245634108699324,2844.9580153585375,synthetic_gp_augmentation
13411.642416300314,6799.496839362025,-0.2676065189964614,8378.011030795522,0.27496706158220957,7620.08402223433,synthetic_gp_augmentation
845.0266604077658,3760.798651989753,0.7423430024144055,215.1569701366548,0.2830750523699832,192.22855715757743,synthetic_gp_augmentation
2872.8283133864716,1032.9894377615076,-0.4312916632840096,13686.816707663163,0.07470697881678749,13186.713500665866,synthetic_gp_augmentation
871.0638581242666,947.8892573006448,0.7927522465043608,298.4482903259054,0.08650933539572417,229.00142635261778,synthetic_gp_augmentation
3154.61616556246,4002.368448406843,-0.30566592668971704,14372.869416473113,0.09100450665155725,15676.424111439683,synthetic_gp_augmentation
168.09668906366664,2828.1613717536816,0.6369386616520363,245.4615029481841,0.25761446348563133,242.73915259983684,synthetic_gp_augmentation
8116.943796693974,1876.8183929039494,-0.47473689024800747,10051.984099929105,0.31307913083737754,11373.631404663132,synthetic_gp_augmentation
8500.19888953526,7671.513097325991,0.6411094385717924,649.5644918501063,0.2775143899956511,630.6865513037234,synthetic_gp_augmentation
10560.479324355318,3707.037925065527,0.3176990823958391,1172.0040482998284,0.27272849150499917,919.0940938250226,synthetic_gp_augmentation
6220.107910496591,7430.487850978621,-0.47335204870430525,17835.650457646363,0.13911655349633506,22851.77815397984,synthetic_gp_augmentation
10814.86935508143,1467.728537840098,-0.35781977853352065,7363.625625041664,0.10535319195843007,7214.118353441116,synthetic_gp_augmentation
13872.109850002129,2159.005140934581,-0.03519448338797687,2611.891947666046,0.23898475930031388,3091.2214912388163,synthetic_gp_augmentation
460.1984045562041,1479.5028448900832,0.562835565817184,634.2134758701327,0.11164195001269471,513.8022315138787,synthetic_gp_augmentation
8534.554459780456,757.4830833064885,0.6945102003417103,1209.080945695867,0.09780927555458901,1231.9004424328316,synthetic_gp_augmentation
14329.19432992978,610.1653624573107,0.14998738140404388,1853.5775162906523,0.08255171480688843,2185.770132306987,synthetic_gp_augmentation
9202.584255041604,6025.347083307411,0.5611162989797416,675.878447888685,0.07336537026765808,672.5277684378192,synthetic_gp_augmentation
9773.826270048487,2257.3051709585325,0.7832749054118695,73.90280636072383,0.2850310281248944,64.5353916200775,synthetic_gp_augmentation
10937.612488564751,7827.3532264610785,0.4648807524640406,1593.0888344485209,0.3012016086378318,1276.8872161754275,synthetic_gp_augmentation
2046.3006789144254,1464.9690198329984,-0.049213319468187466,6640.559999238984,0.08133083440658889,7286.116537130108,synthetic_gp_augmentation
14097.642624003762,2999.2689558586676,-0.17800316381244669,5265.849893709473,0.059334747238960615,5068.019858366988,synthetic_gp_augmentation
15590.111242081532,4001.222341894639,0.1417716754528927,1902.8293008711105,0.14207368264920706,1830.5652368391006,synthetic_gp_augmentation
7144.526789797718,6965.086951835628,-0.15575332931950292,11762.310058515182,0.08457228517543576,10896.253191258773,synthetic_gp_augmentation
12077.62288798144,79.65064691036261,0.3538843981693318,1624.5171769753401,0.05281440778143153,1706.0190229176878,synthetic_gp_augmentation
4191.1440058349845,6623.493848324656,-0.3456313961408136,18488.380108246267,0.20812876250317475,19791.34373362459,synthetic_gp_augmentation
2837.3103710182772,1.5824626136815567,-0.49795556943188735,6876.97819475912,0.07185638663753101,6792.546546319506,synthetic_gp_augmentation
2806.6617794246245,4269.116577745951,0.6048612888565739,542.8988015626811,0.28375582509863023,630.1778816445267,synthetic_gp_augmentation
7400.914882037818,2075.804970665615,0.2592289820195859,3576.6162771909767,0.14231582485760452,2609.527311021657,synthetic_gp_augmentation
2804.9780492888367,3302.148393936805,0.8041747247780788,76.17936538374202,0.2699195691320256,77.33238675721198,synthetic_gp_augmentation
14885.164248852156,7135.600977690104,0.4778672193588712,758.8985294369716,0.22833988209854017,1043.3818730059054,synthetic_gp_augmentation
1260.0853244461584,4291.7088717562765,0.48137617243785813,1043.310933095691,0.27316508426945285,1063.3656620712713,synthetic_gp_augmentation
1263.5729802372568,7229.973790623878,-0.40825435417522926,23698.96047816089,0.28720913486046407,30717.839167429112,synthetic_gp_augmentation
7273.896283983166,5813.939258570807,0.4711112562494659,897.7605226720178,0.2613058913226338,1049.6967524135252,synthetic_gp_augmentation
3997.094489127018,2808.9605677920454,-0.20246048846581194,7968.302100635462,0.26402085823596166,9908.537259288612,synthetic_gp_augmentation
15406.832249542713,3948.509452391639,-0.14367113789979719,4317.670393411486,0.16671198467856627,4771.608985608126,synthetic_gp_augmentation
14584.674848015087,3118.868305642334,-0.4560194252419071,9254.572166047867,0.24412386876034017,7323.781145790793,synthetic_gp_augmentation
7234.831158718522,1500.7824957677096,0.5244211508517109,1205.1361452100348,0.05744040477916954,1210.4171273811392,synthetic_gp_augmentation
6064.307083901566,7491.298258092412,-0.17731167158929556,13297.880193944547,0.060763043054250114,12368.646364804268,synthetic_gp_augmentation
702.0712546257388,4643.395954015329,0.6095545050143067,683.5226195120417,0.22677057558333494,612.0511259167273,synthetic_gp_augmentation
4756.2647441498675,4894.0636317446715,0.566843800596921,863.1160445351825,0.18629702727235728,826.3886616152301,synthetic_gp_augmentation
2050.5081668305475,4134.41120201577,0.07367269143723087,5640.137131877585,0.21658523506876473,5421.046263182778,synthetic_gp_augmentation
1727.6882472404516,4435.971816359341,-0.40448477291214036,28073.12227198916,0.14957581970678893,24517.75839069872,synthetic_gp_augmentation
1670.3612376456397,5240.282040806877,-0.2683991914992625,19856.420080842712,0.2860065796303078,17142.779619320947,synthetic_gp_augmentation
1736.6080483446913,1713.176710959714,0.8423455319780544,102.77797465509747,0.2685830400477848,107.44396850916513,synthetic_gp_augmentation
7740.168065627642,4659.521286984593,0.6448419698514576,426.72819661708854,0.2442651546488209,355.79933771839796,synthetic_gp_augmentation
7132.289605449956,2837.0115255075402,-0.39027294000610535,10835.409203530406,0.24647677112122116,12501.639732468677,synthetic_gp_augmentation
2288.393083604673,5096.24244642303,0.21884404093985899,3576.3504027082045,0.17147974796536433,3401.2091859983802,synthetic_gp_augmentation
3168.2936241087173,1437.4394696999407,-0.45503483288990765,11894.093268569703,0.1240612046217126,15175.996825922079,synthetic_gp_augmentation
3850.686841494448,5877.871340312288,-0.04877822075516164,7346.490069398405,0.201185065166719,7373.9836806241365,synthetic_gp_augmentation
14655.469773382718,4411.532418289096,-0.18817517062804834,5973.71565356354,0.17808227547995126,5529.212219877277,synthetic_gp_augmentation
6554.515920058719,5381.142919398504,-0.04284335330007305,6649.309263343182,0.19725898692615113,5942.605944376914,synthetic_gp_augmentation
6539.924951365548,5222.974191337096,0.0724466302069714,4513.4570989016765,0.2789895339909325,3232.5267617321106,synthetic_gp_augmentation
11428.452411781882,5991.430560720357,0.15581943447063673,1930.5490616902068,0.06274455793421632,1942.4060578600543,synthetic_gp_augmentation
10068.060049704554,1654.0138291449393,0.22827617991294513,2337.9349076737985,0.22551908538404347,2124.414407443993,synthetic_gp_augmentation
3027.8289684252054,883.1298698988554,0.018001070220637683,6249.099919818919,0.08348392839253345,6689.651801695732,synthetic_gp_augmentation
1812.2570445041956,5353.436597394755,0.19768942734291783,3118.0374200897118,0.2282127057118011,3523.3888175874217,synthetic_gp_augmentation
7058.029061415307,1887.8795733254572,0.0850018431860684,4015.7954456692714,0.18584328933591704,4286.419383277298,synthetic_gp_augmentation
9080.77097428793,916.8389483986132,0.8502145686357354,236.565192592419,0.09500490858471418,235.02215609363623,synthetic_gp_augmentation
2305.4508902250673,1049.899942475264,-0.40530278116625035,13215.111367311769,0.08288262935325164,13217.29894163877,synthetic_gp_augmentation
4763.048545194269,2502.4009911961125,0.320331876627969,3027.021084782155,0.05836143814526852,2866.737434661979,synthetic_gp_augmentation
4964.493643246141,7934.296384393961,-0.22889396006718948,14030.968296203871,0.16139686741460352,15032.576112073568,synthetic_gp_augmentation
4254.641396284208,1258.08261349668,0.02561299455645738,6876.108000145919,0.23441922654946554,6556.323110726883,synthetic_gp_augmentation
7426.104134039478,2388.2924983877424,0.2650521338416797,2522.602088959031,0.1877546525071731,2356.161197046046,synthetic_gp_augmentation
10483.710990683843,7365.873215057143,0.5637332263917636,637.3478747946245,0.22587767132773415,821.3053016306615,synthetic_gp_augmentation
8199.299149494278,7706.4645051264215,0.8688235565041462,107.54543440728357,0.3115634647111693,111.24241941798623,synthetic_gp_augmentation
3303.159339732773,1830.7468892121444,0.19107032841565175,4297.87383778131,0.2431137975245292,4883.808824585245,synthetic_gp_augmentation
1736.730848053656,7043.62157640526,-0.14022923764056056,12334.97930650672,0.10001240642578979,11876.867810885346,synthetic_gp_augmentation
13167.740360089336,1111.3435561841093,0.6082053053871468,141.4576317797632,0.14224123284712425,185.51202231414283,synthetic_gp_augmentation
7720.9444552127925,6092.291290404125,-0.18979857021367752,12894.299540972019,0.16297771442338507,10844.925258196436,synthetic_gp_augmentation
1088.0130277286476,104.06528517897229,0.21097694110487608,2319.46672290415,0.05566782269111665,2286.6194213116673,synthetic_gp_augmentation
12884.137076308061,1978.6816537391055,0.06531791254507668,2426.718036308826,0.0723282767322006,2283.0024097485934,synthetic_gp_augmentation
12052.448563899445,5632.064113272982,0.2797688732868647,1903.577992191874,0.212946892862077,1430.87779382102,synthetic_gp_augmentation
14025.484463068307,128.44905084147751,-0.33262997329675675,3784.851456750749,0.07159237068167067,3968.310825342226,synthetic_gp_augmentation
9673.196433426903,3719.2136484122643,-0.4216451171379012,9585.010324616498,0.2797751456019057,12254.078147420018,synthetic_gp_augmentation
6824.204356293075,5573.832197959482,0.8807954590265081,63.32499809833509,0.19994920496712484,66.14969289211457,synthetic_gp_augmentation
6883.496461115766,373.6389860014633,-0.24954603104887924,5497.379893644094,0.0773845098757792,6239.5360003259775,synthetic_gp_augmentation
3184.6007074378053,7179.201457039779,-0.03023134826265228,6328.266895717284,0.2611881948911142,7650.226844005259,synthetic_gp_augmentation
10447.70348813432,2889.5792591715913,0.206558842043857,1225.1439563071435,0.18930642891575603,1484.9307426863552,synthetic_gp_augmentation
9402.59322187638,1322.1266579379405,0.024260251476371897,5387.3306503874555,0.2227827138261516,4392.317129092917,synthetic_gp_augmentation
2562.344141718491,1803.7159682436866,-0.363725315966164,12634.963350614511,0.2616159709038332,14555.813761170233,synthetic_gp_augmentation
14182.04042872146,2711.247430243706,-0.22432022654237582,4972.755933989492,0.27428355056230996,5282.886940494441,synthetic_gp_augmentation
5958.644432638493,1587.000814578337,0.190826735064633,3543.428449543467,0.14827386795684921,4052.201966543021,synthetic_gp_augmentation
890.846371784989,4084.6300313216234,0.11432220613692523,4931.402392693577,0.1572563063940768,4375.84337196121,synthetic_gp_augmentation
5313.306640398562,5063.453891994848,0.6174713812858106,573.023810973568,0.13653564607629026,620.1172255864818,synthetic_gp_augmentation
13930.721763914054,3467.4408710665975,-0.06349685984538656,3322.3844380933556,0.08535999246944088,3673.1334826963766,synthetic_gp_augmentation
14679.609715202374,3416.2571991609784,0.8164411683175219,38.60120355343962,0.18959965992771707,54.53544993079876,synthetic_gp_augmentation
7897.334834428173,6253.5961549496205,-0.10406549998975922,9861.193073076916,0.28150218622252,8684.700019490632,synthetic_gp_augmentation
15305.805047167345,2408.133703663081,-0.0361818791201734,3246.5526833447593,0.1627533129218793,2852.915995838847,synthetic_gp_augmentation
14016.344766470418,4982.150671257936,0.8290386609495337,76.83699668141351,0.12536476002120409,64.18386609210067,synthetic_gp_augmentation
13769.390028447075,1772.1149207680976,-0.056244847763378014,2981.943214538804,0.2721649800221826,3191.8274211382877,synthetic_gp_augmentation
6171.819053484293,4959.205840195657,0.0533985675416363,5003.489473217327,0.1069536008464972,3629.6738108376358,synthetic_gp_augmentation
12127.856158013143,7583.774240438273,0.6791643854466924,396.58040045356097,0.16364972160477437,428.7189037684896,synthetic_gp_augmentation
9279.690148910773,4238.362039643635,-0.37947479210062185,10697.573010486147,0.28224864960498586,12362.889391261684,synthetic_gp_augmentation
11542.975627670876,7815.181789577042,-0.08745316452005925,6319.8839036899735,0.3085617564034643,6737.321244549501,synthetic_gp_augmentation
2926.7991105343167,2480.3683534783713,0.24417853700755676,4430.317378218828,0.06679341667244289,4033.834712957782,synthetic_gp_augmentation
11729.163197221576,4514.351141329585,0.6604658476492191,212.63950670699208,0.07967395179235258,213.44868937104954,synthetic_gp_augmentation
15325.719703687331,2488.286009607623,0.2904633436278218,657.7194368322948,0.06316631243091297,728.2059269566688,synthetic_gp_augmentation
4912.34682586473,29.755400539205112,0.18569038614633482,1962.119254521575,0.05467029719486379,2045.822377712027,synthetic_gp_augmentation
15779.96505089447,7978.464803565266,0.8469645961144299,113.27012343778635,0.28505155038005525,118.29621965293195,synthetic_gp_augmentation
6116.1786354054,1920.4805442982122,-0.3370254481887053,9181.183636785694,0.14939836883073068,10406.852254436442,synthetic_gp_augmentation
12580.894421282026,7231.468871588581,0.5259584155855046,792.1086769776169,0.2924667745177355,891.4987651799713,synthetic_gp_augmentation
8921.723865987437,7737.621976429064,0.26032546598781026,2049.715347320455,0.32041490562179265,2433.134514916044,synthetic_gp_augmentation
4983.387569226259,4542.633650735864,-0.1294953049211917,8256.428277809277,0.09547031937832252,8602.111981134718,synthetic_gp_augmentation
9774.36087972075,7997.530754410065,0.260671922138458,2557.6030094922917,0.06666612579854793,2627.910653731283,synthetic_gp_augmentation
5380.408886671975,6138.639274202959,0.7311825218741423,314.47639460047907,0.22652272380756516,322.3961365773648,synthetic_gp_augmentation
7228.888341522494,4190.516448748587,0.16105714087948597,2159.69819310526,0.26336228799037026,2424.658319458144,synthetic_gp_augmentation
10723.846982060719,1554.1708586127943,-0.4207521487072493,8988.51281490746,0.1258470267790364,8109.9734875501,synthetic_gp_augmentation
12222.189251304992,88.26097152279911,0.3856917684248081,1575.413382223158,0.05239708632085534,1587.2095837132015,synthetic_gp_augmentation
9377.547468366263,2054.314780857137,0.4491041866890535,386.4751735341485,0.11270172159937743,405.95948570409405,synthetic_gp_augmentation
15863.228977281375,3479.7668937592557,0.06248484286781553,2359.1891848240457,0.06515694099431447,2219.30085422098,synthetic_gp_augmentation
3938.4200540251936,1824.420694894032,-0.1601074580044437,8451.076086847554,0.2491525914794704,8502.221280770078,synthetic_gp_augmentation
4270.429455429155,4112.2871838895835,0.502353223529943,730.9983428429131,0.19413620193066983,976.5532445685959,synthetic_gp_augmentation
1571.6871259394927,5263.553137797332,-0.07417435564407104,11363.985200803781,0.28100579217859123,8348.588477728994,synthetic_gp_augmentation
8908.910082924296,5246.350792800302,-0.39638377982730927,11719.534122569004,0.28577338478598896,14243.591057692882,synthetic_gp_augmentation
9852.411858893049,7150.115444265028,0.07345475530525403,3530.1429158166475,0.23502918334221198,2761.0488707874892,synthetic_gp_augmentation
5433.5902225932505,7125.5601068791075,0.8518803162656583,121.40592673952648,0.20895073514226858,140.02236922400925,synthetic_gp_augmentation
294.8831496539325,4961.399674775409,0.32911039796714336,2124.243057203518,0.087154245488389,1959.122550478813,synthetic_gp_augmentation
10152.449639704288,1646.1132367290325,-0.20835179541813892,6208.2853110315145,0.22082520534874678,6285.8960486242595,synthetic_gp_augmentation
15979.258331074085,7547.609273359415,0.6650710189851436,463.8653802608683,0.2125275783024783,458.87125676267254,synthetic_gp_augmentation
4783.33472526088,1398.8831581384522,-0.09192521147294391,6578.183152541467,0.15863932357599506,7287.805282583377,synthetic_gp_augmentation
3024.5577942574137,1211.4190600837214,0.8429894570046854,321.01936954805785,0.2309318616052866,348.86387103364706,synthetic_gp_augmentation
4580.094629439016,2540.55462324348,-0.04456282665584321,6851.641077392275,0.08893575711703905,6853.022793500002,synthetic_gp_augmentation
6864.106048955051,4588.844490706306,0.7733251376406893,143.87465001575987,0.16064392244189596,149.34071391337483,synthetic_gp_augmentation
4089.515570345778,5451.781055886434,0.730535555446282,363.1874872162516,0.10679052839964974,311.92958140328346,synthetic_gp_augmentation
5616.664403343725,106.34141876508795,0.7095898465695887,2073.5709333661557,0.07540309080374057,1997.2038987222224,synthetic_gp_augmentation
10247.487143411865,6224.178173758001,-0.44486060749705414,18165.452410501992,0.28287791190144673,14781.233181052257,synthetic_gp_augmentation
5585.944990797574,1400.1563926979372,0.6898179558269064,713.3191541332692,0.15954349275342325,721.9905595819016,synthetic_gp_augmentation
6397.3372220601095,2371.8788121041694,0.5098201665324034,632.9206031823813,0.20933075558691894,634.9213062845151,synthetic_gp_augmentation
736.4970785082967,2576.6938063652124,-0.03198241304067756,5472.4304042818785,0.1405498325720122,6281.958896788185,synthetic_gp_augmentation
6569.486762646173,6082.940817675771,0.39588105624809167,1219.0076611067773,0.1530828656666329,1461.3492475899416,synthetic_gp_augmentation
5317.48190495323,327.5548976174365,0.8209517695581998,1506.2578831486376,0.08446466512972366,1513.4751147465797,synthetic_gp_augmentation
10183.51312478342,178.5538492195853,0.09990103921324445,3447.230182899131,0.06512609688092649,3424.008189547272,synthetic_gp_augmentation
13834.816709193703,6226.3956536941305,0.4035889890084069,1106.5581701958513,0.2803796363640564,1136.6376812199126,synthetic_gp_augmentation
754.3358808331649,7869.778706920989,-0.23978077437867318,20398.130437847434,0.2601691559459847,20333.849363302368,synthetic_gp_augmentation
2409.8322311199645,5276.377274132514,0.09351935402605827,3546.141412756368,0.27818336611655264,4821.954378353519,synthetic_gp_augmentation
14747.564993222064,2039.631890907862,0.5965488067396667,96.62263879073859,0.11039980286842388,101.06654877874789,synthetic_gp_augmentation
7060.517036341603,531.6984411040418,0.21374342966111226,3583.8018740040898,0.06064456255502004,4108.848230247619,synthetic_gp_augmentation
5566.522526282225,4079.7592397777257,0.03220080801276182,4309.7207026419555,0.14770449772835323,4195.7988929440135,synthetic_gp_augmentation
12276.866900987392,2082.78962539063,0.5395565293231248,68.68667362802331,0.15184358970826503,86.02202892109943,synthetic_gp_augmentation
11906.848081914857,3608.652917447216,-0.36874319812805556,8146.520473432102,0.18851069692356778,9222.751195534513,synthetic_gp_augmentation
4023.422614507633,3650.3988046544746,0.8700495679215501,82.13124479697373,0.23300408804438177,59.02117785803282,synthetic_gp_augmentation
2657.139160695388,2550.6545925445553,0.8277232836056476,52.30399985363675,0.13180667695583745,52.9199799567495,synthetic_gp_augmentation
5789.1795154041665,3890.596652664428,0.7325160486840099,174.69745753268998,0.18722553593879002,233.90592833152266,synthetic_gp_augmentation
12432.093936403437,3041.2150443992136,0.7379893383895038,67.97420152114216,0.09203287007202383,68.57913275368998,synthetic_gp_augmentation
11151.507899648155,904.4746942550139,0.21547856870199622,2274.487771250506,0.09588233200024904,2546.702711149976,synthetic_gp_augmentation
10687.073931063664,6933.805659246239,0.19712400863542023,2085.0469687397713,0.12733463827197566,2047.9325454469215,synthetic_gp_augmentation
13287.914106594942,5610.189715441808,0.648115040076555,242.0774167925891,0.22279677643564624,315.07832579581606,synthetic_gp_augmentation
4506.37196622816,330.47091999872436,-0.10344088291887249,6400.37496039046,0.059526225391672995,6730.484199412885,synthetic_gp_augmentation
5500.97123496521,926.2914021704507,0.6898792911683793,1378.3462839678125,0.09561110695563058,1720.2450097017625,synthetic_gp_augmentation
773.1972646858982,772.115765696192,-0.21876770333470286,8762.176228648095,0.06316187123153197,8233.18948964968,synthetic_gp_augmentation
13913.05783527618,493.94837607062135,0.7307501795091034,272.2839198701809,0.07577761312122822,278.10063728910467,synthetic_gp_augmentation
9360.632785262631,472.45420672438155,0.2575193076999127,2894.444062417083,0.06370551008239672,3093.306221656459,synthetic_gp_augmentation
4840.144440950724,1256.8986634896025,0.6804954387217652,971.6176998863895,0.2432896614595944,1230.2849276838115,synthetic_gp_augmentation
1203.7228500449123,6782.955268239425,0.19039989699658844,3347.5286192419635,0.2774793848612175,3322.8323206996165,synthetic_gp_augmentation
11602.211100283108,6625.866369585406,0.3518050604861137,1657.695695762207,0.20720833515827333,1472.5159372568746,synthetic_gp_augmentation
12004.926560830072,6265.171802227082,0.7975005822437058,103.11029315676298,0.2850064308259961,117.95800526106959,synthetic_gp_augmentation
10692.240568628858,4917.652052308582,0.08549715323133855,2247.678445926625,0.1528021799634953,2240.179586453553,synthetic_gp_augmentation
3340.1174380529997,5787.948425709076,-0.1915990567430948,13997.510626758434,0.2749576323213571,12379.323790325765,synthetic_gp_augmentation
14620.135330286817,5907.849686722449,-0.37262752615125583,6583.391496573702,0.1955767224584228,7596.351321945915,synthetic_gp_augmentation
12075.212502431934,7114.502962461338,0.32597068911870153,1981.6159699316197,0.19537291368286658,1673.3631175610979,synthetic_gp_augmentation
10558.325544985128,5858.7442370861245,0.3555191684760167,1214.946052536003,0.2237590639951072,1255.7604579903993,synthetic_gp_augmentation
10450.008382406422,5891.674464167724,0.36898715307762686,952.2989385975583,0.18600021540045455,1205.6309141780482,synthetic_gp_augmentation
14479.287431457094,6432.64938170787,-0.44796743093865254,7827.376387978971,0.1411013342170105,9307.942846346694,synthetic_gp_augmentation
14860.083416244268,4450.838847421055,-0.46161831833244255,7314.784030186395,0.18463945763988643,7997.066029060637,synthetic_gp_augmentation
9570.634946362816,1704.2303203408737,0.7535838280740976,91.40682933515731,0.2662436577009675,96.93749261651661,synthetic_gp_augmentation
6725.043634304519,676.3398205524664,0.47370277651551096,3366.045317586973,0.07205534436740274,3041.3405131988657,synthetic_gp_augmentation
5883.370274994718,3352.3484830551906,-0.34135590881870614,12209.724864862317,0.23837395262611671,13247.840204147444,synthetic_gp_augmentation
13123.353573183487,733.4853734885005,-0.3955084887622318,5217.690670167761,0.06930685885930064,5102.574088654731,synthetic_gp_augmentation
10349.224903365903,1354.4322524346492,-0.2734001802719961,5479.52888792327,0.2085868594164096,6405.493897383495,synthetic_gp_augmentation
1328.5298810330928,190.72009409947998,0.6296865720852691,2152.2721295167307,0.07817823641240905,1693.1729993842762,synthetic_gp_augmentation
2360.7576069389324,2401.650328292079,0.5123204388410538,786.8521437277816,0.17191949267141765,593.6712977954643,synthetic_gp_augmentation
14412.955732167056,7759.982579216147,0.3941144645880128,1457.205089426721,0.32716595441007046,1524.1943353360696,synthetic_gp_augmentation
14163.520554861565,3031.450181315285,0.3971071019497179,297.08105261582097,0.08970499744743585,303.52318094931485,synthetic_gp_augmentation
15234.135934289754,1927.1408484086505,0.70242341321444,52.810888133447726,0.14115335981494925,66.93523097432173,synthetic_gp_augmentation
6902.830380520348,3227.5958171058523,-0.03315776629162037,5286.216976960442,0.27869612248204784,5428.190651634301,synthetic_gp_augmentation
12566.568431487243,2410.708161653419,-0.0488779709074626,4693.212693206073,0.15941126636407413,3549.934341540122,synthetic_gp_augmentation
13268.777934297714,5391.014583426886,0.09559756154072296,1730.858156919899,0.19011922733991343,2348.280967627197,synthetic_gp_augmentation
5119.58080282727,5075.734089272645,0.8855464169299387,55.99627573228423,0.14391709899707267,62.19112734071506,synthetic_gp_augmentation
2410.8696085115616,218.74326216396955,0.27685851964350283,4138.5562266461875,0.06383794656409354,3634.7435883869753,synthetic_gp_augmentation
15952.719150062849,4090.585246454281,0.2656615890656313,1124.7717840862574,0.2101835950617522,1249.7138286373254,synthetic_gp_augmentation
580.4853396464634,289.59750140349706,0.6334313009613133,1370.0942001710325,0.06482001916796373,1153.3511100698151,synthetic_gp_augmentation
9597.641107511943,5418.906131314199,-0.25070970082096833,8462.085058896953,0.15413748418933942,10425.916305237983,synthetic_gp_augmentation
10438.375159489171,7486.4666450180675,0.06756141145693295,2910.637305467148,0.06413954644530323,2923.2964515599115,synthetic_gp_augmentation
10940.450537317409,7259.903029819352,0.3979073686691329,1547.0163830300992,0.2884055599084421,1429.4035317512676,synthetic_gp_augmentation
4164.481129108526,1645.6968967274124,0.8832234757884805,188.79047377950724,0.22398864636827326,192.7076086758878,synthetic_gp_augmentation
11573.109984351728,5941.161181771146,-0.28374256462268954,10286.965486591938,0.11643582602201083,9841.20460216604,synthetic_gp_augmentation
3540.753056172122,6344.527768324521,0.1328374923174669,3201.879915854475,0.237177781950705,3892.3815466035826,synthetic_gp_augmentation
13281.708266451751,6914.940264875075,0.7678145229468456,187.02698950701478,0.22576051406239456,192.05219621281637,synthetic_gp_augmentation
3583.955117945689,2076.789366404168,0.5157434957536262,861.9812897391031,0.14185506399789866,922.7631161664724,synthetic_gp_augmentation
11177.625862309633,3606.6787677772804,0.3592923320728777,732.1741664031754,0.18594378700941278,554.0625549667149,synthetic_gp_augmentation
3104.237432348801,194.475657689531,-0.23790497213106904,6858.422912975531,0.068027900781971,6867.553176113067,synthetic_gp_augmentation
3883.985153358384,5272.101022919657,0.023897210944288316,5937.053241626877,0.2801206445852349,5421.2065753567,synthetic_gp_augmentation
12487.749445876434,3451.7089431451645,-0.14284893109787866,6277.366554956985,0.10248005841358648,5487.276054180835,synthetic_gp_augmentation
1467.3836489957503,1984.9350445085383,0.6318662584035519,321.27004055650883,0.0898084825052495,288.01528439007006,synthetic_gp_augmentation
3133.0991442199597,6776.831578396896,0.5089847989104688,1464.8558237527036,0.2795022178834016,1371.6907985190467,synthetic_gp_augmentation
7342.941408419651,3965.445119833623,0.6692773692380727,308.3102802313549,0.09339130369705595,292.23555879917114,synthetic_gp_augmentation
14889.892667041851,7957.261417700724,-0.26048476501370055,8349.189890252703,0.11792996673388485,7001.117320175921,synthetic_gp_augmentation
9033.857574798867,6346.862615511736,-0.06604289828240312,5941.245667285707,0.23430303266958266,6825.993489544475,synthetic_gp_augmentation
6264.077786510785,6953.689597887359,0.5759720481645529,803.9085832967403,0.10308128809808818,925.6391940784466,synthetic_gp_augmentation
7473.009768918488,847.399191604973,-0.2961529200288955,7172.515499714286,0.09447424140744003,6820.468977207873,synthetic_gp_augmentation
6996.386081630964,520.2320052293654,0.03628243275289278,5433.400050885608,0.06823075050650569,5485.205859466134,synthetic_gp_augmentation
6645.144638514804,7320.630180915708,-0.238988356868365,12874.157775775335,0.26423121028504837,13770.968118732311,synthetic_gp_augmentation
5063.663154448061,1105.5775043184167,-0.3895362787451142,9533.187110906601,0.14723520963056866,10276.052201747676,synthetic_gp_augmentation
5278.547474827591,3129.809205394082,-0.06211566562301063,6895.18096777367,0.20965689977316584,6630.459347933656,synthetic_gp_augmentation
11036.60925287902,4879.288092447447,0.725839321055763,157.6006350199993,0.20255141052002,155.6885319166799,synthetic_gp_augmentation
749.2859977359101,1695.186799215965,-0.4208538999045446,22735.729278382907,0.26110852708553695,18506.70417384426,synthetic_gp_augmentation
6208.907250951437,2887.160731679417,0.2431767851088591,2292.6715275970455,0.18922311271493192,2629.603087308144,synthetic_gp_augmentation
2429.969663709279,5412.6053361584345,0.2077122122210594,2670.552546300759,0.15744760813804792,3483.643491692637,synthetic_gp_augmentation
8888.74160075227,600.60956416502,-0.4758689423360985,6238.9496510056415,0.08625281484953695,7161.350856741906,synthetic_gp_augmentation
11696.67207473902,3910.069355822557,-0.43356833491509655,13933.282629411431,0.1691847164716587,10641.003893940375,synthetic_gp_augmentation
5739.023659296198,1394.0793417241357,0.2156898177179194,3013.7792664792805,0.16376032345963795,4127.791254528886,synthetic_gp_augmentation
2698.323582890181,4853.8000720059845,0.8556329817982831,87.64553317655768,0.23283271481732104,85.98880071076228,synthetic_gp_augmentation
3701.438752705691,929.7063340827449,0.07116609270804908,6809.730443989224,0.07739551539146783,6339.8923806155435,synthetic_gp_augmentation
13107.995404556603,1581.0549322353093,0.1612574674908125,1798.5041195118379,0.14362625390072953,1597.8077845755336,synthetic_gp_augmentation
4355.614887451654,6431.1118627465075,0.8748883614712477,100.78069722357165,0.15540554251774105,103.77098348194826,synthetic_gp_augmentation
12417.771228878511,1881.3359203041102,0.5907587676100174,92.36211755288757,0.19510643540663164,88.4385399563136,synthetic_gp_augmentation
5366.070568218756,5896.522710350605,0.5781537859647188,1170.400310498532,0.1859310684449564,851.4714706805698,synthetic_gp_augmentation
3100.8476140531043,2184.5015975055276,0.20662962585568045,4365.813455639459,0.2580058018632253,4557.324683598083,synthetic_gp_augmentation
7549.865968655787,2393.2382630501393,0.3136468275502917,2584.2748128757917,0.18150086196184825,1990.2374193558394,synthetic_gp_augmentation
597.3082952694219,7047.455875381988,0.41937625626609787,1610.182967200055,0.11007217081554195,1787.8582872457682,synthetic_gp_augmentation
15363.084467575938,3177.3252746938238,0.6025777284090867,158.05076745148583,0.2711934876111322,198.5266725093451,synthetic_gp_augmentation
2449.279776646508,1950.0842390717894,0.06921883214709013,5593.5077883571685,0.10675442674488497,5994.272095964431,synthetic_gp_augmentation
5719.170925604153,4293.115789575305,0.8345783983604564,90.88770101507536,0.27287448045352786,88.2083112030089,synthetic_gp_augmentation
6218.234696431747,3085.1312942810855,0.8832101259887111,34.65670332834854,0.15744015868074576,48.725207289051106,synthetic_gp_augmentation
12588.559955113313,7923.564946504222,-0.1891224578384887,8843.826812919966,0.17857128419203055,7933.8530171493385,synthetic_gp_augmentation
196.83544683451555,4212.595541326669,0.584862824255614,722.6657212586136,0.28122083456728125,587.0955235171327,synthetic_gp_augmentation
13096.493644922124,3866.266208037456,0.6303469870422109,179.47046196490749,0.21636662815566515,200.59793550272002,synthetic_gp_augmentation
9655.90875987728,7753.727243077408,-0.3680898655128939,16752.195378716206,0.325965468399915,14872.56267997481,synthetic_gp_augmentation
5781.21282774708,7687.057007994856,0.5242386846256091,1622.210782946777,0.29128524862513444,1304.0457526370371,synthetic_gp_augmentation
7142.333603506299,3485.800418680612,0.7051744089906451,211.5337042609198,0.0689765562535397,210.3074310192686,synthetic_gp_augmentation
10562.713735107396,2785.488104263657,-0.346691292818296,8739.858863118317,0.2765354248597787,9017.950815521755,synthetic_gp_augmentation
6888.216570284747,5443.499573509083,-0.15448494261111512,11099.157378481217,0.12148828455909863,9357.658224160647,synthetic_gp_augmentation
11733.597257137848,6631.393046284879,0.048619747277073744,2740.836370397656,0.21490741143116482,3154.7648185536623,synthetic_gp_augmentation
1560.38345567247,3988.2570582682197,0.6714644643895007,371.43294498902776,0.08746288376820671,384.93022339031825,synthetic_gp_augmentation
13296.78771885973,2646.503928424267,0.19080377170426632,1156.855102533456,0.22802175492536936,1101.0409347434845,synthetic_gp_augmentation
3346.5993703078666,2411.1520869041074,-0.308251376441708,13252.726868883528,0.16619473030156015,13268.450892315395,synthetic_gp_augmentation
15108.766991443088,2612.7898177153447,-0.1410805173480757,3864.1859164377347,0.18983238611981307,4192.9376719007205,synthetic_gp_augmentation
2573.1782190025597,944.2635209792804,0.15432897721809458,5441.640521752313,0.07229618140454773,5472.752430769157,synthetic_gp_augmentation
2153.7107180281255,6228.96349084167,-0.4450300553826921,29798.555424052898,0.28292281515051504,29566.493434733973,synthetic_gp_augmentation
13008.830158339546,839.6789081530916,0.38339589655690864,1006.8657011333576,0.07819676321194029,1045.7956494319305,synthetic_gp_augmentation
13117.35906047793,3186.515959470822,-0.4645493450193845,10902.201343728031,0.28379565854408473,8708.727138592329,synthetic_gp_augmentation
11846.274776111832,6679.54669712692,0.5932198819817631,499.29167388334116,0.26449054543059153,604.0818442967691,synthetic_gp_augmentation
4401.580096098115,2358.094383407619,0.7116159887617082,181.6497300763826,0.22405203347360006,218.53469873259365,synthetic_gp_augmentation
13243.714949945572,7586.029790426138,-0.27920216329557884,10498.608910090334,0.16891326934695192,8681.731552187803,synthetic_gp_augmentation
5697.444427690391,1012.3500282640849,0.34361929534046787,4018.335333095612,0.06599335926358718,3704.3896456338784,synthetic_gp_augmentation
8644.638146552517,7078.831222275794,0.5934386170214601,750.2343770358256,0.15325920455492734,731.1961954228451,synthetic_gp_augmentation
7185.040472251127,496.61438989443684,0.22204829282652183,3960.9054310393963,0.05674274472564961,4033.8610842572684,synthetic_gp_augmentation
193.01536051035504,3308.2353028205594,-0.31687394218203135,16285.040865408035,0.26653042826452245,21109.0937988421,synthetic_gp_augmentation
9233.948877272607,5053.768443982936,-0.3615041366520212,12253.881020642672,0.11510357549687433,12824.939995734747,synthetic_gp_augmentation
11985.343615446853,2960.307073133447,0.3482563711177581,425.1538584474545,0.09760761997422474,362.12417244939,synthetic_gp_augmentation
2875.382898846813,4276.851367691667,0.19665065158347605,3691.3335646038463,0.2778685256051084,3850.716758878803,synthetic_gp_augmentation
14913.328204099294,1632.0133326974578,0.8013841914250106,48.59591960496356,0.23726108094286913,44.872189162073425,synthetic_gp_augmentation
8533.35267675421,4552.276139734694,0.6673770794325793,251.3924765687573,0.11572205674339464,270.27608007868054,synthetic_gp_augmentation
2934.1114501023867,1076.4697351939053,0.5132488683153404,2871.274290347952,0.11276867998582794,3217.073046502632,synthetic_gp_augmentation
3151.5710653939695,4670.319307537038,0.4724549569324793,1390.830429278996,0.25040326410394476,1188.782952546923,synthetic_gp_augmentation
1110.180237895849,3855.4569185508203,-0.3706921728212507,25970.09762418995,0.22722011163000821,22451.143113356782,synthetic_gp_augmentation
10996.512354465951,437.33436666465053,-0.39141183148964975,5946.092933383319,0.08465953950763988,5434.172379209977,synthetic_gp_augmentation
1860.0486445573622,3998.1946873337783,0.6422168707739131,490.9046367213415,0.07412729387354852,477.99618464855394,synthetic_gp_augmentation
1788.8574291853215,4508.555442889922,0.0049850170442995445,6926.054459599938,0.05909988609233108,6980.913252850905,synthetic_gp_augmentation
977.7155080083314,5420.722727265776,-0.33445359092793536,22707.59281386364,0.193705842128272,23622.7758648424,synthetic_gp_augmentation
12975.32994686248,614.1211897081646,-0.22169818329066204,4581.158114744284,0.08590948065985696,4243.147383136158,synthetic_gp_augmentation
2348.1555064364793,5900.388138593882,0.6864642184192551,395.2699822113683,0.17753405888686183,491.506312586735,synthetic_gp_augmentation
1636.3453064061835,1964.3905569809287,-0.36120502864793935,18848.482087315635,0.0861820841874048,16254.207927851414,synthetic_gp_augmentation
10157.882394597196,5206.842783235074,0.034523223483856946,2512.7797273656643,0.27232269594731673,3242.3724171716967,synthetic_gp_augmentation
1100.5872062316903,5830.733630488899,0.40494089434445624,1454.4017404445906,0.2505164312199001,1694.0024409750067,synthetic_gp_augmentation
15117.245615531681,411.9140369874561,0.7863138633541886,219.63820835071587,0.07406509239122236,230.92792469529317,synthetic_gp_augmentation
3402.918692376348,1012.7153060177205,-0.16537895654152807,7170.781866562406,0.06337400782842084,7685.825832994369,synthetic_gp_augmentation
10958.025029583456,3568.9440467461013,0.3404800368725365,760.8786840112392,0.13676351338623816,657.0389684783692,synthetic_gp_augmentation
3432.5835283957463,3630.2498747648865,0.5461901959909627,520.2002457835811,0.2109856416475397,663.648487815102,synthetic_gp_augmentation
7270.099417245593,5176.559942494064,-0.3214657606626239,14972.995015559793,0.2624545583128452,13549.845023759455,synthetic_gp_augmentation
9212.228647330108,6047.943252175672,0.8999754838191345,47.623538544094785,0.10742709051534188,54.43323874938483,synthetic_gp_augmentation
15981.925522227759,7596.350780063219,-0.3708263404375842,10742.988227645792,0.18790192485369384,8431.8688550451,synthetic_gp_augmentation
512.2270266460118,2799.045705035577,0.45947201845327046,619.5484012119151,0.2717201683145604,693.8889185503509,synthetic_gp_augmentation
5670.836805967673,2112.6720343056313,-0.1388143031607001,8160.047635746602,0.18861867784775138,7544.035741057979,synthetic_gp_augmentation
5921.886248058477,1185.3155604143285,-0.14323986295726382,7156.959560098526,0.20617721497723765,6917.733240656683,synthetic_gp_augmentation
14153.012053968243,3153.965135783329,0.33460587224002813,393.6189547321938,0.23593798629718585,468.21473173401046,synthetic_gp_augmentation
14610.062508387102,6980.538127212524,0.38266441883196367,1517.5532144826868,0.07007810262743328,1419.9752898109682,synthetic_gp_augmentation
14100.347124113168,2776.4791755548526,0.5087363666321167,173.20226476882792,0.2807126613087492,163.831834569008,synthetic_gp_augmentation
6652.466879379068,4181.063056183754,-0.2557465164413951,13978.331708744106,0.25921713075117225,11114.90390041806,synthetic_gp_augmentation
11959.57408049087,7935.550533281121,0.793800864515984,158.0889095613661,0.16377881887510493,174.4550777153667,synthetic_gp_augmentation
5070.515977769439,1505.4497493500758,-0.2667437940011753,9280.621634508652,0.07428959182659262,9082.699962808916,synthetic_gp_augmentation
10645.484653317764,6222.999614053775,0.2913339257206363,1720.6871102847144,0.2781050875530197,1612.1171029865775,synthetic_gp_augmentation
3870.571524738363,6586.871548594421,0.7880039825257947,257.43086528598013,0.15867989353415535,222.85157851182814,synthetic_gp_augmentation
5242.366201576848,3210.7067480080145,0.7781574280318551,157.1266309378972,0.2751887743977928,115.31111805967025,synthetic_gp_augmentation
13780.831424640894,4956.411509316199,-0.2649309352650917,7011.544427986096,0.11242399769809813,6512.132955100298,synthetic_gp_augmentation
4083.093673815022,3458.987606009509,-0.16595622597666077,8479.475548685463,0.0935198138959688,9249.214263530797,synthetic_gp_augmentation
4969.527018895866,3408.950400578882,-0.02796993369059414,4973.257219153419,0.16242180419223515,5841.578407414975,synthetic_gp_augmentation
474.0969461901099,762.3210930405726,0.523236535269596,1408.2499685318376,0.06305526117259978,1154.2273701194656,synthetic_gp_augmentation
4152.924370460871,5655.648909287142,0.23136604930769467,4001.766170848675,0.23707653893033265,3013.421754002042,synthetic_gp_augmentation
2822.1585816704696,6633.5442530344335,-0.12747392167813543,15142.755796573592,0.21469713543217137,10765.386169805835,synthetic_gp_augmentation
8158.548762859041,2459.199466963862,0.07545308465727985,3884.954683627656,0.09328213488430544,3576.8236697136063,synthetic_gp_augmentation
1892.1854546129744,4531.81459503986,0.46755549950953457,1313.4859344057704,0.08297255143382633,1192.540430807705,synthetic_gp_augmentation
10054.177148202014,1857.1882563154913,0.5991979028670289,105.62998878680635,0.22325492269283018,137.5048252941113,synthetic_gp_augmentation
14010.895221848265,1019.6836013824937,0.01738538620239405,2247.2287749994152,0.07169753834048435,2581.765151814963,synthetic_gp_augmentation
5864.050220679398,5308.948520897278,-0.35302046328960746,12689.139716355277,0.2728350013101733,16201.995397094639,synthetic_gp_augmentation
2779.0342369559307,1072.860772063299,-0.005412189869674511,5520.100425606179,0.09955020613964115,6743.897247214094,synthetic_gp_augmentation
6460.397432972166,6255.8325536493385,0.38265900742390524,1186.4507787889245,0.2820982185973183,1580.0186623427896,synthetic_gp_augmentation
12596.87246106497,2174.0363900073926,0.5637650251849626,70.66501239944073,0.2517984978406685,92.70902090309599,synthetic_gp_augmentation
9504.654017865569,6548.107144021285,0.7315229340903775,238.3785805247996,0.1927809730032263,257.32684169028573,synthetic_gp_augmentation
1708.1770919088897,2948.0365951234157,0.8467186351619556,39.7705582984297,0.13147255901888918,43.34125718068189,synthetic_gp_augmentation
8641.27575379983,2950.7407411438785,0.24110984429196858,1688.2335303692794,0.10455660111116577,1821.5654522905565,synthetic_gp_augmentation
7542.557565143932,6004.582085379874,0.7322904204112293,243.78740012772354,0.0933611688496742,251.3846222550917,synthetic_gp_augmentation
5301.084870736467,4082.1261970837695,-0.13309077532411429,7547.20114396975,0.15244575165456928,8302.405911036816,synthetic_gp_augmentation
1851.5534772478404,1607.8194112789913,0.2835124001955108,3913.2685451570937,0.17537599452805774,4341.8396789125145,synthetic_gp_augmentation
15699.67977636237,6803.26838442748,0.25513889621026453,1467.1781769702116,0.26975714753820323,2006.5567295302387,synthetic_gp_augmentation
2899.088786302764,2721.2256738860765,0.5761717976484972,524.2551219640353,0.27779493884860257,407.74732231416044,synthetic_gp_augmentation
3164.611963572853,822.2140867072119,0.5823719893031518,2836.314580312624,0.0824805787803358,3050.0100700708495,synthetic_gp_augmentation
2414.7648044255498,3328.008359383021,-0.10051985834785776,10252.83880079941,0.25055996391097846,8657.25119936232,synthetic_gp_augmentation
9166.069315313116,4591.694105357432,0.7402060076976846,117.93603988378625,0.16428326548915068,150.21800140741,synthetic_gp_augmentation
7154.346234274936,4879.08267151278,0.7480901766646144,176.0189556026297,0.20261986119902684,189.2898244108498,synthetic_gp_augmentation
4067.95919422224,6684.862762430561,0.8275381360587615,180.86005205416825,0.26374432049754926,163.4422552162796,synthetic_gp_augmentation
4579.0384508282195,2093.3306458872644,0.5988758630700175,465.11535112409814,0.16806689506357916,589.8502685080031,synthetic_gp_augmentation
14652.407838883048,806.7247063552214,0.4144623350988704,689.6912059095642,0.07218695231276866,718.0169261549676,synthetic_gp_augmentation
3251.046590083367,847.5323719980636,0.6794037091315506,1863.854755184743,0.09903941849357346,1965.3454625452061,synthetic_gp_augmentation
12987.913700879051,4775.579152372906,0.3197815713366795,895.8630786506145,0.27830237872547353,985.6327114781111,synthetic_gp_augmentation
5555.888235011103,6284.0284558028625,0.8960042418094343,103.1795935793462,0.2845021552453446,74.1544913730082,synthetic_gp_augmentation
13478.766433187628,597.0375974833688,-0.1507540881683116,3609.0068573614617,0.07890367598441997,3841.1623239274995,synthetic_gp_augmentation
8349.14656154542,1623.2907480893707,0.3984557278012587,1445.2625491026797,0.19359232568847226,1810.0261579894209,synthetic_gp_augmentation
5613.364722350899,7276.499016185107,-0.0504219682276566,6761.165557582598,0.2852792725315525,7996.287523218398,synthetic_gp_augmentation
13449.824273673508,4577.894635696097,0.14098053647813447,1925.8012565731742,0.14836789807458728,1731.037956928652,synthetic_gp_augmentation
4836.209998025382,5981.410123698253,-0.0316227126449915,6824.076451021512,0.0650069843684501,6666.095318037951,synthetic_gp_augmentation
9746.188392601784,7220.243608713266,0.027556551863004985,3099.1048765035175,0.2827172855186891,3717.207333202332,synthetic_gp_augmentation
5973.304553964776,2104.0770955963912,-0.4206485929420011,12565.901230502386,0.20720885581323464,12804.01344898499,synthetic_gp_augmentation
116.72636371017137,7211.8050304907465,-0.44419448331286093,33406.88123852744,0.28444698511850064,38428.469273785806,synthetic_gp_augmentation
15392.870288264441,869.5570083260291,0.5148911670440275,363.9596141656922,0.1004857680016272,362.1054293045134,synthetic_gp_augmentation
8839.102309558104,7821.464381839024,-0.06472802585101928,7079.199732407326,0.30425536872879344,7333.665840646961,synthetic_gp_augmentation
9638.273668268988,2129.8909488183517,-0.38592638079256814,12000.248333198193,0.25774910367235065,9260.906116623764,synthetic_gp_augmentation
8855.199227028505,772.75152073313,-0.225811062269545,5392.529707238225,0.07039857808342204,5778.931475761867,synthetic_gp_augmentation
4711.760731900136,6429.412055092804,-0.43250284124992533,27096.305066312292,0.14523292262401097,22677.69239600288,synthetic_gp_augmentation
15548.060386038094,7873.856496333431,0.8246060861596411,146.83044842074477,0.30802976528754233,135.0113474578497,synthetic_gp_augmentation
9984.52775899303,2375.812068558145,0.2957052322230532,1208.1445959363552,0.20287196156692267,1260.9489765197477,synthetic_gp_augmentation
10767.649632807987,2604.895683214351,0.05163411769470838,3441.24992321749,0.18014924029185075,3080.2721334880275,synthetic_gp_augmentation
7331.204841341092,2231.8392270400204,0.24579712739376403,2125.978210000157,0.27837699502045504,2620.442747798992,synthetic_gp_augmentation
4676.996267803443,1238.624801719401,-0.34205185879723826,7437.336431100489,0.2358705399093525,10085.56606279756,synthetic_gp_augmentation
1123.1488165813766,6299.553733909541,0.4825838120152368,1412.7662815028518,0.27125652792571864,1408.8546834589874,synthetic_gp_augmentation
5668.660125429391,485.7587200729796,0.8574266919256652,1310.1231058408573,0.08138787678322473,1329.1111500706897,synthetic_gp_augmentation
10627.203465286488,7418.524196072386,-0.2863598283728972,10583.944304403796,0.1644144759926832,11841.900343059173,synthetic_gp_augmentation
14076.16176836324,947.5126822739712,0.3801287387696113,750.1794626440264,0.07145916096445303,815.4151388152196,synthetic_gp_augmentation
4913.802246105872,4236.190809683859,-0.28729810170604975,14035.503799445292,0.2824475342484056,13421.410686520967,synthetic_gp_augmentation
5392.83374408334,7942.810869154696,-0.3235260964503278,22183.81142170593,0.14493882502506392,18412.739495496124,synthetic_gp_augmentation
10758.795610881285,6820.953992387411,0.43867734459819574,923.0164064494984,0.2577049407086735,1171.757356176485,synthetic_gp_augmentation
14878.055084175416,179.6875635272155,-0.19516818487069565,3852.2868075892316,0.07041215367562134,3490.365113796512,synthetic_gp_augmentation
5885.163818305181,547.0195629459314,0.6524505283576967,2861.2696899518864,0.09891229918077356,2533.4954270776884,synthetic_gp_augmentation
1709.071190235717,6352.136787541539,-0.3526488165511662,31161.40899321405,0.23423799632189754,24811.752183409957,synthetic_gp_augmentation
2877.4756782382,3011.55883352775,-0.03439514104644664,7820.460580793487,0.059738281751560485,7395.425615266726,synthetic_gp_augmentation
14930.662608518584,5347.455019672381,0.5344147013250793,656.9688316153834,0.2440704491601898,507.6189613844025,synthetic_gp_augmentation
4029.1966850674175,5913.453016345265,0.35946169429737773,1892.5440759668727,0.16526420793330332,1803.491813844531,synthetic_gp_augmentation
10630.073980917454,3377.4734202007126,0.34009933441494455,616.0452651474006,0.20411860071207422,673.882745355647,synthetic_gp_augmentation
2583.0270542584153,1147.0540056062362,0.4607837805259999,2322.3743452323874,0.17545200525380444,3225.1665769320366,synthetic_gp_augmentation
3186.2169083455656,3093.5560246336945,0.40504781477424834,1051.5601072213908,0.17115583411719243,1159.0289691410367,synthetic_gp_augmentation
14079.887680509642,6968.387538548836,0.7239790357063973,251.56929666209976,0.23461231082816494,271.3491663204375,synthetic_gp_augmentation
2453.728199630733,2648.6862322558304,0.2962742865979936,2588.1001063876765,0.22962998735776974,3298.6667085860245,synthetic_gp_augmentation
398.13432910683866,501.1955407565845,0.06179827530620663,2600.021936404296,0.0775263146646106,2896.806359976977,synthetic_gp_augmentation
8069.607713467793,7673.051337478253,0.5725250580741872,934.5860119202299,0.27866336956804116,915.5347555236747,synthetic_gp_augmentation
13817.35633088066,5445.415271790947,-0.1370644277071308,6412.116268253119,0.1132907555212004,5474.799770278807,synthetic_gp_augmentation
5283.257622108434,4326.854015500527,0.5634288500525901,700.7350515986467,0.25767444180895016,743.6750205384983,synthetic_gp_augmentation
2137.780103266797,6632.858773449903,-0.1080224294888471,8096.38118716181,0.213846205708061,10168.083585969245,synthetic_gp_augmentation
15717.470190093642,3289.2854247767673,0.17253306183139616,2018.082668380554,0.27722991920719764,1429.6212945603813,synthetic_gp_augmentation
10860.144208881671,7880.926352084763,0.5348706455368557,833.3404509145167,0.24514495703702655,1001.8711999223083,synthetic_gp_augmentation
13625.981047975687,6860.58455518259,0.3787229469501566,1964.2177901957025,0.2224723624545845,1400.7104585325283,synthetic_gp_augmentation
12058.998530029887,2244.3579332479258,-0.380035336585603,7208.67130583421,0.2956948450722736,7808.440423833777,synthetic_gp_augmentation
11202.052156428123,2968.383897421119,0.12518354764037443,1976.8419765087312,0.08382947434864754,1893.4479635745963,synthetic_gp_augmentation
11499.641674722137,5114.655448539237,0.15351717442750745,1395.511946744866,0.1933615428041345,1671.129844591783,synthetic_gp_augmentation
11495.736830017959,4180.046988101736,-0.37970398842285225,9269.996140951931,0.25796893103806046,10250.181733397148,synthetic_gp_augmentation
15214.355306380583,7726.722996582648,0.012659994552912668,3357.3014105650213,0.3173994088610291,3563.78954342358,synthetic_gp_augmentation
4784.475582024009,6269.779153572523,-0.39720006038368527,16034.411624318103,0.28171540802451583,20726.295280411952,synthetic_gp_augmentation
9858.049685942115,4145.479521157346,0.25430754686997525,1029.73690628071,0.22731852128297206,1306.8149896036575,synthetic_gp_augmentation
6885.003813272909,336.76085769118646,0.08256183641791337,4916.887867999879,0.06438280795339026,4976.616929631701,synthetic_gp_augmentation
12679.016661416817,5259.9601905610525,0.056058306455395446,3018.3540831229284,0.2818603799284996,2739.2674543125213,synthetic_gp_augmentation
9395.35007423182,5140.760674209803,-0.46036804841764395,12616.45151029385,0.2255138704608672,15168.386921631147,synthetic_gp_augmentation
250.02806927964372,998.9919567403849,0.22642586996041414,2211.092841259112,0.053150811051199016,2104.9520105869087,synthetic_gp_augmentation
10174.30019647559,3735.952667560337,-0.015760640142856608,4039.1120616197936,0.28068468652072187,4120.3974147441295,synthetic_gp_augmentation
14652.653899550724,2593.16811523847,0.4221482086681715,228.22116066722333,0.16773643450251197,227.0238570669568,synthetic_gp_augmentation
6678.174611260598,6591.6750867677265,0.07544514323526863,4524.153218949176,0.1637096756787791,3247.2076102703104,synthetic_gp_augmentation
9234.035782414598,2746.9676759825898,0.30046960537420053,969.8666683246896,0.28127802956768155,1348.0702652467596,synthetic_gp_augmentation
7652.459466358546,4974.8063302706105,0.739059394706518,165.5130181068309,0.08154933590345993,193.10412325661952,synthetic_gp_augmentation
8553.337212655279,4943.318411651938,0.009441381285289374,3557.2599723809108,0.11318383431449576,3793.1364379110787,synthetic_gp_augmentation
1170.1347236370439,422.4478605861357,0.057093375563967985,3922.2593257684175,0.07018652901882791,4219.52394128242,synthetic_gp_augmentation
14575.556203322847,1782.2299994556515,0.001331502332988066,2517.8068659645587,0.2697151566513474,2427.326959753817,synthetic_gp_augmentation
8814.14779649786,1596.565295208447,0.11510805869615803,3729.5578801191455,0.16234959126061296,3646.862057329471,synthetic_gp_augmentation
8949.232699963033,5239.695109017679,0.621137111301566,375.4326424723907,0.2858737864584632,407.62013092059834,synthetic_gp_augmentation
1015.140971508877,91.27996228602964,0.3286136633480017,1658.0680341122345,0.0555664644443506,1721.8515323885333,synthetic_gp_augmentation
9607.413158604133,7752.631825715971,0.8074401882783697,164.55546718739075,0.32514628660161027,159.9723440696498,synthetic_gp_augmentation
6923.513459078683,3163.128048038569,0.15892811624112035,2109.466743731734,0.24308405434690036,2902.458779203337,synthetic_gp_augmentation
11373.793720727554,2390.428227559241,0.17063697173222125,1734.262011527881,0.18565142584257915,1654.0715470609616,synthetic_gp_augmentation
849.2861738696009,7359.795199499658,-0.43990028099692935,38476.060713416315,0.22993590685639317,33573.34152558917,synthetic_gp_augmentation
11403.114155398887,3893.3771368547596,-0.22377557087345668,5693.31129819158,0.1849970537054757,7603.1853192122735,synthetic_gp_augmentation
4661.611798933791,4914.602011882222,0.25599904247250727,3130.5895779757143,0.157397540169345,2672.0354160806623,synthetic_gp_augmentation
10462.114754204416,5566.805989095692,-0.2380451082403856,8468.502322595687,0.1282792192339479,9761.286902846015,synthetic_gp_augmentation
10071.303007462755,6971.2901878757075,0.13501675395521773,2071.4124972033583,0.07734091625779926,2239.422164070713,synthetic_gp_augmentation
3706.779605652497,1037.9359185364488,-0.10335594782140961,7520.324826491312,0.07196656440143115,7308.6434129624,synthetic_gp_augmentation
7103.1922889386415,653.2254327361891,-0.4708613370051983,8495.576131962844,0.09334867490289851,8232.281148269843,synthetic_gp_augmentation
13386.56881894786,7949.686274677913,0.16515319855448207,2809.9610274335546,0.13230536414400182,2478.5622149758315,synthetic_gp_augmentation
9728.907133156905,71.07041300856397,0.4047779751552987,1791.396855149712,0.05420351989308633,1753.6133261406762,synthetic_gp_augmentation
1192.9390014567423,5665.558028920207,-0.026472824951147444,6358.3240518855255,0.24557448808513438,7208.320705179765,synthetic_gp_augmentation
7142.250418001192,4888.522895668968,0.5871377461408982,577.4620422227821,0.2025567768506904,548.248104164077,synthetic_gp_augmentation
5057.16619456888,4420.408173673335,-0.2955244968875621,12927.550537483196,0.1467548027582177,13803.18689183457,synthetic_gp_augmentation
10302.16629469496,6286.623673440748,-0.3721915704090572,13623.082211135914,0.27715796757418926,13073.610817721383,synthetic_gp_augmentation
9871.566666594646,7939.78358108367,0.8087780916644878,154.48451505685276,0.151957892896377,161.44808895432084,synthetic_gp_augmentation
265.3298140112345,375.08657195141916,0.790319166789816,519.7993221778684,0.11615746828338708,535.9203095351818,synthetic_gp_augmentation
9762.358599753561,4916.2439411454425,0.06916194790733432,2440.712186586545,0.1538195658713743,2591.759284560844,synthetic_gp_augmentation
12322.80751518505,2447.5144493841485,0.691449811716264,69.23884799054589,0.11131573534322253,61.55914485257224,synthetic_gp_augmentation
1037.7147492003824,7142.8910793674495,0.24272956526434353,2998.672663513591,0.2276046592786152,2902.1721100325885,synthetic_gp_augmentation
6798.249612769229,1315.8276956155737,-0.3391771801947979,10667.335128213312,0.2333454326817058,8781.193780147347,synthetic_gp_augmentation
2958.3701539390977,6835.2625281624005,-0.316416966366426,20578.252525715114,0.24832680257076947,20350.619731870458,synthetic_gp_augmentation
6789.668551523656,7543.404963397151,0.5930712860697789,811.0424829786577,0.10090834156191678,889.4943243439063,synthetic_gp_augmentation
1230.959619626918,796.1193469499487,0.34265477183082016,3474.8163531356804,0.07275695556898755,3975.04128162835,synthetic_gp_augmentation
1900.1547998121202,6013.446937236426,-0.08032733244729973,8729.843569923138,0.06486242873541037,8691.92712309119,synthetic_gp_augmentation
10732.246729210368,1720.1137533217575,-0.27309721143545074,5188.039875672296,0.27114036694047655,6662.913855995156,synthetic_gp_augmentation
4274.902132446464,53.777741352173614,-0.32715107111240155,5778.74118659737,0.06838316755111191,5902.748851147559,synthetic_gp_augmentation
11411.352974925203,2084.910583083106,0.5379425122980361,121.4511856207793,0.15357749320479752,90.99857556889991,synthetic_gp_augmentation
864.9255954650209,6839.278681765975,0.7402075974527478,464.3220122719518,0.2442365405704843,445.0811630311798,synthetic_gp_augmentation
6324.03375103076,1045.3510639876847,0.5817941360591388,1760.7733619771764,0.09934619039655046,2149.732291059314,synthetic_gp_augmentation
12771.845131455899,5912.38164960125,-0.10362023301170054,6106.910307434128,0.15690384016128986,5715.749673643166,synthetic_gp_augmentation
12564.830125268434,3250.8771085171047,0.31992931083571896,446.850327165247,0.282154793201758,568.9816020554616,synthetic_gp_augmentation
6071.39831507438,1187.888580276816,0.11325438698319956,5332.772646629806,0.20969969370356017,5016.211100082662,synthetic_gp_augmentation
10001.152823994658,1840.003011857374,-0.3772281309475908,8241.200517431418,0.26819729263008407,8420.974205692146,synthetic_gp_augmentation
3718.027014229861,6356.815399884836,0.1823134842646611,4033.7920119008318,0.2252912862917752,3505.060806987034,synthetic_gp_augmentation
9328.46869526868,4986.150320464157,0.6855014485985405,228.63690052681565,0.07226728889182184,239.00849507950744,synthetic_gp_augmentation
1392.108633765607,6087.430180531988,-0.42750447504360706,32601.279870649087,0.1589571618858939,29768.159439854044,synthetic_gp_augmentation
7010.2081174859,782.1859119043015,0.16794836775961774,4345.834425250916,0.06568625332754441,4368.356054349133,synthetic_gp_augmentation
3005.3701364559356,3664.8342627977,0.7225683064854491,206.45843541860833,0.24570993386975423,246.53185377355666,synthetic_gp_augmentation
14145.760795255212,6376.850006250657,0.6061007012673008,454.9187519138027,0.2062610726493593,506.63443893417946,synthetic_gp_augmentation
7173.923005672626,2126.342006947448,0.19082997153330905,2832.184033983213,0.20450465062000905,3101.0040709912396,synthetic_gp_augmentation
9493.302603336804,1353.5117470082287,-0.2601175050308377,8469.22931636469,0.2104235406083567,6661.054705917484,synthetic_gp_augmentation
5830.071579247166,3054.271150537537,0.6879366748080993,192.28748282100378,0.11075362610670371,207.54526685565077,synthetic_gp_augmentation
4690.982460312865,2667.0397907102456,-0.28561158470352976,12615.565594616442,0.24785697106582785,11529.801654081337,synthetic_gp_augmentation
3326.4245506783836,1483.7822310576287,-0.11245100152405751,8169.795671195193,0.07315851006666288,8077.507231994082,synthetic_gp_augmentation
14598.758164405612,7631.559402850068,-0.326014731966872,11074.308714788905,0.23491135075406247,8098.8725460428295,synthetic_gp_augmentation
2218.852196453391,4864.610848879397,0.3808770991617111,1817.8972157036685,0.216290146657229,1610.766109958338,synthetic_gp_augmentation
11972.925533039594,968.8552699967605,0.6579656353800383,153.899467708942,0.06765101638588919,174.40129905704592,synthetic_gp_augmentation
6754.6393548827855,4880.280705052103,0.14587265173459885,2905.818085442561,0.20031518962573067,2567.8723266980833,synthetic_gp_augmentation
344.8068138730607,4442.58154566771,0.8590083802192654,74.56374608201637,0.11777542902127525,83.00686549420568,synthetic_gp_augmentation
8501.04039398193,7455.434622184261,0.33419978243730564,1612.3820994988712,0.1034458439392344,1920.1192574192228,synthetic_gp_augmentation
2167.738397349371,3298.5344085763495,0.346174049385106,1878.6006577774526,0.2703515170971446,1476.0842364272173,synthetic_gp_augmentation
3437.9555781881554,6256.496803809737,-0.25459675852313035,17049.035166612124,0.2829343757756011,15813.682095790926,synthetic_gp_augmentation
11167.051286643078,2433.4478276969758,-0.23383755167186504,6510.433755820273,0.12931510831825488,6716.2006694869215,synthetic_gp_augmentation
4188.5583905450185,4631.522850623044,0.30727661991690036,2011.2521590143047,0.21200079934385002,2114.2494744627825,synthetic_gp_augmentation
14281.022409284884,7415.763177953583,0.5092311652576054,1001.2004944348556,0.19963295324805014,965.7326603514492,synthetic_gp_augmentation
10548.999158944302,5000.57048607117,-0.21341063729308407,9553.47167092537,0.06034155699807147,8736.332291771345,synthetic_gp_augmentation
13333.307410081865,5689.269470132067,0.17762474876963086,1702.25026669597,0.26401891129753413,1869.2724144448516,synthetic_gp_augmentation
9881.513659449927,7007.876201620723,-0.001319914168570635,4563.306026409389,0.05800367856480752,4452.218980663773,synthetic_gp_augmentation
13914.708497250052,7403.394906470396,0.11426925851450698,2593.1230577734536,0.17595822540189524,2580.3485022553123,synthetic_gp_augmentation
5850.786332852188,1666.1990016245368,-0.18901668677850503,10657.443435079296,0.23715783201454163,7730.820530159139,synthetic_gp_augmentation
8831.335172480718,1566.7042530334818,-0.3029879903547134,7518.208583848913,0.14449428758585897,7730.4702599917055,synthetic_gp_augmentation
8302.657367064903,4403.809015270286,-0.05129855932458094,4633.3995410248,0.16909358248422107,5250.582598951005,synthetic_gp_augmentation
14470.27225843973,7964.131010450889,0.7164833335748155,289.76353172546766,0.10630752966575907,337.4724078629369,synthetic_gp_augmentation
2722.154996876955,3921.2185864862395,0.6273160633122725,509.325966044446,0.1471468077044506,518.6123093538151,synthetic_gp_augmentation
9291.166134668409,2647.239704827418,-0.35768421280220253,8313.231234970675,0.2352878617437295,9857.432201946087,synthetic_gp_augmentation
5983.7911924852,515.1661929256148,0.19013172034666181,4342.716813080676,0.059067999709982236,4634.536692955879,synthetic_gp_augmentation
13894.546241394024,1417.6541624793124,-0.11166491700473119,3174.5259205390294,0.13745180704391136,3526.468873697559,synthetic_gp_augmentation
6030.934796535972,1191.3633387720797,0.652796113015764,1075.9714420117657,0.21727365929606454,1240.9919566661029,synthetic_gp_augmentation
2855.609282345066,223.324360568415,0.18065365141116152,5554.24631333773,0.0613863336432013,4336.927643399906,synthetic_gp_augmentation
9386.368850940005,5777.698424362272,0.6937908366326109,332.109178068767,0.2808675605082081,273.9725203311324,synthetic_gp_augmentation
6787.0313595932685,2603.7963668945886,-0.348521653900672,13846.689969757184,0.18713772729391395,11339.864787191145,synthetic_gp_augmentation
341.52266444387226,1348.2904899367184,0.8581079074198237,94.97920773410517,0.21805383549276722,105.36579416610704,synthetic_gp_augmentation
1210.4336206467012,4097.950164204987,0.5739418789084245,670.1537675682524,0.17379765656709728,667.5961081542414,synthetic_gp_augmentation
3204.907165284781,2587.5552477765186,0.5246271882924503,795.5315116597756,0.15738754221828394,576.5020391240749,synthetic_gp_augmentation
14283.428304936599,2524.254536494489,0.15842383631524304,1340.4085450906111,0.0779746256592365,1324.7887001631364,synthetic_gp_augmentation
8775.689896826138,31.868114870657216,-0.29155552031340815,4963.854198716485,0.05758401770895031,4629.918936101743,synthetic_gp_augmentation
1778.4908539745632,5506.6309153514,0.19566104417750652,3602.4987167148615,0.062094076397599576,3511.3531223207347,synthetic_gp_augmentation
13704.126823491426,1753.1391765037556,0.7033601425518878,45.933759078390494,0.27676748417204583,53.19593805008638,synthetic_gp_augmentation
12016.694303049175,1522.536348510652,0.18396398787896595,1973.0465787577216,0.07149217324024064,1828.0546555979931,synthetic_gp_augmentation
4728.460802788261,2650.9383639896596,0.5252231082440111,753.2819511976692,0.2326937892461925,574.8341285204995,synthetic_gp_augmentation
2069.8606876848894,1281.5814359708488,-0.1542662196651371,8368.826665571085,0.2355106140155015,7850.828567367781,synthetic_gp_augmentation
13680.011071452154,1946.1147664618732,0.32076337333629534,454.43775409421175,0.11902469177522285,543.6626083590052,synthetic_gp_augmentation
954.0743058090901,489.7209053792881,0.09045163626063946,3972.573286074888,0.06926077636272547,3889.6232731689015,synthetic_gp_augmentation
13196.424388210571,6964.503817358634,-0.2745266268090639,8928.69543196628,0.11599982801088682,8141.697129847507,synthetic_gp_augmentation
1645.6809407805379,2444.6488567896918,0.5659074899597307,391.18315394900293,0.11873199939604871,397.14821664540756,synthetic_gp_augmentation
1106.2097710923886,762.2571710110444,0.24500642681634677,3667.2366819747444,0.05823845058163351,4082.7343531834113,synthetic_gp_augmentation
8627.338888606833,986.2041469504259,-0.23496667244844832,7007.572938829859,0.10213016392677815,6145.341893991414,synthetic_gp_augmentation
6691.31358303607,6184.7456116547755,-0.16240310922770196,9348.033588708051,0.2599747379715491,10570.776941149903,synthetic_gp_augmentation
14471.408916018749,492.6235459187165,0.46979103813573353,989.0463018248561,0.07864643835790526,944.4865878353835,synthetic_gp_augmentation
13444.926795877285,3717.0875995538504,0.6926643155018879,172.28627334577615,0.28848893034846684,123.89215162144728,synthetic_gp_augmentation
1016.2131975982,7550.610640926227,-0.2519029944599608,20776.62947711325,0.11780826274794876,20403.53166143874,synthetic_gp_augmentation
8852.800218421738,4803.719291161726,0.6408765460054588,247.93625190237532,0.2706767706654924,327.3511067065016,synthetic_gp_augmentation
15729.787435311393,7838.832572762715,0.31444133944856345,1610.1717888179178,0.29776662158146516,1853.6001961938953,synthetic_gp_augmentation
11008.155323896017,3086.68598628475,-0.007421173832948269,3332.5548566725524,0.1545820609741518,3846.9440597986413,synthetic_gp_augmentation
1755.8739018827023,5189.160742217653,0.5794292902666605,1117.80193072048,0.26382074129266087,823.2295842323534,synthetic_gp_augmentation
3252.9383907992597,1218.5365022530714,0.17192359020085113,5806.486226656937,0.2237771393969479,5464.669103991343,synthetic_gp_augmentation
13237.305377071445,5131.177066114418,-0.1893902860326464,8692.337437687373,0.21338181634849632,6357.435882772856,synthetic_gp_augmentation
15948.431102994371,2021.2965196391456,0.06334146422008191,1718.9766635572873,0.07160156999769951,1849.7190577181996,synthetic_gp_augmentation
1663.5943432709962,4906.300859930645,0.14080357779248864,3802.8627856205435,0.16631794500101782,4114.481032011495,synthetic_gp_augmentation
1695.2361537362694,709.2896646688755,0.20748321390837898,4754.635755991236,0.06453571395439155,4569.541378074892,synthetic_gp_augmentation
12237.854160878207,4199.752173642632,0.7565890055722988,120.61876366109851,0.2707896788492036,100.7831295770563,synthetic_gp_augmentation
1123.233079292979,1899.2399573859232,0.07563101760677571,5751.630157191571,0.17314038107806443,5140.539782396658,synthetic_gp_augmentation
1190.1058454310746,5453.6696266353065,-0.10126485614257252,8942.723236803715,0.09993418016872545,9272.881569326482,synthetic_gp_augmentation
14232.182079853634,5981.358296546524,0.8472871407678215,73.73184596962871,0.07100234904174582,74.83373632914265,synthetic_gp_augmentation
14116.854877843678,7939.162951352656,-0.4844371929610711,14347.239030164135,0.22716491195500912,12314.45644892959,synthetic_gp_augmentation
10443.163093910784,3674.838237225856,0.6897494253697154,103.42568668987495,0.25358048975490904,144.72246668447468,synthetic_gp_augmentation
5228.329108827849,5364.755337658594,0.8362240790754205,101.3426670445405,0.23159993588359343,102.61718740069128,synthetic_gp_augmentation
14510.37972629138,147.38973001697354,0.4549847264620861,1333.4556028179204,0.07307631495564161,1122.3190587577544,synthetic_gp_augmentation
4849.704047093465,7240.696266449689,0.07070951586896912,5786.113578044149,0.28790286293190126,4212.580937522414,synthetic_gp_augmentation
4480.622347332104,4925.945164228632,0.26125655927202485,1960.9378298130846,0.14272436534981683,2637.7362677918327,synthetic_gp_augmentation
14193.766665165063,3370.759834185897,0.6648021995353188,104.58313076552153,0.2553686244985095,132.76896252702772,synthetic_gp_augmentation
10925.079220642005,3474.5019420852054,0.7394764619252334,98.89243936525884,0.07579809444580929,95.77506254761649,synthetic_gp_augmentation
14341.18614687696,6063.965170883165,-0.35646375860471236,9028.429986048304,0.15906812323697256,7521.422517955099,synthetic_gp_augmentation
2578.830499138161,6667.760028287153,0.7151954041374053,473.56264979272794,0.24927650246064756,459.79344929142223,synthetic_gp_augmentation
15241.519084473539,6463.229410518815,0.364289742702843,1150.5104483847263,0.08835606806390434,1410.1484464277357,synthetic_gp_augmentation
9842.6002915352,4084.6772243761898,-0.4548100270096046,16384.56295700087,0.16827643693989927,13237.081566472583,synthetic_gp_augmentation
10721.757201085498,2969.1731005442534,-0.3481200164014443,10338.751405889869,0.08227175584213249,9162.150649809771,synthetic_gp_augmentation
14633.56322719058,7564.314891324284,-0.43625210080083643,10706.116020720014,0.13322303747367492,10388.337488312347,synthetic_gp_augmentation
6153.9722976445955,5073.596198161679,0.8279820016196187,91.65930354149923,0.14032301443366013,96.6973852014911,synthetic_gp_augmentation
11541.242415664208,4349.227271953692,0.09712506373335827,2398.5063804213,0.23338608759186966,1964.3842642854295,synthetic_gp_augmentation
12625.268229968768,5038.932065490261,-0.4975957221129244,10776.920930821665,0.09531903049543367,10912.372198316114,synthetic_gp_augmentation
14361.390390149585,5704.583072855232,0.6104407532057565,363.8541261774521,0.28847546866207135,403.73358850260587,synthetic_gp_augmentation
10912.967601338505,4425.4775603293265,0.1748495422386429,1676.1295100141201,0.14006884279058887,1511.319998313606,synthetic_gp_augmentation
1175.4689165987234,7002.842835659829,0.7930437376677499,293.2971183538727,0.06785311652346919,284.70222289169635,synthetic_gp_augmentation
3011.931499011506,6877.713714189729,0.22925648775726648,3141.554152814135,0.20415511164778027,3160.8113196741274,synthetic_gp_augmentation
15501.542526697896,1348.2888970042923,0.3812533679044431,550.832345318609,0.21412092360370394,461.53707388454285,synthetic_gp_augmentation
15481.871687803963,4613.245710168807,0.22875386169546497,1804.929299334806,0.1919562650670491,1490.2500479705716,synthetic_gp_augmentation
685.1104663618759,4965.916177049457,0.827541864415902,132.87930549833598,0.08816254869098207,126.03016426717762,synthetic_gp_augmentation
6180.92587039575,4187.0365916298815,0.19383891097552453,3355.2560639786875,0.26120483074671064,2556.6119428242946,synthetic_gp_augmentation
12178.795993409136,7124.62250619173,0.7493437109638474,216.42473352392773,0.22479603104676218,238.70673264330085,synthetic_gp_augmentation
12070.88427815951,744.1620561949271,-0.44949131781118346,5914.678674644587,0.059781465369688196,5865.988432873872,synthetic_gp_augmentation
9790.873304723353,6926.318770580949,0.7763262109278035,201.4133084423295,0.14148557325520952,191.59735523358643,synthetic_gp_augmentation
2371.6269347996335,7515.3065041776445,0.7589854612807834,432.58669983677595,0.07805222258187462,386.45000882204744,synthetic_gp_augmentation
7942.028392597914,3407.4005976205485,0.17907508270749062,2063.5481438556553,0.16372544954837878,2262.06047553341,synthetic_gp_augmentation
3911.002643373832,1541.1518547275032,0.1609360323575526,5002.389185912781,0.09117871667734699,5260.02036454637,synthetic_gp_augmentation
945.26263058217,3362.6359720794785,0.6347188084725353,301.0223312315691,0.2189797640183891,337.16339212087917,synthetic_gp_augmentation
1372.3088658730921,3649.331563393088,-0.03097776085131465,5376.078795872784,0.23096540363229598,7171.74864177579,synthetic_gp_augmentation
14583.19790070554,4156.555025300402,0.8120259952191622,45.80921703044651,0.24188281491098754,61.470352934254294,synthetic_gp_augmentation
11939.870830804392,2194.824641463609,-0.14904223122403693,5870.356279524436,0.26498865253883946,5163.730351716981,synthetic_gp_augmentation
14916.001310189911,2501.0192569345795,-0.3958430417616324,6367.1060076569465,0.09408628202246297,6320.415165543118,synthetic_gp_augmentation
7572.839924103488,5244.7010507687355,0.5806935336579988,642.7288130455834,0.2868991239238639,576.5085278661577,synthetic_gp_augmentation
6671.350733349588,4974.353207973115,0.06661395771714929,3566.6658995535936,0.08931866027747888,3257.017368107871,synthetic_gp_augmentation
5798.675950783319,5296.820120922676,-0.0019116840113239109,3534.5900213941413,0.2711044712738485,4960.470924060952,synthetic_gp_augmentation
9899.282827228231,3018.2798655806487,-0.050726063308579705,4729.874139209338,0.06383117453732652,4862.123083350674,synthetic_gp_augmentation
5689.7942528442045,2691.6547079991374,0.8726191278604545,48.38607839921587,0.2657618453087519,61.09421811913849,synthetic_gp_augmentation
11965.744420313898,2812.3093837835117,0.30034731430250206,614.9740464860481,0.2621448127995767,715.4532828119158,synthetic_gp_augmentation
14025.929035527159,3161.9608251545824,-0.018986616319142724,2409.502240453476,0.2423254483130014,3076.5109351149154,synthetic_gp_augmentation
3960.534790899909,4849.059170703405,0.07955693412443499,4245.5778649346785,0.2346619248453628,4499.212433839806,synthetic_gp_augmentation
8479.65058374877,4182.745497332308,-0.20353222264786497,12063.409411874583,0.2610485804021572,8843.938837482463,synthetic_gp_augmentation
3652.7694060044378,7009.774527955937,0.10250976287530489,4474.891497419007,0.07236106117795336,4170.593555478792,synthetic_gp_augmentation
697.1375923834241,2952.9344062358323,-0.41319251993493833,26056.08888070972,0.10306760483654334,22723.496938510194,synthetic_gp_augmentation
11354.422336300418,3473.155554849364,-0.4992190072938181,11564.94922581009,0.0893662605909014,11684.67044205893,synthetic_gp_augmentation
8828.802255568482,6742.354310257683,0.1343028665474949,2442.7582663680237,0.2826235654461271,2316.700504818785,synthetic_gp_augmentation
11610.44374489403,1287.6609122392465,0.5444334944299534,223.2180931469096,0.2379075175890971,246.52541696157832,synthetic_gp_augmentation
1493.20429136394,4754.3563830024,0.11189123304687565,4208.4189898654995,0.28154730597206945,4510.385023485677,synthetic_gp_augmentation
15928.866247084878,3199.2656611504317,0.22520755882878796,969.1544110062883,0.2764894212450155,1202.8970932530788,synthetic_gp_augmentation
7493.497225505852,5771.072934404958,0.23752599188980839,1682.768939436925,0.2793039446156584,2052.2912084436794,synthetic_gp_augmentation
13870.333571422992,84.45010244902562,0.585845666849548,993.3306145919768,0.07170000497989656,841.1748539870908,synthetic_gp_augmentation
3972.7400373083533,6715.791203573151,0.6253008068658235,1081.4036976084521,0.27922060149193056,809.9954764981807,synthetic_gp_augmentation
11827.301963450422,5625.437249450493,0.6732812611974588,223.58774707273525,0.21441226185261023,278.00194897639216,synthetic_gp_augmentation
14079.691123335697,4487.687324661146,-0.20259812870253713,5067.547245037705,0.09204771317724929,5740.363742828155,synthetic_gp_augmentation
13053.193630684378,1889.0278070745364,0.14098223888148365,1931.5668868642963,0.18906999833767452,1655.1444085268176,synthetic_gp_augmentation
13007.207844034403,1194.5332032615222,0.6634079746849999,96.72663509695997,0.2168538018851583,118.02368686400071,synthetic_gp_augmentation
7462.123450212955,5027.196502867344,0.8186306278282132,78.95198853380263,0.0791183584400265,91.91626623663885,synthetic_gp_augmentation
13137.840169682488,3519.522182510111,0.2601767353657598,687.6400444945714,0.07192160284600983,869.4757441464944,synthetic_gp_augmentation
11082.206527038677,6892.962497849037,0.19019996920239168,1733.2018405029062,0.1836865184718856,2036.430745856776,synthetic_gp_augmentation
2205.9772304928497,2098.98856222137,0.5704326796064438,452.4254973810382,0.1739592549317416,498.02046976740195,synthetic_gp_augmentation
1915.53202462587,5100.159846769991,0.888372039043557,53.78711292598932,0.20365050152015562,68.23530175678526,synthetic_gp_augmentation
12373.561961360774,1990.744293272141,0.09630507769185437,2272.3407554776063,0.06999632302430132,2204.8784352172797,synthetic_gp_augmentation
10044.87901148949,5090.536632746307,-0.2688604504712331,9172.66195904529,0.16406752778153708,10140.286911918542,synthetic_gp_augmentation
8358.080263342901,386.7571377257066,0.6680295215217236,1584.403550828234,0.07513942471329002,1729.3921382473964,synthetic_gp_augmentation
10587.486674252375,1381.484926926011,-0.29689391920660635,6891.001156230444,0.186250822496141,6533.760927331976,synthetic_gp_augmentation
6398.733246903973,4847.471969787796,-0.047086984566727774,5547.342760315615,0.2345934421169047,5726.042446635323,synthetic_gp_augmentation
6681.515750001323,2533.8244254218544,0.27451274912201895,2503.7160148474713,0.08285214396876299,2448.0931653460557,synthetic_gp_augmentation
9723.3853369996,6172.260941413994,0.5240517844576267,921.5867167380248,0.2518301673708569,792.4796341653956,synthetic_gp_augmentation
12188.37702651294,916.754883440146,0.5929052169770905,306.0167463189328,0.08465879442780419,263.59774853050214,synthetic_gp_augmentation
9073.217580491073,4449.704535353939,-0.28197608223812043,9513.827778644458,0.1136240744843031,10522.540646169982,synthetic_gp_augmentation
8189.298027284957,4749.422903533238,-0.1965490612059954,8410.917453918988,0.2826763494965857,9295.442471645129,synthetic_gp_augmentation
11657.72117220149,176.83279776052797,0.5417715201950637,1449.885427177183,0.07680012351706253,1325.1623180230079,synthetic_gp_augmentation
11313.706343521879,287.88568680398896,-0.33744267811628004,5064.1282820083225,0.07199277910116371,5067.832870833203,synthetic_gp_augmentation
13302.51476575562,2465.921378624147,0.19742433449438668,1253.0643620945232,0.08422479620947027,1060.069857392735,synthetic_gp_augmentation
1094.573401808981,4872.603515295297,0.264389016148338,2885.299369559328,0.2077196765596284,2784.380155891411,synthetic_gp_augmentation
12103.738900103464,7701.039961297652,-0.02490363402413831,4432.071804882019,0.3017720146293673,4455.220376427224,synthetic_gp_augmentation
8268.79117013187,726.2680799093042,0.6148706997776336,2116.6025287176867,0.0877679727098345,1696.72567330545,synthetic_gp_augmentation
1287.6206085271147,5625.302185686445,-0.42241786495589345,28457.858227435187,0.2198241406393447,28796.92854400157,synthetic_gp_augmentation
10896.259447895363,5541.7289769822155,0.5884222926931151,360.8695385852434,0.12241525685550025,450.0286057064145,synthetic_gp_augmentation
8425.671995760484,4129.178732257614,0.21010460594275715,1720.6965721252573,0.20992716106565348,1843.258617091584,synthetic_gp_augmentation
4873.944927205894,4014.201107909451,-0.21685498675294185,9448.636818751576,0.09370776981116329,10625.172018433488,synthetic_gp_augmentation
3310.324774649834,6706.3766335936625,0.6210836491740885,1101.185780408909,0.27466846266494627,846.7635982966112,synthetic_gp_augmentation
5676.6698327181275,2100.1648229973107,-0.23711564293383486,6841.908251380818,0.17425162876315597,8923.613211903405,synthetic_gp_augmentation
6619.803161406043,6450.467994454841,0.8866245361122012,88.22849591101333,0.10832635887533815,80.52863773764517,synthetic_gp_augmentation
11165.344278194485,7972.365871511466,-0.45412932215426505,15611.605924973715,0.09232747200560716,15428.801915797838,synthetic_gp_augmentation
13543.76701226382,7280.68790219008,0.2744761628492708,2304.396580444108,0.2844516842586717,1936.6350879382003,synthetic_gp_augmentation
11562.599222250958,2432.5737500155633,-0.2647764600901671,6670.469465704667,0.12958481317924073,6929.973150998176,synthetic_gp_augmentation
2866.402189206664,6769.259806787195,0.07116509306272034,5958.398674022176,0.28131004811655996,5147.9973433026025,synthetic_gp_augmentation
5922.851648324093,762.0569842297584,-0.29287466175561416,7403.58450399898,0.06289143680886176,7377.52363954071,synthetic_gp_augmentation
2618.77804381967,5421.660476904421,-0.22864436749324385,13522.479324875861,0.15586526670744835,13929.725376565279,synthetic_gp_augmentation
11018.914772973016,2737.1698638934927,-0.4146272877829165,7226.912721418745,0.2871626734897354,9692.570792967705,synthetic_gp_augmentation
4045.9328636486166,5269.360716764784,-0.48879503661660867,28184.841527489778,0.2924530375106503,25115.79102098083,synthetic_gp_augmentation
12690.09450679548,72.26519860257952,0.1348447458446388,2494.8996217892723,0.057346445403030744,2345.0147082220305,synthetic_gp_augmentation
10767.93447125368,1850.212432383608,-0.43617094075062884,9252.002963863382,0.3044967283925651,8733.99789779755,synthetic_gp_augmentation
4844.14645157561,339.089862866528,0.8145577464374201,1773.9361896228597,0.08723696722009025,1610.582999137146,synthetic_gp_augmentation
8836.537214505111,5903.974071800627,0.11417320596813796,2121.758674889473,0.16747230650711445,2223.501362768906,synthetic_gp_augmentation
1632.6564507737057,6311.297489952525,0.18497335606788623,4177.282564795644,0.26322061041290074,3460.965837616518,synthetic_gp_augmentation
13996.466269449384,6457.597190437833,0.29789894067920986,1510.2768114943358,0.0971315115772947,1605.4495803987816,synthetic_gp_augmentation
8250.550644052695,2975.518304347804,0.700430388737387,154.57824817512486,0.07392820005174304,134.56200785819337,synthetic_gp_augmentation
7626.440109839699,4048.205835947188,0.325860395827813,1243.0343107780882,0.10464749247894652,1320.302566135412,synthetic_gp_augmentation
3255.185452452971,4067.6093606832087,0.8702166086628085,48.18584444278761,0.14189472012488136,62.703350115558756,synthetic_gp_augmentation
6094.2017216315435,905.668135488579,0.5175327250154163,2547.914781491743,0.08765718642081374,2651.748628185031,synthetic_gp_augmentation
5391.915310810076,4785.136977026194,0.8839240775791326,42.75631803462285,0.27838711329145627,59.587676549176265,synthetic_gp_augmentation
4404.697356987886,5761.438232002683,0.27104881178707285,1787.7901617723214,0.28182293773243633,2514.7445631314768,synthetic_gp_augmentation
9121.764536883693,4887.742552906354,0.4498288638483253,886.9446083994391,0.19997359223145114,727.6313151743591,synthetic_gp_augmentation
7450.178228456484,5967.7274776761815,0.5330580008905053,908.3390625796694,0.09094677873148047,851.5338431522998,synthetic_gp_augmentation
14238.24319650321,951.1301449988539,0.5566458483965957,264.66366024621317,0.07274696396769993,279.01932845802594,synthetic_gp_augmentation
15067.369235049859,6091.271570673418,-0.4657985203291927,10948.442752469473,0.19760121817159315,9013.246422583099,synthetic_gp_augmentation
3589.627524726645,1665.1208269478116,-0.32153595097077886,13588.113638724859,0.23879162411880409,11735.925657284159,synthetic_gp_augmentation
1691.6763173986471,7014.614582716263,-0.18118865955927493,13199.697563204485,0.06899827904636426,13883.293102122934,synthetic_gp_augmentation
12586.867068655216,1959.4504988063645,-0.11990771277301471,4777.211710561362,0.0972418359990618,4329.715606211133,synthetic_gp_augmentation
15918.296317853883,3935.9390695235215,0.7675154650134515,68.46532744459486,0.1715487391143749,85.61393560767513,synthetic_gp_augmentation
13831.24111068105,3898.1303732530737,0.5116445128614098,306.9828004598852,0.17668993514002002,334.2217929284594,synthetic_gp_augmentation
476.7886936878821,2150.802563136108,-0.2994057452518837,14676.282082036785,0.23200440341227183,16102.00225849045,synthetic_gp_augmentation
4095.090456232809,2893.6766753567554,0.09689704631351181,4726.678323051384,0.18126951417325995,4776.1082848097385,synthetic_gp_augmentation
789.1422049560963,1484.773992604736,-0.15962983681928444,7163.03831357608,0.062212182107549106,7851.626343523779,synthetic_gp_augmentation
13150.392094954548,4560.805579668396,0.6618091051991335,180.49797624830202,0.133625539453022,206.18339556557774,synthetic_gp_augmentation
9344.370923047829,7304.224202667841,0.7849157804273779,185.92846763627753,0.2745656288370352,189.86596628200368,synthetic_gp_augmentation
8268.124804556155,2532.860578893203,-0.2699938084609752,8145.035493045968,0.09004140146174128,8544.756712981269,synthetic_gp_augmentation
8915.753123744787,4064.5008781716615,0.08319909476851473,3041.418856504484,0.1260899200645977,2560.9838068000654,synthetic_gp_augmentation
4113.975013275799,6895.044895269196,0.8339717793544281,195.70594382230178,0.1825080699686804,165.7004283663059,synthetic_gp_augmentation
9666.05006930792,3619.99237556378,0.4199252197682246,449.4696605902479,0.1991437587590852,536.1172071563057,synthetic_gp_augmentation
587.6049575780769,6650.082627663356,0.7153356156801076,496.8182678021416,0.23332277075403657,505.2189512254504,synthetic_gp_augmentation
10371.58641113635,3571.1253213589575,0.000771223405815924,4633.146346268247,0.13532456325846648,3784.137218203092,synthetic_gp_augmentation
11777.497899843409,3521.9397336869865,-0.2064166872688023,6713.764329965526,0.07949061815728467,6891.491593596842,synthetic_gp_augmentation
10801.117593018053,1257.919697434736,0.4678252205706477,545.3244027983116,0.2352208575984905,643.9969542639043,synthetic_gp_augmentation
5380.668541164302,999.8305954129121,-0.30760313117154336,9017.914098581205,0.09654109514181974,8373.225167931072,synthetic_gp_augmentation
13237.58035052793,4891.973954355902,0.6758626554167644,192.38365416092782,0.1914575232664152,206.85989105364266,synthetic_gp_augmentation
11477.149554167965,6618.668197429764,0.5567720195975763,901.4426011249426,0.20625982641347018,712.6803141896537,synthetic_gp_augmentation
2139.927434496018,1083.251894801549,-0.07313071096247531,6320.8957932433705,0.11051183070269106,6768.82642567371,synthetic_gp_augmentation
3202.7931065592093,7280.7515688559015,0.19819612760655547,2942.4373490749267,0.2842119734071368,3362.732926411296,synthetic_gp_augmentation
10230.023769533995,2871.0384149146917,0.6188714594671247,148.57027737103272,0.21309481398232993,148.16199585931278,synthetic_gp_augmentation
4701.716523540816,3402.0576521665744,0.8088744476813956,93.82740941802884,0.17217548398899396,90.89828582761565,synthetic_gp_augmentation
1998.9837689951676,7155.627216145032,-0.006975305757881356,7166.356663369359,0.24087371589215884,7178.33632288359,synthetic_gp_augmentation
2733.31317059237,4198.871015292576,-0.22774608646800332,11201.773176638948,0.2724021300213714,12110.86072633598,synthetic_gp_augmentation
7696.875418412277,2214.119555626727,0.7649561948611896,212.90301289448294,0.27434251639746216,168.228187472209,synthetic_gp_augmentation
9757.428709529007,1375.5157787054068,0.460750014279939,666.5627851154773,0.18310926997123286,777.1848219982725,synthetic_gp_augmentation
2904.7961701851978,2172.6403794443722,-0.2861649519017925,15709.738936396416,0.2521704976225565,12690.910480304374,synthetic_gp_augmentation
11428.696104775216,6245.019181000999,0.535760490253903,760.3273267310459,0.28393187400500985,702.0173317909077,synthetic_gp_augmentation
4568.100459274302,2596.7264177091965,0.5136807397755929,682.10113733628,0.17017781711522292,615.4066006185384,synthetic_gp_augmentation
5053.774400463977,5556.491688264069,0.5392164396839236,1182.6620800233866,0.11710159496391508,1008.3365043082057,synthetic_gp_augmentation
3653.6280750783103,1561.6065782367768,-0.017171615605446888,7000.886681324646,0.1145297792151079,7252.121636111714,synthetic_gp_augmentation
12584.777561496738,3828.029061511197,0.53572034989757,270.4075396523808,0.25142703808945216,299.4591646635355,synthetic_gp_augmentation
15361.039943696345,2816.8497284705777,0.6571980795340799,108.61167527251213,0.26421839499089256,124.93271609010249,synthetic_gp_augmentation
7930.747593981674,4028.898586561845,-0.014019526642484903,4477.652959564037,0.07761867168367952,4453.411280962462,synthetic_gp_augmentation
768.2871987686759,4559.562327361412,-0.20885926678653877,12706.563974148494,0.12462258994506467,12188.532120675245,synthetic_gp_augmentation
2612.9996287896524,7199.160377513617,0.3689716909736357,2769.3644146750103,0.27379855006097026,2139.630945341086,synthetic_gp_augmentation
13499.920329147084,5566.931820193526,0.14454203666292953,1988.8964478176047,0.1372297370841943,2028.032637813847,synthetic_gp_augmentation
9457.369048331553,7140.688565663997,0.6348184482053651,496.24509899022434,0.22850015541958543,574.2537123762203,synthetic_gp_augmentation
8332.062614479195,7093.62744059391,0.1871497862366247,1835.2690836211455,0.1673838566209669,2315.358985726991,synthetic_gp_augmentation
13572.87489646507,3832.134914824447,-0.44046603387475614,9447.35296749387,0.2621890148442927,8277.666923790199,synthetic_gp_augmentation
538.0071785341529,1365.6536884884547,0.8616577599499529,106.35329602895027,0.2041595167016528,106.32434716688405,synthetic_gp_augmentation
12456.728715571453,6035.225719751373,0.5892934398483791,559.0169581840613,0.09689608844660895,508.9395272308329,synthetic_gp_augmentation
1954.0043245394133,3108.120311923388,-0.1993418466035919,10792.14949799422,0.18372085303834365,11525.81505864081,synthetic_gp_augmentation
13468.37177315287,2756.5463175378795,0.7931738120017733,32.98071587626498,0.2828756545507412,44.59189239544152,synthetic_gp_augmentation
1071.9574975254595,4472.564459726499,0.6206518401351253,486.2756924458489,0.08813794030931746,565.0762660855661,synthetic_gp_augmentation
13348.596116941058,2668.150645953272,-0.3219613936010949,6035.7922053719485,0.2484725454948577,6649.649627114161,synthetic_gp_augmentation
534.2944614329011,5519.364887984947,-0.23906613347327793,14080.360404050756,0.11946881679312239,16512.665113944528,synthetic_gp_augmentation
12785.4099288434,4070.900910615203,0.7793280786481884,62.10158181591188,0.13436242336607138,81.32792891873044,synthetic_gp_augmentation
7491.450869340467,431.7858534839622,-0.19897460694781183,5917.68839646808,0.0748405314237367,5925.137621336201,synthetic_gp_augmentation
14114.080399241857,7492.341458969378,0.14515896931304006,2360.2896244022586,0.05979040322681365,2391.139263066091,synthetic_gp_augmentation
10203.325437378227,3293.5702649631216,-0.2832884564445664,9248.0354235696,0.27380504772626624,8695.193288265145,synthetic_gp_augmentation
10014.107194489487,3595.625554287098,0.16921097996297185,1593.4434720667746,0.169870822759302,1683.8997253895832,synthetic_gp_augmentation
4746.538187499036,3648.2600979453255,0.3995407820486139,1591.0643671943849,0.23002583307508465,1183.982654589708,synthetic_gp_augmentation
2225.5203244725635,2920.223665907753,-0.4740231562268961,27180.555120725505,0.14891883735797407,23173.163110733178,synthetic_gp_augmentation
15382.641015257253,5396.7032849440775,0.40009806837201545,912.6411257134533,0.18972864230048173,974.7080277385908,synthetic_gp_augmentation
1766.283257379983,111.3415665907942,0.39564989876002754,2779.32766025102,0.060438578467858745,2370.9141584717086,synthetic_gp_augmentation
8511.268541169724,6988.06663448543,0.1370118816118907,2479.3284110667005,0.06502534677178974,2399.958027435839,synthetic_gp_augmentation
4433.840594273006,819.5122021564822,0.7535631676318981,1662.6014237081752,0.0806747975733587,1643.5035358262908,synthetic_gp_augmentation
4299.83655094513,7997.709400838539,-0.31125337547192367,19140.78267311731,0.06099825648808178,19385.773798731407,synthetic_gp_augmentation
9553.920886914728,5024.661033413768,-0.42816343736478735,14905.293893529555,0.08093085348193413,14033.118509640277,synthetic_gp_augmentation
12787.152463144015,529.9717928374719,0.19416362396451814,2343.929387350722,0.07407675155425619,2381.4388684820588,synthetic_gp_augmentation
12457.15377701733,4499.496475414728,0.24624832811495345,1132.7232460054133,0.06884171691917272,1174.2481739231798,synthetic_gp_augmentation
7505.446969269673,6043.768038255078,-0.14478186402359056,9302.374796455855,0.09490466911131058,9631.194528786367,synthetic_gp_augmentation
248.4197141983968,4056.117349187491,-0.12177343977362098,6288.390901657103,0.1209286788040383,8393.389926180911,synthetic_gp_augmentation
11975.036207868212,3438.219196059796,0.6353810367496893,131.5438363818217,0.13774452489806088,175.09894978769157,synthetic_gp_augmentation
4907.2554830623,7966.950926316291,0.7919531461602709,197.7213050797298,0.1323389904279679,250.96864362645277,synthetic_gp_augmentation
9027.747178995965,5339.072679686087,0.2505956444068034,1391.6529358584492,0.24160102217362564,1669.733964040689,synthetic_gp_augmentation
2791.8744841092657,4111.437939129927,-0.4733244182748099,26639.06779324635,0.18877348322111595,25003.367791595083,synthetic_gp_augmentation
13128.452163435824,3183.552939362363,-0.0023911644217955996,3455.407287066985,0.2588619921360474,3045.3155987615633,synthetic_gp_augmentation
13094.628286524616,2596.6628595244947,-0.18648423993784402,4513.861924975487,0.1700247954808404,5211.636305584921,synthetic_gp_augmentation
14051.501344571992,5643.355390413035,0.21542526626851755,1419.9364353118988,0.2264687820041764,1733.7750886067267,synthetic_gp_augmentation
830.398253996893,4703.084119248218,0.45560050497629156,1675.5395424587148,0.27077573587290493,1253.9105579559755,synthetic_gp_augmentation
4039.692689591143,4428.485786426995,0.2523039730162926,3304.2774123745917,0.1347775889216524,2933.9460857464323,synthetic_gp_augmentation
4064.4380941280933,3818.8519587454434,-0.15539418813756722,12914.540718817321,0.2595657933110949,9168.618268677737,synthetic_gp_augmentation
4353.769904027865,6100.967570328533,-0.22564494243073563,18870.122924445986,0.17682243444335502,13694.89486385669,synthetic_gp_augmentation
3912.987654430095,6815.516837839319,-0.4481669266228308,34191.12481553683,0.2701126554402663,25798.176104746148,synthetic_gp_augmentation
6360.963851266436,2616.3580892383998,-0.28916478280520896,10574.215715560465,0.19603546084124446,10222.878720184439,synthetic_gp_augmentation
10524.144660847123,5541.000371047724,-0.4827005563528213,13986.146708038423,0.11133512369964525,14599.459660586537,synthetic_gp_augmentation
13392.816636885856,7143.767192797218,0.2775387108382694,1904.8295242557058,0.22936320223807583,1889.227006863842,synthetic_gp_augmentation
11114.589854243384,6152.5909095689685,0.34012002453031576,1462.1598456039205,0.235278065322049,1384.133083775098,synthetic_gp_augmentation
9549.733232118439,2740.86514012761,0.24344297211730526,2085.365365752217,0.28093738483653474,1588.252171484115,synthetic_gp_augmentation
2448.884144402992,5650.712023606183,0.07997664103439228,6546.026935368136,0.23210554361980948,5068.656995731316,synthetic_gp_augmentation
692.6707190893151,465.320635614475,-0.22848707787765232,7534.130474194717,0.07000066858816888,7459.247294420651,synthetic_gp_augmentation
4300.647445441303,6331.053917158806,0.6567398147706196,580.4903934494704,0.2542169454742238,619.6190377604726,synthetic_gp_augmentation
1007.236779218183,6464.072921853324,0.8730822051887861,191.07980877572177,0.14977958223608812,143.7174445340083,synthetic_gp_augmentation
10712.120711792955,183.44751132477998,0.25687203570447625,2488.561055968771,0.06675330273450189,2636.9890950612676,synthetic_gp_augmentation
5957.10021323688,7582.360110959789,0.02409775364574518,4526.720727334318,0.15989000684971033,5004.797865364266,synthetic_gp_augmentation
10467.570882957381,3567.1986152413533,0.6084958031828396,174.97423824067022,0.13210578097101447,241.39056537736064,synthetic_gp_augmentation
7346.277619711957,6305.396205159255,-0.05091700746583061,8270.053398202954,0.2658927946175033,6823.0700354408145,synthetic_gp_augmentation
7381.580061642276,7205.228222469698,0.8159728168094567,136.71625763667117,0.27746258487396647,156.6814504190732,synthetic_gp_augmentation
6940.601768901456,7791.962956694593,-0.3430381910287849,16937.03105620735,0.3205874652395081,17196.678310992687,synthetic_gp_augmentation
10292.923373531723,5032.808010206295,0.26489517390233275,1564.5779883874052,0.09417923565055628,1404.9684211555102,synthetic_gp_augmentation
1297.0118838247674,3116.5050458639002,0.3360101456152881,1697.710273225943,0.19447794044855934,1386.2796237933053,synthetic_gp_augmentation
10722.090172419306,6015.033988952649,-0.26973047934272176,11618.028840060351,0.0662737705163979,10419.75713572349,synthetic_gp_augmentation
5010.917803152649,1255.7542304244923,0.5096026182039934,2541.3617834160286,0.23615227861871205,2529.9552597019438,synthetic_gp_augmentation
329.5133641864513,7438.738689432157,-0.1608064208941683,16359.841781487065,0.1257211668621708,12965.33661492111,synthetic_gp_augmentation
2573.969357639499,1642.2313090314517,0.8273435713256587,165.9774237961611,0.21740205120668105,164.01940779518102,synthetic_gp_augmentation
8011.198551333296,7007.7979054368825,-0.1808599517118037,12828.60588287872,0.06628054486268457,11252.177281004393,synthetic_gp_augmentation
5035.386378578091,3869.7915587087027,-0.47576392925871636,25448.183259914014,0.21440107001967998,19735.2857501669,synthetic_gp_augmentation
11140.689918681459,6724.961186970726,0.29498327064438257,1688.0123723053239,0.2794771427580626,1719.044947404049,synthetic_gp_augmentation
12387.45907875518,3377.1796166057984,0.380003355486378,362.8589683836775,0.20470587770875542,388.03237110617334,synthetic_gp_augmentation
4654.987184164281,5572.836327343229,-0.17910129520067314,8135.699996315892,0.1370508404023533,11173.81361454011,synthetic_gp_augmentation
9971.73295059221,1813.7408272748141,0.09931810986572265,3546.158469871325,0.2549569540670371,3158.3465520861155,synthetic_gp_augmentation
12807.540445993764,6406.285733428308,-0.2486798388967822,8211.556068662643,0.17585292590918375,8082.299898332421,synthetic_gp_augmentation
6230.342445435607,6559.405194264859,0.10033589990837954,3155.980567459594,0.11909522841249713,3115.7729963208276,synthetic_gp_augmentation
844.1985748659803,2361.965632262368,-0.3088715257872455,15304.658708500141,0.22211310208990429,16528.49287658386,synthetic_gp_augmentation
8613.583784836206,193.12609976551886,-0.026837719183817554,5546.897610427679,0.0628642180282518,4807.895113160436,synthetic_gp_augmentation
15927.004078557555,3449.642014238597,-0.2214957364550758,5588.263534546034,0.12741597610236008,5171.629264114138,synthetic_gp_augmentation
15506.970675392926,1360.004273961696,0.6425426218963515,95.68446449564229,0.2179708993959786,117.76825029283864,synthetic_gp_augmentation
3614.2528837122745,6548.408642150984,0.5210957170323147,1284.4119080441703,0.10670094625710376,1265.1580479328593,synthetic_gp_augmentation
12115.574499845612,2088.7782241372497,-0.26645284257054913,8584.196724632207,0.1600834790963432,6251.802907332005,synthetic_gp_augmentation
5584.734125939049,7549.542340372217,-0.38393362646125123,21437.190310153157,0.12146769616011983,20362.56992449893,synthetic_gp_augmentation
2648.3324349111545,7774.471688615114,-0.4639575515817593,29687.04342149965,0.3266910661398891,31773.8281114996,synthetic_gp_augmentation
10688.043739579643,7270.687392563692,-0.18265948541178295,9539.751768566704,0.28774641129877876,9605.11197911271,synthetic_gp_augmentation
8063.812799475627,4796.915821649394,0.17224831239539573,2362.6454077071385,0.2705676454288771,2032.367509402649,synthetic_gp_augmentation
8673.765866725269,2139.4240318873276,0.05983647560988059,3438.745942683398,0.22005793555016565,3773.201727677171,synthetic_gp_augmentation
13255.543329544584,6458.067318664287,0.8600986444675827,69.16014401090938,0.13992003618931792,80.20726530861747,synthetic_gp_augmentation
5451.044446610027,5612.763049664115,0.6091439032687334,696.881745700618,0.19562498131956696,687.9290291300907,synthetic_gp_augmentation
5922.444324705742,3018.0160585299072,-0.2774946644533828,11277.268792049543,0.06912062614393645,10857.999148299925,synthetic_gp_augmentation
779.3099556288241,470.1439933417611,-0.462761327375201,11242.155629117884,0.1347888260549996,11439.037783569891,synthetic_gp_augmentation
6110.440206647948,7987.09063071157,-0.3064830939864409,18078.046909938574,0.07171188840745499,16930.25490223093,synthetic_gp_augmentation
15205.547964945741,6706.109115511004,0.24118400835680642,2013.225339380463,0.27328904631029477,2040.1511900462833,synthetic_gp_augmentation
7783.873465205831,1771.9175063883927,-0.39256675054470713,10856.535142859802,0.2871242731686985,9930.68325817845,synthetic_gp_augmentation
1820.8639457062038,5805.022927197231,-0.4161848737658222,28993.211194006748,0.2687126627821408,27766.217274480397,synthetic_gp_augmentation
11036.446587081991,5.521400518225583,-0.33457389398569226,3552.1968509084195,0.0638976094712535,4026.684434202698,synthetic_gp_augmentation
15417.731660524487,4462.472463068644,0.43717910310249875,499.8374141183653,0.08552004355252844,655.4296342289268,synthetic_gp_augmentation
14536.329420053687,2902.7059280130275,-0.4728986251286462,7333.677994926445,0.22989655715765442,7367.415556549723,synthetic_gp_augmentation
9194.177321149406,3050.664329901015,0.8574765402716873,39.01367054153837,0.11100167717176256,46.47418334947783,synthetic_gp_augmentation
6082.863835141646,1956.1584493766065,0.03310076892037361,4373.292485805323,0.09551414717775368,5175.170772781037,synthetic_gp_augmentation
9332.774929296922,2198.7617250667527,-0.028777694566791412,3793.516491482839,0.26774308344010495,4694.451014627204,synthetic_gp_augmentation
13073.303888968067,3637.349310849209,0.16473796755500802,1725.4375415254533,0.2191550476598368,1350.271101738029,synthetic_gp_augmentation
13793.673738093423,1985.1602838222045,0.22500651246328285,972.6956390282506,0.08856535814489368,1019.3385740492561,synthetic_gp_augmentation
13119.617770584815,3731.5195749555032,0.08801874454936742,2548.8201887900086,0.2800901725463517,2076.4134500137006,synthetic_gp_augmentation
7342.07441722363,4618.781764563645,0.18085623314003496,2455.7599095329,0.19754481487672318,2233.7385782100996,synthetic_gp_augmentation
1989.8420341666565,5688.89138282008,-0.024372538950999334,5792.201274753868,0.26265405828549404,7331.700527868634,synthetic_gp_augmentation
9149.857485146544,5417.165205462544,-0.049189610987194876,6163.799920304742,0.15086940005681068,5532.414833913732,synthetic_gp_augmentation
2587.218365730507,1935.9141848361867,-0.4617586288386345,19063.022540078757,0.1501963901336129,18257.400340466884,synthetic_gp_augmentation
1069.2375089759103,313.5167234249048,0.44052074770786664,2252.7564151642587,0.08978572104817789,2877.8749525881476,synthetic_gp_augmentation
8028.818551518888,6661.454928745045,0.36418077139133287,1667.080026142454,0.24256711657487937,1597.8162652696262,synthetic_gp_augmentation
10520.437855741384,6978.5027437167455,0.4363485283210815,1295.3430367467972,0.07108099256137619,1219.3997612706492,synthetic_gp_augmentation
13680.942171861649,7831.116157866172,0.8174770756909608,105.12711296477046,0.31465465319589514,141.24013381992012,synthetic_gp_augmentation
12547.085307873427,7677.692457889501,0.16231863553632186,3290.165214126493,0.2831305923182153,2391.801479070554,synthetic_gp_augmentation
13730.124152829118,5070.512213543872,0.7344786080231385,158.32462423271895,0.15800221083841298,144.474225810831,synthetic_gp_augmentation
12185.09345605216,7154.173631532626,0.12152054560098746,2464.078663799458,0.23929377853803788,2369.9551636297647,synthetic_gp_augmentation
11281.506410807615,3584.0673545711093,0.16865963844618626,1928.3928907781017,0.15566522981029782,1400.2808855083242,synthetic_gp_augmentation
10055.026757766447,7642.676338053742,-0.19773804086013386,9977.040072042404,0.2470507156613256,10495.617321178079,synthetic_gp_augmentation
2015.6606858119712,6370.228457661313,-0.19570142842005533,12342.91017562479,0.21036162613264076,13778.005045772014,synthetic_gp_augmentation
1032.807404087403,3326.1229276144027,0.21376458190745962,3429.089903998919,0.254135361048735,3534.8602533599997,synthetic_gp_augmentation
2586.953218479921,3022.07397653412,-0.4039462551915886,21608.813849692913,0.08300095709608755,19582.34538993965,synthetic_gp_augmentation
13190.345366923828,2332.3420334985794,-0.1686787308064085,3855.021701556133,0.24672431627639763,4774.2475630343115,synthetic_gp_augmentation
11927.20535029034,2936.50819451062,0.610777015013318,175.19769583975162,0.13668035105996118,139.84982749338587,synthetic_gp_augmentation
15185.481242762877,6564.613294337624,0.14922679825673535,2263.2703084152504,0.1250742146457822,2438.6097268126737,synthetic_gp_augmentation
15665.722512541526,5612.002569748614,-0.4627292930312371,8772.183285006982,0.20004472829780656,8372.228085810026,synthetic_gp_augmentation
14303.215383346316,1999.0334363337956,-0.414962014292795,6316.375149332372,0.21684061185280137,6410.507954721763,synthetic_gp_augmentation
2213.524210534287,5692.2810286620015,0.7873215300016847,203.34471919111814,0.28852208040456545,194.1256850883041,synthetic_gp_augmentation
14066.285580707188,3035.1637283199366,0.8394058276764098,37.74061737475583,0.0863685874668239,41.65078409995947,synthetic_gp_augmentation
13434.33044313946,4462.180056293163,0.39754537295021686,736.2658231790721,0.0871141420816848,679.8406758768743,synthetic_gp_augmentation
13950.265171769188,2962.9541821547696,-0.24107684804155477,5434.233808933429,0.09060990593137822,5696.8490695199525,synthetic_gp_augmentation
1956.9900615957488,5838.431160740358,-0.07234612087017395,6627.887986456882,0.2422336985851308,8372.90241573082,synthetic_gp_augmentation
14788.561185386898,5849.045204963992,0.5992188491500126,622.1780007724088,0.24210751265213334,452.5015070458631,synthetic_gp_augmentation
2863.843721238622,6025.460634408759,0.2519255591760712,3423.4464739144637,0.08972891585705003,2939.099522380036,synthetic_gp_augmentation
7350.159106955558,5523.9635433068315,0.004714854300999605,4691.159408979187,0.07234346136373487,4431.322396520845,synthetic_gp_augmentation
2078.636192490075,1909.693051576661,0.7173160488673891,178.01332082464134,0.172717278070491,203.83348376139287,synthetic_gp_augmentation
428.0851797175038,3819.4273633589246,0.10082732462126798,3746.4878239618643,0.26201842033221523,3757.5521533012134,synthetic_gp_augmentation
15906.038469297146,4664.855334426212,0.08432369573374143,1707.905289349639,0.2504808858822876,2359.398971224038,synthetic_gp_augmentation
14038.850192875881,5491.857498176204,0.1847378132314823,1885.5357390867537,0.07665593512010481,1821.4083150707354,synthetic_gp_augmentation
14606.173076675133,7295.967934034004,0.32852805518617867,1971.3245527652282,0.27883464132427743,1686.367545009442,synthetic_gp_augmentation
4624.552801426684,2438.1490923183273,0.7517565944213793,161.36811880353957,0.12357581695794637,154.88351486994213,synthetic_gp_augmentation
3599.615006652481,6762.287317159677,0.14085776271634187,3620.8367501552593,0.2827662668094198,3792.671899592603,synthetic_gp_augmentation
6871.278274989283,2488.9940160746455,0.8021907320995745,104.22528381609835,0.06362177782664157,104.186625430318,synthetic_gp_augmentation
7307.777966750309,4415.275352282616,0.05113566951363224,2651.776628629122,0.1527202744599288,3318.760285628932,synthetic_gp_augmentation
189.0310779414261,6624.798779398394,-0.04559822764159793,5802.350515464155,0.20625973623143032,7098.465389337186,synthetic_gp_augmentation
12490.124489701342,5785.196842157523,-0.08693614975369784,6919.666105650934,0.27534028226240287,5437.6752563226655,synthetic_gp_augmentation
15947.005906458075,6902.957351018637,-0.4703871934201901,9733.930128001222,0.17815301305481093,9413.96651849004,synthetic_gp_augmentation
8506.184834623222,6519.049540130988,0.6888015168593988,343.2095337009058,0.1788175200754269,361.77208803444694,synthetic_gp_augmentation
6273.313250697975,2210.7780954762966,-0.389072767132312,17051.311164349405,0.28177080787306763,12036.201192786006,synthetic_gp_augmentation
6344.755102217133,7943.493373694489,-0.031936106377823625,5629.401121219307,0.14243908108459916,7224.749394482573,synthetic_gp_augmentation
1627.6264015364009,7495.987457656582,-0.1493604990578763,13449.86499967956,0.06399256461686752,12709.494809072643,synthetic_gp_augmentation
4331.972911987787,3441.396969906318,0.5422114278705101,526.6573762400212,0.1160106791557729,611.3026187423128,synthetic_gp_augmentation
8083.911339290636,377.67580551100986,0.8056220459392573,1258.4627770324516,0.0669303799327038,1213.5402358880547,synthetic_gp_augmentation
6966.3832180416875,2427.9733855130407,0.6433936975003811,304.84954979912783,0.13583187988695863,289.17326477226567,synthetic_gp_augmentation
8766.052457315453,6689.220244771414,-0.05200233833984619,8031.755606738983,0.2633137708128604,6508.783316930601,synthetic_gp_augmentation
13600.143813334766,7606.96335599067,0.1380602809433007,2188.8826605902327,0.19726517838199897,2444.289718609197,synthetic_gp_augmentation
707.7845799955778,452.29199749064986,-0.3337575955741684,10289.903575434808,0.09471905108944628,9204.327534822714,synthetic_gp_augmentation
2233.284004379048,4140.662752076326,0.8327362379025891,103.56091291716484,0.22649376342067865,87.26343866870724,synthetic_gp_augmentation
9170.67945839,3011.060070905259,0.6391195583824065,148.92247153694439,0.0723319781623512,162.7714430347556,synthetic_gp_augmentation
12950.138479603003,983.7790974246783,0.49620879753683433,367.3210541118883,0.05774420607732797,342.4176397910881,synthetic_gp_augmentation
14200.214434562042,846.8267711128439,0.5835911193100494,274.23351707524466,0.08186386819604351,276.52823060064406,synthetic_gp_augmentation
10198.299911402042,1224.2950692487664,-0.024914470337133954,3647.128658958208,0.2275474271803065,4495.535087740265,synthetic_gp_augmentation
6509.977713969206,1646.5893870771176,-0.08575888963004297,8785.054135386279,0.21829876472746682,6788.758519110859,synthetic_gp_augmentation
2556.783859682744,6030.291274923776,0.03398921179471304,6267.742899275146,0.07751633092806279,5981.967748585696,synthetic_gp_augmentation
6482.551597151317,3053.627764005663,-0.2457414522109435,9825.535255620945,0.11175239223782149,9687.673328101897,synthetic_gp_augmentation
5385.400629133758,3495.5050415614296,0.5449041192745452,571.9074024285748,0.059931920911919595,588.6927482085354,synthetic_gp_augmentation
13933.41150562849,4787.050679864944,0.16506137180842773,2152.8990584884496,0.2751477539931634,1649.5602409441308,synthetic_gp_augmentation
7838.838100828655,7681.067819456131,0.7401339416476036,319.6118436685862,0.28673030475646816,323.4409995917663,synthetic_gp_augmentation
3696.514809277008,6051.752391202708,0.7297341129875934,310.6516604723772,0.10927529252331414,350.54214239297045,synthetic_gp_augmentation
2269.8756162287555,5950.657068862543,-0.19365442385669923,14593.123628803369,0.10530153886858899,13101.832898332172,synthetic_gp_augmentation
14705.508640199187,5754.3401689487,0.0748963159255771,3037.7454972541245,0.28348399332003366,2825.0182782605225,synthetic_gp_augmentation
900.4989551598497,5521.994087954214,-0.3336597565353128,31006.132873457125,0.15565680457891615,23874.58222109791,synthetic_gp_augmentation
304.2553520387182,3971.2569559988538,0.46520743866453473,927.4837322015215,0.08005708454304421,977.1780998051883,synthetic_gp_augmentation
3009.524043077213,4534.776641119829,0.5326339174711074,974.3172519511916,0.1047165021488628,948.879613456353,synthetic_gp_augmentation
12992.89688477895,3691.931731591574,0.5098905023143043,324.0831192843651,0.266973238037983,303.1867884764544,synthetic_gp_augmentation
8423.121907434192,3159.6679763759844,0.15829443962529643,2809.0485429281853,0.24070165581401037,2302.6481739151595,synthetic_gp_augmentation
10050.908269294083,2166.1445740500235,0.6805027106142694,88.59544038149195,0.24957394790447632,80.6810456875029,synthetic_gp_augmentation
5787.933639110183,2841.7056100991217,0.34818404543404036,1833.5536834210427,0.2389991619284309,2179.7798104849408,synthetic_gp_augmentation
1191.9799702318037,3428.2369384772346,0.8910564866612531,36.20682583803989,0.13971483387807862,36.32622781220524,synthetic_gp_augmentation
13712.914783625474,4635.035239875888,0.6416135053528507,219.01967596616805,0.22149789171702833,239.0637496404847,synthetic_gp_augmentation
3151.118926793978,3999.0007776241114,0.5111623420962865,962.0113258274653,0.08172045383682755,957.4496400969405,synthetic_gp_augmentation
625.6412886673235,863.5916342180732,-0.3273760764755126,11749.008942460041,0.09045825892469966,11787.663238712474,synthetic_gp_augmentation
9205.99576133778,2719.7892436580837,0.6656400526843533,138.1273946554942,0.27723046018944564,140.54547983358182,synthetic_gp_augmentation
1424.298604115157,3009.5477488130405,-0.07219889807873103,8468.057655279039,0.06215110652814576,7911.555251877433,synthetic_gp_augmentation
1622.613444571364,5655.407720904739,0.08648001376280523,4576.15902749897,0.23634010961556293,5070.5819399580005,synthetic_gp_augmentation
7916.592470156128,63.64652467710297,-0.03616525942980625,4316.825848762222,0.053119057051502834,4275.485514228751,synthetic_gp_augmentation
3939.984390729574,674.6929866403333,-0.3481856798187609,8283.0041520539,0.08106609785192069,8797.62813169716,synthetic_gp_augmentation
5643.160131416348,3975.9873437618394,-0.22089061295630547,8739.119915438425,0.09456403491641176,10469.584758665766,synthetic_gp_augmentation
1155.0309016299693,3956.9792902338613,0.4131781851244005,1237.2846554562807,0.09839504112898653,1179.4501441493762,synthetic_gp_augmentation
1952.0417933380375,4593.64297668898,0.8199780873525389,121.31621343255382,0.1675592566963947,107.42589027957226,synthetic_gp_augmentation
9898.566356350057,7467.503220554837,0.6494956951120492,480.9067921475371,0.08725211934846965,546.8569743603056,synthetic_gp_augmentation
9750.850578027006,5244.639394790559,0.06310831646736126,2818.663575220298,0.2817632335088892,2710.713212686442,synthetic_gp_augmentation
15562.148734112412,248.32578106746172,0.6006886105969205,815.9238344267418,0.08195141171492695,647.8962700480266,synthetic_gp_augmentation
6055.336751961649,3045.844146278756,0.3070008694483639,1990.2300524722084,0.09831200862039673,2226.0793762648404,synthetic_gp_augmentation
1134.7342721225023,6347.655766252308,-0.09917848404503782,11210.828263717987,0.23395793564425532,9717.736193676335,synthetic_gp_augmentation
10249.714307012466,7399.784572001928,0.7998873906957789,114.39826375827298,0.18167581605089891,155.83126289497096,synthetic_gp_augmentation
2319.6842940013603,4232.085668509102,-0.3429221646905595,19601.00403583025,0.2834248785879496,19254.679529436966,synthetic_gp_augmentation
8890.505379209628,739.5815345776464,0.6751900743291102,1483.2499387536748,0.09528238044993284,1193.2193804615222,synthetic_gp_augmentation
3244.497234366407,1933.3643214422427,-0.39123859233571623,14229.38485875342,0.127900260834545,14827.113779982365,synthetic_gp_augmentation
13379.067782962893,7931.678009398478,0.37383245993885794,1884.0692959780233,0.16326280896214246,1690.6151403343852,synthetic_gp_augmentation
6931.102626375225,6904.127140538828,-0.26678485777373595,19525.93903863876,0.17649799602422162,14080.47568377835,synthetic_gp_augmentation
15471.216729153584,2565.4134772153698,0.6441674101311128,117.4069856347731,0.13999578847937896,115.97395963906736,synthetic_gp_augmentation
2155.09231426715,1777.8211487700455,-0.4166301754474065,18629.995436828023,0.2726564144575175,16860.39574536477,synthetic_gp_augmentation
5946.649496836235,3076.1782995850213,0.6177983387084272,261.24294764774794,0.1434154769403363,347.2136674038747,synthetic_gp_augmentation
9645.111373741649,5577.345028805579,0.6036734645848609,412.6881727331215,0.15697591124435145,466.42547880847894,synthetic_gp_augmentation
1448.9211723449657,7751.210713476495,0.1748839255902057,4867.243071962945,0.32362937366714795,3532.0846328693074,synthetic_gp_augmentation
6184.222510644779,3513.586214251257,0.5235535330919678,582.1920546771454,0.06588426009836104,559.4730108116667,synthetic_gp_augmentation
4252.636135863793,3966.6913682666927,-0.44379233938170515,19569.081020686193,0.08391424343898073,20198.00972542262,synthetic_gp_augmentation
6644.214583020381,3225.7819419949205,0.44251133558538747,677.1037426611266,0.2784970873107857,653.7608598213251,synthetic_gp_augmentation
12226.466650905448,504.148861565155,-0.17715198426541562,4425.973500026534,0.06161127297295932,4303.7532972071185,synthetic_gp_augmentation
6248.615279843563,6868.6871650147095,0.1305759315398446,3341.5458366390153,0.2135726326888568,3023.097847324558,synthetic_gp_augmentation
2195.811919659484,186.67671371360316,0.8047254623046141,1550.5856108935468,0.07756727338114996,1199.9225893642815,synthetic_gp_augmentation
13824.109329557474,5468.196676746813,0.6574524900022556,260.1805962867094,0.17494758640769636,281.6151555522959,synthetic_gp_augmentation
989.4598961937554,3808.8754562652935,0.3074028632103085,1558.214055406258,0.26385391725131535,2005.0623440556556,synthetic_gp_augmentation
5893.712053762987,2252.46752079806,0.7418084242241343,258.7943993900593,0.28326629939519476,208.1724822321844,synthetic_gp_augmentation
11021.68226274791,3200.565344215235,0.708282742943793,67.8451998266553,0.26924374550349806,92.0862262490581,synthetic_gp_augmentation
5533.098295123334,4374.223091352367,-0.37638457186384444,13536.39216087853,0.20980766557276148,16259.490585305788,synthetic_gp_augmentation
1154.3738001735019,5127.147291457558,0.1518083326969919,2730.6611261285325,0.20762843401967,3750.5880532732263,synthetic_gp_augmentation
5153.656536372966,7522.289144792931,-0.23280488499998309,15736.9525565561,0.08286046124215063,14721.081045939143,synthetic_gp_augmentation
3995.1956579435805,2657.607214205183,-0.383492340077024,12697.229904246602,0.24284626124555572,15493.515393691509,synthetic_gp_augmentation
186.17481710934752,4678.860103790015,-0.09064628785150564,10408.754499636563,0.25895075595199696,8079.361472516092,synthetic_gp_augmentation
8603.350419568389,7213.777177665954,0.3549013274834306,1487.9207470389397,0.28066331363838304,1738.6928298207456,synthetic_gp_augmentation
1954.6700444325584,2321.8544636027405,0.6121184491991423,311.055288410037,0.2582560683883082,326.0851895907563,synthetic_gp_augmentation
4671.190991866991,6920.3998490038475,0.7774669173360336,252.0033296060825,0.1486456499883411,261.5689418371389,synthetic_gp_augmentation
11629.339452285338,6779.94964501531,0.09125230263553274,2854.0839796160267,0.27840936816710654,2501.5127094912,synthetic_gp_augmentation
4288.944467010758,4558.884010732775,-0.2854464330111159,14326.675539763379,0.11963003273053806,14167.629182978617,synthetic_gp_augmentation
5334.179369937221,5776.924319946359,-0.22722220264305992,17659.23411134571,0.2793601655164998,12746.599739647481,synthetic_gp_augmentation
4025.856886226697,3848.5269484083497,-0.35650715301886027,13275.73730084316,0.23683410618345582,16714.488934270525,synthetic_gp_augmentation
15314.528745027452,4778.04643559788,0.8662607648506992,34.77672380616669,0.2829557703977077,46.04234648043684,synthetic_gp_augmentation
3129.263659099705,7795.792535826177,-0.32136358901839074,28110.224267788326,0.3205395891516078,21578.7555032199,synthetic_gp_augmentation
3012.5715977754526,2008.9644492443597,0.5592994308173731,715.5852537542773,0.06489876800309265,675.6794428505447,synthetic_gp_augmentation
7176.061203721359,6340.3769803251525,-0.05512999376650479,5730.23471644146,0.24043825293050813,7110.804505811556,synthetic_gp_augmentation
3109.9711112890495,4049.865198038426,0.25200691925843655,2789.991976848831,0.102437901643897,3311.2024516872634,synthetic_gp_augmentation
2591.6644549411694,1414.9860274549812,0.7217942969459687,518.2489061278907,0.14559595720625435,508.5798660083748,synthetic_gp_augmentation
1624.4846494472592,5148.283045635552,0.8106344320638803,109.96535402442574,0.2417958183445308,136.2657479933809,synthetic_gp_augmentation
10278.722844921165,6339.4152522806135,-0.16367755358782154,9612.042733167757,0.2429272607152048,9062.802497740051,synthetic_gp_augmentation
9832.107852940147,4550.046554586955,0.7757771647041172,90.6832100830729,0.10669894329754377,105.955905024581,synthetic_gp_augmentation
10437.589980859664,6699.462407933273,-0.147126591841148,10996.105641696213,0.2707797712316104,8801.519857074773,synthetic_gp_augmentation
12395.470127349401,2926.948912695899,0.6267160836821497,106.21796632196867,0.14545036053772156,124.44567167049745,synthetic_gp_augmentation
5289.092403401955,7310.14639189954,-0.47864947239811684,31960.40976210049,0.2731266169260588,24752.340890427953,synthetic_gp_augmentation
11757.95331599322,6425.274599452505,0.5161377613267424,613.2221606682663,0.14634996032479122,791.3178958270943,synthetic_gp_augmentation
11563.298404844709,3569.0264952233333,0.6775804409525743,119.49851506817511,0.13842855211596158,140.94451564042254,synthetic_gp_augmentation
4600.216560195895,407.16440401505236,0.6944094532733853,2420.179780655339,0.07861710884065597,2569.1506608336176,synthetic_gp_augmentation
6818.021406306325,3231.8537085054445,-0.046894161145018154,5993.564142978932,0.2796007979347813,5768.196922842191,synthetic_gp_augmentation
1642.7827324803993,6242.549264430687,-0.17272568503164576,12776.50787438053,0.28176483143178843,12700.633965541807,synthetic_gp_augmentation
7275.359974898559,5950.517521424015,-0.49793742239170724,21319.199476447662,0.12139850672618874,20099.271462502988,synthetic_gp_augmentation
785.9416312143135,6812.98264615493,-0.1699986428132334,14628.928807595626,0.26326572498755346,13329.807488161654,synthetic_gp_augmentation
162.74076443239247,5915.122677429946,-0.3341856466948421,26591.591730540502,0.16240615960136667,28216.559753710906,synthetic_gp_augmentation
14910.833137647614,7576.737193352051,0.44491124363859424,1596.3708361279398,0.1825700198607724,1258.6888256862317,synthetic_gp_augmentation
11060.456083347497,3986.0764428003667,-0.2972973211347597,9104.280306974828,0.09085976594609076,9061.866394617444,synthetic_gp_augmentation
9033.366458348906,4994.318694826328,0.31953692484239216,1211.2676954739206,0.07272103822031718,1321.3259436431176,synthetic_gp_augmentation
5523.522426826619,6781.646068481812,-0.32294513638468836,21694.04424164978,0.27937013804415967,17155.668922689387,synthetic_gp_augmentation
9171.554433492678,5613.527598850777,0.48618594600658316,920.2260364445939,0.1931934696620243,807.7619641616953,synthetic_gp_augmentation
14276.054843779475,816.4537509893535,-0.10023629769298659,3110.720621663204,0.07911892913630861,3311.5120578381457,synthetic_gp_augmentation
10472.844129707448,2935.971620758333,-0.06782505734125305,4885.616965756409,0.12254207219227958,4968.663923526452,synthetic_gp_augmentation
9679.463767460717,4420.7263866549765,0.3965394411610774,853.8854277862805,0.14570944058162238,790.0421878459119,synthetic_gp_augmentation
7417.25159724968,6037.740350892551,0.8145234531941961,106.5254714938182,0.1097363368858184,118.50064563234208,synthetic_gp_augmentation
5596.582787348642,4348.540550548586,0.8882414699397647,43.45803538993114,0.23515876804692964,53.38131287738342,synthetic_gp_augmentation
6853.647326977383,2121.0261623614483,0.3572500556230024,2167.367814702955,0.20024166979485508,2236.0641596042083,synthetic_gp_augmentation
6336.0627438257925,4928.785385296907,0.7690560064897762,154.0040787235169,0.13860285609215361,171.2606626015483,synthetic_gp_augmentation
6907.004210604176,4456.883019846264,-0.46100699257398337,15352.699513222828,0.16609016566657314,17466.49117228499,synthetic_gp_augmentation
15850.933896559072,3919.024713894651,-0.3955964312142805,5825.050001010678,0.1587154289028266,6672.59651984813,synthetic_gp_augmentation
11337.774294398516,4388.54627654974,0.6261502027073278,288.0602455100395,0.19144068276175671,258.98566666978667,synthetic_gp_augmentation
5811.032742448408,6538.719001646917,-0.30686093084963356,16718.026520441144,0.10387061474636179,16001.073957587216,synthetic_gp_augmentation
6949.671103430486,647.3278598075956,0.3195598627807438,4004.7174186629645,0.07884754841526531,3678.429774198942,synthetic_gp_augmentation
8492.280792137875,6703.607555011462,0.2939574819126155,2493.5222627640783,0.27124592898300715,1875.7737139332246,synthetic_gp_augmentation
13000.957129211958,4570.043618620365,0.5256341212171212,483.1977693969196,0.13237330075188222,383.25981352683306,synthetic_gp_augmentation
10603.027911999417,2550.9218216177433,-0.23717203111375024,5874.473753976451,0.10774912876075675,7153.61849252049,synthetic_gp_augmentation
3254.891463508511,7367.767583874067,0.7798436744081005,347.58309742722497,0.22393742414212348,296.40887177920644,synthetic_gp_augmentation
11675.744437916082,1245.2110770084942,-0.4217726920073231,8971.817234339727,0.24347568566017877,7036.506515388736,synthetic_gp_augmentation
11539.391840679282,2615.021219946418,-0.10405338836467487,4755.1309337060575,0.19272362776357344,5047.436614874397,synthetic_gp_augmentation
4274.373528819054,3497.07752503664,0.13521386786116318,3712.186162667469,0.05914558614214978,4184.067398981976,synthetic_gp_augmentation
10003.707044025268,5903.823103407011,-0.1833589833554296,9018.185178318692,0.1682602129126028,9360.525670141404,synthetic_gp_augmentation
9814.089626638784,6685.974337006088,0.4292651397581485,1071.2804149804722,0.2618240782705725,1226.6462826045465,synthetic_gp_augmentation
13452.623219313287,468.48380996159557,0.4503094064851966,1450.8908211361177,0.07404596924713047,1260.7558451314042,synthetic_gp_augmentation
2263.549758151716,6336.286563708756,-0.20339877393846617,14202.892288372068,0.24432178492584394,14045.655305999826,synthetic_gp_augmentation
3197.9322217332115,5764.227322005306,-0.4879722237753817,24958.55648138422,0.28866540179039357,28116.355068426514,synthetic_gp_augmentation
7826.915109908104,7157.21843849453,-0.39595585281308676,14852.073292363286,0.2431480600039896,17200.643601224674,synthetic_gp_augmentation
801.9078673876818,7203.543926604337,-0.4994009609618141,41413.58608567531,0.2797372729505155,36947.39127337607,synthetic_gp_augmentation
6707.947741867135,6220.204469283588,0.7675512016962982,192.3509737937519,0.286721145291644,210.3845448333862,synthetic_gp_augmentation
12632.682767795599,1521.6214741094961,0.37033197331085943,583.4825078463,0.08190613566636244,538.2127075319266,synthetic_gp_augmentation
2464.5588643455717,2510.9720532484052,-0.30619061448172724,15295.398037237721,0.08514315419131199,14564.083042835286,synthetic_gp_augmentation
7413.184917290745,7490.557590787984,-0.3704819089221836,16440.339940041493,0.06363521338579632,17267.929526759715,synthetic_gp_augmentation
8144.128213455343,4310.085875114301,0.6354554340868632,392.75980078363085,0.26591979054350123,328.87309046089007,synthetic_gp_augmentation
8023.348803541239,7325.675520351988,0.7983314962999886,207.88678675366046,0.2608556038255716,171.4212315063211,synthetic_gp_augmentation
8984.817981214273,6993.588592797317,-0.27701712624373787,13544.798966969645,0.09150275632569156,12776.610371872914,synthetic_gp_augmentation
3057.469488290585,5819.969226531047,0.23118466422333073,2757.251905565019,0.2581044956230949,3189.17748090266,synthetic_gp_augmentation
2439.905734706514,7058.018433276347,-0.3299335206165913,22349.11295978391,0.12410116039053345,22654.956632821257,synthetic_gp_augmentation
10869.938602930224,910.6798175638718,0.6138953906844351,412.8285359997299,0.08850600618827204,435.98532628814166,synthetic_gp_augmentation
6392.692277501746,6060.351732799265,0.07747869733000268,3082.874356873137,0.11839510057615292,3296.463417312398,synthetic_gp_augmentation
4709.515388626064,7725.121617574944,0.47415577920873664,2221.952762872071,0.31590793178850246,1636.2808013037989,synthetic_gp_augmentation
599.1267567263716,391.81433825123514,-0.4575608448769988,9263.35632205049,0.11619049028055439,10675.18159530122,synthetic_gp_augmentation
614.0289669328406,6351.747110923351,-0.17871920134933944,14296.736231086248,0.23237574909306413,13330.884559522412,synthetic_gp_augmentation
12024.731672924778,4160.377315445219,0.67992610092933,204.42312340759563,0.24210528289181776,163.64671846593538,synthetic_gp_augmentation
6173.618088077437,692.9468363300906,-0.23979812251439842,6301.7082589376,0.07080254025196385,6806.66887297388,synthetic_gp_augmentation
9619.136187023938,2143.6642332481692,0.6061361326329795,124.37377153751535,0.22686789643845964,156.12595998716301,synthetic_gp_augmentation
4038.080210973581,2592.476799381181,-0.31225197564813,10246.116036020916,0.1699683343432955,12890.517559015123,synthetic_gp_augmentation
2570.854693089963,2568.50177476759,0.42878413364388235,1113.5134222497784,0.13056042293722855,1180.7095333338318,synthetic_gp_augmentation
8580.869213275664,7021.381995750654,0.5909622152932741,751.5604934946386,0.08541282125923304,735.4243117568776,synthetic_gp_augmentation
3208.34338962783,5879.338226952095,-0.15793434053354627,10337.772084175529,0.19993145049178315,11230.72908254144,synthetic_gp_augmentation
7038.107264177771,108.56071110841282,-0.017661367499113068,5147.928250508972,0.055697102001993015,4953.341285224302,synthetic_gp_augmentation
7170.014027633191,3420.0960236834544,-0.08477167742106895,6176.325025807511,0.14668561243401557,6519.845614983413,synthetic_gp_augmentation
3534.068470363459,2542.5650245242155,0.38629328249694705,2031.9674761608558,0.09500490591769536,2139.4054968327023,synthetic_gp_augmentation
2420.3774198290403,7630.957231358813,-0.4419890603811355,30555.504567622385,0.23325497861584382,30797.23689586669,synthetic_gp_augmentation
8205.011855765424,3386.726796696042,-0.09711838820407243,6259.039399016868,0.19099669894392096,6434.581923626761,synthetic_gp_augmentation
1903.561030719392,7784.484916570389,-0.11223729362864077,11067.386449817672,0.32240302330032033,11341.237142519669,synthetic_gp_augmentation
7820.124300796685,114.87363235014492,-0.2521016665560022,5574.722752133899,0.07546320832922915,5547.32127805066,synthetic_gp_augmentation
5054.424972521354,2605.7552336688464,0.5035409252242042,725.0120767030356,0.18247983703937765,616.6585423611976,synthetic_gp_augmentation
7290.716044096406,6199.4494234396,-0.4667319067236889,16776.34601883196,0.2753878519843068,19329.505956777088,synthetic_gp_augmentation
6996.6148151464695,2880.797043800264,0.7939286771466079,64.69922473182649,0.2026960488826541,87.96782189184493,synthetic_gp_augmentation
14536.136652815627,7367.69864302333,0.5604815570482626,973.4705195570064,0.25443486513235913,782.2595264487925,synthetic_gp_augmentation
13114.132571642303,6365.333818624886,0.702508187908675,265.80998719244946,0.22443648093723506,269.3429996743083,synthetic_gp_augmentation
3687.8730472962725,1613.618019220195,0.365414924351104,4409.037085885637,0.1842659897708313,3640.150171572008,synthetic_gp_augmentation
5698.116434684715,1576.8393413827014,0.2983213862392272,3877.7548742840218,0.13447288371526836,3392.148772068591,synthetic_gp_augmentation
1293.9211520677356,3565.9948670661947,-0.061774994675506734,7738.873013547827,0.12700450066906382,7628.65263896064,synthetic_gp_augmentation
6789.889937661748,7559.52470664266,0.42834654306610465,1721.7755513892812,0.1253991185491536,1657.27387692566,synthetic_gp_augmentation
10732.328204491403,4683.639695218786,-0.3044274044816928,9710.589048978489,0.26021521353056437,9933.037597222925,synthetic_gp_augmentation
13426.855842339399,5080.263158988641,0.23485901212967497,1160.2757117586134,0.1456488200197824,1342.4701066051039,synthetic_gp_augmentation
9098.047097606568,77.8613797489296,-0.33744591496450105,5078.361621589039,0.07128873582424287,5176.9520664765905,synthetic_gp_augmentation
10277.155446529949,452.92163705412133,0.12320571775520894,3683.8695198392884,0.06479627683530918,3604.679413625035,synthetic_gp_augmentation
2918.5465341094755,535.4722052881878,0.3627796935830496,4997.149579633483,0.06451328325196586,4263.384712973237,synthetic_gp_augmentation
691.576007911686,6557.137397289857,-0.2822951874453923,24567.066078985175,0.11499964718705571,22269.07693467309,synthetic_gp_augmentation
12687.841508319325,1894.8169740666847,-0.18903254309134943,6189.359555159087,0.17927335214708945,4914.8112299844615,synthetic_gp_augmentation
2755.9074983164537,2630.705477109938,0.6385608151639073,231.0938657489784,0.21378719657172351,272.3763567412307,synthetic_gp_augmentation
1549.5956149707636,4879.622229031845,-0.14200198587215102,10493.789516720944,0.20048420631019045,10051.315731868119,synthetic_gp_augmentation
9898.490936479666,34.40164827870795,0.8091959164298725,390.837208598197,0.0744286830144567,335.1660572130833,synthetic_gp_augmentation
6120.332635727966,3596.8206004065255,0.47129558619716194,778.3470872763896,0.16918439213451023,718.3592759467712,synthetic_gp_augmentation
13348.508701328426,5911.060925760185,0.3056080483508117,1278.9039020350835,0.15966272329953007,1394.5617821328826,synthetic_gp_augmentation
3355.0473534330577,1881.914522603643,0.6765874700968668,376.58468192476494,0.2032569966971644,436.65272541827704,synthetic_gp_augmentation
6927.338006131942,5666.864082190545,0.4242621500446101,1196.5638421295778,0.2477520232944935,1196.3765611142908,synthetic_gp_augmentation
5776.575054109568,121.22255853822583,0.6356036283280662,2294.4959812197085,0.06966647007181032,2309.070625640443,synthetic_gp_augmentation
14724.460904260151,7600.313661246326,0.7099609482390863,391.85626889656936,0.20487922582739368,330.7379988344029,synthetic_gp_augmentation
10449.086228546295,19.69186739647455,0.37361144572145555,1148.079567530795,0.05560556614503622,1120.674475762042,synthetic_gp_augmentation
1860.7682303358006,3662.547310452099,-0.12917518289756358,7359.385602582255,0.24323966818872814,9460.780322000173,synthetic_gp_augmentation
7766.86535556701,3310.575521909352,-0.44243460000832113,15927.38179588761,0.27414505305341735,13984.146902478291,synthetic_gp_augmentation
4000.721022962502,6735.066847356052,-0.3525516543119177,26170.93911712123,0.28402800542155254,20570.387349762947,synthetic_gp_augmentation
14170.159044633263,4325.77273058615,0.21742409986509303,1140.406286720334,0.25394207668560714,1332.3992836866105,synthetic_gp_augmentation
2300.60450435761,4890.923759488407,0.8604757328329702,83.97462350655792,0.19297081177965264,83.78527061833,synthetic_gp_augmentation
11300.421633446244,616.5173439766471,0.5856197382891157,958.4084541238258,0.08971787446964774,1024.6643350816826,synthetic_gp_augmentation
7307.248591993631,5538.648777461001,0.42930197072574516,1246.0606160763218,0.0975828141300733,1106.2192808098187,synthetic_gp_augmentation
13430.001712889043,4965.4079357554265,0.7648833856944903,117.80579582680491,0.12370495770196559,111.18383480382018,synthetic_gp_augmentation
12837.110508464695,6757.467579536444,-0.13829122478034606,7358.2711546731,0.28561672911892594,6560.994124548745,synthetic_gp_augmentation
693.6225702221174,5048.282191783493,0.19927519923906056,2837.676216822978,0.10284632315999284,3068.1978061597933,synthetic_gp_augmentation
546.3131894319158,4306.891063602305,0.06608019484361627,4157.5483163976305,0.2667916074049059,4779.358057499178,synthetic_gp_augmentation
3618.531505922364,6410.113086818538,-0.18867210936302348,12068.197702569636,0.1605251510218232,12782.61881186382,synthetic_gp_augmentation
9540.127441403836,7059.399959740625,-0.10078049647421727,8696.046006499015,0.11836456999164965,8321.987795950872,synthetic_gp_augmentation
510.4902079623799,7966.727186191943,-0.2568988690107993,22192.750760631498,0.09894112685948939,22450.48785718193,synthetic_gp_augmentation
662.6937235713586,3228.0463021320998,-0.19576824106997603,15521.76480216344,0.2797971116084362,11056.730768726919,synthetic_gp_augmentation
11661.661089133853,5735.477298326006,0.7829507054332918,161.4409486255634,0.2889919339474379,121.53065409022733,synthetic_gp_augmentation
3441.626083627755,5504.542521852627,-0.019465108506917128,7058.951243315672,0.06738206032529596,6676.208053046966,synthetic_gp_augmentation
12023.76236786206,5092.388797544346,-0.40985407794135453,9550.711446258307,0.16645432815191902,10979.035697245974,synthetic_gp_augmentation
12339.087875981404,3605.084720909689,0.570708437805495,226.0178303364301,0.1905468193047781,246.77910430295356,synthetic_gp_augmentation
4367.897365584448,1441.1039188324555,0.769402493903053,462.38338068683237,0.11135502926319653,501.1462181340767,synthetic_gp_augmentation
6293.780735375997,5957.91476908775,0.23627592021138955,2186.148339814699,0.09431754822490022,2396.520557470421,synthetic_gp_augmentation
1477.5631574955355,5583.527917426047,0.388353085480473,1336.4246893249992,0.15187310901517292,1731.4877874000288,synthetic_gp_augmentation
13434.216735501159,4258.321112017309,0.005146641074973757,3304.5819175727866,0.28260313759708444,3072.0945191498613,synthetic_gp_augmentation
9015.587702579647,1253.7535298065716,0.10484370936336795,4380.898476859604,0.2373902138409243,3920.86652123655,synthetic_gp_augmentation
8124.177917770038,4454.918282857015,0.5510399400599806,532.9040449231206,0.1234764594705236,505.0640645287264,synthetic_gp_augmentation
15500.021493353815,801.067377176163,-0.4300439040015327,3973.6450045104166,0.1114854875987223,4356.531186680982,synthetic_gp_augmentation
5418.641583056666,2714.9762091380517,-0.44882813044057773,17989.84704335866,0.28215582371426706,15799.03105576299,synthetic_gp_augmentation
14263.390654979466,2978.8627423417033,0.7248894668199022,74.1114918854556,0.0703585254377068,74.90376808188303,synthetic_gp_augmentation
11543.037308927207,7067.4031403251565,-0.34598930393074834,13289.002296235216,0.13945536402035152,11929.804335269813,synthetic_gp_augmentation
14863.597360050599,3324.4966035550815,0.5094419290758223,190.346558621817,0.2693707012990913,266.23884667261274,synthetic_gp_augmentation
15857.373899914508,6998.231903231871,0.012692440985937026,3990.7789490321693,0.09250558881615319,3438.463671207185,synthetic_gp_augmentation
2193.660357390805,3406.075510045037,-0.08903025278282928,8506.747981233271,0.16573273995075613,8401.065352341593,synthetic_gp_augmentation
12756.660634256361,7069.628160565856,0.18646968581854784,2283.548068107547,0.1339706057430022,2193.8301449858714,synthetic_gp_augmentation
12891.4602436653,1091.690500213118,0.6573260812215305,134.7350642772477,0.12488236105065324,140.46649810581118,synthetic_gp_augmentation
10345.53909803794,2918.7452572796788,0.7257477271868149,64.44163196263044,0.1474929186728779,79.50485257473771,synthetic_gp_augmentation
4533.889235987412,757.8179925317165,-0.18913766472855764,7012.229317741286,0.060673631001374156,7225.849593466001,synthetic_gp_augmentation
15445.85751889021,4487.437034250278,-0.027292101176714767,3342.3557492477667,0.07014233781975573,3290.0311042006924,synthetic_gp_augmentation
8043.24851589918,5255.614682570122,-0.374510997290282,10620.221565966418,0.28855001851827944,14402.282522192898,synthetic_gp_augmentation
8391.645093825062,5008.604938789989,-0.3363444260505962,15392.041142479595,0.0862476428753968,12815.873157925664,synthetic_gp_augmentation
2673.0865828930173,2225.2690579451064,0.17141398756341364,4754.262815621746,0.2768463014591395,4858.785046898993,synthetic_gp_augmentation
11588.20827509853,7448.854068984974,0.6062020985567649,656.457158914096,0.12444036617352336,662.618426670268,synthetic_gp_augmentation
1512.9879104658123,3772.2782782055565,-0.02963334648116206,9341.771824306243,0.2804547327449476,7207.985401873264,synthetic_gp_augmentation
13592.986391021128,7901.5998434640605,0.855014566089068,112.19066764528442,0.2693536950524648,111.49973779987425,synthetic_gp_augmentation
5655.4031588101525,3384.991470357912,0.8144758511599475,108.9567027878148,0.1937747602125057,87.36582842230102,synthetic_gp_augmentation
11379.790856727283,2971.9918592763534,0.41266198283204103,264.5625585773249,0.09501330187187358,291.2951779415228,synthetic_gp_augmentation
2592.706729550812,279.6901383906754,0.45462697835654065,3647.8649074860245,0.07420580572696828,3390.408587562605,synthetic_gp_augmentation
13550.58912310077,1426.3597851574605,0.8071734918929838,32.77031880863544,0.162704165110984,45.628368898978074,synthetic_gp_augmentation
15237.304006996272,6473.5308405782425,0.40140878062769103,1190.07117314664,0.0760898402377659,1251.2558601775327,synthetic_gp_augmentation
2527.829726646453,3861.560836817202,0.6037774010381978,642.6712912044557,0.22057951951410576,560.294956667166,synthetic_gp_augmentation
11100.565636160081,7638.997815401549,0.1489222161175855,2576.6266173661616,0.24140734908149564,2466.701348964049,synthetic_gp_augmentation
8142.71443524876,671.0864257886504,-0.18079636259164106,6607.122126130857,0.07593197031493576,5755.45636799722,synthetic_gp_augmentation
8550.83937613482,4927.547539187454,0.6655450125054034,382.721415064097,0.14447603130043654,296.6356162025686,synthetic_gp_augmentation
11333.186525750942,5759.8731803465225,0.4581347012692645,802.062109981557,0.2831303360449801,783.4960934261665,synthetic_gp_augmentation
7870.973939449353,4969.465011716828,-0.09461296019000476,6397.723966226007,0.08077532826120433,6978.389606691864,synthetic_gp_augmentation
9645.189633081696,4239.020481006844,0.3725857716251627,1152.8188416885864,0.2810151785585343,873.7104027604809,synthetic_gp_augmentation
3771.326208640897,4626.386562709687,0.6430775750023312,680.4225096211288,0.22102152134547948,540.6326491888652,synthetic_gp_augmentation
6118.254884169221,5516.396731011361,-0.12151668312720809,9085.592143572414,0.06636168436059234,8738.21484846678,synthetic_gp_augmentation
13857.321566136881,6906.108349100233,0.5754129522106699,746.7085217226798,0.2036688067760908,669.6782614372037,synthetic_gp_augmentation
1847.449935209331,2690.7571542774863,-0.3987192554114495,23316.930382418614,0.2647522156789488,19811.94448188418,synthetic_gp_augmentation
9601.446648844874,3677.232643533341,0.3749283537972975,570.9955813665119,0.25487322042421645,735.0723987188642,synthetic_gp_augmentation
3030.1642895347545,5087.276692937367,0.8985070752860143,45.76906254174287,0.17480466835232494,56.6725727557268,synthetic_gp_augmentation
13559.979606981615,2513.72761861158,0.7129246323585297,57.429682356615025,0.06270215525315385,58.93518369369589,synthetic_gp_augmentation
9306.798866271442,1430.2629275735628,0.7259212732059559,116.2850220989791,0.12648338498481743,152.52060976873636,synthetic_gp_augmentation
6508.47564445731,7729.350054225065,0.45250001397358264,1797.0910306489648,0.31726379899828794,1583.8911111139346,synthetic_gp_augmentation
4072.212311063905,1557.8311103698984,0.1456619786341833,5280.254541605978,0.11256686950180708,5337.7155371278905,synthetic_gp_augmentation
15326.035982155703,4949.48880386074,-0.05033072804301786,3051.7347713945805,0.10638057640658137,3748.848176233331,synthetic_gp_augmentation
8196.427706923567,618.9464793720223,0.27387595238653295,3791.5740427552623,0.08001327096990722,3364.1153632985606,synthetic_gp_augmentation
7564.883554027777,272.38123052165264,0.2555518746290306,3601.430776767199,0.07780187784906831,3497.5726629468245,synthetic_gp_augmentation
11965.753634654915,512.1088304427888,0.26122249129289554,2408.922171447198,0.05949319094493083,2455.665583142382,synthetic_gp_augmentation
6126.848426227317,986.1091662861465,0.0767826266326106,5276.791785440671,0.07081185065202836,5448.284566385528,synthetic_gp_augmentation
6896.0408031046245,3433.5748970734976,-0.006077437494170279,4156.813977392171,0.12839790774464183,4731.110056351354,synthetic_gp_augmentation
5457.468931988743,6634.08514771593,-0.03750367990445508,5462.073210166683,0.21596701464469306,7098.8132318372245,synthetic_gp_augmentation
2499.624109737323,2735.7751447642186,-0.18537679840873778,14887.43303159461,0.28065315098718974,10901.330842300868,synthetic_gp_augmentation
11449.566505822146,3420.251317179358,0.11396614291298801,1876.7327307478758,0.14737579455561525,1875.9850401631656,synthetic_gp_augmentation
13981.191530749618,4802.008742686936,-0.33515608491032867,8904.557345649528,0.2742943967259965,6957.140422070289,synthetic_gp_augmentation
14498.923122959974,2417.1554049900897,0.7622029592493134,57.176989568135156,0.15633521444770043,53.82287950459724,synthetic_gp_augmentation
14104.766714800697,3460.3030301438434,-0.4024426804009341,8678.841446326718,0.1993013325305596,7288.78091235985,synthetic_gp_augmentation
7283.362458764087,3090.4934949148865,0.6723862006479933,212.90756706784728,0.16213675948836642,203.86430875763895,synthetic_gp_augmentation
4616.652456030821,2735.068333200159,-0.16225222828986707,9094.464364484827,0.28014493417871883,8578.553158086856,synthetic_gp_augmentation
10242.987618653093,3107.1453558563,0.6945068512690866,130.79059689779135,0.18262434216605702,106.0902876927575,synthetic_gp_augmentation
15279.808099305903,88.94168329650665,0.50837267264612,1012.7102578194907,0.08335590602423361,857.4964391762217,synthetic_gp_augmentation
11660.10530588082,7090.085344972677,0.789365169766884,187.792591193826,0.1735943278775473,163.46898711284626,synthetic_gp_augmentation
7968.092129283489,7818.774379589527,0.7183261638009835,270.40139959304236,0.3082420730183525,380.785418314869,synthetic_gp_augmentation
11052.056334763827,6899.969531329107,0.48152253299577297,1070.3402760217205,0.17624807965967604,1013.5012990819348,synthetic_gp_augmentation
12383.352808024913,45.93819243393327,-0.28764964767137335,3556.705599900611,0.06231540886665167,3917.596613469564,synthetic_gp_augmentation
14716.381255116325,6007.084373556975,0.26866344772648254,1769.3801917122064,0.05560028401129394,1640.8642425297899,synthetic_gp_augmentation
12235.13048815725,4584.801380693708,-0.024240724924368018,3448.014630487353,0.1547360231623358,3730.454487810825,synthetic_gp_augmentation
6987.729834610899,753.3992880620026,0.7400858898965939,1614.3336976028502,0.08527830739049025,1690.2069343911592,synthetic_gp_augmentation
4450.343643601197,7462.873079036781,0.7211198916766988,394.0591047490216,0.09097492487994713,459.7110126624528,synthetic_gp_augmentation
8048.118469200502,6209.737033781095,-0.06034756664180485,6389.366253355956,0.2731230224975713,6809.352018018855,synthetic_gp_augmentation
5318.029319227001,1162.3702915847493,0.44037941098919253,3357.0489934956554,0.18836279842354137,3011.5934667735783,synthetic_gp_augmentation
8176.656910854399,1009.5900224851207,0.4494666935478471,2366.440859268919,0.057599323316721594,2217.4568127016155,synthetic_gp_augmentation
7605.6957418277325,3637.4390280742678,0.35941946215115883,960.9419602485856,0.21806812039118775,1103.4006851143479,synthetic_gp_augmentation
5636.31986866232,1271.8058612733837,0.21532713343291088,3307.0580320508134,0.2356099944831464,4265.997761957694,synthetic_gp_augmentation
8368.81533007307,7742.445906996882,-0.15552962804485393,8082.623652497223,0.3215533039792551,10670.573658215897,synthetic_gp_augmentation
2151.877874082279,4576.982251138721,0.6164533300184858,486.7114892717736,0.16086305098476805,612.1364570671014,synthetic_gp_augmentation
13920.404192204864,2073.39934154402,0.46531081216120995,118.82006557339027,0.14481981196747343,121.26765313736249,synthetic_gp_augmentation
5808.304031086395,6211.194966932268,-0.10622498232102628,8445.428130937375,0.2740014001703112,9282.81737361331,synthetic_gp_augmentation
6977.997036334652,7001.955194420059,0.09036005645525846,3075.342140207902,0.058027107781986664,3003.743737862437,synthetic_gp_augmentation
3370.106200950908,7340.83149430223,-0.4033801612676872,19083.088070993592,0.25354851955935553,25341.9060867512,synthetic_gp_augmentation
8899.031501124438,7463.879767734977,0.33660732078459976,1854.8988082433302,0.09322216567811113,1867.1887974964081,synthetic_gp_augmentation
14110.52859795244,5111.459167412565,-0.3350542072427705,7577.524168134515,0.19811985522506367,6956.867548855233,synthetic_gp_augmentation
920.5618730589763,2739.7331984564566,-0.3152021559916247,21387.742320682173,0.2823375154902165,17629.238314143535,synthetic_gp_augmentation
15575.977364220116,7404.541419511057,0.16439359344073046,2328.269980087728,0.1753930506479256,2449.2629187217617,synthetic_gp_augmentation
11290.702098123673,979.9722240030882,-0.10627785431902759,4521.5519887304035,0.06055718293232752,4406.59443050604,synthetic_gp_augmentation
3351.1486047220606,3470.6203239655506,0.39413818776353204,1124.2083756726902,0.08821776105524193,1208.5219938389375,synthetic_gp_augmentation
4807.797906608107,2269.319537705453,0.07435892845000491,5708.075960694676,0.27806124764321505,4963.4338571147855,synthetic_gp_augmentation
14024.039451496434,4925.862513790971,0.6825065824450622,236.0482648856595,0.15522146438652454,196.91421934490054,synthetic_gp_augmentation
4733.1037538156115,7242.415383716985,0.10046856904101709,3779.3953195041813,0.2881856327124881,3771.0548234145435,synthetic_gp_augmentation
7458.856039460048,3928.250610979581,0.3613856742974997,1465.5416670112156,0.13605404426599832,1085.3721118763028,synthetic_gp_augmentation
11321.235062451498,4430.964747348258,0.05704793041566936,2138.2145871365606,0.1346549776207487,2646.5204477890206,synthetic_gp_augmentation
13964.63883320978,3385.06983184874,-0.14156710396238448,4188.560007019371,0.19389155995643195,4767.724763462009,synthetic_gp_augmentation
10571.281481303056,5660.553279807509,0.1598649490394547,1954.020736755137,0.24091112016269153,1831.8896781861226,synthetic_gp_augmentation
12074.43622489732,805.5102387697107,0.5086725965273569,737.6527574345727,0.06990366376997315,775.7258565502094,synthetic_gp_augmentation
2855.896061105694,388.7190874124924,0.8339327969456569,1224.3574119213533,0.08773456712363881,1327.7996679041441,synthetic_gp_augmentation
14050.784460289107,5130.707795465302,-0.44096644373216287,6987.782902424255,0.21519659273987926,8228.49051447609,synthetic_gp_augmentation
4483.935019527959,4279.028361233215,0.24455772675337017,3272.1630866466203,0.2771645151926759,2911.6254893052874,synthetic_gp_augmentation
2141.2128084985998,3258.8642321550215,0.3903524128603062,1307.1464682733244,0.2821951971776036,1086.507464908103,synthetic_gp_augmentation
15622.284216416641,2671.9411350333758,-0.37999126256560595,5182.472305024614,0.27758920921694097,5833.054295669682,synthetic_gp_augmentation
3306.07481472116,414.45955234500434,0.6608394334912997,2822.5431745252126,0.07277774586313407,2907.1339602891026,synthetic_gp_augmentation
2272.7663242398257,5444.449299311983,-0.1136672018787307,9749.443912294715,0.11583724864695899,9500.738284098275,synthetic_gp_augmentation
10053.732311618407,3371.740286565738,0.7248767243409444,102.06197219937026,0.2086773094506195,108.37898387744976,synthetic_gp_augmentation
5169.924076987915,3562.1443161569337,0.27364974645030227,2526.3055693948318,0.12131389220226992,2587.827239159846,synthetic_gp_augmentation
2220.2523623698435,7147.558811295135,-0.28708950124526755,16601.379784046687,0.2350451234940079,20439.735357554266,synthetic_gp_augmentation
9657.82576373243,5900.383060187831,0.5349092463067266,604.1402450095576,0.173673117863949,708.363275706114,synthetic_gp_augmentation
12167.865112833544,1755.545189546332,-0.27988009633192434,5209.358195227786,0.2750493486689348,6098.006017033897,synthetic_gp_augmentation
12711.854149893788,5257.331972174261,0.5085298143876169,524.7929973414386,0.2860619144663563,495.8495853232766,synthetic_gp_augmentation
2572.650356095131,1058.0425480292615,0.6314775071451526,1156.0265329732183,0.14478830113260088,1483.891336782844,synthetic_gp_augmentation
8954.18638024508,1552.5109428171452,0.3057408031792931,2357.4219974680755,0.1032905033966934,2109.970278326141,synthetic_gp_augmentation
13037.486093835225,5713.193925859477,-0.1204705756096,5718.343277132725,0.275112744953315,5781.198104732597,synthetic_gp_augmentation
2661.283481644545,1007.1233459991804,0.11227286910357503,5577.045890860691,0.05754826191002653,5832.971579513719,synthetic_gp_augmentation
138.34121916367417,7184.482143868315,0.43209353961195196,1700.2233623706793,0.26805173510457014,1671.376477167591,synthetic_gp_augmentation
8441.683086685081,5906.523826252366,0.3874957535736634,998.174419851999,0.1640525766240206,1221.0922556634177,synthetic_gp_augmentation
3195.4389801050197,7435.676141128159,0.06059406110758836,6733.648211834717,0.13082764995736273,5324.765222734339,synthetic_gp_augmentation
11615.456954057696,7054.666735689628,0.561432914444671,884.7286158503088,0.12804510121483623,761.0958995207815,synthetic_gp_augmentation
15399.200304319931,2500.6353758025,0.5799829109097061,114.45478051050262,0.09621038661526554,136.3346412086177,synthetic_gp_augmentation
3419.2122750852172,5059.019475848292,0.47486367871619406,1202.2407393066167,0.11837080755838132,1237.0276157325152,synthetic_gp_augmentation
10420.642487040168,3029.5654249741865,-0.1189834141103619,5657.924654534693,0.0780090914279984,5929.563205242464,synthetic_gp_augmentation
3468.1679371903306,5576.8346530088775,0.1571548014005274,2865.363129851917,0.14205667911757178,3786.2349333776706,synthetic_gp_augmentation
386.30905777729356,2787.6561732073037,0.10585980300061881,4244.524953246028,0.2766407252060576,3691.0949408946453,synthetic_gp_augmentation
12161.011688011899,10.53897504047363,0.6435091303228115,581.3136663097986,0.06064656045250051,561.4910672068585,synthetic_gp_augmentation
7000.674358749196,751.5057213742838,0.6314519733082742,2267.5228693292993,0.07703173560209106,2180.271950028147,synthetic_gp_augmentation
15153.911098082985,6168.0986097821915,0.7125132664760918,223.4757481617385,0.2582023321837548,235.38185817777682,synthetic_gp_augmentation
8595.145526080149,672.0419581780881,-0.17635390607711177,6047.4416046638335,0.07676603405070419,5590.9298674572765,synthetic_gp_augmentation
2603.977616713375,4795.381465921939,0.5478363937823358,682.8359563280862,0.2728227867630828,911.1519911091177,synthetic_gp_augmentation
7251.413624576719,6862.228098873538,0.7185588921459851,479.97821989358687,0.2258224433603372,341.92874131262204,synthetic_gp_augmentation
3325.979537415662,5928.809894736902,-0.26691296251129304,14286.18408281163,0.14142144905202664,16054.511642410445,synthetic_gp_augmentation
14060.665435716535,3307.5103585563256,-0.4440881151251386,6695.30342595203,0.31421925742974044,7539.4908258696705,synthetic_gp_augmentation
11085.360576111643,1668.8337223452238,-0.35228803216170834,6413.394351246243,0.24711694751274033,7286.089935532646,synthetic_gp_augmentation
5525.696994009787,7380.299901934621,0.3486833273826133,1921.3444777317643,0.20591359655033212,2189.044167908212,synthetic_gp_augmentation
8492.343132633532,4531.197454280478,0.09030701863781887,2503.2966641258204,0.08447109993758803,2437.8163202237083,synthetic_gp_augmentation
10744.734992587153,3243.3604741364466,-0.22692809050095397,7015.472839042831,0.2821698809224186,7527.590130590569,synthetic_gp_augmentation
12547.437694662261,7536.461592186226,0.2396250004595597,2090.6059041670087,0.09260162159650245,2132.72417662568,synthetic_gp_augmentation
1374.340636941613,1720.1419509752868,0.5997315199844979,417.22475082275383,0.274261857367383,361.3985086035346,synthetic_gp_augmentation
458.0495877244239,3538.254979628972,0.6981447529757712,217.90741168586527,0.089822643458336,235.1299560004281,synthetic_gp_augmentation
1919.797885001248,869.1656733080508,0.5524093759136943,2152.1601925756063,0.0950389496650147,2342.831899571391,synthetic_gp_augmentation
6380.441331743751,999.0420871963055,0.7397159527230581,844.5241427227212,0.07558886422887173,827.7122595785055,synthetic_gp_augmentation
7520.635100305263,3188.770047974681,0.34585955820575087,1450.3584625613769,0.2621454446302515,1425.5097537459699,synthetic_gp_augmentation
2269.7399204001895,5597.282847880793,0.6719031530964299,507.3520147004331,0.17234256048585636,522.2494488151274,synthetic_gp_augmentation
6637.334892603724,2711.151553233467,0.08406192930755862,3240.5852362654837,0.2732019381754848,3844.1375142283377,synthetic_gp_augmentation
7121.802303153105,5516.783780824017,0.6934700647207619,333.3541588885542,0.10891020933825332,313.10928561835584,synthetic_gp_augmentation
1834.5304224720385,6441.52375401914,0.7541384643438247,297.9164331694433,0.1242276424222059,340.5735553509954,synthetic_gp_augmentation
14674.89336711217,7020.623317226691,0.46097128500577333,1097.6351902907325,0.07631817687134461,1095.0478996154136,synthetic_gp_augmentation
9626.42024864455,357.7560324298954,0.10346482650912014,3760.9631098934365,0.06319942696526074,3883.4833327523593,synthetic_gp_augmentation
8159.824217208085,1177.136977792145,-0.04474873787340766,4416.9013676345085,0.20013197064877558,5625.604467129069,synthetic_gp_augmentation
13683.86340314903,2973.299724800014,-0.4339734726348919,7136.445425678898,0.09504750530365676,7669.704711896289,synthetic_gp_augmentation
7968.843448857341,1710.593956063975,-0.44026384021873555,8420.288970684756,0.28569412306011815,10472.05066513956,synthetic_gp_augmentation
14583.077909220003,5159.925751207962,0.7328232373775181,106.46886578238052,0.25951874930642815,149.48100737909925,synthetic_gp_augmentation
13423.877201921676,1004.1126964955245,0.40994132631170865,646.802046905457,0.05749242963863075,762.0714577029001,synthetic_gp_augmentation
3687.186347286322,4915.695401316478,0.12218332504889717,4921.328010812751,0.15455619791544792,4118.858299025961,synthetic_gp_augmentation
2534.657472346873,2694.1719332028856,-0.18646587885451016,11085.707616642308,0.26596041010230786,10882.647195256082,synthetic_gp_augmentation
11072.534663432687,5630.2245849104675,-0.09360963949105594,7854.536584457666,0.21080791845358993,6594.499128822417,synthetic_gp_augmentation
7551.411875828195,5481.2754832215,0.6966263688737993,298.71043587234095,0.11570187387172852,288.36278199003596,synthetic_gp_augmentation
10971.032136013813,4973.071922040627,-0.32934947731257924,11103.774997794591,0.07929159114285175,10453.450895077778,synthetic_gp_augmentation
12193.97299056675,5844.324329874542,0.4775721678630369,719.0692393942251,0.24051588916407127,735.748457057892,synthetic_gp_augmentation
4625.9418866526585,7291.386259774592,-0.005562167769518178,7443.855488800194,0.2806573157158661,6287.345568859104,synthetic_gp_augmentation
7904.22190350512,644.1266358540813,-0.49573454584079757,7325.3518911263955,0.0906716527095477,7956.906372501681,synthetic_gp_augmentation
4449.434085071308,4572.392118227598,0.17072427706209337,3801.842566805876,0.1375348809552994,3452.091230210609,synthetic_gp_augmentation
10709.994888657573,5990.214668963207,-0.32030605600359774,11369.967334342688,0.06267636122710743,11345.04337313398,synthetic_gp_augmentation
11973.014089503396,1735.5316533590185,0.7035063714574905,49.50134525112821,0.2763433007653663,45.258290957900904,synthetic_gp_augmentation
7605.419242246586,2108.9691438155673,-0.36318091339084635,10348.059791924152,0.20485683922196543,10176.887627194441,synthetic_gp_augmentation
11608.416273018427,2135.7147546833667,-0.1494840477020894,6268.455298154902,0.2165451218268716,5277.39144618456,synthetic_gp_augmentation
11434.660379275447,2929.364547725278,0.8900283295123099,27.51675690443601,0.14029501389937038,29.337571199472404,synthetic_gp_augmentation
3676.995139952033,5328.757920972793,0.3980128191364124,1903.0485815117345,0.24995229182802484,1533.283935172419,synthetic_gp_augmentation
11847.604430335366,4881.917455743491,0.40100754940537897,737.6755613039946,0.19687250243056795,721.0883190993528,synthetic_gp_augmentation
4339.0307420819245,2018.540934473811,0.7152776988893881,247.9472238204246,0.12061542648509616,315.73926463492955,synthetic_gp_augmentation
13699.455519202986,5312.284406149552,0.6099925990524688,315.51986935994944,0.2802963525269108,349.90576335497565,synthetic_gp_augmentation
4067.4100868617797,1045.1969010516073,0.6299728663327668,2233.336696338172,0.1278048938825344,2129.415460551095,synthetic_gp_augmentation
11802.078565833353,1601.3828192725307,-0.44942029882814466,9211.772326725815,0.1810868525378869,7904.611632335203,synthetic_gp_augmentation
15268.070802635504,2407.721170451721,-0.31425227110307863,4630.491024293972,0.1776096395807987,5400.02958436683,synthetic_gp_augmentation
13873.246524145283,7488.332062709849,0.2660084612216649,1679.5449415752237,0.06572416929888493,2026.3829041264314,synthetic_gp_augmentation
6484.169314616391,2610.798908833867,-0.3737318713795018,11242.92718027944,0.19872088303139673,12291.977311587318,synthetic_gp_augmentation
9754.602954511402,159.0326613225539,-0.10468728329218596,4883.112253309337,0.06616367312127615,4668.5056604953525,synthetic_gp_augmentation
15869.145134617991,1133.005901270799,0.06514235398602286,1889.376757599418,0.1663341239558219,1832.5716987544245,synthetic_gp_augmentation
9138.154840873924,257.3745892065027,-0.2798954177215285,5067.781520636642,0.08652934382739409,5478.40089480862,synthetic_gp_augmentation
1928.9388786428287,3222.713953145733,0.48580536333746815,730.4506413846825,0.27931681370322153,678.5280316494889,synthetic_gp_augmentation
822.3490009822984,6377.227207757632,0.1930858633434932,3259.829240508665,0.2032839972160952,3155.0547778825057,synthetic_gp_augmentation
12666.000704930051,3603.4862447120267,0.3957430171655044,555.9200334154268,0.18087342306911158,447.00688545637945,synthetic_gp_augmentation
6835.690373889353,6711.953078345174,0.16401934058758494,2429.443143314803,0.27556592023620485,2615.534598679036,synthetic_gp_augmentation
4024.324961004191,380.2345708858992,0.07747815556362736,6197.297029617444,0.06433567773810052,6023.232261427597,synthetic_gp_augmentation
5627.985287509057,3757.7829131581116,0.18934467488338846,3336.251655979825,0.2811350669886112,2932.993977636058,synthetic_gp_augmentation
12142.228578088592,6296.602977035367,0.7593206752461834,206.88661406920517,0.27738026942862704,179.43477665726576,synthetic_gp_augmentation
7497.432636577883,5397.7777412316045,0.054454359610116465,2916.745167516698,0.17728482873514992,3133.1941405062626,synthetic_gp_augmentation
11785.31686156542,2190.6777912766006,0.667547522700511,71.36180670149756,0.26523204898628283,63.65943208979999,synthetic_gp_augmentation
15586.824992082258,4006.806370304389,0.3695227103203449,714.9953070555079,0.12409334025717421,772.4635027602367,synthetic_gp_augmentation
14227.20989195851,5415.028626737825,-0.1835098670574622,4941.130619023828,0.15463336574367556,5647.538647741141,synthetic_gp_augmentation
4147.300667397545,1347.9196492703006,-0.3292564444895978,7904.014634657765,0.20952477494882743,10559.448044220146,synthetic_gp_augmentation
10579.041801560597,6526.453717416296,0.3272279815075144,1491.348688177412,0.07572586818488798,1573.1968923731397,synthetic_gp_augmentation
426.63424899748765,2491.760406327782,0.5183534082059704,413.9951830688361,0.07205603814370859,455.9423753490414,synthetic_gp_augmentation
15858.596918430612,746.458431325558,0.5762320102739635,294.5197128349045,0.07958490585895606,282.944570732026,synthetic_gp_augmentation
13601.542577073087,7069.438026275513,0.5833764127857108,787.3999674008378,0.18118400752218367,668.5095478141479,synthetic_gp_augmentation
2651.388137374746,7136.597963496993,0.3464717652022512,2196.4114510108598,0.22102752459640487,2249.7016411416016,synthetic_gp_augmentation
13581.281550686619,2228.20627665262,0.8834539354041078,33.2259095850236,0.3032501058551003,28.950889682500133,synthetic_gp_augmentation
294.70608607407655,5130.90220174256,0.5704221924658472,618.2221245923898,0.21513652860419963,803.9634976128295,synthetic_gp_augmentation
7127.436495557978,7992.983969375936,0.102290025078974,3260.579344679781,0.058507083440152985,3198.4586870160656,synthetic_gp_augmentation
7605.398198245101,1950.4523876885767,0.4466099428350876,1051.9503194509393,0.11126393049324551,1281.1459231986769,synthetic_gp_augmentation
6048.0423408139,3783.013348468945,0.3623100288832828,1147.9362778643265,0.27598162769051304,1362.9849894266686,synthetic_gp_augmentation
14645.99334437185,824.6371322127706,0.24694080220953818,1178.6153913555497,0.08284747312715997,1309.8902617714577,synthetic_gp_augmentation
5299.126917374597,7425.999180449559,-0.21386662872505802,18284.11315006611,0.14584372999481054,13850.764722910126,synthetic_gp_augmentation
9310.232205946144,3905.24475649421,-0.3770377592240616,11232.715846234161,0.16900269833039241,11889.993551103164,synthetic_gp_augmentation
14051.654159318834,7144.326308576013,0.5262342207937156,1036.908267592943,0.24348641955729106,863.4956524556533,synthetic_gp_augmentation
12390.626782111913,4970.97128661504,0.037780171958068154,2757.1330452140924,0.08008471014821764,2901.4490461012647,synthetic_gp_augmentation
747.6589104073863,5371.484376184626,0.5579986512654536,868.6734717155249,0.210125763207062,928.0517825464594,synthetic_gp_augmentation
15090.37314962983,6183.886011423946,0.18367182408089677,1846.2235051176654,0.26092867793646213,2191.160531199661,synthetic_gp_augmentation
841.6857777119425,537.0887358733443,0.6337051246454255,1653.661792647101,0.10397792495133654,1191.0618302682492,synthetic_gp_augmentation
9461.25974255184,5022.146712317116,0.5354523503274575,539.8697694286205,0.11873500322702649,542.2318903306964,synthetic_gp_augmentation
9248.12256301112,7391.49795817487,0.569783357610385,716.7562152882308,0.19217709690028792,838.4516553124621,synthetic_gp_augmentation
12603.604668166825,7648.989791679655,0.10106408311286641,2497.4635574443955,0.25308302674170285,2588.6224310479447,synthetic_gp_augmentation
2460.244524398745,7746.571552026822,0.8456509636453571,248.65222221718028,0.3256540822633987,189.64429084468279,synthetic_gp_augmentation
12058.500230539932,5066.2947849989205,0.6104012615552097,313.57879535798054,0.13786436055840362,331.5468795451807,synthetic_gp_augmentation
2477.125563344839,4419.72053421835,0.18542432756158,4283.278133404721,0.14664552063904343,3926.0543214074587,synthetic_gp_augmentation
7564.177520343669,4860.426873213514,-0.17088007095935226,7712.258864856099,0.22331250994259005,8927.38710890987,synthetic_gp_augmentation
11733.204634353817,4896.9434430652855,0.38047951138552916,793.2828545330826,0.17846459839375328,808.0056917158256,synthetic_gp_augmentation
10454.746667644631,339.2661481735093,0.15675318870895172,3333.999103128939,0.06413035876414303,3259.18125153496,synthetic_gp_augmentation
3448.6065591982133,710.9702874673669,-0.1303021927737466,6753.866569350968,0.06873115825326699,7257.832737685072,synthetic_gp_augmentation
4932.96811310876,4955.332574113995,0.03554435158098013,5309.879076948048,0.11402933998102782,4420.785709937233,synthetic_gp_augmentation
15506.700961532551,2513.7314403078826,-0.2760877272722849,5213.390149237195,0.09016493020022713,5101.585349828742,synthetic_gp_augmentation
7233.862860462654,2411.403880079206,0.8818635806412289,70.82195564605473,0.1626739792511403,79.22736614247256,synthetic_gp_augmentation
806.8738753384506,1547.5251145197583,0.4004572090918104,1623.602338529124,0.09526046678156719,1475.5515237400532,synthetic_gp_augmentation
3591.399901514689,6408.559755472709,-0.2570372140890794,17845.102144875902,0.16682229934096393,15983.136804026031,synthetic_gp_augmentation
15991.881528283915,5022.064025573086,0.3426298964726209,1119.0619696054684,0.09031363444211486,1076.2905719978494,synthetic_gp_augmentation
4912.7956048830065,7563.359164851377,0.5115716878301697,1595.3905272099785,0.1323092337478725,1422.7580089383569,synthetic_gp_augmentation
519.6939956424651,7071.073252083101,0.3182809227785034,2312.552246929621,0.1401956180620782,2265.9354681087866,synthetic_gp_augmentation
1429.3256210862355,1228.207209414971,-0.21546437538584057,6839.000650215508,0.22951804198711354,9150.407779283963,synthetic_gp_augmentation
15878.892499893633,769.6750709245989,0.5560904649457257,322.79680388625553,0.08651429029100355,315.48515946292673,synthetic_gp_augmentation
11303.752450989456,4663.033335895669,0.5554254638411487,423.25652432430553,0.2449263800780601,379.3968869990145,synthetic_gp_augmentation
7234.118825609557,7303.333558011438,0.6272111079020541,684.3696711958011,0.2751797571722662,694.5698924167914,synthetic_gp_augmentation
2829.0364507987038,4907.262185817885,0.11477947269542266,4417.260176855288,0.16528769876037122,4495.654605459663,synthetic_gp_augmentation
2054.820036793728,2876.8844461498506,0.47112603188071367,821.3893757020264,0.2075680413764725,702.9178115359866,synthetic_gp_augmentation
9434.340072245952,7877.125055715052,-0.11908845041630844,10337.145090894197,0.24919341966790037,9172.347764021484,synthetic_gp_augmentation
14287.669028886568,6333.469403517079,-0.14504574902095302,4350.353930122885,0.251538054805819,5435.140615200402,synthetic_gp_augmentation
4022.2415331634247,7818.161052195918,0.5978766965836311,1339.995201158646,0.30862486258894567,1080.281984344224,synthetic_gp_augmentation
14775.572587820814,4803.649781119683,0.34693063424048376,1010.6474808675896,0.26760064205282047,909.3724534779392,synthetic_gp_augmentation
8336.069183610118,7040.158794654836,-0.11766585630405524,8883.532785233598,0.09036193566923781,9339.464492304967,synthetic_gp_augmentation
4215.475199143363,518.6217783999255,-0.087900138637095,7028.410863726972,0.06309168571143375,6910.900489943643,synthetic_gp_augmentation
13547.994825831489,4432.500155634578,0.5242927405517197,335.4152842820287,0.12886701080147586,377.23646985047776,synthetic_gp_augmentation
664.9256966614578,4020.130715746597,-0.1019156299653865,9155.576450083563,0.0835923495952206,8405.775592357602,synthetic_gp_augmentation
8996.199101820073,301.790897766792,-0.4330890059375666,7012.981095913799,0.12397710378246446,6270.727415663418,synthetic_gp_augmentation
11573.78240697647,695.6158825930645,0.7235444197902796,438.9481269616116,0.08355000467709467,385.74171205915553,synthetic_gp_augmentation
4551.645225782678,174.7113921349852,0.3245289551912117,4840.700463203329,0.06815031199427884,3566.903655780296,synthetic_gp_augmentation
13829.521489255165,2352.1200358915708,0.5618630860682765,108.3235507403807,0.23387646604548273,104.87163390648388,synthetic_gp_augmentation
3920.5245573919597,428.0898361302112,0.3445132340590451,4101.558179570188,0.06701128853903028,4289.869012674495,synthetic_gp_augmentation
13454.001095434653,3385.2774780864124,0.22304040995276064,971.6055861187119,0.19335367250688495,1007.4429713695174,synthetic_gp_augmentation
1348.86492493607,6501.97129098334,0.5779753336615756,1128.81693637537,0.07694913017948624,1028.1357182596012,synthetic_gp_augmentation
2642.8487107080578,4910.638467491862,-0.4549811388357458,26740.310387772726,0.16573985177154357,26018.0116990675,synthetic_gp_augmentation
6157.654884040339,5390.319298373077,-0.06335891750691047,5895.222160462279,0.18581198555337802,6751.1411093363095,synthetic_gp_augmentation
13679.48265349105,252.05349687708713,0.3784562157611351,1856.2785337781527,0.061295509131047206,1549.504877150914,synthetic_gp_augmentation
2398.9073055158406,6716.2108820469375,0.8215645727440652,150.69206966055634,0.28198156783986866,188.351961651517,synthetic_gp_augmentation
3752.7312731434204,2421.2070082598957,0.8654072673682713,69.47488272406693,0.15332096796332081,67.50774731249722,synthetic_gp_augmentation
7294.883537653007,4134.351159467092,0.5573946068509379,465.82856099406416,0.21682752918067183,534.2640423230263,synthetic_gp_augmentation
5708.47702773937,7439.9474481052675,0.17885502894632532,3107.5618842082904,0.12338357391013642,3124.229633274009,synthetic_gp_augmentation
1978.2070031709243,7985.193346987701,0.10082176827232192,5185.6469800564855,0.08142358319052749,5134.384759287469,synthetic_gp_augmentation
7067.034822960194,5834.513789819754,0.3612717968620316,1510.0202395863041,0.2459944234062187,1411.1426158008728,synthetic_gp_augmentation
9246.756058958095,5325.018703993295,0.10070405558588469,2832.2912266837875,0.25303804551285936,2142.7913740094677,synthetic_gp_augmentation
8077.283077950097,1155.3934034268298,-0.16720773218388812,6037.924028337681,0.18875439670605115,6140.83588909465,synthetic_gp_augmentation
14383.64266861862,7877.142907976676,0.008569537832590401,3542.4840825239335,0.250528844389085,3680.1659283591575,synthetic_gp_augmentation
11219.066773536342,7836.920185164307,0.18495521889124156,2828.32427055167,0.2930702792136162,2556.9661397963423,synthetic_gp_augmentation
8566.433263338016,2583.7791573025042,0.02569034213528021,5209.740719105384,0.1517320742352374,4035.5260525757876,synthetic_gp_augmentation
10358.456774589024,1928.3885805724744,-0.3079062770753781,8662.910709383448,0.1570296455806709,7475.330813912913,synthetic_gp_augmentation
9741.669060093443,1836.144598539348,-0.006385135651021778,5999.16975534123,0.24011566551424116,4346.569392526577,synthetic_gp_augmentation
6986.6271990323785,3878.9150680335965,0.5905983748577823,393.3812306410814,0.20231478875650638,451.8263657109185,synthetic_gp_augmentation
10033.74776107416,1790.1326383288447,0.3696739461974221,1130.3174450240751,0.2661999446846868,1041.4823612267992,synthetic_gp_augmentation
7152.759822610201,5187.973060405555,0.11238100409483176,2976.481837837057,0.26290088436459563,2553.9319978156846,synthetic_gp_augmentation
12146.068608163407,598.5584908314818,0.6487989375944385,560.3830928493139,0.09842460965996733,530.1724147807496,synthetic_gp_augmentation
15505.70848800434,829.4177793538138,-0.494191752046753,4959.745264674186,0.1964246367892026,4641.838291852154,synthetic_gp_augmentation
15361.859184205945,2215.474199486405,0.6572411204385702,88.24359665335669,0.2807434299970669,93.90094219892627,synthetic_gp_augmentation
9667.966463245813,2586.3163123360955,0.7183806724754465,98.0576373099199,0.15981315403674826,89.87953862439052,synthetic_gp_augmentation
12014.378610324775,3766.5342582708126,0.8266008656058668,45.123631794056195,0.2820126877389505,59.42511704797318,synthetic_gp_augmentation
2930.967894595115,5252.976368073452,0.6468372987949775,435.55434623904813,0.28213851755049574,581.6488951931696,synthetic_gp_augmentation
7716.393471291369,6308.319375783791,-0.4725687212119373,18421.924620271933,0.27867185847813963,18942.152082366596,synthetic_gp_augmentation
4191.145763362692,2456.8721697972214,0.23669115029862275,3541.2670291487834,0.09697651929085833,3800.450563647836,synthetic_gp_augmentation
155.57019963861882,5847.755289313776,0.6603147958520268,495.5729265868137,0.24272947965898903,585.9121994705885,synthetic_gp_augmentation
15471.127437286008,2288.5392348106607,0.26302290693274577,752.1320751537189,0.27381038583680817,864.1279618087214,synthetic_gp_augmentation
13835.192133444278,5155.729666932846,0.003911388463998189,2974.925818953746,0.23769974346285597,3251.2304397702696,synthetic_gp_augmentation
8267.808033671838,3607.041126357532,0.15897359742708794,2579.078571380091,0.18316849292520915,2220.327200446829,synthetic_gp_augmentation
4141.021381092209,7413.022554804819,-0.3870285247620663,19141.46202060338,0.17658696697676007,22899.69774926773,synthetic_gp_augmentation
12873.257581420921,7323.7146851474545,0.40176162696269835,1387.182280261043,0.2648576968254967,1392.0633662045661,synthetic_gp_augmentation
15992.337951877094,1092.0339361935287,0.046633154312861747,1729.7156107462972,0.12713919926554765,1931.7576630681335,synthetic_gp_augmentation
5650.413459088934,5235.7116603833165,-0.2321198272684898,8658.5059065045,0.2833942442686338,11978.85074149706,synthetic_gp_augmentation
3986.0083913009594,1586.9435325792658,-0.47566393846376753,19697.85922831375,0.1710886856591138,15117.489412388099,synthetic_gp_augmentation
4351.381571836656,2215.748039779586,0.7909666199211938,200.2537321594937,0.28069321707970407,148.261619775584,synthetic_gp_augmentation
1584.2053063226842,4182.585929725025,0.27884663791744213,2535.0903749796826,0.25803663321453224,2678.6833624729616,synthetic_gp_augmentation
6365.334524352471,5935.898152351992,0.4057347399080916,1478.9162006291212,0.1280881494784791,1425.56482539385,synthetic_gp_augmentation
377.058338198858,5771.952593563823,0.5911008003277771,774.1010544416321,0.2870180117848119,836.7849141198392,synthetic_gp_augmentation
1918.8893626802821,6955.674735656346,0.37722659105173717,1816.5969271126003,0.1000659441005411,2039.2805106564008,synthetic_gp_augmentation
4419.962381635458,4474.198817012697,0.0783456469183208,4602.580253768967,0.07329471855891177,4220.456638037287,synthetic_gp_augmentation
2641.8181369607437,7410.741227116592,0.3786234842461601,2508.6010491350353,0.16622275999774158,2130.7057491349547,synthetic_gp_augmentation
1779.116174799615,6792.459915843923,0.2858922873951929,2812.047681316128,0.2738979061337948,2599.097652114233,synthetic_gp_augmentation
13869.306269889943,1836.1608624347944,-0.2121777781773732,4964.2001367804905,0.2408782042524383,4609.362806032435,synthetic_gp_augmentation
3615.7206090041504,4251.583945497573,0.7843919271942013,123.4829900038792,0.28292479827482764,150.73892160181794,synthetic_gp_augmentation
11471.759568722127,93.1781898968822,0.39548553621507576,1684.1577570554603,0.05255881706371835,1696.9592068961774,synthetic_gp_augmentation
4180.206260422818,2616.9162715607895,-0.37355255511251784,14259.889787299056,0.20185132654084306,14816.442303000797,synthetic_gp_augmentation
8201.027821690619,2738.802020686788,0.10762662605494533,2795.8120419290535,0.28062293696100127,2999.361004252079,synthetic_gp_augmentation
1874.6951420872763,2308.276558254854,0.712350466520211,126.45687087643611,0.2731648113289178,156.99864242059368,synthetic_gp_augmentation
15766.205179456363,6539.394398103562,0.5750019041290746,557.5642055930371,0.10062551390484975,628.1202322645388,synthetic_gp_augmentation
2093.617351212289,360.57149314723256,0.4848153362210845,3102.821880381072,0.08301488849333453,3451.0821473737064,synthetic_gp_augmentation
3993.7024808384685,3253.917752855868,-0.4841665213991923,26252.413778022194,0.29082098216687646,20771.049365609637,synthetic_gp_augmentation
4344.851387004157,1152.5086695379948,0.34005312556640943,3121.723712668829,0.18086323618468428,4138.291564795458,synthetic_gp_augmentation
4446.100549353002,4180.881891148951,-0.49260937066203403,30227.443423838216,0.2627320219514067,22256.42469411473,synthetic_gp_augmentation
6903.828155790202,5988.209752969674,-0.4825893817704788,21112.962192757503,0.07403016991067865,20259.128974540123,synthetic_gp_augmentation
299.30983388775235,7889.4079027654725,-0.14554947565765475,12487.634067204528,0.2344824115603506,12557.492381349042,synthetic_gp_augmentation
14565.697312886932,1490.8211289280136,-0.4946056292276537,7074.600322182196,0.06069744023892334,6536.664696183939,synthetic_gp_augmentation
10304.830264449613,6092.760074223219,0.08431696152086454,2869.594834135816,0.16428008491779703,2455.925785056005,synthetic_gp_augmentation
9369.92683291775,4413.105757599334,0.16695036986610723,2193.1117707666494,0.15724580472810776,1787.0044337719391,synthetic_gp_augmentation
11229.144348315316,3740.411700063115,-0.22085511211202313,8293.998949736177,0.28221338973393695,7543.468209918026,synthetic_gp_augmentation
1061.3708254133026,365.89330772099606,0.6397324703107057,1633.8542923490438,0.07845638043980568,1570.8786332768946,synthetic_gp_augmentation
14105.459839888103,6706.30605861356,-0.09229864921246667,6304.379674326009,0.2756364315449625,4837.809070607732,synthetic_gp_augmentation
9312.672470583908,6518.466788693275,-0.06239439194739099,6564.346597834538,0.06555912646585456,6694.476343391336,synthetic_gp_augmentation
12700.223408513903,1300.3178702906907,0.2599561795435493,1433.6965532539532,0.23124584201027498,1285.7918037070974,synthetic_gp_augmentation
4280.333746848623,5161.447196350724,-0.17274385053818486,14931.576951441297,0.24225536380055218,10589.56615225907,synthetic_gp_augmentation
2040.5600160799208,5901.869604257291,-0.027099141503547086,6609.100698555065,0.1710936857705137,7357.401728352578,synthetic_gp_augmentation
11268.948213669875,4460.999963049525,0.13341211386467267,1696.850870865933,0.09518284446919936,1682.3785589234674,synthetic_gp_augmentation
12722.734711457078,2537.8312247688423,0.040823363186924366,2391.79277293599,0.09390560045036253,2569.0709515641292,synthetic_gp_augmentation
6237.933184546733,7047.567217486351,0.6455252252943351,632.4697907349135,0.10871673930860903,652.4228894465431,synthetic_gp_augmentation
13110.238991996446,5761.740096110803,0.06402986487921325,3351.958340400898,0.2815436089585875,2840.1642052097154,synthetic_gp_augmentation
3376.8931106540067,5216.916236018656,0.12690116981408717,4023.2417082909387,0.2763662795687545,4154.554130864541,synthetic_gp_augmentation
5490.607876170062,5770.309372680704,0.8396517766824432,121.77612622316339,0.28710581977660127,107.95201089547729,synthetic_gp_augmentation
1689.2800354597132,7380.755186490507,0.8902448719175022,171.24461302670557,0.20796622720143954,135.7808375736836,synthetic_gp_augmentation
1244.732681601564,2286.486383668013,0.5679238817626924,538.0175373707473,0.2770547889142812,391.1193759711867,synthetic_gp_augmentation
508.6899680468607,6692.409784239663,-0.13007489078910883,12376.436714499407,0.26705135008910846,11117.792189132546,synthetic_gp_augmentation
14674.573777807342,7147.073632775313,-0.179270268561934,6139.951383006928,0.23642066229150993,5854.389010647863,synthetic_gp_augmentation
5050.9856338716245,5209.78885328033,-0.2773097167828316,18056.880138628625,0.2767597404455728,13976.949463681029,synthetic_gp_augmentation
10604.475160362397,4786.406096709961,0.6286040166844646,389.9606270659514,0.2775073693549048,303.30132430880116,synthetic_gp_augmentation
15828.840459382101,872.3856893726482,-0.07039314095397664,2906.8453443558724,0.09674648647671599,2689.060101503681,synthetic_gp_augmentation
10744.267617634901,3489.7698086370265,0.4461095143044679,423.7875410296785,0.06740912930257222,375.0774110914657,synthetic_gp_augmentation
8449.007254113263,4893.155077185134,0.2561906093590949,2120.5111961342704,0.18447633447627917,1680.9905702294525,synthetic_gp_augmentation
8382.626942924093,654.9541798621821,0.6563962240693653,2080.7010559135647,0.09511103503049662,1572.2087607453277,synthetic_gp_augmentation
6092.982660443272,891.6960918203519,0.5511444070973122,2202.737510196863,0.09186736023957018,2540.962801464233,synthetic_gp_augmentation
9636.496529685857,7947.850040857671,-0.4107515058963354,19762.68653810748,0.14260353142622517,16162.978114209955,synthetic_gp_augmentation
15344.7830937767,2657.8732077007567,-0.026201346832782524,2769.441129234359,0.23907603829691698,2832.6719313115914,synthetic_gp_augmentation
12629.900135803131,2797.8598983293114,0.22813819699662674,950.2342216974267,0.26964700724472274,958.2194059215811,synthetic_gp_augmentation
6845.203210828477,2012.233204799136,0.6250944771560576,431.0705632545512,0.06883777200764177,439.5214972135961,synthetic_gp_augmentation
5385.872781617279,5168.1581559542155,0.49963855304407123,1364.027028643885,0.24912072439337987,1100.241489043883,synthetic_gp_augmentation
2258.9946274628414,6323.447658988034,0.6317254767304306,743.5666858789727,0.2565633962665697,763.9405850142558,synthetic_gp_augmentation
13608.405585732398,4099.958654846295,0.10889986655359751,2614.174786180262,0.17621271178781306,1938.8950859503962,synthetic_gp_augmentation
4155.720505343084,123.3278422697257,-0.42207659650378565,7836.100230922893,0.07315970999435432,7449.871642002206,synthetic_gp_augmentation
11478.504848837092,3861.499122614365,0.7187500200612666,158.65907392135833,0.22175843421007355,117.35724083207785,synthetic_gp_augmentation
12918.907234319799,441.49832475819653,0.23723069265507313,2239.032466693122,0.06764278674214168,2141.143779632085,synthetic_gp_augmentation
7684.244624489214,6614.291043851418,0.6317643223095837,486.3324229477692,0.2235681534099027,578.3130032814054,synthetic_gp_augmentation
3157.3152206621617,909.2646798776052,0.048914405135142,7528.784113939666,0.08120040743353141,6548.351165930524,synthetic_gp_augmentation
13531.807121051768,1735.6321197265263,0.32397315263127824,449.35407468468253,0.27412370719200596,601.134852599511,synthetic_gp_augmentation
5943.382686347704,3679.7219423586307,-0.03646979235196757,4771.909769744801,0.2565136419531982,5731.1419596973765,synthetic_gp_augmentation
5198.816141672057,1561.472443203316,0.07340496422354192,4857.008856232866,0.11948417892718638,5416.019935090924,synthetic_gp_augmentation
10960.530250915715,7620.180887338311,-0.1076019716022883,8110.105686388804,0.2160709206816696,7876.775653024124,synthetic_gp_augmentation
2281.4451531253794,706.9885065969092,-0.07757639776907077,6258.885097230962,0.06779346759934861,6690.19889446246,synthetic_gp_augmentation
7027.46549936118,4613.8563861484035,-0.0041354524190608255,4396.024410917478,0.19092116738053194,4292.736925225666,synthetic_gp_augmentation
14278.058798480743,5763.19687715187,0.10497656295608182,2252.459273817507,0.28201156366063856,2497.314366421107,synthetic_gp_augmentation
673.3970800916346,1021.0160724468507,0.30662947682990993,2525.4672113438633,0.06117587502927648,2793.618947929822,synthetic_gp_augmentation
7371.6794971378895,5091.697022059212,0.4559292843736531,879.1309347656772,0.17212954879035774,912.190610721042,synthetic_gp_augmentation
10602.458265524841,6913.91243335861,0.4459653120738838,1272.9289018676147,0.15647461726458414,1162.8582333779077,synthetic_gp_augmentation
14214.606283967567,6300.445147425249,0.0931532822996115,2288.4176563150604,0.2693316714619621,2699.605668964052,synthetic_gp_augmentation
9541.201008237495,7481.365523432464,0.1746469346136219,2286.756635442817,0.07418950075708097,2295.5291716894785,synthetic_gp_augmentation
3640.7872014526547,3151.8946373785398,0.2301085157775863,5328.188371497306,0.23353592161925688,3755.3971294771245,synthetic_gp_augmentation
5709.670036022967,7363.611076726487,0.7278793830365842,345.52944352584143,0.22503543387445485,396.8806781860024,synthetic_gp_augmentation
15079.903155455879,1802.8541409184058,0.1446298337659686,1733.524650220592,0.2620524803638253,1355.836368391304,synthetic_gp_augmentation
14187.004298173712,4669.618228200114,0.8132190303390885,73.58682446531566,0.2622762887642387,66.7479042945219,synthetic_gp_augmentation
8971.452424750401,6125.263560757355,-0.2819030440983291,13288.054709275773,0.20757539814891676,12199.991697167821,synthetic_gp_augmentation
7660.2645709380395,6978.249335963833,0.5316732427922564,935.296623980028,0.08027221979224067,1002.2173800792484,synthetic_gp_augmentation
7271.97152412589,7332.337048751281,0.49118447453132075,1052.555449851692,0.25506037227064704,1254.9634306858716,synthetic_gp_augmentation
1034.755618915555,679.8051958589051,0.45414053500587137,2707.8369559157186,0.07340047701813057,3367.961934865408,synthetic_gp_augmentation
14288.795952909413,5808.473355633561,0.4280000791044035,926.2497460788175,0.2675515699451206,929.9879542246593,synthetic_gp_augmentation
13108.577183803834,1632.8343475281235,-0.4687684169923863,9869.027143872781,0.2264556269911384,7398.909158801911,synthetic_gp_augmentation
7354.393201173087,6232.955531894802,0.5389711528729468,985.6828811769401,0.28290902157426256,879.9289748132095,synthetic_gp_augmentation
4543.095566239627,5605.517855468871,0.19955798471005914,2529.738592906189,0.1810894104299309,3208.0580509369825,synthetic_gp_augmentation
5552.437642181836,1450.8188688024823,0.23386066557998608,4137.4209347081005,0.09647996475890631,4045.61551914598,synthetic_gp_augmentation
2058.2533153789427,6662.641379356227,-0.4287783037043236,28689.204649916217,0.25255769087050806,29577.58359872349,synthetic_gp_augmentation
11576.456886760989,3694.310432148493,-0.23626642036232814,6828.274817970178,0.26691246750006326,7543.126243187239,synthetic_gp_augmentation
8951.050719222238,4350.849215208349,0.7754096705884235,106.59721437292929,0.23241864493560774,110.67919170149906,synthetic_gp_augmentation
3822.2444229158295,7771.230028347734,-0.058260328515173765,11550.392306847287,0.32391239872489663,8963.555799367343,synthetic_gp_augmentation
10005.788596035267,5253.004700154391,0.05143230886159922,2349.1855782380044,0.2818970869342679,2892.109890130998,synthetic_gp_augmentation
15669.760406654097,4708.505160198219,-0.23511507312758678,4997.09569080153,0.29963250137420144,5779.062819547928,synthetic_gp_augmentation
2046.0826540712492,134.1021789101413,0.3850670949991958,3546.77590044585,0.06513886006443524,2707.227201115364,synthetic_gp_augmentation
7389.911668942711,1593.7186807515166,0.5369812261295581,874.7597304415409,0.1579254503204857,951.7522861658249,synthetic_gp_augmentation
7957.125252661815,212.52336839950203,0.7897665780212202,1707.985247066037,0.07075308980818493,1216.1471221219806,synthetic_gp_augmentation
2752.0756997984586,2666.499405729196,0.286889059308434,4587.74832550126,0.24581090702030484,3474.502844489769,synthetic_gp_augmentation
9735.03841091463,4242.640563134752,-0.4006513592077628,13611.383130250639,0.28298591937225,12366.943600625169,synthetic_gp_augmentation
2601.7781672140754,5518.147575940138,-0.12744678675911436,9875.982238959186,0.07428979667037003,9969.36644089747,synthetic_gp_augmentation
2560.1099942411347,1434.7613751705053,0.3657103592193037,2975.094566483003,0.12014639401957024,4088.803908958882,synthetic_gp_augmentation
13715.94457857672,4813.235366477939,0.8637449960648353,38.63621611445435,0.2700564831533854,49.8458783335054,synthetic_gp_augmentation
5051.060243053714,7335.810196231256,-0.38912305512337775,18826.244401657703,0.25681158041918345,21186.553083637038,synthetic_gp_augmentation
10122.300854550233,1480.0628492736632,0.04371301332146171,3895.450398459156,0.06519484548422148,3905.0809925362105,synthetic_gp_augmentation
10065.691903235904,5272.704242122911,0.43412999318004186,692.5603720813842,0.28092656578153385,800.3125244970875,synthetic_gp_augmentation
13442.816921763897,364.7131300152591,0.3043993218869646,1845.2563868641298,0.06557131869095031,1782.0667026186673,synthetic_gp_augmentation
13465.165291668618,5932.314056846237,0.14849186036625128,1718.8527832242453,0.12912789277912906,2125.424294479535,synthetic_gp_augmentation
10040.915155445584,272.33424952114405,-0.12614861238682296,5208.23521032533,0.06041287626639845,4811.210674160001,synthetic_gp_augmentation
7246.368852172504,2669.323129140275,0.17585316989783395,2813.021224359145,0.24806772673860558,2860.538250059017,synthetic_gp_augmentation
6357.707688877887,7023.655883135914,0.03415058191162923,4202.057913750436,0.06969593290256744,4296.745207109482,synthetic_gp_augmentation
6752.450256755609,5782.996435165571,-0.2597252486836964,16305.246968433286,0.2791885573823574,12871.036744366305,synthetic_gp_augmentation
2156.017109244948,4897.906191419958,0.19460710616044374,2677.4697953220398,0.17872137610319455,3689.6335837734186,synthetic_gp_augmentation
6840.938098950356,1309.5013276759594,0.8426875826665301,303.47724693492336,0.2404219896494603,340.3743897838502,synthetic_gp_augmentation
6292.174024521676,5933.6601118546505,0.244511540789085,2886.8326152941827,0.12798796777006624,2348.366239157619,synthetic_gp_augmentation
4474.579009688806,896.2064058102657,0.8101904141209721,978.5147948815438,0.10383117763053283,928.8243994732092,synthetic_gp_augmentation
12055.320898369448,7594.971226122159,-0.1581796584039581,7881.628729293925,0.1822435883654435,7971.453161949778,synthetic_gp_augmentation
9289.334585413042,3935.696233148273,0.5516521931911591,293.89081241912913,0.12487880804160714,392.86844445107954,synthetic_gp_augmentation
12918.06319842088,5960.646678424025,-0.3466562358978761,8235.381145628644,0.10923820495716594,9184.03096546578,synthetic_gp_augmentation
8728.739905654162,1741.6021242058841,0.6929254537274667,179.87806717308396,0.2739754058788956,192.53098600727895,synthetic_gp_augmentation
13679.931871056751,1097.4656752348171,-0.24719557735265696,4850.070772961842,0.14387193029402948,4615.880186805277,synthetic_gp_augmentation
12757.466883667295,5930.45420903935,0.05185125538889668,2364.6376794384246,0.13146253681384595,3029.4265793453264,synthetic_gp_augmentation
1662.7246652617291,5390.593428467057,0.8518684684471187,110.73723500160257,0.31564644018318966,109.91567152129981,synthetic_gp_augmentation
15634.40125145428,2192.86150163114,0.3111526187885165,726.887233056768,0.2645303731986765,659.0864186185222,synthetic_gp_augmentation
334.4844057311277,5970.267484125724,-0.1304056897048368,11646.113592120988,0.08416096914365853,10354.945738082433,synthetic_gp_augmentation
9589.724803080935,4039.9380881480206,-0.4991219634532432,13708.447806734575,0.15373829246016218,14479.518208635604,synthetic_gp_augmentation
12700.93299813652,2788.77805317925,-0.49049508726786695,10278.166428810802,0.3098217246714776,9161.1120301582,synthetic_gp_augmentation
5377.116823629364,6295.134539837283,-0.11557724797072066,12505.024128610583,0.2715617328866214,9691.827496492524,synthetic_gp_augmentation
9617.25969752481,4934.261980337664,0.2375967102159372,1628.9498869507408,0.1334663750888306,1548.878067298634,synthetic_gp_augmentation
5857.748240474428,4058.1469277759725,0.17884777610448166,3244.3734849919906,0.11606795273080793,2777.340748519351,synthetic_gp_augmentation
1063.7781026192802,6184.856774007705,0.7906342838004192,254.4538472167356,0.2674839792227366,240.31759398102238,synthetic_gp_augmentation
234.5381535203614,4358.626878448074,0.5697317607776422,677.9173255531907,0.2259194971092247,681.0664457274095,synthetic_gp_augmentation
1608.3062787678944,7508.275463468709,0.7946298903077478,316.3275189506657,0.07732120163974682,283.13863302116255,synthetic_gp_augmentation
1664.712546508744,6544.445542299819,0.2164894636478789,3018.056888034863,0.10156764829968282,3205.516158094531,synthetic_gp_augmentation
9813.147460560624,2865.5005819215758,0.1253329770031416,3008.8953038857017,0.21648393115191714,2297.738102537092,synthetic_gp_augmentation
7341.8664727529585,7658.664549563107,0.021004522794103253,3975.5218945469505,0.26330700988536365,4362.736523411731,synthetic_gp_augmentation
11101.55146207844,7161.635158351333,-0.20486391212796817,9781.466698259652,0.24956999635208407,9693.154435557866,synthetic_gp_augmentation
4408.637354510121,2194.4306625867903,0.4527442169856557,1828.7560092959004,0.26423760154471276,1563.9210413146793,synthetic_gp_augmentation
12460.544427473284,2915.3641548957767,-0.04407867088468348,4657.994860825584,0.15157874091960144,3620.9185085976887,synthetic_gp_augmentation
14568.635993622183,7038.792289151231,0.12479373446060327,2586.6263202871514,0.09406586439162798,2566.6927559383366,synthetic_gp_augmentation
7069.551880177547,7419.338495162114,-0.18437303132041077,10961.58723737498,0.15280831220126,12041.974352406382,synthetic_gp_augmentation
1395.5952842016152,6418.721926420794,0.2879746793241541,2526.715095411961,0.15143965796020942,2531.196569472777,synthetic_gp_augmentation
12799.786953732959,2205.667568482097,0.0017014004558915108,2766.545114740464,0.2702006898877731,2966.938108004353,synthetic_gp_augmentation
14174.209889036463,7096.518453081852,0.7258054444555104,288.9653945381987,0.273632747712406,274.7538817568537,synthetic_gp_augmentation
6677.198304030139,263.0490075255878,0.23970811663904878,3778.765413150939,0.07614649553215949,3825.595415565073,synthetic_gp_augmentation
3969.3485373324047,3382.427847124145,0.07642289278438108,4981.584858609551,0.19621608885746267,4902.999873915163,synthetic_gp_augmentation
799.1495247448302,3021.029058653901,0.5494676694225544,456.4496358436427,0.0782019507497373,448.1927324748193,synthetic_gp_augmentation
9498.21686812821,4281.91684723659,0.767141806657671,112.92567834455774,0.27796075704724293,112.17426317345888,synthetic_gp_augmentation
14566.924899943737,4485.124457878631,0.6443867366760998,214.33328871345853,0.08773089723941865,229.86661467297193,synthetic_gp_augmentation
10878.419605773179,1803.2358947476714,0.19288393327462228,1714.9728049335076,0.2615381861343275,1978.7586136828716,synthetic_gp_augmentation
10321.924356210473,6428.532734337241,0.42698108039720306,1145.276133799941,0.13749383584600322,1157.012384330379,synthetic_gp_augmentation
13329.887678423605,609.5743827187486,0.6436152608876011,456.25021919586317,0.09844356385648625,365.0303052431683,synthetic_gp_augmentation
7665.697943656381,3946.2883508963637,0.8700954082711043,44.965681312447394,0.12626016629943423,57.647621514700695,synthetic_gp_augmentation
13134.000990965633,1533.1712527814316,0.14015173034223072,1514.1738684429042,0.08653375065765066,1739.5953628484579,synthetic_gp_augmentation
6331.363858995031,2556.5378009678216,0.4355362011621401,1128.8771611644315,0.11624495569434443,1052.0590777689692,synthetic_gp_augmentation
5641.2402896727535,2218.355353376065,-0.08965544550643312,9085.02049394433,0.27500502775631785,7118.843630736599,synthetic_gp_augmentation
7488.514041342252,3648.164826356395,-0.1457191810585598,8422.806049908948,0.22941672361992085,7611.493082036125,synthetic_gp_augmentation
8310.591834097979,6650.81598384164,0.2131986384414143,2123.3796426790186,0.23291922470301676,2175.5131960085023,synthetic_gp_augmentation
6224.235259764742,686.3611303264161,0.022418557656692206,6731.682914437331,0.07082357027842634,5871.940306624573,synthetic_gp_augmentation
6379.4433357437265,6130.885163789122,0.4495847338074277,1212.6717714149586,0.212770012253572,1318.1575792046187,synthetic_gp_augmentation
8812.245214748555,1986.5020632023827,0.361439648044372,1403.810557274023,0.06525097072973217,1488.9257304912785,synthetic_gp_augmentation
5743.101404330307,7344.153781014261,-0.2649869917778164,15907.725772647838,0.24654042729932701,15300.992668333063,synthetic_gp_augmentation
11594.214971242482,44.47268295639084,0.44335023227450254,1035.2599977989883,0.054008036826137626,1202.8591851206925,synthetic_gp_augmentation
6152.54055045609,4453.306698874715,-0.23763968548427133,12300.552313847158,0.1031169360019261,11063.21955598944,synthetic_gp_augmentation
6207.895745751365,4978.11987222075,-0.49166559805116694,21908.147399557365,0.07539191041035993,20397.382710366954,synthetic_gp_augmentation
1067.4652758665584,6520.1223375921,-0.4622209341343139,30326.07204121055,0.09308064253894344,33171.55749059054,synthetic_gp_augmentation
10520.143198030823,897.3120646704897,-0.021551292610920703,3919.12351784882,0.0890541828459513,4379.692556485973,synthetic_gp_augmentation
8129.058252823125,3324.4480343406735,0.3925157373308542,926.2354910397848,0.25297675959015314,784.525819540544,synthetic_gp_augmentation
7303.115217157602,6909.894184159789,0.01852435202194258,3880.6416328099554,0.16061107015409373,4297.760422165223,synthetic_gp_augmentation
11536.122552256425,7109.882308231928,0.033692816637979406,3648.3765942284203,0.1882642305418185,3506.0658274319776,synthetic_gp_augmentation
12156.26693387729,3986.755225910124,0.5118185566374132,344.67143141004846,0.06282973855634873,345.93445044971253,synthetic_gp_augmentation
13555.547728258103,4463.735150960639,0.343015508247542,851.9721675305902,0.08759846309224015,847.1902604091854,synthetic_gp_augmentation
6059.369620997411,6111.267523919205,0.22572842478712085,2733.2451524430207,0.18827004352075474,2562.4629119359874,synthetic_gp_augmentation
5299.899306828759,6236.883154389132,0.7408434274372835,287.6933922075945,0.28658642415905783,306.1802138420301,synthetic_gp_augmentation
11458.03941376286,7104.650396046887,-0.3486408955479082,11919.25312070772,0.1876650132634008,12099.672242912251,synthetic_gp_augmentation
9350.697260333089,6750.859193464345,0.1576745589596097,2471.266777055669,0.28282073014651826,2198.2189646505735,synthetic_gp_augmentation
10145.644586993883,3315.386502914355,-0.1653065604694265,7209.659362693696,0.2604163132711298,6921.652027953265,synthetic_gp_augmentation
8932.81422298278,5198.026611773253,-0.4484690125656252,14544.240197859437,0.27016329795393673,15549.005029121196,synthetic_gp_augmentation
12385.819068941286,3865.8820628938724,0.8706471830552114,38.26022935299274,0.2169019244291571,44.86320093257242,synthetic_gp_augmentation
3121.6501270252356,943.6917313610538,0.5276375581627815,3640.6169671199586,0.08173649959001095,3341.463994974489,synthetic_gp_augmentation
8935.822910588207,6573.447360040501,-0.1973402776120992,10372.428624268734,0.1389589415615026,10904.465263681195,synthetic_gp_augmentation
6575.3058347267715,464.0416304473005,-0.18356605874442894,5826.878235140574,0.0697679481579803,6228.2825993547485,synthetic_gp_augmentation
10657.50179231559,5414.94623207178,0.45879740037732175,865.9086674041828,0.1611682315047126,717.2751993671563,synthetic_gp_augmentation
6135.505433087682,554.1216697334459,0.7878076146124895,1909.6936792650527,0.07781680081375891,1709.0379648630792,synthetic_gp_augmentation
14171.023022508138,4852.711317469157,-0.2094226931886478,5337.005364330509,0.2321332668948011,5799.2867468753875,synthetic_gp_augmentation
12387.928860509906,5857.669233033948,-0.010243341944523754,3491.7099536314627,0.22372604879354796,3861.7948213907584,synthetic_gp_augmentation
8468.023481505961,4138.274354571936,0.8045402804609811,85.05870671109322,0.22445252181034223,85.45528285502435,synthetic_gp_augmentation
15205.845175240258,45.18618856073964,0.7385530557429119,378.16261834594883,0.06297293291201436,377.14051782384365,synthetic_gp_augmentation
6847.408102016402,4615.061895540827,-0.08956179562372302,6662.183718329338,0.1924778175011672,6923.216290310016,synthetic_gp_augmentation
12630.359548650886,52.87260254367965,0.17629614876203703,1919.1919035971275,0.05572045771623261,1948.960319951675,synthetic_gp_augmentation
2770.186212842545,7411.266410376944,0.7371869768343089,612.3833057200624,0.1675523010923789,447.76914969522136,synthetic_gp_augmentation
4644.1003860584915,2138.441261800416,0.4388883849444367,1709.526263204612,0.21819525315042962,1844.0706051856866,synthetic_gp_augmentation
5475.560743209882,6968.052827976194,0.39219155386660076,1780.5250935840452,0.07987416474623252,1878.0318977497072,synthetic_gp_augmentation
1782.5499680019204,96.8743089349644,0.4247819981307457,2243.08223079556,0.05727113631622005,2198.448648115333,synthetic_gp_augmentation
3156.936132611281,3611.2664368212563,0.2240433769941309,4955.488516182904,0.1885619510225356,3807.1109605195247,synthetic_gp_augmentation
10183.555642249572,6068.859032421353,-0.24550819521349826,13597.250858492751,0.13258358501583362,10491.438344227709,synthetic_gp_augmentation
3122.4685172109907,7540.493604005093,0.16181325542967018,3888.3202329697097,0.0938752202137521,3714.44159768138,synthetic_gp_augmentation
2063.749491694478,4168.758521347439,0.5204436225318114,843.8729152388552,0.2499725211653647,938.0248041202643,synthetic_gp_augmentation
10566.02086239659,356.4363193374485,-0.06143218589657384,4192.323118699491,0.06431753673467415,4459.199033729967,synthetic_gp_augmentation
14989.569543864967,4669.675773909694,0.4328618767353499,690.0397318849688,0.24927937073586398,655.0586747025044,synthetic_gp_augmentation
7889.2158926923885,3040.35011598827,0.1303216539753641,2512.843833554324,0.09183201221061975,2759.3365025859684,synthetic_gp_augmentation
9232.501609859959,3840.4737827200056,-0.007003228714875742,4107.406059971987,0.23992329222732084,4105.416781988332,synthetic_gp_augmentation
8977.429300687765,6123.575865038207,0.504481693080336,1017.724334873557,0.2032920101202871,881.5804345803083,synthetic_gp_augmentation
338.11213439184417,6785.684225719166,0.27710078588784404,2211.7476234754054,0.27798606974387746,2450.4691894064954,synthetic_gp_augmentation
13793.748505989122,786.2208934220342,-0.3914093172408065,5279.06857346189,0.07365558596074807,5035.82653650904,synthetic_gp_augmentation
9957.533821801153,3526.770462049958,0.15766108447939076,1937.9617874306703,0.08039813670354719,1771.919391733962,synthetic_gp_augmentation
11940.589593080724,7149.739448098497,-0.4591707609683791,17848.37369241111,0.2356936197215479,13932.643174530791,synthetic_gp_augmentation
7953.345587904482,3395.642386557532,0.6057643843489968,428.25757211141166,0.18101766649894166,311.41313884385494,synthetic_gp_augmentation
9932.598762741382,4521.234215739083,0.5283421193181572,545.6563796963173,0.08491457600359313,469.63677637994397,synthetic_gp_augmentation
4193.771302333535,6984.831578390781,-0.42928342688412946,26118.059033095305,0.10024119241162618,24403.755773309942,synthetic_gp_augmentation
15582.74850752149,1860.7486935183415,0.199572599034195,1012.907263835542,0.2193555878973879,1063.5026222546876,synthetic_gp_augmentation
6471.448120007875,7156.653302587707,0.8461552475801548,131.69454562939308,0.2422242745976261,136.07641962372415,synthetic_gp_augmentation
989.0551521565744,4744.266629272521,0.7660246162583597,146.97566827491042,0.2841558701807183,207.54384165297233,synthetic_gp_augmentation
10215.133736057402,2624.3158565268254,-0.28847027632589717,10964.564833259683,0.20457371925489562,8140.848151013684,synthetic_gp_augmentation
15735.739633705647,4216.95243007672,-0.4907565647087294,6830.984864757359,0.3119757680238646,7804.016582692366,synthetic_gp_augmentation
14343.132499855878,394.28642418002016,0.2427299393164115,1838.7948727949272,0.06698048303671547,1843.2261043095268,synthetic_gp_augmentation
11263.462623033976,522.079801910107,-0.1650593688513412,4366.767844651407,0.06347903670839496,4597.584292315467,synthetic_gp_augmentation
11592.969366469493,2679.615387468628,0.44349080625130155,187.37969524506056,0.25705106405365213,200.41240705173593,synthetic_gp_augmentation
5494.092862082196,4926.334482200866,0.46164649533176916,1340.68815987833,0.13943218276138666,1137.7873364635213,synthetic_gp_augmentation
9659.368315656753,303.28133635044986,0.4425925639040028,2206.140224115102,0.06308515621421437,2325.4960454774355,synthetic_gp_augmentation
1368.2896155204285,1341.3493578951307,0.4505407388895506,2557.739541443147,0.21296873371722966,1916.095417923182,synthetic_gp_augmentation
6738.8897512630265,3523.9341482384034,0.4378427146419105,661.697725901497,0.07026752109397319,727.1987932366866,synthetic_gp_augmentation
3308.91404765242,1974.678099031622,0.6679853858018201,388.7695989568767,0.09997310031286094,390.1313470960236,synthetic_gp_augmentation
15260.666135767913,1101.3014864618453,0.2813709918345969,968.9521108913449,0.13090206059469325,888.4572293834882,synthetic_gp_augmentation
15930.000675239926,4780.589390259503,-0.00903648659352263,3329.803451944694,0.2817246059803064,3081.851189782911,synthetic_gp_augmentation
5997.881129934481,5950.975822425775,0.15358604035785317,2879.147768892454,0.10207183190214897,2877.174546776748,synthetic_gp_augmentation
11376.74087862746,5482.144534377774,0.11632904484486262,2272.740910327634,0.07161967563693467,1998.4410721018733,synthetic_gp_augmentation
6583.554617545525,2209.4407618201694,-0.034491173240867146,5939.661668860389,0.27212822296585054,5997.446726996999,synthetic_gp_augmentation
2318.196349740682,6835.558690935712,0.0816553715030559,4420.667960442719,0.24651938692807715,5211.991481832678,synthetic_gp_augmentation
5457.136878463526,4894.577435419218,0.03898145249111851,3607.6302819299144,0.1874800233551206,4138.226288534034,synthetic_gp_augmentation
3810.6100095790453,4917.333608059391,-0.34440360699248695,21904.172481986192,0.1591686469340329,17897.487424125764,synthetic_gp_augmentation
5316.443704477974,1702.7876137316582,0.66277322148323,502.13100126760384,0.2626184641646063,579.469268894869,synthetic_gp_augmentation
3518.8448455236926,1937.7030986892282,0.5590520237245029,728.2909802572285,0.12155942169776546,859.1566461930101,synthetic_gp_augmentation
1886.2873930261178,3798.001739504838,-0.027445775016356866,9045.736607112314,0.2711024160650647,7289.750112547384,synthetic_gp_augmentation
14501.5368060945,5504.621891883012,0.8291075569288537,74.12506603858102,0.1308843711780327,72.7208605375072,synthetic_gp_augmentation
1455.0246448468067,2468.436098046066,0.6994076143269052,130.48405788474673,0.13642129434877015,154.87834543517334,synthetic_gp_augmentation
5263.6306357082285,1215.3292316907932,-0.4588780255953676,11794.877394021276,0.22906965714704006,11851.048155851737,synthetic_gp_augmentation
8502.353322591902,1212.9108301877798,0.019705191840788228,4557.116353875833,0.22327303183009545,4919.103454644254,synthetic_gp_augmentation
5736.751233235873,1017.8222296892851,0.14027119348066563,4939.18456204145,0.08376669142225428,4977.536574710895,synthetic_gp_augmentation
8329.952810800307,3518.0006317309953,0.5062027954613149,406.78423284896377,0.06863715331391305,445.8518619618239,synthetic_gp_augmentation
790.378957726228,24.32029078098008,0.38873726821066845,455.00538281008824,0.05334658641889845,477.2551572283188,synthetic_gp_augmentation
10412.257170493607,4338.978306420247,0.4497300590251263,563.9458828688248,0.24170638471202424,565.5317754725792,synthetic_gp_augmentation
9059.312944741358,2386.423383356403,0.5740987793222119,279.00639204546,0.19087984320621948,235.99018383302135,synthetic_gp_augmentation
10927.363627089595,4419.830647681717,0.8278096006967552,62.39515933835119,0.15095982020546458,65.9976115318937,synthetic_gp_augmentation
9119.399271653068,7483.403307532666,0.27211171415007285,1982.794916398665,0.08131114877263923,2158.6752764249604,synthetic_gp_augmentation
7062.6669605680445,6952.38088146787,0.7656594502861687,256.2599252214082,0.10589310714856257,245.68601582413837,synthetic_gp_augmentation
5667.250522475911,4611.438719507644,0.6407464391031013,474.8547848045534,0.19913807763117086,495.41263143735347,synthetic_gp_augmentation
3700.3195225864415,3344.5625011098005,-0.026906052362538124,6633.766549928405,0.23654310051634958,6695.320815588125,synthetic_gp_augmentation
8051.076856225141,5586.901368660052,0.6391386540652104,441.54558227173703,0.17765594688937594,427.56276345864967,synthetic_gp_augmentation
514.233992802361,7385.11466099617,-0.33571661923772367,36784.20271094537,0.20093311852969004,27695.872319443923,synthetic_gp_augmentation
5319.02916677928,3916.3765435163978,-0.2777365265271595,13092.868032652264,0.16089559596551462,12452.63948117199,synthetic_gp_augmentation
10878.169467676018,794.461792682549,0.8893298796902678,173.96770852396267,0.0728494947845928,162.7327054945144,synthetic_gp_augmentation
1828.6009310131124,6128.705603391921,0.10016404171668292,4280.473826874936,0.20901285687059107,4777.4170541371195,synthetic_gp_augmentation
1099.9707528805045,83.83323115507312,0.144865233603946,2196.18227270037,0.05613224234287973,2236.830146727097,synthetic_gp_augmentation
10469.639824132708,6117.107837125389,0.8314432146821713,94.06635795767788,0.2018340499567873,94.59127607435553,synthetic_gp_augmentation
6424.618066163369,679.3328310925597,0.006575700628749015,6353.947536506633,0.07315445769620571,5906.100837248062,synthetic_gp_augmentation
12849.01808113516,852.9325949302953,-0.16824676364391655,4516.661213389297,0.09228281624105113,4129.25232034231,synthetic_gp_augmentation
15003.24973314405,6253.654960092208,-0.3910495675877122,5921.215425797686,0.2962909893919695,7991.279888324858,synthetic_gp_augmentation
15316.943214347973,5516.173639163242,0.23166772308599592,1692.113794579636,0.07449294445636134,1729.3566765473392,synthetic_gp_augmentation
6866.9263769174495,4495.225034693103,-0.22043519974446002,11034.153894588615,0.06437258966854412,10246.01070729914,synthetic_gp_augmentation
4302.8028659730135,6564.681541681549,-0.40927155139519567,25937.645931997045,0.13414928190354902,22608.52881324066,synthetic_gp_augmentation
9776.958446005401,6810.948085950106,0.6382972432323841,684.3234412634273,0.2699185618582749,521.7154940875695,synthetic_gp_augmentation
10088.267522258959,3660.0980452502936,-0.03996431712176357,4657.44826033429,0.2412725467524846,4619.677313650155,synthetic_gp_augmentation
9995.284483606758,7970.389496436299,0.3111462548397602,2638.4438086354726,0.09735581207293276,2251.904009026294,synthetic_gp_augmentation
5216.279958130211,2860.6395171128584,-0.3534961043064635,11569.734199277596,0.2215388646689114,13417.771113138851,synthetic_gp_augmentation
1113.652609035118,1372.0621329663861,0.20781568627111646,3027.9249304287982,0.18629306539556664,4123.428182270369,synthetic_gp_augmentation
3439.076937327023,6767.811544959133,0.38457615754085306,1890.7688329619673,0.2814035512058399,1958.5213164504723,synthetic_gp_augmentation
2555.2689055535166,3324.562236474642,0.12980905532187226,6894.723939307736,0.2533942183400952,4866.1725815651425,synthetic_gp_augmentation
2070.0154979546323,6995.9972098289145,-0.02752545701725273,7218.008325281379,0.05944592662219882,7638.579093870339,synthetic_gp_augmentation
14827.904805038012,489.3307559232323,-0.06466295184093596,2801.9030048532763,0.06616830649217852,3150.7819358778065,synthetic_gp_augmentation
320.17757098609,888.416892053133,-0.3468627459337521,10600.541240817178,0.0937362798275446,13176.183363418499,synthetic_gp_augmentation
9669.538053857515,322.18128979169956,-0.33803230638006554,6034.427482981181,0.08926685851321677,5604.209109372548,synthetic_gp_augmentation
5824.844727156633,6654.913448931997,-0.30563904456132784,18541.46442939935,0.23976794549438105,16047.438082927536,synthetic_gp_augmentation
8480.859617842154,3221.286268869374,-0.18716882124170536,7062.224505506417,0.2777991244720243,7601.679670001749,synthetic_gp_augmentation
11162.960249255038,725.5635973681898,-0.26925525860505517,4786.1447986140765,0.09195819257573652,5153.961294547735,synthetic_gp_augmentation
5142.998145065998,2987.7506194476277,0.6234781058678573,304.70574575267335,0.06491214323071483,347.92907811175564,synthetic_gp_augmentation
7694.666604545261,2784.3690587178394,0.1296038947406628,3197.196421563481,0.2751421919730264,2972.416743451383,synthetic_gp_augmentation
13091.935320290757,5147.775398112918,0.27362534395898364,1002.4036662134323,0.228817781508517,1226.141985292663,synthetic_gp_augmentation
11951.15507795619,5217.213030370671,0.316141407294227,1078.6860285673094,0.27626597936234887,1164.5986259186527,synthetic_gp_augmentation
12954.345642736167,824.1897380108245,0.054938821943470995,2957.107422691472,0.07979063511005953,2830.294610669384,synthetic_gp_augmentation
15798.70860167973,3361.4142202042194,-0.08219652909934161,4086.4433153534756,0.22296920637370418,3671.7191411313925,synthetic_gp_augmentation
5988.206851485246,5140.116214550123,0.03542371391285859,5336.7245312531995,0.2251461137084148,4051.361023303191,synthetic_gp_augmentation
11978.751080678792,2070.889673520278,0.24875247638775588,1008.2727925127094,0.14222954465845705,1103.1457988033749,synthetic_gp_augmentation
9684.274616921528,3256.6422922278207,0.0020081648025778165,2903.6938686508265,0.28122021134653524,3904.5261269311145,synthetic_gp_augmentation
10699.015798817021,4909.559453160151,-0.30873770586837673,11084.062677982296,0.16231413701024333,10219.661671153961,synthetic_gp_augmentation
11863.995086843657,3222.965609959215,0.779161719001078,72.65515291230494,0.27865940151997165,62.87474259581606,synthetic_gp_augmentation
12020.727939446406,246.8877725245431,0.5253687386513342,1468.3687473731068,0.07365303477929062,1442.9877278173644,synthetic_gp_augmentation
14183.347873787632,1780.9279634360466,-0.40722219534866544,5603.208056667029,0.30275031216902504,6271.573673051246,synthetic_gp_augmentation
10490.353562179378,1988.0326300002453,-0.261348733974185,6197.417612187451,0.08117357460988706,6923.926033711736,synthetic_gp_augmentation
4556.617862390008,6541.691568516912,-0.363177743111054,20810.523911994966,0.10257455472113418,19944.59161974966,synthetic_gp_augmentation
9553.642411359904,3735.262605614591,-0.25749634317018366,12325.250784535583,0.28289728166676653,9050.53195947664,synthetic_gp_augmentation
12043.684728733653,3783.3690975782242,0.8062474679232954,57.998895023810526,0.2771918723192327,66.09842155617892,synthetic_gp_augmentation
12676.917269970081,6164.129722651022,-0.1901880116350732,6895.383096103958,0.24567484296141143,7302.240510207816,synthetic_gp_augmentation
6779.979597527052,3066.3481041271607,0.6017886959828063,286.827668713995,0.1322863602659175,328.020886388529,synthetic_gp_augmentation
8188.651548901621,1907.8447372189676,0.4002535152922342,1296.4901207837588,0.16340067603550573,1610.1856764728177,synthetic_gp_augmentation
5408.212633605748,840.2590137394652,0.22551230971233638,4606.902169750538,0.08199432762185112,4599.684086387769,synthetic_gp_augmentation
2787.677909980125,5375.279009350144,0.011831092028784074,6287.310950777985,0.20521828439941275,6423.857230083523,synthetic_gp_augmentation
14602.978377907208,6475.255045601014,0.4949166889221712,838.1521807237069,0.074680056608325,852.9465952699361,synthetic_gp_augmentation
15598.673403375202,3318.4854009187266,0.24898059623699398,1135.5480965719476,0.2617632060423966,1084.0836176027708,synthetic_gp_augmentation
3939.5015549245695,2390.816672597898,-0.42753345765356165,16756.37593809773,0.19107941869506992,16376.58089471226,synthetic_gp_augmentation
11596.830290948612,1595.4229835228623,0.5863129617877949,97.96093969317037,0.17522524445573684,116.44234566076281,synthetic_gp_augmentation
9225.062367792187,6643.495557187717,0.4691801180498657,771.3775161430954,0.22577420099796455,1092.298209099676,synthetic_gp_augmentation
11180.233787444298,761.6909675741308,0.24102051787862433,2506.2419681965603,0.07288182149377258,2554.4769451789734,synthetic_gp_augmentation
10338.93135108598,7217.021786813167,0.19483039907047062,1701.1500323932644,0.28198437669460785,2135.790860880805,synthetic_gp_augmentation
11337.302479201668,215.27320989880394,-0.028156933788829275,4077.3559653804427,0.06902428305655994,4009.2609043921957,synthetic_gp_augmentation
14498.198070123797,4178.018681857668,-0.020634546438888457,2982.7558167208826,0.26342216416657704,3216.1063482482236,synthetic_gp_augmentation
9059.164987393455,466.6284972086743,-0.4041477138953831,5734.668488743924,0.08401419080107903,6207.952977014858,synthetic_gp_augmentation
4406.124407705703,1691.9721924729067,-0.4370378733264506,14737.349554551383,0.2621072369832072,13850.269348741633,synthetic_gp_augmentation
11360.681788499345,4527.380609892284,-0.49801370892841657,12536.550739532804,0.08859822990707282,12783.313610191986,synthetic_gp_augmentation
7955.786584813207,7331.568820727555,-0.4566263399844245,17596.54620594346,0.25686484594089914,19122.20656778994,synthetic_gp_augmentation
8821.97652365302,5194.071484899409,-0.2151735395261053,12667.283210020993,0.2681904217633807,9898.338967644671,synthetic_gp_augmentation
9585.629240546634,1426.5597197913235,0.2982740007336102,2331.0704640847357,0.12621434199192608,2055.7854333764717,synthetic_gp_augmentation
6183.805440454662,6373.422150039206,0.45362288130418826,1278.2356832446933,0.20784786662263938,1382.3234156596127,synthetic_gp_augmentation
12404.938848896898,3531.836854466794,0.08903373566255768,2659.87376861141,0.08195492478318946,2062.261028819713,synthetic_gp_augmentation
11604.204653955121,105.41390674205343,0.07209417867733903,3385.5993033344403,0.05908510100261138,3191.6377364681307,synthetic_gp_augmentation
11473.43176715562,6499.877418106722,0.33555859515218545,1456.2306762338287,0.0634972972251843,1508.943039751606,synthetic_gp_augmentation
14256.69222630254,3439.6610466689044,0.6829966171283741,115.19442466516288,0.20679244238831218,121.5219394959515,synthetic_gp_augmentation
9566.745193148063,6067.424403839939,0.6467234311859289,341.66257048885507,0.1327656383233387,420.5308927333688,synthetic_gp_augmentation
15476.447972001637,5644.207076275242,0.6529366864054029,263.3316621643656,0.27595466458601314,318.7128804895665,synthetic_gp_augmentation
1995.1636818111426,3655.298538706278,0.681841916836325,254.19352903853715,0.23764074581320874,313.59072861891786,synthetic_gp_augmentation
11499.13208037915,5812.32001249725,0.27744350311596166,1210.2302639684203,0.26198665313668984,1515.2915997749292,synthetic_gp_augmentation
7687.804534174316,2951.3473419069232,0.3332340295007088,1333.7463706061021,0.1033847983615414,1585.7695085325106,synthetic_gp_augmentation
8845.595498106475,2566.904492223835,-0.221389422134953,8132.115815412071,0.12898877704386588,7575.534593648226,synthetic_gp_augmentation
5899.488116622173,7014.7135434243855,0.004645442098440866,5115.346468731417,0.06151570627817373,5352.7663211252375,synthetic_gp_augmentation
14555.072729978281,2267.112897099085,0.7777141728669832,64.34477468110273,0.2821783624701838,49.634716504405574,synthetic_gp_augmentation
5772.999359278752,1879.684278757889,0.23186740286773155,2610.3124866876847,0.19617383144630018,3502.9588773541245,synthetic_gp_augmentation
2893.7411839638526,1067.3605658444974,-0.42749733490958775,13094.514653014403,0.10098882450167927,13208.062439866519,synthetic_gp_augmentation
9264.5873286307,441.42275654179207,0.06778369842212872,3770.7019874265584,0.0640027530738298,4374.72365818199,synthetic_gp_augmentation
6396.282202947873,7813.538833597052,-0.2748951154675724,14080.885765311557,0.3103405907389306,15457.317236588402,synthetic_gp_augmentation
1624.7805023333722,4294.214618084884,-0.0011983933813344283,5864.776942222752,0.27209291193658647,7033.368175778486,synthetic_gp_augmentation
9080.993380866743,5837.155684965581,0.26296634441305944,1432.0909102388666,0.24304600930890374,1690.5402216130594,synthetic_gp_augmentation
8651.757937534652,6183.787574949642,0.20719096245948587,1716.9523989231404,0.2591812942449593,2036.7553225312251,synthetic_gp_augmentation
2853.8336774678023,2818.53595776378,0.18665664224457923,5670.947753820797,0.25785485568336625,4541.60017592454,synthetic_gp_augmentation
9121.007684334076,7691.87395536039,0.12314682966409818,3007.885266275112,0.29491228545641973,2652.1832575339736,synthetic_gp_augmentation
12400.440706361296,5934.094801924273,-0.4594507257896856,10121.574183935745,0.14571472455490156,11768.703682765447,synthetic_gp_augmentation
5848.961884497887,5693.865013302232,0.06680508605825508,3974.514793374025,0.2660059536113595,3602.4795500109412,synthetic_gp_augmentation
4055.276426251865,3457.8702926561605,0.40579987526203587,1172.2816883567552,0.09783825578854898,1144.7722248860866,synthetic_gp_augmentation
15224.39620283533,6730.561006470358,-0.32373375851063596,9276.463494579513,0.2844259534767093,7234.606029745687,synthetic_gp_augmentation
531.5253462584668,5997.469697935589,0.382716085943155,1595.8919316212555,0.06768843375289368,1817.6810405836466,synthetic_gp_augmentation
13149.315777376718,2895.9483371428573,-0.195361910172752,6868.333184507971,0.1789962653116927,5539.357628002597,synthetic_gp_augmentation
3228.453168611158,4527.79132638233,0.051722734892484135,5749.413297658384,0.07616122808420063,5299.522716562797,synthetic_gp_augmentation
12597.977450568911,7143.7101591762175,-0.36432983136603825,15236.470539859989,0.23181110197230104,11050.50376067382,synthetic_gp_augmentation
11312.08259177984,4840.156479635802,-0.46911139726825923,10424.168479116235,0.24491299557163596,12612.368012377567,synthetic_gp_augmentation
15504.1382157842,204.65224289972906,0.7822060723403741,340.5727457656225,0.08128957020500084,300.44971721524036,synthetic_gp_augmentation
4463.128932026583,7432.196049629114,0.5915045420732934,1029.4228113056547,0.13499007806074229,1043.3924336107518,synthetic_gp_augmentation
12286.548341452353,5136.095562484475,0.37104198697587376,931.290623418071,0.21732167118252052,885.9355500047426,synthetic_gp_augmentation
5137.995863900791,6891.3606196765895,0.7694717386517984,215.44674680100522,0.18789715907424256,274.12951109495634,synthetic_gp_augmentation
10104.24722739055,6602.366042735474,0.7542863493799337,205.0333799428589,0.223344415261428,214.3956465209727,synthetic_gp_augmentation
9604.16275077803,6890.338263871699,-0.4185780264871674,16312.624467568045,0.1904576529061992,15520.633947388993,synthetic_gp_augmentation
967.2418983765182,2752.8032215381986,-0.23474202299051317,11307.723421901006,0.28214020887943747,13212.712214040932,synthetic_gp_augmentation
1018.4478320574713,6784.268040237852,-0.02247462353882579,6570.555654638195,0.27688381541504753,7353.1209246392145,synthetic_gp_augmentation
2134.2785557546836,7283.1885994516415,0.235801544272513,3158.255868308831,0.28337634604413625,3070.5433425986985,synthetic_gp_augmentation
4196.674612429601,1174.7319940779714,-0.1268554775927231,5864.760732408831,0.19741975322614197,7479.890352847098,synthetic_gp_augmentation
14520.588049556742,1452.2590367318714,0.6164427651393147,87.1007167256757,0.1366146642020591,119.7296870407313,synthetic_gp_augmentation
8346.259538012313,2774.636800439475,-0.48950861260662526,12145.423034159132,0.3093973670480606,13501.40692422277,synthetic_gp_augmentation
12770.57864756854,6162.382625434864,0.608118315471778,595.9384814128437,0.24551533463916972,479.2350471770794,synthetic_gp_augmentation
13429.156858504608,6999.849258063158,0.05071838721382982,2866.5952950000715,0.05773295124659715,3202.2339288458625,synthetic_gp_augmentation
11785.595267589604,4641.921131226763,-0.49281098775031407,12933.992409288245,0.2266910351896377,12081.754133713906,synthetic_gp_augmentation
6323.023478287094,906.1454031458478,0.6858899765170718,1120.8627439166671,0.09051655855631355,1513.2700407141938,synthetic_gp_augmentation
13835.364362071627,2429.9858397373278,0.1254562959859048,1638.4338594770331,0.13612802654031353,1597.9662714615722,synthetic_gp_augmentation
11898.591077802637,6856.184051821053,0.5146173001566412,841.242862065698,0.23059005827648021,874.300542169633,synthetic_gp_augmentation
11916.107950140335,2780.439826160119,0.72982821430091,65.17998933191629,0.27705284461533686,63.17986272480862,synthetic_gp_augmentation
14435.031801932551,822.4579447151657,-0.4519621596276935,4738.263370018557,0.10368425766897825,5074.651279490682,synthetic_gp_augmentation
9618.749212077171,2416.547728904626,-0.13297312762581648,5259.490901026189,0.15111825689988584,6068.988247571386,synthetic_gp_augmentation
8504.333436398609,6453.650818398467,-0.333551773612744,13434.370269923547,0.1090482776424878,14097.031481509393,synthetic_gp_augmentation
14253.584665793498,3947.836264153138,-0.3627857754461594,7391.784614596047,0.11577947334017685,7016.437575892117,synthetic_gp_augmentation
7325.941477810729,1372.5822043995306,0.8238975285212766,261.23410167569006,0.19859503143703447,306.20534424365303,synthetic_gp_augmentation
13003.974066858602,2501.058980639504,0.627797130971826,75.20404376421122,0.0751284756620453,85.37633834452332,synthetic_gp_augmentation
956.1571310724429,7628.650237388851,0.010615224006576551,5030.954095743329,0.2274645549136796,6802.045348376553,synthetic_gp_augmentation
120.51011685552193,3455.6599047890113,0.4622102599252528,857.856515612159,0.10003321170221799,768.3660627230163,synthetic_gp_augmentation
8499.850584709273,3532.7940384487447,0.7872233832989528,94.08946494756785,0.08504330539622768,94.55144337634516,synthetic_gp_augmentation
1270.4291116804457,1224.5568163537062,-0.1908611085766943,7604.627773230351,0.22786950628748998,8376.41990636593,synthetic_gp_augmentation
15627.033913903711,2436.434436914278,-0.48018896739522976,6949.226756412918,0.2667548025860211,6423.378423740969,synthetic_gp_augmentation
187.4686672328005,6517.489063520372,0.6537516776897183,705.4993472892227,0.07288232338942983,696.229002938443,synthetic_gp_augmentation
11518.579220328478,6289.591795226106,0.511777660779277,749.4428949121559,0.27577986168125773,775.4324628926119,synthetic_gp_augmentation
3969.8166630009086,3483.9903915443856,-0.27563981440921514,12647.807884232725,0.10654328236907074,12961.682688594692,synthetic_gp_augmentation
15484.076883825694,7149.218097256996,0.18550418367914323,2941.7825435311393,0.2358837326849624,2350.2281715952518,synthetic_gp_augmentation
6166.512244983549,3042.0713365025786,-0.27539256093709097,12342.58599422684,0.09544302221646092,10648.197879469168,synthetic_gp_augmentation
533.8064775954559,6914.636638575473,0.3436594065608096,1518.0649572179873,0.16079992180690156,2108.1854498694524,synthetic_gp_augmentation
528.2786699996454,252.5244046776214,0.4065979234506236,2125.22968289787,0.08350222982974224,1504.6943298316835,synthetic_gp_augmentation
8898.636610422549,2777.842321837686,-0.11264420948039389,6118.777280297173,0.27729231962221407,6151.787610161367,synthetic_gp_augmentation
15788.720466597371,6840.5478241586825,0.5931719776839797,616.741439929372,0.2994881696315854,608.8703666176918,synthetic_gp_augmentation
5462.640259399326,6051.392329763059,0.4889010758137132,901.3686792366296,0.1127002619002051,1253.498671027372,synthetic_gp_augmentation
7774.988022103462,5358.926535165606,0.3957356539925986,1463.254722196247,0.2248489660054518,1104.8259908395053,synthetic_gp_augmentation
1697.247312185276,6524.039275698394,0.13106250495486005,4799.660656968967,0.07730451775163154,4106.5177197458415,synthetic_gp_augmentation
8402.612010268535,5660.465505777035,-0.09019583309136692,6053.1548561913,0.24116512918234367,7419.749786211016,synthetic_gp_augmentation
9635.255424867542,2033.7676357214268,-0.21397383460219188,6071.731351673369,0.0877301758032481,6805.958681199896,synthetic_gp_augmentation
14405.114751970435,4702.422056946434,-0.10668130030553669,5180.113043728069,0.271662900041499,4853.748887228663,synthetic_gp_augmentation
115.18980143334045,7080.780856984483,0.8539388419248832,249.34289670785094,0.15334354390051175,236.90374385981565,synthetic_gp_augmentation
3740.0470114963173,3790.757123102627,0.6344745030042607,525.1515988972625,0.27355149808397483,479.47590423307287,synthetic_gp_augmentation
3437.721056850616,1423.8990241856504,-0.32247683471584365,12637.735885675891,0.13938476436835226,11284.435894236485,synthetic_gp_augmentation
2069.79062823785,1716.656299303053,-0.27241122129327033,11842.549241601433,0.269070987680514,11959.18332145576,synthetic_gp_augmentation
2741.00928251992,6768.4524708743265,0.2616669352224844,3305.8276101938814,0.2816092522631133,2853.987168754389,synthetic_gp_augmentation
10052.009471309664,69.76763378489625,-0.35666862932396604,4715.371708761971,0.06640498174611961,4901.68410692513,synthetic_gp_augmentation
1732.8408033952178,6953.04289597467,0.8500732072801171,166.35658115799225,0.11147078871512109,176.64748634371296,synthetic_gp_augmentation
11842.652583429475,444.70468483187807,0.3932327671615977,1971.1848474839887,0.06502835854912793,1969.600532347827,synthetic_gp_augmentation
14203.659189878295,3133.267744715243,-0.4073563485773354,5152.281922645593,0.22701378546067083,7090.295504722356,synthetic_gp_augmentation
14832.744814436066,6401.409819565032,0.12088002250748464,2840.9566151026484,0.17257296044426426,2561.364967672967,synthetic_gp_augmentation
3238.6029290744946,6578.785496432421,0.18663103040490936,3821.518262485379,0.14625496256222384,3541.1566389857494,synthetic_gp_augmentation
1456.2155510845353,802.3906762062652,-0.15416430034755046,7360.699267566957,0.07560136590694307,6737.527672482337,synthetic_gp_augmentation
3789.1967655312937,4092.3378114814914,0.6645146160304454,367.3690707447224,0.1669749450755066,441.7524058309997,synthetic_gp_augmentation
15395.119253982177,4659.792143992074,0.5095388934984268,367.821992580793,0.2416203268382494,483.1490513544086,synthetic_gp_augmentation
15401.288707836324,7126.948777897929,0.7692094124933893,154.3550512693819,0.37543626617300646,194.56910019008401,synthetic_gp_augmentation
6172.510254301638,748.9712507135469,-0.22285933936439595,6921.6624662658805,0.059916768312344534,6768.5464116909225,synthetic_gp_augmentation
5280.085503451054,2708.8054822639806,0.03954913228932255,5554.870283627338,0.2721360283382956,4882.895061981897,synthetic_gp_augmentation
8209.16825791914,5274.784759174709,0.6276531658242002,308.8746200867188,0.28425007299493554,421.31246201295806,synthetic_gp_augmentation
4737.840654331671,7839.440654880623,0.023385240917625838,5894.540667624503,0.29041750016155815,5588.426212955433,synthetic_gp_augmentation
15676.632981323457,6786.194591662855,0.03072373637005188,3578.7395240008887,0.2803428407928723,3303.769632156676,synthetic_gp_augmentation
3617.420101390781,6771.960493567116,0.8804538207458452,117.62488120358073,0.2887236718668261,114.46132376750782,synthetic_gp_augmentation
5969.368646706021,4137.4602353983055,0.5792084616741575,487.5197520019891,0.22094960044132853,612.6963540673771,synthetic_gp_augmentation
6926.996923632835,4514.3929766919855,0.7051445164232086,254.84254231784817,0.06898818498191533,261.08446782891605,synthetic_gp_augmentation
2088.5179669904783,6868.640752645217,0.06976197055674727,6287.173602641322,0.2138856010959086,5599.521814096387,synthetic_gp_augmentation
6186.914745645065,6957.0046900540765,0.32028593215794887,2295.5467909487875,0.09361886195194437,2152.4239848552097,synthetic_gp_augmentation
13722.018449621377,6418.196523776894,0.13077499877242038,2580.426198780845,0.1512599182156498,2389.535536587649,synthetic_gp_augmentation
2331.7399231624595,6548.570201476605,0.13041101187339887,5277.091104343138,0.1060240365903738,4145.809374189753,synthetic_gp_augmentation
9385.949018136376,7037.038872007057,-0.3212212100385202,14054.63424281611,0.10675738726765241,13440.078270605221,synthetic_gp_augmentation
6565.530495154267,910.2554487354384,0.6789859919632304,1209.1339097648774,0.08939624930201118,1497.4400435685916,synthetic_gp_augmentation
2811.5339452675303,2341.115015239767,0.046759407140925635,5052.150187697749,0.23907644548743123,6215.166117894056,synthetic_gp_augmentation
296.1450147423726,7808.90827162886,0.31455415155041566,2413.7647521116733,0.3144573250461815,2302.85334678298,synthetic_gp_augmentation
6090.618693618089,4024.4450655962173,-0.22246683214462626,11012.678424482016,0.09213100710964955,10362.201251375904,synthetic_gp_augmentation
12982.336705619597,5166.273402428731,0.36591591184958583,1171.1993715642602,0.2461067529417985,907.0163023521883,synthetic_gp_augmentation
11542.995647954038,6625.775871501259,0.19402352498016706,1458.7331193171528,0.2059989454007147,1983.19045629835,synthetic_gp_augmentation
15163.401016058095,6497.413808187744,-0.1357869877663072,5047.286260900711,0.07907235925322989,5222.8315253914525,synthetic_gp_augmentation
6889.545135659399,393.9319466593334,-0.442798935085865,7224.722076884813,0.12886250494853171,7204.455416670168,synthetic_gp_augmentation
11354.04223761046,3628.199895779266,0.3817078312317248,569.0830853036954,0.21113636359290566,501.5560384124618,synthetic_gp_augmentation
10678.933381422123,164.55244949606484,0.5917968808200729,1622.0773355010149,0.08270287831773206,1302.1441725048928,synthetic_gp_augmentation
3551.036220216327,7105.248989330006,0.8184057763845085,196.31053632582143,0.18484353241254406,197.50556478671524,synthetic_gp_augmentation
4926.961833199271,1391.2486041489992,-0.00302273775075651,8797.252573982712,0.16746384868139952,6557.650829043092,synthetic_gp_augmentation
8524.289581024388,4998.997561341108,0.05890401214969365,3170.1856606869155,0.06153877887046416,2853.6609325758163,synthetic_gp_augmentation
12766.851372194158,4564.9469702432025,-0.27179211740514775,10071.952354667417,0.12730374848880568,7516.542045431777,synthetic_gp_augmentation
7442.822477960628,5004.235477142925,0.8784624326660513,53.62149309171888,0.06312529531896328,58.20142464183271,synthetic_gp_augmentation
3721.0904251908837,4507.3329826512645,0.6894217948292993,334.4636938772744,0.10557710098034348,388.2588053487818,synthetic_gp_augmentation
15896.10447545788,5724.709418932861,0.8406452205621195,50.6341284612639,0.303701812795551,71.07451230373435,synthetic_gp_augmentation
1937.7030210233286,5008.879728185333,0.19348599337562478,3313.7155130753754,0.07027756811353174,3645.710183414919,synthetic_gp_augmentation
15298.633629112112,722.4019741665142,-0.20630606213760427,3692.905839798527,0.0652581968071847,3546.1516902113644,synthetic_gp_augmentation
12963.83598604477,2934.1436080595217,0.30245837522235475,605.6512431266807,0.12710265639416649,591.4623500650008,synthetic_gp_augmentation
13438.406956994844,4372.747487477214,0.020928682132426712,3362.1577521003865,0.20837969183787428,2909.3326422191103,synthetic_gp_augmentation
12739.18957115484,2601.579407185417,-0.012989796865435277,2843.542093180462,0.17647843851885986,3170.299746320303,synthetic_gp_augmentation
3409.9179667434896,6082.647078455071,-0.3846900023676643,20493.812723098028,0.1560250069769022,22466.38294619888,synthetic_gp_augmentation
10158.059800584344,2543.181720439935,-0.39759109941718307,12730.213697653211,0.11959356864496763,9749.04093877807,synthetic_gp_augmentation
12132.322017969815,6629.473394424316,0.03031797417971427,2869.6327885987357,0.21280502121701123,3450.9777402311024,synthetic_gp_augmentation
11956.404094416257,1173.86976785187,0.7966779615738344,78.86243599745863,0.2076549377296117,65.97639178219123,synthetic_gp_augmentation
4417.889391650834,6155.140519886999,0.5122331946709122,1324.649590087789,0.2377039612181109,1223.8068545040212,synthetic_gp_augmentation
2979.7982654425346,1467.723526281511,0.5647820122463376,1125.4286957649585,0.0933301980434377,1530.7728271372598,synthetic_gp_augmentation
5317.155444241333,4224.122243297299,-0.17199305296261097,6794.892943046711,0.2795441904315647,9284.457156136777,synthetic_gp_augmentation
7729.52723800053,2564.194983711381,0.5283414555157939,390.73200845627514,0.12685640792894348,415.53463827447644,synthetic_gp_augmentation
9223.113878312457,5098.6754878163165,0.06884677694732622,2904.779970985926,0.17311027355104808,2634.01855152175,synthetic_gp_augmentation
13407.510760874651,1701.923278732779,-0.41685314533751544,5156.078688124145,0.28028088186398503,6770.374771508521,synthetic_gp_augmentation
12327.644220503395,6363.27786681514,0.05273899452562736,4299.076921093384,0.22003332450019605,3078.0987214184297,synthetic_gp_augmentation
10850.793358097606,4588.670930931522,-0.31624469759468354,9727.302437746112,0.16128244421114207,9999.31556174398,synthetic_gp_augmentation
4289.4797577898935,7658.1852327413935,0.6951792481040278,660.7860113093981,0.2636065138140359,564.9978898300993,synthetic_gp_augmentation
7714.199933065599,5694.162631326359,0.6764116902648707,416.58209382696157,0.27320952840798585,351.45296775331315,synthetic_gp_augmentation
5433.43039863458,4859.164316026008,-0.0975435003801044,10712.558461224287,0.22258959148027002,7833.587825037012,synthetic_gp_augmentation
3835.358054853493,6633.269523570731,0.3566912238858191,1987.284498162885,0.21644437560669977,2043.4875027725254,synthetic_gp_augmentation
262.90123009732326,1757.460542094213,0.009263605700164823,3996.1012674480803,0.27534733734261874,4116.994041017789,synthetic_gp_augmentation
5497.44533207398,5061.939686915658,-0.2840833559189391,11447.977444136794,0.13683588594351004,13653.792687564295,synthetic_gp_augmentation
4172.248656662481,3123.230796758813,0.40917023597206736,1300.9336869411532,0.20530945623972952,1223.6810382412878,synthetic_gp_augmentation
9193.246998772385,5950.327833171506,0.5641493006352913,735.2813504552171,0.10396776884916598,650.5866664030882,synthetic_gp_augmentation
1090.5981475110239,195.75527593012686,0.5846118374920544,2199.822991656362,0.07475338409861661,1664.2406881428626,synthetic_gp_augmentation
811.834890815804,5213.615214663354,0.2176099258931935,3282.993704484718,0.2752273688958216,3028.359988048078,synthetic_gp_augmentation
10298.544681763633,3685.114691537282,-0.4665408999207695,10813.581053881353,0.26470103739862805,12463.717508582971,synthetic_gp_augmentation
9134.213981241135,1903.7727657100074,-0.37376270332010325,9892.049388688563,0.2142736387059959,9064.102344202125,synthetic_gp_augmentation
2442.6201469251464,6797.956203916209,-0.4199328890292984,22411.210025352153,0.2769343602071461,28058.99315761558,synthetic_gp_augmentation
15330.925341022888,1654.7121383850572,-0.032722911319031545,1897.1313139127562,0.2281023858407977,2464.3688201744394,synthetic_gp_augmentation
9391.839913478952,2937.377309037146,0.0007514411944391508,4142.776088645295,0.12104134260662734,4022.2152810543475,synthetic_gp_augmentation
10897.902528495879,7922.684172001021,0.4770184788983196,1247.4271464692363,0.1811184159533833,1247.5193848726317,synthetic_gp_augmentation
8548.445176984285,7302.537351123594,-0.03816839009074663,8132.627402593792,0.27472150785450056,6180.45958812127,synthetic_gp_augmentation
12923.87863757466,271.74673701324537,-0.30344587415115254,4480.6499523186685,0.0658562127913506,4399.318240448872,synthetic_gp_augmentation
14352.44278781513,4242.655740816115,0.8256258833862371,43.75395543838871,0.2859342277042057,58.11424430937136,synthetic_gp_augmentation
6185.0976432023135,523.3042147830682,0.7256669655799786,2600.8066748135875,0.08469189944462886,2083.9305616359243,synthetic_gp_augmentation
3755.2110042877116,3532.3593014802464,0.007890179956808185,6142.184287573993,0.08235576557398257,5903.201065941772,synthetic_gp_augmentation
10464.495249876412,3347.4960314240134,-0.2646814886210398,8715.878408880228,0.23704968815026764,8320.13673895121,synthetic_gp_augmentation
6446.574516627187,2183.568254714485,0.8427559984061548,139.47269086542542,0.25984915717090623,137.77022951641788,synthetic_gp_augmentation
207.8274304807489,4550.551843137231,-0.0016313710536142723,5848.842540431851,0.1042323170053404,5395.051268820915,synthetic_gp_augmentation
15292.89310791967,1159.9897839471423,-0.3626356023148919,4983.381990270868,0.24881361634647003,4933.900258489657,synthetic_gp_augmentation
13908.22057406563,6391.640004284377,0.5175815836618325,846.2686681295934,0.18569574594658134,757.332912752141,synthetic_gp_augmentation
4724.301150501851,3929.6827587726693,0.49640452265955404,815.5661631256306,0.13937612461005455,916.2280599153335,synthetic_gp_augmentation
15964.341296302482,4531.703130513284,-0.16255176198683174,3642.45263503452,0.16853378350063924,5054.495248407413,synthetic_gp_augmentation
5142.330025448892,6726.437981236164,-0.049953408711826686,7307.022407498915,0.279902995321873,7748.50403051825,synthetic_gp_augmentation
7395.622564699289,1481.1901910795918,0.08102645648841678,4400.22106430003,0.07514599377276647,4649.3984061449855,synthetic_gp_augmentation
13635.018516173232,1401.4645867369256,-0.12521999751969332,3304.399809191055,0.15626391526209713,3715.030279700073,synthetic_gp_augmentation
4943.08198611585,3366.413382958769,-0.0955572085532499,9541.763018921692,0.21444995000397057,7407.150003994766,synthetic_gp_augmentation
10682.835957259762,468.364428161169,0.5525908473172592,1693.265293091237,0.08144293839311864,1563.4598825537794,synthetic_gp_augmentation
2174.4341208816086,6361.361631189965,0.46968089675868097,1871.177427761774,0.22129389746832057,1486.4051263610124,synthetic_gp_augmentation
6815.370862198311,4006.0527487344784,0.46148297958278817,796.0179661741649,0.0563961910023418,793.7651729203692,synthetic_gp_augmentation
5019.618004049861,4494.107599585796,0.23063470292942312,2913.595188516837,0.06158330031826057,2800.726914162898,synthetic_gp_augmentation
10860.711463250607,4515.087506233385,-0.008710210854517453,3820.590409174244,0.07717797188187808,3856.692338758723,synthetic_gp_augmentation
2261.913301959911,449.33911166176176,0.5087629236683648,3676.5807701803287,0.07242674201286284,3586.658606530845,synthetic_gp_augmentation
3800.4305177049046,1998.1663817451586,-0.33708516745104344,12006.311207183573,0.07672168364628934,12726.646604771062,synthetic_gp_augmentation
11410.881639664476,6042.379612117582,-0.3025012927106311,11015.072983094227,0.09383786036329009,10371.326927829954,synthetic_gp_augmentation
2583.967478613425,3298.1449559142693,-0.3232287088759366,12013.2809876844,0.2770312306265174,16492.57327120266,synthetic_gp_augmentation
6810.106269614246,4484.1358580148335,0.5258052724504529,738.8529853048649,0.09869018470920886,728.2681448228275,synthetic_gp_augmentation
11434.803481272638,7558.948976212377,0.3281572381091966,1432.3423596015843,0.1259373907178535,1836.4774728419382,synthetic_gp_augmentation
12270.947312437085,370.1741465388899,0.13022453111638654,2626.3971640731506,0.07638990060466154,2951.760520783345,synthetic_gp_augmentation
1608.6107408795285,3597.442925390558,0.1667238780003224,3485.6584174937348,0.17089393512128825,4305.000845816605,synthetic_gp_augmentation
13646.730189769703,2890.193062783185,0.6585830580396059,96.91388004168137,0.18925533880594675,100.08318243939854,synthetic_gp_augmentation
11611.159587966466,851.5954095579294,-0.3296483094471222,5699.914491555404,0.09722128714849891,5554.416269007128,synthetic_gp_augmentation
12244.465352050816,7691.676717988347,0.5642326877009416,818.354657409055,0.30121677648852335,836.9970223954305,synthetic_gp_augmentation
11679.95195891648,2491.905233515255,0.42097511879949845,221.56491006061222,0.06593638897442188,174.8257491435503,synthetic_gp_augmentation
9654.17050148333,7573.73288551263,0.10920541006903295,2687.75759706225,0.1470530023484338,2485.5161865713926,synthetic_gp_augmentation
8979.850657152925,281.3888537942848,-0.18592230651658226,5576.261777974558,0.06972313402779061,5297.557526974224,synthetic_gp_augmentation
11781.785473503409,7847.167922689616,0.825017698626942,130.14845155100798,0.2909241897352451,138.47032288885504,synthetic_gp_augmentation
15988.232437116727,6687.456131269316,0.07108710799911266,4053.0923221740295,0.2663716686818855,3036.132376185754,synthetic_gp_augmentation
9298.980764122576,1714.641766489711,0.7289690054650164,92.95307982373055,0.2688460122800097,124.00067635587828,synthetic_gp_augmentation
11933.952105317769,6386.394898954423,0.7061420462144194,276.5884366992704,0.21329444310549528,271.77246060852906,synthetic_gp_augmentation
13707.353592337828,2554.3917120622323,-0.4763092080658514,5812.981985622245,0.16235859987529863,7744.560310176308,synthetic_gp_augmentation
3170.0229986269615,5031.782204743413,-0.13679264245530554,9316.679055862289,0.08279400855665682,9669.575900721615,synthetic_gp_augmentation
2730.808218682349,1176.752407467503,-0.11637010268467246,6370.865390418907,0.19902038625105467,7566.2937805449355,synthetic_gp_augmentation
9422.994071796924,945.6848777792688,-0.12222354874583918,6360.1876478351705,0.0746548012983558,5228.256994213789,synthetic_gp_augmentation
7243.791499895421,1998.4422249553945,0.04503914058435188,4457.219759184152,0.06514429227905172,4576.630613805929,synthetic_gp_augmentation
9174.490817414791,5930.07796277625,0.07498646261443564,2582.4170174977626,0.1315168794322881,2610.08562868188,synthetic_gp_augmentation
12788.879478319586,2932.793811292453,0.38765634740754584,316.5072187029215,0.1342312064042214,289.02213120623037,synthetic_gp_augmentation
14914.260232783017,4058.8657732143547,-0.07948962671269377,4696.418747923047,0.16639093800480995,4049.4884774142242,synthetic_gp_augmentation
6736.911620657074,1563.6044544602612,-0.11811199542382333,7740.7711538655285,0.11612535997248621,6874.3975413598455,synthetic_gp_augmentation
11515.129064143628,1552.8453387965753,0.004851483713498972,3114.9438559810096,0.10480221967827345,3634.3715150885773,synthetic_gp_augmentation
3229.107086678409,5203.61007387848,0.461120290109699,1556.7448725339302,0.2706276896968814,1319.3969473384677,synthetic_gp_augmentation
8599.375994736924,867.0020149476301,-0.49976035412570735,8384.516183149073,0.09139784033654451,8584.421041752572,synthetic_gp_augmentation
446.6959667102668,5342.72581773125,0.5456991401174229,772.0742091059484,0.24047558496083762,958.572006633594,synthetic_gp_augmentation
8109.6340174162415,3205.6148187912495,-0.02544374721058429,4874.6774974764085,0.2711233752494557,4901.0901684223145,synthetic_gp_augmentation
11793.580838875467,3053.8358161239094,0.5661312091339836,163.85063396659822,0.13419409855219924,177.52714215979037,synthetic_gp_augmentation
10426.808164291167,6768.417469195986,0.215169234686591,1821.3043699667496,0.28097083222311947,1990.3607346491135,synthetic_gp_augmentation
5798.508075462245,444.44935372523366,0.4060117479433636,3261.947319187568,0.06281283664991409,3640.9000805428586,synthetic_gp_augmentation
191.12132133862903,7146.378494497415,0.7879170221863225,329.5698611577528,0.23496619874714084,352.8134093629079,synthetic_gp_augmentation
1936.225390604888,2149.289417904762,-0.45818721864732165,18843.053543311922,0.24143622041103066,20219.249833566348,synthetic_gp_augmentation
15571.664390927492,340.3376797238531,-0.010659629356413569,3005.996991825147,0.08415504751591918,2754.9260221732834,synthetic_gp_augmentation
14765.097217213362,4499.23537505746,0.7975958230190852,67.13998986628839,0.1286724382979875,70.41038899918136,synthetic_gp_augmentation
5268.981292990211,1794.8338430487709,0.6724017615859239,457.53244091353906,0.26894786418320915,512.5184710404556,synthetic_gp_augmentation
4215.761744789815,3673.6249854729576,0.3635591738922057,1560.8932781737933,0.2526627418131835,1576.0177643400575,synthetic_gp_augmentation
7039.019069671595,6418.513648496829,-0.17897586804275345,9790.369257867349,0.15115013419891615,11178.850527119255,synthetic_gp_augmentation
11070.046470831958,6332.374085985214,-0.0372537469008718,5070.937986530565,0.24903570449794832,5016.785470956375,synthetic_gp_augmentation
5773.559995261781,4803.084930267318,0.7011389267732759,243.41340287049223,0.26966577114133633,323.7130898626533,synthetic_gp_augmentation
6504.441969865902,3710.0087619679744,-0.10008967847459638,7928.634079147969,0.2734193204899303,7203.661958903036,synthetic_gp_augmentation
4243.365012254768,315.1071228385067,-0.31485629747266,8092.626508454509,0.06643971628204826,7316.310882762627,synthetic_gp_augmentation
5266.387178258267,6555.401198483789,0.5930784677459202,826.3101213579039,0.1389735985147251,874.2819607155725,synthetic_gp_augmentation
2691.0202080181402,1770.350960454886,0.3067145516087716,3479.12466370785,0.27212951474537195,4130.3071879438385,synthetic_gp_augmentation
10575.557104185795,1409.9104719761958,0.8488134658712334,58.08540857443296,0.16749152048265842,59.40330292707643,synthetic_gp_augmentation
8473.431838599075,560.0793757319327,0.06908764798255207,4553.511654364204,0.07119170325004313,4714.17768836108,synthetic_gp_augmentation
4406.723564996133,2623.1995491091106,-0.011362250741322799,8055.632215375992,0.20165126997469252,6330.435958487038,synthetic_gp_augmentation
8906.413452769239,2609.271736433503,-0.0929413998561689,5884.638851334068,0.1852311786601165,5845.880169242493,synthetic_gp_augmentation
7934.054769959084,2422.172255731619,0.1746321920697409,1997.442332457339,0.14300380894941295,2736.9201325243766,synthetic_gp_augmentation
15300.149882509206,6012.337354624847,-0.39753316029814195,9040.537142764486,0.16360389914090967,7842.486143399575,synthetic_gp_augmentation
2177.66109276063,7502.1337491787135,-0.06301931895005858,9515.881238404805,0.06004076431234211,8969.834374366248,synthetic_gp_augmentation
14154.224314636927,752.4006294411807,-0.19355969337571255,3218.370192123427,0.06415230821719961,3845.040180163454,synthetic_gp_augmentation
11306.271318729943,1203.0546599051756,0.6415389947899821,113.72197573674387,0.21846813101600335,140.5128551158972,synthetic_gp_augmentation
11111.601370236687,4718.740084196538,-0.1701704536246249,9363.478584030941,0.2772691981947518,7391.644085265479,synthetic_gp_augmentation
6051.384264565309,785.0847510180827,0.14242019942651152,4916.865490633498,0.06398111943963308,4928.967716333368,synthetic_gp_augmentation
5568.140307892244,2966.1142769541034,0.44183353930747093,989.2989677201319,0.08814002204752598,772.4495200832775,synthetic_gp_augmentation
189.66780867801984,4996.417844368296,-0.2910823781745755,19805.493035209365,0.0855984107849289,23235.84722505921,synthetic_gp_augmentation
15717.057506733194,6244.3602563108925,0.24379547821033987,2006.4239581989202,0.2835427036406527,1960.5300634208302,synthetic_gp_augmentation
6497.0251203904145,5343.884512776094,0.3177130524725277,1779.043978659993,0.23743688536902885,1638.3339631635147,synthetic_gp_augmentation
8745.924268085639,5166.957326777706,0.1753410145568779,1982.2416262698644,0.24743357753866255,1939.9291781021684,synthetic_gp_augmentation
744.3798421305731,6876.929010066515,0.6744304525877172,789.7310003563387,0.20539907047899134,677.8338228058335,synthetic_gp_augmentation
2861.0501891375347,2509.979966111923,0.8261526983304215,57.13405493943483,0.10054978218685304,55.31322911241858,synthetic_gp_augmentation
10011.4228069181,6000.734919105413,0.6493795591648304,355.5539945928639,0.06755842270808686,397.9905814320982,synthetic_gp_augmentation
8276.761501969559,6015.998915531956,0.07177322804105635,2805.1426075950058,0.06215652197064925,2740.228271108071,synthetic_gp_augmentation
12614.489684549366,1913.5563359300595,0.35637032413701075,372.3444345246166,0.15612950319047966,416.88505445746335,synthetic_gp_augmentation
10574.008778080859,4969.262702067421,0.23729837304211854,1468.1854626491506,0.08988677344993998,1436.6035369258288,synthetic_gp_augmentation
9662.827248072257,5401.296701347714,-0.0753679282422352,7244.077910876948,0.17172300315720276,6355.1458925276365,synthetic_gp_augmentation
13062.724698454484,2195.4273009781905,0.10944818054286798,1789.5877178198714,0.26576154147239,1841.851927543195,synthetic_gp_augmentation
1185.38337827522,3614.399962917114,0.6609734912217933,305.3804640255829,0.19307866690659925,339.0812546145602,synthetic_gp_augmentation
11085.100063257436,3486.221818051944,-0.07932821998615847,4919.7261953807665,0.06423934981444894,5081.665362336602,synthetic_gp_augmentation
11477.892341295346,6188.076546968289,0.7453798799618583,192.98392773891536,0.26791322943686935,198.52985998972235,synthetic_gp_augmentation
4475.100439912175,5.530047309949104,0.8880010468914035,197.55991686266913,0.0678723950948028,221.00936672472653,synthetic_gp_augmentation
3210.829220149571,4008.212891653546,-0.07052578597031434,7634.3743154978565,0.06570499958337886,7623.231060310551,synthetic_gp_augmentation
3500.254359750387,1474.7265085104918,-0.32816672352336007,15209.078694857755,0.08824171530682708,11517.053860176515,synthetic_gp_augmentation
8428.136835367153,5442.950903767597,-0.2605087764535164,12238.798508115862,0.1409250399041455,11337.211369863291,synthetic_gp_augmentation
2256.4583507166726,4009.0120695486657,0.5800493325106482,693.6273368300456,0.06493564945875299,689.0264514518443,synthetic_gp_augmentation
10582.645196567672,4336.2363342752815,-0.44524112989251746,14268.225963904462,0.2476580202207575,12554.68935027795,synthetic_gp_augmentation
1770.7443172854357,2520.4655124413493,-0.1702088621417842,10295.103322368022,0.07264448436636153,10569.987233291578,synthetic_gp_augmentation
527.5452809330736,2506.581434402971,-0.1357825645580496,8459.864602219432,0.05392475621298145,8467.228699697649,synthetic_gp_augmentation
5176.714854889351,5960.936478802883,-0.08387095512538678,7814.276318683688,0.089883784251317,8340.262883477562,synthetic_gp_augmentation
3150.5696073553527,1053.8509394105579,0.7870252645224363,468.3515353812232,0.1354753557819339,639.2749766179319,synthetic_gp_augmentation
15819.72668102031,6172.026517546345,-0.25456640710612344,7745.082849742029,0.2686834861798259,6117.736248854158,synthetic_gp_augmentation
4917.641179813756,5240.105452815404,-0.25690545027594724,16363.112913859894,0.2836742076011704,13372.09953123531,synthetic_gp_augmentation
3630.8189678056688,7075.797477243985,0.4683449113941731,1412.4634740109514,0.1415761717316945,1605.4017828630558,synthetic_gp_augmentation
3228.640193637512,2081.1575375983803,0.8332439497997159,117.72697397820122,0.16154290781926828,104.89156549379501,synthetic_gp_augmentation
6044.261186375496,4049.4324145296323,0.04499810180417585,3724.920752321163,0.10520092888069583,3834.4136057525925,synthetic_gp_augmentation
9732.997435772088,311.9160922338553,0.5823801186124815,1465.0661504090365,0.08279825601914152,1776.173594127988,synthetic_gp_augmentation
12532.929873235891,7300.052600438282,-0.45654975049217333,15938.823924755563,0.2772508945875273,13212.719819990887,synthetic_gp_augmentation
5896.762339114787,5403.131685433266,0.653689206329896,565.6375781474187,0.17825170444961086,490.8896549190173,synthetic_gp_augmentation
10052.938582680352,4983.001992571533,0.5127556615713866,497.58600948217344,0.10795778306866864,545.9593917671237,synthetic_gp_augmentation
7764.75238264226,5861.513607892825,0.7552619125976474,180.26261123212703,0.22654594740174563,198.50413655557364,synthetic_gp_augmentation
13559.276005429034,2274.630854074916,0.3924359969536235,219.8183405575713,0.27806708101807637,210.54397265717924,synthetic_gp_augmentation
9147.764256819119,4830.882150017875,0.8178713018246517,85.94989284855008,0.250932206425229,80.35905593184809,synthetic_gp_augmentation
4709.277582877692,6407.375283241961,0.04580037329264108,3694.3762197369574,0.16355199213468782,4483.977854444966,synthetic_gp_augmentation
11287.037389134268,722.3555576325138,0.5255440226090493,1119.4046378864239,0.06240134184527478,1066.3281381019394,synthetic_gp_augmentation
13139.025359565634,7670.535114322393,0.5157898914953167,728.2919570855439,0.28829864669043276,1000.0843093271809,synthetic_gp_augmentation
7500.506442547045,7135.094420010543,-0.12394899504109097,11360.864550250226,0.2189728601221303,9972.149813355212,synthetic_gp_augmentation
14077.640379141883,6466.788072252835,0.5908475076864523,494.51863588011634,0.08658373725809713,561.1730097117272,synthetic_gp_augmentation
3231.5792476813144,2354.4887395145624,0.7128924969343888,175.31939533365755,0.23095492178099783,191.53343285471004,synthetic_gp_augmentation
12609.418367284174,4652.443741077235,0.007627401117853871,3160.7874500695257,0.23449124549243686,3210.7599100142065,synthetic_gp_augmentation
9655.12478516128,961.2993779071894,0.6777566968938042,292.7156594613507,0.06989323516525464,400.73601697671825,synthetic_gp_augmentation
8603.499635144572,6033.333853328449,-0.0590329551183722,5965.397252626017,0.08124471647395916,6472.217199164318,synthetic_gp_augmentation
13669.237170240622,6934.591479393856,-0.46647400908786113,11554.624716560656,0.12693091852060806,11207.413148670768,synthetic_gp_augmentation
9812.87734356483,1924.4556201024902,0.366862566293359,1001.9029961997775,0.13805203772138783,1013.2005131718231,synthetic_gp_augmentation
8649.525162354366,1283.2952582634202,-0.3428646841146978,8296.321256473797,0.2493573906578429,7757.351094829833,synthetic_gp_augmentation
876.8725174529803,567.2349095277802,0.5062264426589509,2101.6956894234163,0.07590069692254361,2785.3572257078936,synthetic_gp_augmentation
7228.015629161062,5690.9210244064925,0.009163625143653209,3116.299488549838,0.26370539845809654,4390.946079346014,synthetic_gp_augmentation
14537.860836523572,1489.6302152401865,0.7188968307993358,46.89657965139133,0.06613657643718143,54.278490699213684,synthetic_gp_augmentation
11416.613996579441,1581.3424964937592,0.721783515267503,52.235144880618,0.15035522556624803,50.556142673438394,synthetic_gp_augmentation
910.1682510928395,1357.5728309022263,0.015325822905424724,5556.692018466372,0.1991563420908792,5188.04157658098,synthetic_gp_augmentation
14155.477286201572,2446.3609797479544,0.6339744877461388,70.59498026381355,0.11850478954330243,89.2921692493889,synthetic_gp_augmentation
13244.00881989516,7529.691473027149,0.45359162802326003,1272.8546369841438,0.12117602685895688,1211.855317860459,synthetic_gp_augmentation
8792.278963955494,3892.973423394577,0.09719370011519723,2471.510407241285,0.1835042806233935,2447.4898220168816,synthetic_gp_augmentation
456.24689639827557,2087.023514446134,-0.01946897846467671,5254.341224041789,0.15546156397711663,5186.207874333608,synthetic_gp_augmentation
9042.63092673743,1363.1260776356705,-0.20557309594309092,7615.082054758016,0.19793359793867796,6311.289079362503,synthetic_gp_augmentation
967.965893830175,151.21135764350413,-0.41150816600088724,7019.673759625769,0.06323371300993516,8093.461525531553,synthetic_gp_augmentation
5194.0254582359385,2919.9411765467794,0.2243031160435891,3813.6610858199697,0.14541631772427147,3221.769134166967,synthetic_gp_augmentation
10099.662940553548,880.4917938086571,0.2560567519057143,2591.63413051116,0.09295226498158204,2666.3260813249194,synthetic_gp_augmentation
14615.318033726573,216.09596535330056,0.12162612184447819,2359.1719494850518,0.06703499385896801,2344.2057652736053,synthetic_gp_augmentation
5788.950632425712,823.8376474866635,0.8308360515988134,998.9035254222928,0.11021717147171062,1094.8983058401204,synthetic_gp_augmentation
13774.378147846906,2548.1721311392507,-0.4808338358315658,7806.80738726446,0.16399940745537003,7712.338581173763,synthetic_gp_augmentation
14701.94006536821,6006.9096115063085,0.6904269439672237,244.1250613471486,0.07819548752157279,264.02611568011525,synthetic_gp_augmentation
434.5976992712976,535.8900093482104,0.6211500258463079,1041.843897947852,0.10716220240536645,990.4093268117308,synthetic_gp_augmentation
3906.9026202652512,5429.391390052658,0.5622533519556265,861.3660932520946,0.13437381573728055,921.9514305158909,synthetic_gp_augmentation
11386.81055771723,4964.340230409971,0.23488143733290134,1188.9781123940247,0.08903631320333012,1362.9815984902107,synthetic_gp_augmentation
12133.80438496482,7055.921643734303,-0.23350247050885525,11105.16355344,0.132781147687759,9042.419221488468,synthetic_gp_augmentation
6339.42791845116,1471.8960677764726,0.7080311162828132,454.71725515444257,0.07476089625296471,449.30119175987437,synthetic_gp_augmentation
9833.322016056358,6918.921736384602,0.6659497001326797,447.2534951899721,0.15398769186049283,445.58451632575,synthetic_gp_augmentation
11862.421889456853,7811.873053213895,-0.16989739741760912,10090.37952326705,0.3108244452050045,8439.73781222792,synthetic_gp_augmentation
11526.669001147437,6468.394864153265,0.2761249903455105,1541.608551448139,0.0814872747354138,1706.5217100162322,synthetic_gp_augmentation
1465.3456880467454,990.1456065534688,0.08234293453708386,4593.494026487191,0.06699168055878266,4950.475815776986,synthetic_gp_augmentation
2616.177876946969,7577.032081307446,0.39554000933351885,2147.8515329313173,0.1533611741445596,2062.106598441096,synthetic_gp_augmentation
2210.3616414231246,6519.936422430271,0.5536507709503575,1081.529440490811,0.08518003111511839,1134.720845487972,synthetic_gp_augmentation
14926.43311050082,1698.6014756374157,-0.256798484177018,3915.3921550118816,0.2628925624095661,4625.982892020334,synthetic_gp_augmentation
14625.32810881253,1321.5792043703614,-0.25634647503906804,4875.132110500054,0.23007012530548596,4574.483866996364,synthetic_gp_augmentation
12778.855086591822,7491.313203203051,-0.4389503736857175,12956.088935119265,0.06477376265508471,12747.034799925616,synthetic_gp_augmentation
1955.825114747753,1245.5890088470278,-0.2799409463364143,8405.52062438449,0.23506732939033056,10880.092022854653,synthetic_gp_augmentation
9230.916371721416,6216.827083272694,-0.16375747851846367,10208.663934484375,0.2760560431222155,9558.715462575583,synthetic_gp_augmentation
3076.9669548286374,3242.074034105266,-0.3984739892607606,22592.004060064268,0.28765550851240296,18875.229757981273,synthetic_gp_augmentation
5957.304607184959,5790.44212394207,-0.0020326631328319578,4463.539675219123,0.27306075375594896,5100.088943789371,synthetic_gp_augmentation
4346.751298534866,734.8110413331899,0.4452328133437905,4020.02817804273,0.0734104279547883,3892.6437141502456,synthetic_gp_augmentation
13280.002605650709,5800.466301907754,0.6103023788418105,460.2316912340728,0.27416801767471327,416.8482880331379,synthetic_gp_augmentation
10374.248780900205,7203.0270827107815,-0.38264514285278783,14024.835719660206,0.2775499074780557,13980.082198104375,synthetic_gp_augmentation
15743.925154041053,1507.1873379516517,0.5631212566217716,156.76737602871367,0.15945213527382354,140.89214264333452,synthetic_gp_augmentation
11024.167873732771,874.8486238000118,0.04765716371748352,2813.8043803816795,0.09297736349081656,3791.1161893415547,synthetic_gp_augmentation
1359.8124752106592,1569.7623878789261,-0.14800136692429816,9237.005748747302,0.12842319101066302,8025.999088311479,synthetic_gp_augmentation
14534.807081204146,628.6029379950397,0.15896736562628666,2155.018016836326,0.08226192540277422,2053.2629901770624,synthetic_gp_augmentation
7355.3445757227355,982.8530072902329,0.021695771307133627,5612.6921398209115,0.06604346202858993,5518.840168620611,synthetic_gp_augmentation
14076.804854514929,6477.485978211113,-0.14556317644828992,4787.845456257593,0.10428100161737826,5488.519160174381,synthetic_gp_augmentation
7686.322923852464,1974.0351656142927,-0.35223733597353984,8872.963010721063,0.1127785651542955,9696.193571971036,synthetic_gp_augmentation
8548.011576714445,1778.3467215243024,-0.27994967579665064,7869.725193680587,0.2737098322120433,7815.861029328972,synthetic_gp_augmentation
7293.913647565461,5378.478243261475,0.5832944357790435,783.6854565436774,0.21082691727885947,602.6469927516468,synthetic_gp_augmentation
12614.415018144999,6683.833230402499,0.3146911505362846,1603.8442676750797,0.2604986261431976,1608.3536930745722,synthetic_gp_augmentation
2109.946723905239,5106.154765300769,0.8547917555930631,77.70251881940564,0.19641291845375028,94.03885001806874,synthetic_gp_augmentation
6373.663163584134,2305.717736675815,0.20677231872655055,3410.5632353923866,0.2644107608391672,3126.44685952127,synthetic_gp_augmentation
6250.483245162894,4783.386204957571,-0.3361707554776916,19935.609929819326,0.2804343993191173,14552.661228153258,synthetic_gp_augmentation
4552.648594179133,6931.69297238314,0.5059213281039887,1395.890353017292,0.13093477237914136,1372.9084448632657,synthetic_gp_augmentation
6499.863301721252,2915.863684419695,-0.20900809030249984,8244.087889526014,0.1534930032052619,8641.196004031666,synthetic_gp_augmentation
9926.344855080613,5891.765772193868,0.31415322072338603,1398.2572197893746,0.18475309683186839,1467.0593484978504,synthetic_gp_augmentation
5051.058264102617,3326.66384301723,0.696130271646793,195.898345172894,0.2517634544966531,258.95546922676203,synthetic_gp_augmentation
2842.9398094025955,4344.587182227998,0.16791350560563723,3250.4012716771226,0.236533005466139,4148.075952589792,synthetic_gp_augmentation
13922.943417065539,5869.600222385895,-0.06000085873776734,5520.105976545609,0.2111525821088558,4275.491002090624,synthetic_gp_augmentation
15536.239132728453,484.218970478751,0.30576522208986057,1464.3225481808952,0.06765777989731556,1312.0797157198747,synthetic_gp_augmentation
5299.613426278915,761.708127940956,-0.06941032121113777,6878.4243517513005,0.061823131262528766,6606.597989293727,synthetic_gp_augmentation
854.9650366738463,5800.044355776746,0.20579990160452732,3754.993569977478,0.26907474705986845,3110.3431542068893,synthetic_gp_augmentation
685.9394956998449,4862.450121481113,-0.14418837093026526,7535.620688347865,0.22164057095482495,10068.799392851488,synthetic_gp_augmentation
6346.823730761893,2615.4372831142273,-0.44503862986873877,13216.217987247004,0.2163483295216041,14331.554490064336,synthetic_gp_augmentation
14890.848090985355,610.252107142684,0.3191973711906019,1209.091082207124,0.08489607013163329,1197.3490291992284,synthetic_gp_augmentation
11718.265840084874,7406.419696239343,0.06174631073579484,4215.243246942463,0.17116278821233677,3053.3883584921596,synthetic_gp_augmentation
5653.383760045323,2520.029764381296,0.046854363208761574,5254.0160727491475,0.06456711506668548,4735.8379022176105,synthetic_gp_augmentation
15491.93816039477,2203.0142191739224,0.8955379142571649,24.36438963660059,0.3029138858037685,29.526073452495687,synthetic_gp_augmentation
6917.250661766118,808.0397673406692,-0.3435023553582561,6597.890972772487,0.07874705538965011,7498.22895744179,synthetic_gp_augmentation
4501.0046291968665,4618.825672772643,-0.2841541070713063,15998.307695625612,0.19860151870841203,14003.203791298718,synthetic_gp_augmentation
6879.01659111728,2125.227643116908,0.7267665444782392,285.2052539731252,0.20885351713677291,228.4251373585179,synthetic_gp_augmentation
14181.656446192652,5462.134269014523,0.7846719649135641,85.99575859114677,0.17149175745561368,103.85592046010143,synthetic_gp_augmentation
5842.655635641276,31.319246475253415,0.44074520579789234,1189.4084358644282,0.05588435141913559,1198.93686996512,synthetic_gp_augmentation
10561.70653545971,4525.396893328228,0.23942806689340812,1278.8064727162637,0.07276848492241651,1332.6726757980018,synthetic_gp_augmentation
6285.850461351901,1854.6774145578331,-0.11023904585874023,7916.505924346926,0.22313095546437653,7081.874330797766,synthetic_gp_augmentation
14437.529545627003,122.93696022239953,0.003262874899874091,3097.9441228776277,0.05831380383993506,3052.1772942533853,synthetic_gp_augmentation
10313.85395227852,4954.937303899567,0.6563363978788019,310.04344123249496,0.1098238365995706,274.7412233652253,synthetic_gp_augmentation
7863.205055472661,1639.314881643414,-0.419493632447297,11125.046918500091,0.22478973628568316,10041.422468001607,synthetic_gp_augmentation
2201.073209983282,7197.086479625834,0.5759680498087556,1048.6314315890943,0.2728089655434991,1140.4883635671,synthetic_gp_augmentation
14440.474939350048,4587.045927626694,0.6589489594999045,223.69094193327606,0.16957801125259758,214.0213353503916,synthetic_gp_augmentation
8794.388205521158,1673.4808777602898,0.488353672437115,555.878294821496,0.24260725486349893,686.2058033837105,synthetic_gp_augmentation
4632.3422700865385,7833.019517497932,-0.4236934693637525,17788.300394064638,0.2989509684880509,24235.762031784812,synthetic_gp_augmentation
5093.82298554019,4137.937361352592,-0.4816685735539097,20047.795968666403,0.2230505513083265,20379.221136230106,synthetic_gp_augmentation
8635.571579114147,7674.792465784794,0.7491967114030489,318.50211836510994,0.28099347755148607,289.35028730344084,synthetic_gp_augmentation
7680.074660523839,3402.764095157904,0.8450950408308671,77.15966307426784,0.17712099182833715,67.32897440989376,synthetic_gp_augmentation
4302.628412062643,3689.0137777983887,-0.4009211864681342,16421.436278772093,0.2774417573292931,17844.285597404854,synthetic_gp_augmentation
2168.3211458330647,2240.8284092359104,-0.1667307996016678,9815.45571418493,0.2806493872490599,10159.314659392388,synthetic_gp_augmentation
685.9808040079423,1294.268904349212,0.46633906784751367,907.091204900594,0.2355305390864765,1279.0064080471834,synthetic_gp_augmentation
2606.5803821030563,4631.421626947411,-0.30786215973235476,19127.542710353973,0.21936304881324892,17205.452076529684,synthetic_gp_augmentation
15251.849572994508,7153.601573740411,-0.24104542022673853,9026.290838995315,0.2428008040798336,6425.096181829151,synthetic_gp_augmentation
9248.909820054141,5885.837935211356,-0.4843596988801191,21621.749355164367,0.210186960531038,16811.664442105885,synthetic_gp_augmentation
7874.465991919429,769.4992611004112,0.6570721061245974,1744.9752747740329,0.0895345150147331,1636.4599500614343,synthetic_gp_augmentation
6210.749044960767,3206.791808443424,-0.44733577897909965,17487.251805294563,0.2802301965922444,15821.292743388236,synthetic_gp_augmentation
11363.880321135826,42.367039244016524,0.3856022220184935,1221.0265104090686,0.05266674313785777,1343.8125526417605,synthetic_gp_augmentation
2346.025666906884,2463.523087096611,0.3152302595204801,3166.1181555728517,0.08525230653202494,3039.2799246633167,synthetic_gp_augmentation
4490.464895677349,5355.012740912687,0.21573636477531044,2454.699839402437,0.2266715650768003,3078.8412900467015,synthetic_gp_augmentation
10528.843702653669,2321.8742679280817,0.02522081476847471,3991.1449060357577,0.2541810087711385,3588.3609845698907,synthetic_gp_augmentation
7717.1233969051245,6724.4665527613315,-0.0806124097624264,6198.915884380003,0.2790701998290891,8150.728987685832,synthetic_gp_augmentation
12344.47136944951,3819.0737083256927,0.8397265346655518,58.27088757594476,0.2587960169288893,54.71710132385049,synthetic_gp_augmentation
14364.046518910787,5353.345302719539,0.5995015855574652,506.9702931224795,0.25562111966549766,377.1678084707847,synthetic_gp_augmentation
13191.624202793431,7070.921786251867,0.7918256381322575,163.37911905207227,0.21564059933631785,154.34067218414708,synthetic_gp_augmentation
3028.902656745639,5462.482469195382,0.5274571338632617,1135.9149563136966,0.08843688023375505,1090.1292780086637,synthetic_gp_augmentation
1554.3767448789586,7178.609634283782,0.6606124896632246,943.8933892579995,0.26073118835362463,758.8681544542849,synthetic_gp_augmentation
2794.1055486662713,6464.522847402432,0.8498455906165185,176.13920266128693,0.12847720745544552,141.97148526116706,synthetic_gp_augmentation
12558.137996443666,4536.513963155124,0.1351023792585827,1770.3031421320018,0.09517748861532975,1694.6782307524045,synthetic_gp_augmentation
14629.914322934097,2377.864800139795,0.7696547827897005,55.69392526667758,0.20599314999312646,52.906408186742226,synthetic_gp_augmentation
14814.636996491334,2385.139237210849,-0.4396961722340092,9285.95107320716,0.2356424154353016,6665.142015870336,synthetic_gp_augmentation
4841.631050990085,7002.648718866849,-0.3489790106557109,20113.95381430363,0.07514483155485803,19329.606632789015,synthetic_gp_augmentation
13461.427910415578,431.0738379080146,0.18652406920349607,1954.39183773872,0.07396253414996795,2274.507317121741,synthetic_gp_augmentation
8626.145006851337,7531.494784774592,0.1355625507392032,2325.600688407492,0.08398390153029282,2494.200720344115,synthetic_gp_augmentation
13182.390388736496,2616.4784015374207,0.11349831205490668,1938.1323546725528,0.19646611302960534,1759.1764243032442,synthetic_gp_augmentation
8819.000993842017,5910.968478507243,0.25206831248554296,1634.3096150379756,0.15887312724654765,1776.8963123217875,synthetic_gp_augmentation
2419.702194487979,2640.238021099586,0.2537219099745781,5117.231985901437,0.22101167045170309,3847.3527030716155,synthetic_gp_augmentation
15319.784472428499,291.7922412538063,-0.015722062249858726,2722.4325830865787,0.08521669040648178,2866.5539911060328,synthetic_gp_augmentation
6870.2606472621055,2826.551013122532,-0.05726266202901925,4508.054140086085,0.2511443786052015,6018.528265514643,synthetic_gp_augmentation
5673.278253867354,6939.688376217953,0.4826533350133496,1350.1618174968096,0.12113360001807846,1401.3783360219522,synthetic_gp_augmentation
5765.219047816136,2192.4523130957896,0.4078677127240923,1787.4771994407115,0.2631611862507148,1987.1986801323646,synthetic_gp_augmentation
15125.449563519976,7190.01452854893,-0.0670106222773631,3285.537358537211,0.26931806692878196,4280.341706610887,synthetic_gp_augmentation
1097.0029397104963,6644.658025380685,-0.49104809724483856,41625.33799578598,0.2339268597580579,35048.47593707476,synthetic_gp_augmentation
1993.0744693785566,846.1695623711139,0.8216891577202845,472.05508642855386,0.09228384626801144,488.8732744560123,synthetic_gp_augmentation
12655.459096161403,4641.439278954773,-0.4380844487660888,11705.991675439238,0.226225223041737,9925.19748870037,synthetic_gp_augmentation
8835.610912308206,1787.1615067194045,0.45201812070465264,739.2805497752777,0.2679282190933248,870.6138378556741,synthetic_gp_augmentation
2143.7344515791365,1721.106174118864,-0.049435211499910925,6678.961517897926,0.2687992353817066,7782.415602624989,synthetic_gp_augmentation
647.9161747755483,4923.2318952284995,0.09294627754727836,5405.422111670473,0.14080548728459896,4398.191162821659,synthetic_gp_augmentation
3665.3261376397154,990.929313320101,0.6732458883729706,1449.816857359934,0.12522393575442317,1754.60922329797,synthetic_gp_augmentation
4246.89072959331,3758.232008023808,0.08741128283393584,6265.219704386302,0.28166093329342945,4460.404235129026,synthetic_gp_augmentation
325.98717023680763,2046.5738741030402,-0.29787986065530214,14698.636840341203,0.1002466894281013,16285.611575352472,synthetic_gp_augmentation
11839.271097543155,4435.953858945056,-0.4717038761159445,11003.775887354384,0.12625396769930328,11521.570027635156,synthetic_gp_augmentation
13701.39566522836,1720.8706500929213,-0.11537381619254666,3561.309243332894,0.2689024192256271,3728.483326517369,synthetic_gp_augmentation
14381.949693338514,7411.725221774443,0.2533030566482509,1974.6515717813681,0.16359003149812537,2085.296890113127,synthetic_gp_augmentation
6299.63311903234,6583.172243254014,0.11286917372049632,2733.8183394100543,0.15258927007357712,3028.967183378768,synthetic_gp_augmentation
5178.678241866567,2122.3378429273093,0.36831967461841286,3130.564097771032,0.2013518354010626,2604.577948118089,synthetic_gp_augmentation
15997.787486505413,7688.407262432895,0.03388676979933325,4144.2591152206,0.2956246281773472,3317.4069180361435,synthetic_gp_augmentation
12332.51316965326,2141.9113371363687,0.046818597214604685,2496.607953251725,0.22201003324923246,2690.1733417696764,synthetic_gp_augmentation
8643.898086430114,2341.144976375811,-0.01187983585421587,4349.249664884808,0.23883167029878663,4668.177254333963,synthetic_gp_augmentation
4150.865779761406,3087.7068344382224,0.7421786565060395,114.79202783169978,0.16100097510414998,148.9114853506621,synthetic_gp_augmentation
5208.756700873165,1318.4417636365397,-0.47578488446816486,13063.525080576937,0.23536768554502674,12613.126309444959,synthetic_gp_augmentation
8294.293146387256,5496.129109702143,0.8154987542785206,112.78574574240334,0.14096799231833465,96.11043605982519,synthetic_gp_augmentation
8719.118424672935,4458.69860662235,0.001510345282418335,4378.664968091117,0.09659444234510207,3863.6277650932025,synthetic_gp_augmentation
317.49044395147735,7155.699852415386,0.010835857966430162,4748.814112338313,0.24124416471224241,6128.286336125931,synthetic_gp_augmentation
15354.461355816444,1927.0018051722654,0.5162499872697437,147.88104040061833,0.15630874735673123,134.7903633614717,synthetic_gp_augmentation
9252.13933288986,1361.847092793595,0.04358743421620492,4155.821336488338,0.19622602992497185,4279.2536682794835,synthetic_gp_augmentation
9467.61608610522,2868.9871414362374,0.36330275094171804,554.9872933915036,0.21174162020765327,758.1863402459802,synthetic_gp_augmentation
12263.296142939842,7569.208225332881,0.684677266536357,342.799767521425,0.14055488640953956,408.5391810851412,synthetic_gp_augmentation
11822.5058694603,5739.573574955268,0.2215133486528491,1789.9633187954917,0.2810180442927017,1639.2233747094697,synthetic_gp_augmentation
1613.0117771357486,6369.533237193306,0.5033129790775555,1269.160765782341,0.21323630572719723,1331.3605156593055,synthetic_gp_augmentation
9560.410518932731,5984.348986976705,0.04940864314754889,2883.6637490079193,0.06442160826132802,3011.2938126400195,synthetic_gp_augmentation
10565.28055074509,1942.5533981814951,0.5864618195631941,92.77946011650405,0.12031719780139123,110.12007301424019,synthetic_gp_augmentation
13385.53397572465,1125.2531041618922,-0.2617431885505399,4026.144859212803,0.1678931795090345,4815.710471724546,synthetic_gp_augmentation
3376.8497447915997,3435.4686640755913,-0.4361155059901938,17840.947088419816,0.16824990988793584,20426.18608987232,synthetic_gp_augmentation
14054.393269221853,6632.152974195851,0.25702574628626074,2331.7338814627237,0.21429587808949885,1897.7445239300475,synthetic_gp_augmentation
1634.7255469597521,76.50353782651464,0.5202163200084275,1537.8952863713575,0.05534638876258096,1471.936521464323,synthetic_gp_augmentation
1779.3774220229275,5280.485616971764,-0.3581470878265828,26471.98222705621,0.2850421562480249,23022.36207077481,synthetic_gp_augmentation
3245.090813403396,1600.5045668253128,-0.4881068065639822,14061.679107271126,0.1882623662217377,16670.610901132677,synthetic_gp_augmentation
4595.736225166405,4342.68129913312,0.4459846896386026,961.3320150755571,0.23903515450551568,1147.6923665380068,synthetic_gp_augmentation
7992.852290910814,119.040400204951,0.20111921308543323,3496.5873289765186,0.062137731262023724,3174.1091712561365,synthetic_gp_augmentation
12005.144044138502,4070.798844972618,0.832821569562257,53.369808660122736,0.1367040802093911,59.39693655796903,synthetic_gp_augmentation
3068.9418421089736,3148.867886137677,-0.153520148990966,11037.16663121286,0.23020736357321195,9991.68595251618,synthetic_gp_augmentation
15883.16353254263,7043.295895861603,-0.3274414354991436,8857.984549785262,0.10185383544415183,7381.874295295481,synthetic_gp_augmentation
2668.1987151479702,5774.51039555224,-0.4676513454542971,30039.65675022214,0.28249971603534957,28530.090444720834,synthetic_gp_augmentation
9630.109686782145,288.2252392231646,0.12194628852354283,4289.9700234260645,0.05932036054780267,3656.6506998177606,synthetic_gp_augmentation
14870.152930354305,6316.179173110615,-0.35885636044572455,5532.9968835024865,0.26817265783810923,7593.059879044286,synthetic_gp_augmentation
13336.86802374155,6329.819635005285,0.585900813661447,612.6413315337583,0.2520984735247381,557.3309902313938,synthetic_gp_augmentation
10401.438306444243,5307.276386664918,-0.399219887860159,13703.765263446123,0.2676574573036935,12640.299634818406,synthetic_gp_augmentation
11476.338648975287,7434.373887229295,0.7890567346304638,149.08478466296074,0.13699146331153994,174.25313855428237,synthetic_gp_augmentation
2233.869464615292,6426.028221329089,0.2571954925388864,3332.051710434329,0.14274856583043774,2880.0486376471026,synthetic_gp_augmentation
7002.965671329926,3052.36708019458,-0.3167160518733155,13902.40709298734,0.1090852861150772,11001.6302894743,synthetic_gp_augmentation
1523.3509287790184,2799.3857794909854,-0.37469254390149265,22070.823486657246,0.27010240854218714,19532.595123934745,synthetic_gp_augmentation
5788.265734413907,4039.262531515229,-0.004842712875906874,4113.303818081569,0.09199505857436194,4728.154093900232,synthetic_gp_augmentation
3657.5104177588278,7629.708961581083,0.2286083549795972,3532.819587435445,0.22827451075003213,3166.28379415864,synthetic_gp_augmentation
14669.912885853808,4924.786947582495,0.305702731861479,1186.8255229600609,0.13972615385938233,1064.7274324541197,synthetic_gp_augmentation
14092.890384228114,2503.5124753610303,-0.038296158394426794,3100.6875673509,0.06431061307331938,3165.4438666719725,synthetic_gp_augmentation
13121.191291643034,7532.141907083509,-0.11827278674192643,6074.102232878517,0.09216999176743579,6007.264584965041,synthetic_gp_augmentation
11451.714344782402,5602.171782637577,0.8739747592542992,45.756176161417685,0.26091372403894364,57.863760832278565,synthetic_gp_augmentation
2549.7436727540294,2128.644187856027,-0.11827331207841646,8501.173652816511,0.21099166883166864,9087.386138835354,synthetic_gp_augmentation
869.04207656651,7252.102150417835,-0.306905128401587,31396.275170498615,0.2902590643383844,24743.856643565392,synthetic_gp_augmentation
10311.904381084078,4129.690204675873,-0.07458015986660482,4040.3280327165594,0.21074039927650176,5424.698350328341,synthetic_gp_augmentation
5973.846127596247,3833.782765518004,0.09042928140811868,3242.9522157912425,0.24637593918112288,3306.6293459580693,synthetic_gp_augmentation
7615.717996325994,7389.046986393496,0.37319923092197893,1314.440670517946,0.19464904805845915,1808.8229377446248,synthetic_gp_augmentation
6752.393919149675,7092.9256233094975,-0.4356778904084306,19654.482794414365,0.16762602992059464,20107.414464169437,synthetic_gp_augmentation
9690.546575594277,919.0727253508281,0.607133719619835,594.2730679065097,0.08902054785179415,791.0836796343065,synthetic_gp_augmentation
15297.52537567654,1679.0681512436363,-0.19598630454933202,3166.182751548924,0.24951503893810556,3919.1806909264556,synthetic_gp_augmentation
8661.905291352736,7584.275859873836,-0.058068994554460296,8114.350233714128,0.16227276181182318,7034.627365988083,synthetic_gp_augmentation
11725.506161736905,6218.376835235445,0.1379516001727935,2901.1139846207143,0.2767722173935693,2091.023150166792,synthetic_gp_augmentation
12931.317528089296,2768.558139903064,0.5028289156815604,148.71923941222437,0.28291800582295545,155.38203020921625,synthetic_gp_augmentation
1904.779128806002,2861.0784646370257,-0.2709817979075958,12670.753725869352,0.22042568698352047,14482.971941507185,synthetic_gp_augmentation
10484.682214107661,3756.270965330684,0.7633631709779909,77.98531537860623,0.28295875614131316,95.6079800058353,synthetic_gp_augmentation
7765.560452045349,5390.395998021551,-0.049861732131849135,5853.423996355228,0.18588320760415314,5764.553556467572,synthetic_gp_augmentation
9201.651981741485,4488.328837210928,0.8757277699746946,46.47095709149783,0.09383435454283665,51.488111066258426,synthetic_gp_augmentation
710.829278727809,6208.959619987636,-0.10042241181592526,9790.744610321915,0.27424394986825834,9721.082398658598,synthetic_gp_augmentation
14508.830211103425,433.334334241132,0.5159142220522126,897.79757335138,0.07923254083006112,836.4546548323907,synthetic_gp_augmentation
15249.267978249656,6552.325940121358,0.02733675680303671,2803.3402870406403,0.10858949789637706,3322.3795427901614,synthetic_gp_augmentation
155.36258658532688,464.4108140197254,0.671222830223487,706.2991297476401,0.12318837235131706,754.3378300024524,synthetic_gp_augmentation
3483.386313460023,7047.7914001741565,0.14736922939303787,3851.0018393527967,0.11118292127437761,3756.4429430593564,synthetic_gp_augmentation
2965.0873619723043,346.03548277999073,0.7187446403255067,2507.006700847015,0.06733003590756562,2422.723479704298,synthetic_gp_augmentation
12522.741824749637,1022.659451030421,0.5555140752401129,279.46675899161914,0.06505536890193556,245.61467057108774,synthetic_gp_augmentation
9609.472939877942,1441.4749745363836,0.32044003412896105,2028.7765098309878,0.10807871547345745,1917.1110018909549,synthetic_gp_augmentation
2919.6052464180343,1784.4062571171903,-0.1500140984790651,10039.36132292493,0.27010551480541845,8965.103837580351,synthetic_gp_augmentation
13042.138189569881,3214.096580722028,-0.13618519331472573,4857.577831224624,0.27491074261869136,4953.632182677254,synthetic_gp_augmentation
5720.2504617114,5243.856055018226,0.8879909281471485,74.34165842982321,0.3002995714698064,60.588500037316265,synthetic_gp_augmentation
7427.624333060327,7140.827055262224,0.7955431957532155,201.70595284976463,0.22659820078795412,179.3258868025303,synthetic_gp_augmentation
6258.175024598262,4196.022481091802,-0.3062142543401092,18267.876330746927,0.2678831095137476,12913.483413203568,synthetic_gp_augmentation
7734.2652543767335,2554.4407835974735,-0.35045985926256185,9633.544820019482,0.13078878724850235,10478.981915611956,synthetic_gp_augmentation
4465.885642332838,6405.443394446791,-0.21812708207376152,14256.101481522426,0.16950345167529937,13624.099100527474,synthetic_gp_augmentation
6850.4409961520605,883.8898249455793,-0.09366739049345774,6335.382743362333,0.08791099710942242,6185.870502723605,synthetic_gp_augmentation
14542.560682683372,2408.825445265497,0.6726777044852943,109.25144146143549,0.16350060406757655,78.5522458233317,synthetic_gp_augmentation
8096.016770019996,775.8513099131452,-0.3667448486099908,6191.621901426848,0.0700946631270151,7042.256516247563,synthetic_gp_augmentation
14670.543925715772,1713.446550609711,0.7349687924036741,42.68981179569615,0.2717245798376056,53.728354333045445,synthetic_gp_augmentation
8847.020060305638,4692.783292446271,0.86070218399773,56.70027864712874,0.26924425949106395,60.49307746231112,synthetic_gp_augmentation
12324.194962900125,1007.683103847298,-0.10556390422160489,4029.49709957191,0.05871761050564794,4010.127002022807,synthetic_gp_augmentation
4768.101823589435,804.9423621081733,0.13872738403894125,5998.455584439082,0.0680981043983738,5415.931887282026,synthetic_gp_augmentation
12667.574491706086,6607.286491516774,0.24105972307364731,2196.9943471596885,0.1843672931720445,1905.1930923579457,synthetic_gp_augmentation
4302.71364646127,946.3930247530988,-0.21203493399972523,6741.934000487433,0.07722684040751777,7742.949110601907,synthetic_gp_augmentation
410.84454912327084,4864.426799297225,0.5242069305114478,1339.6515679978847,0.21791603319214065,959.0189433004336,synthetic_gp_augmentation
2655.5901965253192,2816.0894631533615,0.3119983194245548,3688.163507759031,0.2596489458225904,2895.062674039112,synthetic_gp_augmentation
444.28071300938564,7170.93697420997,-0.3429517029867305,28442.01166829343,0.2594651516478166,28329.016581684606,synthetic_gp_augmentation
15999.634624641338,475.44185210448296,-0.07693023107496028,2755.3399059331705,0.06134868036117159,2764.1909764174798,synthetic_gp_augmentation
12219.461191550377,7163.744884074516,-0.28125375652007123,11214.079597574788,0.254020854910928,9911.254092049281,synthetic_gp_augmentation
1819.2378036502432,3311.1911562882865,0.8745961622965646,48.957648085336864,0.266625762031443,42.6120383966512,synthetic_gp_augmentation
11926.04131393106,5382.256172502925,-0.41642464150628145,9455.689575031718,0.19782310538663261,11333.118276256628,synthetic_gp_augmentation
5382.687794893197,5743.791369861825,-0.16742579043778377,14660.6191792871,0.2818883763528769,10708.622455036242,synthetic_gp_augmentation
8086.218797762021,2426.006214966885,-0.05302911564441093,6781.7796243315215,0.13775379481943578,5586.156336163461,synthetic_gp_augmentation
10621.973526065305,2813.2523679763635,0.10732373261098227,2594.7757145772202,0.2613141837224002,2296.3491204031297,synthetic_gp_augmentation
8074.500502388333,4747.548518473394,0.011998737921865232,4357.740020504686,0.28168075624468425,3739.222277128987,synthetic_gp_augmentation
11745.087388754264,7655.272426652974,0.2830670549841715,2551.6509913609193,0.2608395106423386,2078.8502349638893,synthetic_gp_augmentation
3092.7834131516915,3332.995698747147,-0.4918640041179586,24239.595067931827,0.2561535446119878,23153.755381768347,synthetic_gp_augmentation
7156.270118321395,7969.649452755476,0.038859554593069445,4316.344190194716,0.09188623826707677,4035.0513339982094,synthetic_gp_augmentation
11795.489414151793,6368.795672334279,0.5847853879310236,661.6055559933213,0.22126125868459948,584.3577831371733,synthetic_gp_augmentation
15434.81400161041,7424.866028914054,0.5371207967631486,632.2901686187691,0.2236504525579941,870.3778376389812,synthetic_gp_augmentation
13587.581213268235,5504.434821306006,-0.0736776329055715,4865.667659284438,0.06996223617313413,4574.666866672821,synthetic_gp_augmentation
9982.142881656207,874.610314486926,0.18344664244410291,2862.757847506028,0.09407535384247488,3113.693302436939,synthetic_gp_augmentation
9379.886729873468,2612.3308307076413,0.6823329032032126,123.15077742510245,0.19147601493293054,121.08038296389469,synthetic_gp_augmentation
9690.668419855465,685.3265054183329,0.7322179376633067,889.5291211441659,0.09911832962440048,792.1094513299604,synthetic_gp_augmentation
8768.340418290403,4813.984967326405,0.4947602410075813,550.8034084359098,0.2678674038493317,637.6973928151122,synthetic_gp_augmentation
1043.8697961168846,7985.19047327145,0.13915800349696106,3831.674582902834,0.07246342067662677,3931.609388992035,synthetic_gp_augmentation
11202.91267395246,2998.0369058820725,-0.39756893665709714,10122.854309425647,0.05931982742870731,9660.525048536918,synthetic_gp_augmentation
11489.755122060687,1303.5603402100903,-0.3329053680269891,8515.755281026655,0.23570896477131587,6395.358279010756,synthetic_gp_augmentation
13939.162925900433,4566.415753681511,0.002879677304107431,2562.59802774626,0.1282964635320125,3085.4716534251634,synthetic_gp_augmentation
10791.745163831189,4551.6942946741565,-0.46726245110056414,11517.07514969642,0.11481800434084771,13024.509513743511,synthetic_gp_augmentation
5866.36805992657,1838.5666634904485,0.10903050701750461,3497.5642269174514,0.23636775529819926,4599.21409932119,synthetic_gp_augmentation
413.1402222182846,6005.6379243025995,0.3365582725044184,2231.0080184388094,0.059336740949334464,2048.3995058097157,synthetic_gp_augmentation
1040.6701793131133,704.0983319468834,0.33423219652958014,3796.130655889552,0.07111512981955166,3828.720642672306,synthetic_gp_augmentation
5693.592360104402,4984.322262112178,0.277416525481328,1942.0690835237174,0.07052515386068019,2125.6056436485187,synthetic_gp_augmentation
7447.474670659058,3405.591591603055,-0.18336079484863005,10929.779886879553,0.1656579568886278,8125.669591998728,synthetic_gp_augmentation
2753.2508001839583,1017.400158745974,0.2268644623645737,5983.303401079402,0.06124971434576252,5230.71622824186,synthetic_gp_augmentation
3110.3200721198505,5075.078016765233,0.871770302583865,54.840075939116176,0.14839625240049212,77.10729045290938,synthetic_gp_augmentation
3760.360604591447,5384.3953455594365,0.12246490183604286,3385.306467154201,0.1934854924916568,4038.1520209882547,synthetic_gp_augmentation
12510.162099262736,3520.162365049531,0.724288360883037,80.2497209894248,0.09875452648541519,98.83282091499751,synthetic_gp_augmentation
12363.476671133165,6383.942555723319,0.0339676176267204,3249.150985788871,0.19691939479479212,3343.8873129988287,synthetic_gp_augmentation
6188.729868079083,4074.5326752838846,0.3722622129405885,1285.1154985049955,0.13997348668778017,1218.1463943344766,synthetic_gp_augmentation
2840.5936671918935,2286.0356167883388,0.1745744692113138,5006.180927488192,0.2735952249730051,4824.422762704637,synthetic_gp_augmentation
1485.3560615500542,7552.352301998966,0.7563289754524798,352.7747650898874,0.11791994614219091,423.07431227323883,synthetic_gp_augmentation
6321.340089300016,764.9711577467597,0.11726104888920874,5075.589850424019,0.05857823511297146,5063.938775421831,synthetic_gp_augmentation
824.1246898057985,7568.650260387068,0.560359241563493,1336.3108552422973,0.14033704308625222,1248.5729131725554,synthetic_gp_augmentation
15388.378556404085,853.1533004578771,0.6053623646938602,207.04208083117004,0.09447136011501797,228.0515421319118,synthetic_gp_augmentation
8169.323388199615,4154.602174817716,-0.4656216015738905,20331.704295042076,0.2447080484018672,15454.75850811725,synthetic_gp_augmentation
13180.050043679505,279.610480620792,-0.499734485074458,4378.515610932363,0.13536620433035582,4816.432376118827,synthetic_gp_augmentation
2155.3285397368454,4710.856564487014,0.7361435473075368,236.9044082425078,0.27643045706765734,274.0537448339978,synthetic_gp_augmentation
4362.452640314307,7465.501134945495,0.5210387772924905,1242.2855155374882,0.09171137920647872,1386.1133200568147,synthetic_gp_augmentation
15150.08846824974,2945.6778998836644,0.8413848450385735,46.557400063330036,0.11325511465535971,45.06948758579295,synthetic_gp_augmentation
6198.475161250975,4069.001392409264,-0.09052464835104296,5225.865792028904,0.13282152799366947,7122.34405520113,synthetic_gp_augmentation
10409.657442328325,1820.4826072214084,0.6031555538011746,98.73030477853253,0.2529658353348718,121.14236670190076,synthetic_gp_augmentation
15620.415788685172,4327.569919431141,0.6221309079646915,345.30274339540506,0.25674752292573244,273.2602519476376,synthetic_gp_augmentation
8857.525325658695,6420.597349946912,0.7002570856467631,338.43843762639193,0.21499708369609785,312.80567106033374,synthetic_gp_augmentation
4955.000592736901,1722.0661914978389,0.4688390791820929,1580.3754053955975,0.26919173561125737,2111.760515749945,synthetic_gp_augmentation
8557.980449637791,4427.894095716138,-0.30636881061581966,10469.17891139252,0.14060886566275563,11343.224593420644,synthetic_gp_augmentation
968.731469360663,2837.146216943315,0.45331983533396436,635.6915955302467,0.24524940454900662,727.8829185529399,synthetic_gp_augmentation
1886.6809980737896,5982.976624590063,0.34627717277283865,1975.4548998724715,0.07590763416126246,2020.0879982177469,synthetic_gp_augmentation
214.02057033109173,5616.309295657624,-0.032859070478434005,6589.706126786469,0.19575526356165163,6652.159157853657,synthetic_gp_augmentation
14158.939660883569,5590.31724891268,-0.20794111157244882,6140.037031989793,0.16340747331719352,5835.697103749713,synthetic_gp_augmentation
10773.35881950357,3022.4250697951593,0.7391399220389447,67.50203387146563,0.06971697597623033,72.50143344407354,synthetic_gp_augmentation
4843.443265610695,4794.234423763824,-0.30127490705573434,19211.656616284632,0.2742674589423735,14562.358996299408,synthetic_gp_augmentation
3616.466565396143,5208.681469491779,0.0910770553715402,3489.540170320204,0.2737066510254034,4447.475335263813,synthetic_gp_augmentation
10960.9179584087,5446.5117789578335,0.37191793178800936,884.2186592334062,0.11129312366360075,1050.3000890445094,synthetic_gp_augmentation
14720.559830085991,4602.050832300579,0.8605150039817191,41.77458251984839,0.1860440276079032,47.94008718204273,synthetic_gp_augmentation
4856.31154772856,6934.4379745858,0.4393668933756181,1702.0599194882157,0.12711118426130738,1685.5205680126605,synthetic_gp_augmentation
5212.78983924983,1990.3886341600207,-0.07317052150986686,6948.292074748683,0.06760689829400411,7107.483055217565,synthetic_gp_augmentation
13682.42753058099,446.4543148910121,-0.415073291934279,4515.332238253244,0.07669962033316989,4537.870092822319,synthetic_gp_augmentation
14304.67547255166,7700.027630990399,-0.05521562801458446,3132.7161841154916,0.30159859019306945,4270.296513162347,synthetic_gp_augmentation
14633.181412593478,485.86981299094845,-0.09009881696089728,3024.5986350812304,0.06703248262195279,3299.688433148541,synthetic_gp_augmentation
4761.151907306447,7223.645246335637,0.6467112745392392,620.0634562696471,0.2846186880615512,748.0211698858163,synthetic_gp_augmentation
2012.9698247819474,4898.2794956337875,0.02721837632590285,5487.044368313265,0.17827537869013324,6521.739149117637,synthetic_gp_augmentation
7095.961394776818,7349.923082516796,-0.3621723339626389,21929.989277928853,0.23992875858161863,17278.466978638022,synthetic_gp_augmentation
4802.661355744779,4519.631444501112,0.7179684477693666,272.2788271001948,0.09069768874397405,306.9348760786625,synthetic_gp_augmentation
14153.48000230819,6568.069803942457,-0.4747240265036504,9548.879794300557,0.13494734704064998,10180.009168293263,synthetic_gp_augmentation
682.4955746763635,5770.322105876269,-0.4957868462603182,47262.44010508908,0.282053671066666,33877.668306771826,synthetic_gp_augmentation
10178.69946721673,4200.897069285365,0.164654540874264,1938.304011876626,0.26965524314034367,1627.045000230307,synthetic_gp_augmentation
14508.283715395011,2906.588719628954,-0.40309159401262606,5229.485896949766,0.1751219494448248,6804.551540621513,synthetic_gp_augmentation
15629.05883221645,22.87216550673854,-0.2520573455670389,2206.1168651957805,0.08281652267338072,2866.9107582227134,synthetic_gp_augmentation
10437.076528838887,2007.2421965550157,0.8793984149706053,52.802516279402894,0.19860872052264,43.77174504827643,synthetic_gp_augmentation
15203.775016655842,7614.134467791547,0.6821110041899514,433.7350196542935,0.2403760196164891,409.08450032078514,synthetic_gp_augmentation
1302.98545573857,2203.6947829199303,0.5696527463044172,496.13682128137424,0.27223163718217724,396.7309939921203,synthetic_gp_augmentation
5812.525701340212,6014.819541297603,0.43911027447608186,1217.2135701278592,0.07465567154636961,1412.2680992275996,synthetic_gp_augmentation
238.56368749506566,4067.980916250687,-0.43305837137278214,32069.121895690245,0.13330697041389833,28938.814114799647,synthetic_gp_augmentation
15700.821977834014,2468.1150772383944,0.6702721965578939,105.52624324859623,0.10306169023351389,102.88400440348164,synthetic_gp_augmentation
14453.351012390518,7928.747591699044,0.1596636612254837,3162.5369163226087,0.17000826422521376,2468.370970866208,synthetic_gp_augmentation
546.0356443464016,375.7950201983533,-0.36235203654697806,10153.18529415879,0.07718064512081092,9150.284726126067,synthetic_gp_augmentation
388.309142310279,4656.616851792191,-0.07894858438997421,10231.77296030462,0.2393537390904296,8053.566315804172,synthetic_gp_augmentation
5934.814956291221,3692.1457280776904,0.20275536769836333,3229.8509542623265,0.26414722022922205,2699.371741447186,synthetic_gp_augmentation
4210.753671975339,612.2112776164928,-0.48082756361034995,10300.470851244701,0.11768365050735814,10269.03304951972,synthetic_gp_augmentation
13566.223208155785,1712.7696465228403,-0.14661273772806238,3700.987118575563,0.26608277821785986,4011.038991450976,synthetic_gp_augmentation
2651.7020120226107,5553.935789423131,-0.02970691976852785,8399.241487803209,0.11205740097713297,7239.1148262928255,synthetic_gp_augmentation
12671.326456943632,866.6290383474679,0.1493078753484357,1989.2745393703012,0.08767585399965487,2333.7181634785884,synthetic_gp_augmentation
8915.909229851546,6408.200884397699,-0.497225752196627,17485.307691646336,0.19229794154439206,18192.818852240955,synthetic_gp_augmentation
6100.529165339306,5000.487951616908,0.29161966825380126,1958.0383200230656,0.06416788506854841,1879.6138317209336,synthetic_gp_augmentation
2416.944211560722,806.8607590688553,-0.22331280478371907,9491.328075524394,0.08127221494554941,8251.456970314888,synthetic_gp_augmentation
15963.29176475877,2294.517030105979,0.3361507430480063,469.5185612321619,0.2726466301512582,582.1895898269219,synthetic_gp_augmentation
9925.979322652434,1097.4228987749157,-0.16518957003409107,6129.426241008448,0.13171395393705992,5406.833777703372,synthetic_gp_augmentation
7086.177497831109,6380.810364462136,0.06380581821316056,3232.1070474389257,0.19869720205360944,3206.9470589920365,synthetic_gp_augmentation
6000.928149188433,4263.677001005336,0.3730822789447914,1711.8277908973305,0.28067885443093415,1242.8667525941821,synthetic_gp_augmentation
14501.0788670306,22.639493732691918,0.41920164901714785,834.5660567673972,0.06511162268955992,882.7576403492022,synthetic_gp_augmentation
13156.9497502331,4343.22917782522,-0.45716602963383474,11078.279262393313,0.24394709669055425,9240.554247755777,synthetic_gp_augmentation
12997.854035054757,3862.429474119608,0.24910436731091146,1007.002606702531,0.21897864972985157,977.6340908081346,synthetic_gp_augmentation
14218.509664863248,278.7524438959688,-0.21100773622378494,3737.295363155037,0.05986514584150617,3795.2889896194965,synthetic_gp_augmentation
4858.52611674092,283.40633546437834,0.24478409284373814,4933.971783824871,0.06469220215776607,4439.374192985382,synthetic_gp_augmentation
11288.9275490963,2794.9448407628543,0.1266604993416116,1476.0810051446895,0.2712779396877116,1925.0830050869592,synthetic_gp_augmentation
6530.719104031091,5508.304769291897,0.689908871069268,307.3635426901622,0.09452260571852399,348.59077586886593,synthetic_gp_augmentation
9639.981056099105,5332.464740709565,0.11426830449518821,2425.530278579957,0.24720226319919578,2046.311280829361,synthetic_gp_augmentation
8250.642361832426,5465.004779048501,0.2859365099329165,1943.858419374946,0.0886499344049976,1628.0353109322139,synthetic_gp_augmentation
9224.428889420711,216.90188907042085,-0.09131264263195227,5467.569130807645,0.06401204845974318,4863.99922240242,synthetic_gp_augmentation
14367.416129283085,4454.266653555637,0.3351358602766419,898.9048765646519,0.09882512334346154,880.9037991113996,synthetic_gp_augmentation
12479.864061754668,1912.6945434816812,0.08274173365195547,2819.830631569629,0.1563206590669031,2313.2823860865296,synthetic_gp_augmentation
1136.4328815422282,4162.384714659718,-0.10180087590134496,7097.163444871231,0.24518855579194815,8782.03749014477,synthetic_gp_augmentation
5229.971776067437,1737.341252982424,0.43838710485961196,3092.873555501314,0.2724247001170051,2323.8349633290923,synthetic_gp_augmentation
14355.341204732895,4514.572844393938,0.5695943741409546,317.05557084239626,0.06857628849272569,336.852848480207,synthetic_gp_augmentation
12316.80484302264,1191.7906898107474,0.8000803966993,54.40730505836162,0.22443332128997093,61.83822573904385,synthetic_gp_augmentation
10719.979364443443,4083.4106824384426,0.7386509775743106,115.52335419507644,0.15950246415161543,118.1190958343077,synthetic_gp_augmentation
6702.695209154897,253.6082243506197,0.6843320792648999,2358.3208499746997,0.06625064770704059,2051.5614425959916,synthetic_gp_augmentation
6511.536993480758,4885.737923756914,0.7074042049340086,240.96867051774564,0.19771091073973743,282.37674209093535,synthetic_gp_augmentation
12962.026552693736,6002.522347980027,0.5366662061485883,634.070448790712,0.07991976806144074,621.2704782208572,synthetic_gp_augmentation
4771.106639064627,7648.588502488315,-0.12518997899185125,9866.107316973876,0.2526924819380724,11304.38347762193,synthetic_gp_augmentation
10988.826775945477,1625.0108197152774,0.7290210450175449,58.04341259958717,0.2018066933652684,55.63130264187526,synthetic_gp_augmentation
11646.715522440909,1669.5629379966297,0.3393678468740884,1026.8126818791761,0.2397608531891631,894.1084106300095,synthetic_gp_augmentation
13528.440230848308,2438.6465938306987,0.5368563853798267,78.5258077438352,0.13239094835719237,109.92121454230954,synthetic_gp_augmentation
5186.18089224155,7126.112299655244,-0.21263970160975948,16428.207981177853,0.2101145149545427,13647.73672440962,synthetic_gp_augmentation
11896.039342727414,3254.8573095429783,-0.2796252502803652,8118.926826101225,0.2822478996533467,7620.21872275861,synthetic_gp_augmentation
1793.1893715011213,2414.350504607639,-0.1124077108953852,9582.5108728034,0.15387793416061984,9137.568537633026,synthetic_gp_augmentation
2295.181490335285,5929.446255035008,0.21591908748598676,3295.0544253398593,0.13719149838540695,3334.6302413522562,synthetic_gp_augmentation
6735.6430387570845,303.9214206211396,0.08327513456761715,4717.398312504455,0.06220822820098789,4992.349190204116,synthetic_gp_augmentation
978.0898440484317,4390.516090466451,0.7426512504541525,218.0854256417402,0.1879714093304897,235.54810451286548,synthetic_gp_augmentation
15168.40331129888,3601.5199286100856,-0.48177409558642714,10260.076392988361,0.3471042881133054,7553.150026869353,synthetic_gp_augmentation
14440.143387098833,4998.865685941247,-0.3879322498756723,7298.56836150985,0.08910321918418265,7448.99848477753,synthetic_gp_augmentation
878.0457588609061,5848.7973879232995,-0.04442619558324423,5504.195640123866,0.23305474648658134,7468.804482108082,synthetic_gp_augmentation
13429.156378087233,2599.9070843621716,-0.2651748745753482,6118.372919268323,0.1736667636027375,5923.253351035653,synthetic_gp_augmentation
8191.099368031403,5091.33748818594,0.06945086266619571,3312.653668834225,0.1635957656263977,2738.653299483496,synthetic_gp_augmentation
11261.209925139443,4194.629623687957,0.5046303406792076,534.8967351762847,0.26592875434771995,396.65872680459177,synthetic_gp_augmentation
9273.894344535407,7053.809664077285,-0.21709535388552403,12528.17917661871,0.12304477399076315,11309.011864629016,synthetic_gp_augmentation
1949.6008945256083,6036.721342646841,-0.12763551158737435,10512.226683766727,0.0870954975249252,10424.406699249394,synthetic_gp_augmentation
140.9999067367214,7373.23307383223,0.5762341093683896,1099.5330549573578,0.2151983177572543,1089.9564227065075,synthetic_gp_augmentation
15192.790900777325,1958.4524837686113,0.48524996183260405,112.5832342011653,0.11221915905075062,146.5187831878585,synthetic_gp_augmentation
9204.687758649814,3444.209801087915,0.31688466759533274,1072.252575652211,0.11166710258729078,1136.534419665798,synthetic_gp_augmentation
6029.732295602845,3094.947403558952,0.6968517383629977,178.22450468843255,0.1674179812930724,194.48708289492876,synthetic_gp_augmentation
591.6600715865223,286.5754610572493,-0.45332851514516126,9893.01349475561,0.08432091232547573,9534.257787351986,synthetic_gp_augmentation
11305.960680910028,31.390289607038824,-0.46865708744950463,4824.345558555268,0.06641019061798077,4438.978946703499,synthetic_gp_augmentation
11138.371513572292,6776.986072730337,0.1993131903492491,1605.4508114927532,0.27906053089070404,1987.4376235956342,synthetic_gp_augmentation
4136.742265763091,1150.9954000628254,0.061996546956847864,6022.902515794927,0.17853564049512774,6278.933785583808,synthetic_gp_augmentation
1114.0623527255327,4007.6173390821123,-0.14417158831485138,9403.740231187503,0.0701314741642437,9366.975885257978,synthetic_gp_augmentation
5142.383120011478,4835.8509527984725,-0.2555593464624213,16629.66446038788,0.24683509915081298,12631.134852215451,synthetic_gp_augmentation
11234.076742069981,1354.8098030612073,-0.13102371077814567,3751.2557762501383,0.20231394680795403,4801.20930228879,synthetic_gp_augmentation
13134.54168099144,4945.689005320893,-0.4884878369452289,9752.00910771545,0.11136879098276803,9878.402785558712,synthetic_gp_augmentation
3636.882136527627,6060.775155589889,0.3123123793830508,2245.9081217348175,0.1336667272223097,2187.632957936727,synthetic_gp_augmentation
8498.874009445433,6838.116129153437,0.7051180945066453,339.42572564784217,0.25038084702199126,341.8823645744936,synthetic_gp_augmentation
745.6727234717704,2549.2300779002494,0.37067810991487293,1274.5064732420146,0.10083324002714747,1095.2722727644386,synthetic_gp_augmentation
3506.6675846420444,271.3712042881547,0.41225011639116704,4137.18961217536,0.061336760593836824,3646.4148214139727,synthetic_gp_augmentation
12212.00952462112,4863.585651543256,-0.407151482595964,12862.490583443943,0.21930572371162735,10453.269984733692,synthetic_gp_augmentation
12444.830968883673,6247.160591556732,0.07260618631084959,2292.56209942079,0.2821377860164163,2773.539431676681,synthetic_gp_augmentation
2363.968007313495,5439.053674928995,0.16319744802191727,3705.600424990024,0.1208172729995601,3878.7513705185947,synthetic_gp_augmentation
6821.063789649788,7740.249602571213,0.8655101093764308,99.88927560833766,0.3310607607471109,124.01116587257478,synthetic_gp_augmentation
15864.632119041938,4676.37916118833,0.5474565580044191,605.7294382605103,0.2565295871746254,443.00938246709336,synthetic_gp_augmentation
10499.710918027544,7234.508403280879,0.45749792576838777,1139.9600250353562,0.28727700859358746,1181.4170388937262,synthetic_gp_augmentation
14969.713253192092,5135.147059792355,0.10465024869944306,2874.6974353256674,0.21744971369009272,2301.8021409057483,synthetic_gp_augmentation
2411.069849634158,1453.9547695894726,-0.45176927685959756,16746.03106073996,0.10221780069405965,16371.507272003597,synthetic_gp_augmentation
7268.885042293642,6394.46543607167,0.2541585413117118,2340.8228520943817,0.18169380321879638,2144.459565777911,synthetic_gp_augmentation
12368.560841683311,5549.588993709722,0.4252337225274241,725.9055017007729,0.11133736618510062,821.5002635032089,synthetic_gp_augmentation
10156.885088842982,1947.4559115259522,0.35103351658534765,948.0263707217285,0.10626513417480381,1036.41977505227,synthetic_gp_augmentation
8236.064540741205,2665.00413027146,-0.0794861648571965,7474.023080225434,0.24461009171529727,5904.401315605002,synthetic_gp_augmentation
15871.677606566078,6571.928212818975,-0.19055603764220086,7831.495223984753,0.14753122966171128,5671.78229167098,synthetic_gp_augmentation
2864.573387041314,503.11678426864324,-0.37386836962256365,8235.843888485739,0.06792964707005261,8939.393334654267,synthetic_gp_augmentation
14972.044255749031,5065.598116919527,0.48396392203831384,607.526438069432,0.12728414356319748,563.0781859325423,synthetic_gp_augmentation
7541.088165398983,1350.5749781404547,0.23503145073617093,3047.4749789946186,0.20445044530186904,3304.0156836177266,synthetic_gp_augmentation
8504.769950670665,1320.9736740819453,0.4424557315133989,1424.9376210905177,0.2220166169866904,1719.6970664586117,synthetic_gp_augmentation
4319.328135993919,6481.580970031835,0.4696435035870862,1497.7460527066503,0.066468106827491,1474.067224399035,synthetic_gp_augmentation
15422.153337511609,123.5612435013982,-0.2739810518480981,3209.075569118634,0.07420646340356682,3374.1462391342484,synthetic_gp_augmentation
14592.646563233153,5974.731522479537,-0.23147801360295972,6439.896479886343,0.08405612388011809,6081.150595467308,synthetic_gp_augmentation
15569.191093360667,5861.337816035895,-0.20855187748172738,6809.48255138721,0.22967398242272444,5743.830451356871,synthetic_gp_augmentation
10749.821513377456,3276.1413046501293,-0.47818791522118015,14238.173284888739,0.2874042757425743,11711.941759252451,synthetic_gp_augmentation
7281.7993833113405,226.5654681936562,0.2576362822133159,4143.624991288228,0.07566794850659486,3442.1998756731673,synthetic_gp_augmentation
13626.669033791246,6414.213346344138,0.028048671290298532,3244.9913081381032,0.15553662331906348,3347.752889261111,synthetic_gp_augmentation
478.49755759778304,1005.6576304515304,0.42309047062883387,1682.4933438415435,0.05785877868672428,1500.3590279736238,synthetic_gp_augmentation
13367.024310944704,2246.2998732776455,-0.19131096932322683,5800.344776369136,0.2806447256922855,4868.112748195917,synthetic_gp_augmentation
8006.847784955005,7574.263414329626,0.8456391476144125,101.4328121165691,0.14858616467342026,131.65583240189986,synthetic_gp_augmentation
10804.198430626342,2414.8882121293695,-0.03629853220414331,4353.960507687337,0.15290955174429127,4299.383858875161,synthetic_gp_augmentation
6047.332375345871,2041.1132031593731,0.796297494263202,201.64233062507728,0.12271141847307684,191.63112784062858,synthetic_gp_augmentation
5961.108146482373,7786.964443027235,0.3248804997549045,2407.7811474817695,0.32084202830789726,2468.935893107071,synthetic_gp_augmentation
604.3027296931148,687.457616765351,0.08024553856010763,3015.0139460783375,0.07071582393407914,3333.8797700726436,synthetic_gp_augmentation
6838.251943821311,1285.5231033387797,0.5274397325756888,1414.365214432094,0.23468093113543365,1803.0033683389622,synthetic_gp_augmentation
6592.831707167347,3506.540119054281,0.27429054397207386,2030.3903397050613,0.056737838152486265,2100.320010558118,synthetic_gp_augmentation
3674.1785197023332,6301.385022732406,-0.30598446364015086,14733.445851528944,0.27078728995137347,18100.523249806873,synthetic_gp_augmentation
4032.440049282303,7074.871511546212,0.4862848795346568,1503.5839388035117,0.14052661535529476,1508.3866890373138,synthetic_gp_augmentation
9387.819329035936,6045.085781462128,0.3112914772288272,1172.6758866021555,0.09746764227338033,1525.0470482365606,synthetic_gp_augmentation
13301.005353374907,134.7691408556688,0.5334040925118313,1295.2805341453095,0.07545201335510734,1057.4611062893161,synthetic_gp_augmentation
1871.0231990273571,4956.052439931516,0.4148722626161129,1525.340057964621,0.09502281370710762,1478.479977477839,synthetic_gp_augmentation
9284.554650543194,930.7696150794707,0.01273958886439075,4343.392051085332,0.08502531245101332,4654.233333634784,synthetic_gp_augmentation
2644.7111615117274,7282.90192483896,-0.05411572248547658,11415.635059668692,0.28371828982815217,8496.121919105264,synthetic_gp_augmentation
8499.025968038475,7482.457658875139,-0.14885360130030473,10359.445884100243,0.06905348960714962,10295.751799866805,synthetic_gp_augmentation
8885.479602510068,2424.225741630381,0.30520360262150226,1392.6101519315605,0.13981647865125513,1536.9848672190394,synthetic_gp_augmentation
10312.533215759093,6621.668281463987,-0.08015713720441969,5603.984226330789,0.2027117965745124,6989.7484297567025,synthetic_gp_augmentation
6896.05666163901,5042.204603098386,-0.33141439148219043,18553.7621201468,0.12612542569710056,14052.271243393372,synthetic_gp_augmentation
8200.647493555145,803.9102758804653,0.5957764890251058,1672.710262987402,0.09007265048587354,1747.2795919253886,synthetic_gp_augmentation
2977.1465956925636,4822.145274627554,-0.20721486094474195,12556.742976210548,0.255930854312013,11595.127658849262,synthetic_gp_augmentation
7461.944060807641,7808.456314861348,-0.2691722114177182,17984.02273637552,0.31336681384751053,14335.061462552947,synthetic_gp_augmentation
6031.18318659922,2464.752392045785,0.6886013619561968,194.48965525555434,0.08681554230559249,223.22845545655852,synthetic_gp_augmentation
10691.484564005115,9.126209168019095,0.4829792121264648,745.2097507126867,0.059894330981871566,800.0474392797688,synthetic_gp_augmentation
7013.665403594128,7814.333417625432,0.5726197519952994,1166.4126973938114,0.3093387319659672,997.8797996535524,synthetic_gp_augmentation
12491.532250585502,3311.8673396040253,-0.009495235434430371,3314.343150416319,0.2620510934986081,3313.8677824170727,synthetic_gp_augmentation
6873.274367321705,3447.462142747063,0.3644106908109478,1450.7290182154802,0.10653023138402046,1269.6586029031303,synthetic_gp_augmentation
3848.761650285943,5700.8969367499085,0.8050719503063704,128.41556645271856,0.2814801705718566,145.348345959121,synthetic_gp_augmentation
4451.6506314414955,4835.083097155394,-0.10422383257799162,10233.815620763131,0.24511557836772982,8310.88419344774,synthetic_gp_augmentation
820.0350789570215,2415.892898495912,-0.40345306616779053,23204.554727126586,0.15406787805529815,20571.330792752975,synthetic_gp_augmentation
8684.70908855447,799.8230292477384,-0.2607707172705406,6028.512960907041,0.07681151269144018,6064.7545573954985,synthetic_gp_augmentation
13311.006054015117,6618.900159577566,0.7564527952816797,190.41471205597912,0.2061492994056649,196.77249293301352,synthetic_gp_augmentation
12328.876138399364,3867.0174107712205,-0.10585648492908761,4789.228640693212,0.21945423390815144,5147.192108924854,synthetic_gp_augmentation
3218.3136467977442,6884.037600953164,0.24839650769313826,3183.0041000869073,0.1962603394909797,2975.927747351466,synthetic_gp_augmentation
13829.4026484295,141.77903428177885,0.8440190750247438,324.94046950965514,0.07267346835512861,289.6597173268338,synthetic_gp_augmentation
1002.8184413165876,6875.082215541531,-0.07792937857346527,10149.990415944412,0.20563197645920625,9136.621037940102,synthetic_gp_augmentation
6447.641330719655,6014.362078054144,0.22994780738604648,2365.3543714239604,0.06487723378769461,2386.940698937903,synthetic_gp_augmentation
13720.180763904822,7574.573999891711,0.8413740599855954,124.32058384282108,0.16411371116087947,117.26116169903517,synthetic_gp_augmentation
6351.509329726723,1868.7264421502698,-0.21811725191210662,6761.767347070513,0.20876636298195678,8026.02906616809,synthetic_gp_augmentation
4328.597055498159,5291.8299409001565,-0.41095054154966876,16142.188170085461,0.2761042040817244,20895.15343281693,synthetic_gp_augmentation
9640.468123712879,7406.343909289866,-0.13183474987870547,9120.055069378323,0.17130033631732375,9162.66802322001,synthetic_gp_augmentation
2517.370932343677,7941.354891595125,-0.4030990845822353,32638.413695703945,0.15559874224414738,28337.54698298215,synthetic_gp_augmentation
10513.471696793456,3333.901204685448,-0.03778615327355661,3869.49229727144,0.24617851309535546,4420.674927346284,synthetic_gp_augmentation
7066.774706068008,4313.837405765951,-0.21099266908486347,12079.227521611094,0.2614598969638309,9759.738864612791,synthetic_gp_augmentation
5416.793063046298,1364.4080609098523,0.6177820119511095,971.9424245546171,0.19465210085535894,1190.8416891622758,synthetic_gp_augmentation
3930.7151403183057,5551.802937908787,0.14875362876269493,3753.4638936426095,0.10623996863339398,3716.2342457936907,synthetic_gp_augmentation
13190.94677512168,6698.963383143316,0.06700029925630313,2810.7488230784693,0.26973914463399096,2964.6960502065303,synthetic_gp_augmentation
6407.115764668085,6389.19449955536,0.4692523784837478,1129.7563960240552,0.1896386818028404,1286.0256404262175,synthetic_gp_augmentation
7101.647562934412,7706.1121257115165,-0.07783924985280777,6468.25799393458,0.3049941268942116,8821.048681888084,synthetic_gp_augmentation
1560.6882714997928,962.7726963042509,-0.40654853371669564,11629.287663085943,0.06737844583195585,13502.057522344732,synthetic_gp_augmentation
7104.045005159441,3951.7601207692783,-0.3463077658441148,11947.738331931278,0.10388577208068622,13064.988936118878,synthetic_gp_augmentation
8172.2356977986465,4436.777041544842,0.7001010333489457,221.41272619872547,0.12691011993500378,218.03212862721645,synthetic_gp_augmentation
7379.6908765446915,4292.110856429237,0.684196987753688,241.0440903032667,0.2738388941916408,276.56933569125647,synthetic_gp_augmentation
13078.243216797533,6063.126237431552,0.16551156967911107,2329.1111532653435,0.12275996450210129,2035.2552017909734,synthetic_gp_augmentation
14582.536449784166,4876.857859818014,-0.29329985137168935,8443.182030807098,0.213205710100586,6420.936063384568,synthetic_gp_augmentation
12609.78093585544,617.0354663533973,0.23708512722625308,2210.4973060308694,0.08244527668717462,2170.4725786937884,synthetic_gp_augmentation
9366.232245154259,1438.81322749397,0.4357906462517086,889.6989309649244,0.11177147217367765,1158.292195154289,synthetic_gp_augmentation
10349.394878966177,5556.380808507351,-0.3844747596508409,12761.554091188795,0.12602265938746662,12622.216260195122,synthetic_gp_augmentation
4676.501713386055,4113.396257684625,-0.04928170158059847,4793.560937651429,0.19065656884408552,6419.061331129259,synthetic_gp_augmentation
13008.364853764093,2844.0622675237178,0.46680355324583755,159.88187310440674,0.2421404565973324,183.11365907808826,synthetic_gp_augmentation
13723.886023898209,409.076493966916,0.8697147643519854,214.0991826508859,0.07390418648976184,206.2622832697905,synthetic_gp_augmentation
4348.752894591105,6287.047194680889,-0.2338737956795599,15661.836284467256,0.2759981172281387,14232.702265677439,synthetic_gp_augmentation
14454.809509427234,3977.5539191847092,0.7803780466794938,75.00209214027673,0.08029568555562484,76.12133713059417,synthetic_gp_augmentation
13594.850311467511,4310.313044376741,0.13927207645130946,1347.786158166205,0.26428098958021656,1716.9417854876297,synthetic_gp_augmentation
6849.339602971912,3751.6651221433294,0.428505375631157,898.4117717842441,0.28139311408242607,815.0624508160568,synthetic_gp_augmentation
14553.103213274655,2122.7633259659733,0.7091785042963019,61.00012656599243,0.20191730045374484,61.75696887601017,synthetic_gp_augmentation
2014.9800016029792,2210.987717952385,0.2804445786396046,3761.9528986471705,0.27218854455173974,3820.8257430449203,synthetic_gp_augmentation
544.9862914215157,508.00629799992515,-0.4139540623583957,13000.733848373011,0.12238608841642606,11168.09072245231,synthetic_gp_augmentation
5631.082526945464,5660.792129615462,-0.1279098590319412,11507.060369272249,0.24145715470310813,9301.65303763188,synthetic_gp_augmentation
9090.427611354786,2174.9829850681754,0.6240680183785412,183.35443774057939,0.2534209042002403,183.40540519620592,synthetic_gp_augmentation
5687.937571072573,2388.490785394222,0.2740485702626785,3548.2307065700647,0.1878648193717091,2848.9239783103058,synthetic_gp_augmentation
15078.876965374617,7948.000968022721,-0.03929603498019457,3858.1558612883173,0.14072346899569815,4005.6669191438077,synthetic_gp_augmentation
4149.892641976807,3086.5004465935904,0.3166224160565644,2851.022257311936,0.1579069422458304,2689.471545081014,synthetic_gp_augmentation
4571.292958123595,4085.5776620320707,-0.12400185139974218,7317.758752139567,0.15579749644946536,8369.459704289544,synthetic_gp_augmentation
10193.759039463195,3091.7848060894526,-0.16258558023154623,6442.487993830978,0.16374807463569954,6680.975288224153,synthetic_gp_augmentation
161.43572923316043,2321.528905955003,0.6597502336992807,225.65903824899354,0.2815575383247898,181.78368414108553,synthetic_gp_augmentation
11668.157132438128,46.80590597412326,0.06009464877728554,2686.0731865527264,0.05691196970464145,2704.423574865247,synthetic_gp_augmentation
15646.191095528407,3785.2294035204927,0.07284700489581752,2028.886225409062,0.29050174748957125,2229.6348640711085,synthetic_gp_augmentation
1572.7821589973807,22.650719629898397,-0.240678913009373,5544.158577117863,0.06007603166060118,5294.222955905291,synthetic_gp_augmentation
1501.872900094121,5400.316854754057,-0.00472918728480759,6226.709523996652,0.17301332408144918,6991.528184379258,synthetic_gp_augmentation
15246.693932281905,949.1256322715094,-0.4153857010305769,4720.057757932367,0.16485398504974802,4972.985082933658,synthetic_gp_augmentation
10976.419505359645,3663.720461460173,-0.39511028356329003,9604.47793459007,0.24555344633254486,10468.477254191435,synthetic_gp_augmentation
6898.935515894078,6774.256647131592,-0.4846299822962822,28113.406957157757,0.2898502169432761,21259.336192267092,synthetic_gp_augmentation
3287.6747690924935,571.966791875746,-0.2953380839389699,8594.227122062071,0.08768315657300606,8119.569218326877,synthetic_gp_augmentation
13990.871968329271,7916.907879029074,0.39654233096928804,1908.162364655661,0.1905010206180927,1559.3448462842102,synthetic_gp_augmentation
3304.739249974313,4646.686624946905,-0.22500341013499486,16274.504866601437,0.22962682097614917,12022.955390642392,synthetic_gp_augmentation
11336.199541965498,3159.9476713372414,0.028905950293904414,3079.3349847734894,0.24032506848015636,3176.2142853909854,synthetic_gp_augmentation
12236.857348571002,156.08212268323473,0.4878194708308101,1494.5412549332539,0.06609440047812222,1384.7406847748741,synthetic_gp_augmentation
4785.031812800991,4694.584625291081,-0.4554475735304351,24342.630859868277,0.2742841173237896,20978.85782699375,synthetic_gp_augmentation
8128.144321013212,3959.123712060043,-0.20731751916772811,9906.724803844605,0.10810080895339014,8803.197901070049,synthetic_gp_augmentation
6124.98155354242,3923.5802687000055,0.3357465210543017,1612.6319342883037,0.14226207043174888,1539.4717407312921,synthetic_gp_augmentation
15445.63693265214,102.3141121838913,0.42397151023048774,1053.3923884739236,0.06422421902770796,1053.8040181704314,synthetic_gp_augmentation
11120.89475100544,7995.820912230351,0.2224672112067717,2521.5459379978547,0.06541358010321922,2634.380475913737,synthetic_gp_augmentation
13561.16587842919,2656.915529325028,0.8522494476257014,25.017483956777003,0.24274696944838245,34.64407564486822,synthetic_gp_augmentation
8695.533186321181,3841.7771844895183,-0.297984171525014,9173.26762209768,0.24258009602546282,10411.990935476928,synthetic_gp_augmentation
3900.731900206563,6278.225344403253,-0.40567809256389775,32358.13653937643,0.2808080964593228,22861.659687639927,synthetic_gp_augmentation
11434.789721008377,5702.226748747339,0.6426326344474909,305.5013258169889,0.2743520244960274,353.94438932782566,synthetic_gp_augmentation
8059.030576570006,7108.472325616808,-0.49426508266095875,25462.52154829594,0.19937126122599982,19921.12623724313,synthetic_gp_augmentation
2911.897002902233,7530.605894932409,0.2861865267953678,2801.3528923378244,0.08171523759554965,2749.2431647116678,synthetic_gp_augmentation
6657.635244929543,1513.4226477309314,-0.4980226580079874,10347.227225839359,0.11438544834517594,12255.095404735652,synthetic_gp_augmentation
10193.959482359265,3123.198769806197,-0.012457496699794623,4231.260680713324,0.20191805719572925,4079.911723140754,synthetic_gp_augmentation
11791.776521247588,5494.53593569913,0.41124105691806667,826.0825847041434,0.06961212140189545,865.6431277448364,synthetic_gp_augmentation
3967.2106546565924,360.1942034433172,0.2662569142273591,4602.155576628175,0.066452481141077,4558.3179888000095,synthetic_gp_augmentation
14028.357695654364,5735.559249434383,0.28380722281636905,1356.122942730448,0.28119296707671343,1427.879198964319,synthetic_gp_augmentation
6134.86260248738,39.067520009981926,-0.2797153264426576,5539.315756353372,0.06416021918611849,5163.681509684746,synthetic_gp_augmentation
12886.32421700728,4523.993379719862,-0.46738397150940353,9457.330922139525,0.08122309463195931,9859.56718202573,synthetic_gp_augmentation
5731.216741960393,3431.207778409801,0.3333966219561566,1457.0624588717546,0.13007464358638407,1876.4696308418374,synthetic_gp_augmentation
3642.8351946656226,5892.093866875777,-0.01845989880102522,6205.8144938624655,0.18349083670800292,6686.300992092963,synthetic_gp_augmentation
11008.84803158601,6458.343660111136,-0.031314566514941744,4249.172622446434,0.1012890704987943,4936.98682221178,synthetic_gp_augmentation
5496.861458358131,174.99946630241325,0.03479560785748492,5273.6478436113075,0.0632725793049253,5094.256680410019,synthetic_gp_augmentation
15126.762227405292,437.47508049807846,-0.388196434173144,3340.908636713461,0.0943586577312033,3900.6218296705547,synthetic_gp_augmentation
586.7086920077538,1586.919885760933,0.846855214544826,75.99652803237271,0.15906405032119147,96.75478927911041,synthetic_gp_augmentation
2213.7953420572417,5241.740768696521,-0.31748303275631445,19466.0392010685,0.2860904496282894,19281.55384256029,synthetic_gp_augmentation
9461.713801811804,4991.59356959531,0.6164353620960261,350.6771265754528,0.09679314529702931,376.9152028321797,synthetic_gp_augmentation
11252.369106569236,2601.308438428615,-0.48047933282729344,8746.586291693671,0.21962403947114953,10318.885070935221,synthetic_gp_augmentation
4085.859533194038,7783.990105395679,0.010157790517022702,5488.388008208422,0.3218317326763963,6181.68700518182,synthetic_gp_augmentation
8909.73044057244,744.8531370249984,0.22125276530937776,3332.5941308576903,0.062448594426898596,3242.93602572879,synthetic_gp_augmentation
8910.019005383285,3847.016957481948,0.5277212783578382,466.1024402295298,0.2342645950447293,437.2526954856968,synthetic_gp_augmentation
10583.310076451615,3350.6735997802252,-0.1351859123158196,5407.560834657172,0.2311243575128552,6301.272445962704,synthetic_gp_augmentation
15567.648051748012,204.51994555918773,0.2576358370289894,1587.8303713306418,0.07011158001686235,1541.394492025568,synthetic_gp_augmentation
7345.580074336821,5822.397132961767,0.6092586853345237,716.7612918498845,0.25981598063920724,569.8370093450134,synthetic_gp_augmentation
9290.824041926917,2551.659974309432,0.1378585846233905,2215.6261286233416,0.10885984086939325,2479.171140706434,synthetic_gp_augmentation
5149.12281281241,4135.702964766765,-0.029442693179133617,7366.1278840061605,0.21690675132350484,5649.615636420355,synthetic_gp_augmentation
4123.719693993753,4851.536985878899,-0.4368526795093592,20721.470054971935,0.23628702412960984,21790.464461358755,synthetic_gp_augmentation
15807.144475741106,2941.161942908959,0.7782294038742865,53.82125038038165,0.1197101760794178,67.32367630426654,synthetic_gp_augmentation
3388.952551054094,4924.656049274893,0.32870404694697175,1551.3891022035068,0.14320070027233167,1935.0480500449755,synthetic_gp_augmentation
12665.376746480364,3473.0164753339814,0.384149774450282,505.9475821359362,0.08426453812632854,406.9900154124398,synthetic_gp_augmentation
2430.7395172301003,7024.558843963214,0.1167174687743412,4931.788263995952,0.07968395826619831,4453.131754608712,synthetic_gp_augmentation
12889.185182843887,5748.105813524915,0.021797018389121403,2762.600589987172,0.2821102934184617,3305.1353059023763,synthetic_gp_augmentation
3053.082243533814,883.999865148545,-0.43468336288169035,11872.284312621625,0.09379956468590896,12209.544085499307,synthetic_gp_augmentation
11007.203739534825,2700.045051160071,0.09576790713270644,2871.4407296523405,0.2687990540302848,2386.7414838332866,synthetic_gp_augmentation
1532.8800744456792,7484.547376256068,-0.16161350764347493,13487.178481645298,0.07072802584728816,13444.206628748012,synthetic_gp_augmentation
9697.570128226675,220.6236851263714,0.2644196565729502,3348.2998279679923,0.06636774968123109,2849.4575908641123,synthetic_gp_augmentation
5466.98532243394,5874.901640808478,0.14975918616705775,2320.0352623786926,0.20451853439030301,3109.3916472231376,synthetic_gp_augmentation
4245.7023643317625,1045.8749517683711,0.08992220743230173,6610.4371290928975,0.08352356479741514,6047.607144278509,synthetic_gp_augmentation
11528.296429795619,7018.139863658229,0.5979211843567656,552.8410204821897,0.10024526785152715,638.0834995682465,synthetic_gp_augmentation
11887.645829902867,7586.642460459218,0.339338983567535,1841.1978421376957,0.167961431136691,1774.108969127685,synthetic_gp_augmentation
5302.572998345331,5562.046824234735,-0.4980187923390389,21208.759033024104,0.1819142394680977,23108.293406307737,synthetic_gp_augmentation
4374.352780327011,4816.50406266384,0.17562259854539808,4359.177754649635,0.25956375054948044,3425.7630302190273,synthetic_gp_augmentation
1210.8443729994951,3430.8413695674585,0.22353956269875663,3714.937919983095,0.13312459406974028,3508.4212330678333,synthetic_gp_augmentation
9637.8987327585,668.662256116721,0.7454018734998769,931.0252285636365,0.09915521298044636,779.0565128693979,synthetic_gp_augmentation
1802.4221080226966,7430.747990674532,-0.34709248559054984,26255.825037198003,0.14713785183724584,25695.231419937987,synthetic_gp_augmentation
4498.958621837116,2633.492278035538,0.3391653846493009,2827.310211435142,0.21389466838374543,2743.2470901897136,synthetic_gp_augmentation
8164.263649470163,2502.7821896032237,-0.10497637663850168,6417.760198536336,0.06026192988538005,6305.716675925067,synthetic_gp_augmentation
4653.117995481032,1530.5982066625888,-0.44860416466848546,15101.317998088496,0.09689257330024967,13346.17409635971,synthetic_gp_augmentation
3518.4418444787057,7939.265990675698,0.11233426761180676,4583.841539690696,0.15234738748543183,4414.011054759574,synthetic_gp_augmentation
11280.648096999907,7540.515498242332,-0.10294175665527927,6872.580766287472,0.09733578728899724,7466.628232552074,synthetic_gp_augmentation
8797.2895282965,2795.4589588300632,-0.4979098548403168,15746.04450461706,0.30839005882836795,13357.555601475533,synthetic_gp_augmentation
13452.20384717946,2080.043047559275,0.19012298829433083,1091.285306700601,0.1548617594498424,1212.6453176208304,synthetic_gp_augmentation
9341.709555022093,6442.95623745888,-0.06442721310949634,5787.144780267946,0.11355647758934559,6727.993207913837,synthetic_gp_augmentation
7786.810667203076,3380.880401569116,0.1077725917912219,3673.6320498575187,0.19855954959341665,2879.330194038051,synthetic_gp_augmentation
4253.975990611532,7742.304400705142,-0.48357639661163354,35158.389387633215,0.3246389597209509,28153.28569698561,synthetic_gp_augmentation
3230.249036173439,6075.61073808154,0.15856635030608268,3437.437786196939,0.14075995805452396,3747.313256133396,synthetic_gp_augmentation
3951.4317344732485,719.394320914935,0.1524296061064394,6102.83935380056,0.06094680869663269,5572.315817012596,synthetic_gp_augmentation
13481.258688373813,5617.021892444002,0.5036966708008261,454.25186293800965,0.20997768204415124,589.5904929837715,synthetic_gp_augmentation
11884.961159094457,7898.0350948870055,0.8878012056802096,60.939467515454574,0.268001531968252,85.74949500861169,synthetic_gp_augmentation
9844.688474774377,2986.340263870134,-0.4609927075692589,16497.590630985942,0.11569817061862513,11858.368773943703,synthetic_gp_augmentation
718.8364395065174,7052.552024394514,0.054437170647877564,4732.940319919107,0.10826669133135194,5735.412441470867,synthetic_gp_augmentation
2123.396130727151,3265.1347147695465,0.6994044069978684,275.15439611335944,0.2814648632292492,217.84671222536025,synthetic_gp_augmentation
7479.20374064999,772.0038633103421,0.4987823211968204,2588.951084975904,0.0619949731146865,2591.9301685676605,synthetic_gp_augmentation
3029.892978802465,397.8300271817421,-0.39348165616726205,8824.209180883685,0.07347447412137072,8649.302892635422,synthetic_gp_augmentation
11138.051249039061,7323.049713128649,0.31733359281135853,1459.517680381918,0.2628636675748551,1813.118735394377,synthetic_gp_augmentation
631.5101721192797,1857.6175558508999,0.23134974816862275,4738.770247695948,0.2198813691247469,3413.365098829205,synthetic_gp_augmentation
788.9748800219553,7604.542224653789,0.5676279969874718,1199.0436602772447,0.1946640521270934,1220.1690288855607,synthetic_gp_augmentation
4254.830835756171,799.3843570811237,0.8911207693354775,681.6155604394825,0.12103073435394616,595.7778608715859,synthetic_gp_augmentation
1427.6769566463825,5318.492376593371,-0.21047402968009254,15586.920101068288,0.2626899872548508,13411.633244364577,synthetic_gp_augmentation
8716.945091874499,7725.48444920401,0.0997587707937293,2894.8952647230185,0.3152985296541293,2762.124047246598,synthetic_gp_augmentation
2066.861513111219,5233.2285898660075,0.7135759656148364,336.05859405888685,0.28378043065425185,360.4047954057495,synthetic_gp_augmentation
10406.687424932617,7192.031630042265,0.6734088963363054,477.5426931709506,0.27153009866774147,436.37724180005233,synthetic_gp_augmentation
12457.882576990633,7928.243797166382,0.6440708050251829,410.92890299492245,0.17092290691968653,577.4400214849642,synthetic_gp_augmentation
15531.214953658497,5134.747488339713,0.3685510667607631,807.3010199956294,0.21910773409756856,993.5765105506185,synthetic_gp_augmentation
15179.670690039658,6258.110778324856,0.8904708974218549,71.61737932973489,0.3261825791078903,56.08420699922206,synthetic_gp_augmentation
4446.505888740923,255.8815502378966,0.0010648289461169247,6834.850210286146,0.0600550655013932,6141.634978912331,synthetic_gp_augmentation
567.612681708448,3418.4830281523527,-0.33718721821000674,23072.601484538936,0.15204146895875664,20642.17051617435,synthetic_gp_augmentation
5337.654236177111,2306.122828039297,-0.314416128573469,12055.94477612716,0.2660409292227819,11121.389304994356,synthetic_gp_augmentation
11364.833887531187,6593.482671977254,0.10996869626527261,2651.211071471187,0.1680400847593696,2262.2678256478052,synthetic_gp_augmentation
1050.8392274333746,5420.624100650446,0.6269299787181561,760.564448716277,0.1484175427482602,674.1662280773596,synthetic_gp_augmentation
5819.431256975716,4915.313779041512,0.1339847487271807,2536.143330538028,0.1578336174515103,2934.2857220808146,synthetic_gp_augmentation
4838.749305995821,7452.469502551341,0.3559364557902259,2140.099906715757,0.10611325808703873,2219.284885707407,synthetic_gp_augmentation
3587.59560952173,710.9424406515385,0.001230254565747102,6894.346962132522,0.059626724482098235,6791.855208250392,synthetic_gp_augmentation
11327.479000212013,7630.730177716581,0.500763685848387,1150.525703968009,0.23640240180151628,1073.3576691614799,synthetic_gp_augmentation
10579.642379887548,806.1176573537683,-0.2856016765653748,4518.057920469807,0.09201224369548162,5536.945447647179,synthetic_gp_augmentation
14581.316770937401,5042.189318377459,-0.24081866214797443,6533.683853266942,0.10805599893528056,6033.936406317365,synthetic_gp_augmentation
1739.907758411332,2731.809630939809,0.15602899138642856,5994.076079326387,0.27999123746430815,4645.950864693572,synthetic_gp_augmentation
2480.0586692022803,5460.290226354925,0.10269163412629545,4591.806003015076,0.09056572176252897,4618.800980180402,synthetic_gp_augmentation
6196.849899588668,6203.348953564531,0.34638699604449075,1527.5401391705648,0.27162879582459665,1717.7269414830516,synthetic_gp_augmentation
10528.52462462012,6628.046639530714,0.2133633303804885,2161.4710238847288,0.20824307792664826,1953.238837873981,synthetic_gp_augmentation
9386.860746702052,1434.7496072319989,0.8660375801841094,87.62914818234181,0.1640975972443866,103.0841189223238,synthetic_gp_augmentation
15338.954379568831,418.5122234312768,-0.08829081689399976,2957.1974971754103,0.07344171798248253,3052.486068511936,synthetic_gp_augmentation
4950.530581736125,3926.8147112546103,-0.33035247170334525,12366.84699027002,0.1438911831142628,14629.221847717596,synthetic_gp_augmentation
5807.664559151192,1100.2689507678722,-0.40934754901987713,12485.744630548794,0.14773266541394334,10042.38911541288,synthetic_gp_augmentation
10015.713804790434,2548.7759310968904,-0.22280868168577678,8135.288684097866,0.10415273441355684,7235.546236394797,synthetic_gp_augmentation
15128.131727609782,6723.474554266377,-0.18904962698463257,4397.0997989092175,0.2817957596753092,5828.764403109539,synthetic_gp_augmentation
10636.743001742025,7589.271541741468,0.7441539168183362,272.188403388776,0.1714092436441323,277.5386146542846,synthetic_gp_augmentation
15280.895939808495,6576.607578776092,0.7947772317822928,126.56542704270358,0.1914935221897488,128.08513134245214,synthetic_gp_augmentation
3082.6987892456154,5.187065299644189,-0.17734159026165736,4718.511137899827,0.056812783956359365,4494.998996203897,synthetic_gp_augmentation
9939.077870669666,4544.193930710177,0.562223540912949,344.2358431402615,0.11077443855719477,413.5389300748616,synthetic_gp_augmentation
13279.174380832928,1333.281036535503,0.6700695419989451,83.37364366069814,0.22204710017096266,91.99504525113828,synthetic_gp_augmentation
8193.48904525207,3005.9752896540617,0.02851481460865879,4241.018873195343,0.05613887907633718,3955.4712814264276,synthetic_gp_augmentation
5858.561445686513,3423.351553161403,0.7202317503335969,180.6493650372315,0.14228253464563756,217.50917459316153,synthetic_gp_augmentation
15757.660627506848,7543.526062496301,0.8841131850069839,77.41805439454275,0.1105971017331558,81.92769982964288,synthetic_gp_augmentation
2341.698712306902,5069.909855124993,0.8549132588376536,101.36642817303843,0.14330795010424233,92.25544471936257,synthetic_gp_augmentation
6633.77948770564,2141.2404158414065,0.5386695602739993,544.8465532324342,0.22235381699750423,662.2416870501818,synthetic_gp_augmentation
13986.642665714497,5142.358725067516,0.020327879380306224,2631.740465091272,0.22462602984280383,3075.5321981633506,synthetic_gp_augmentation
14417.643869444142,7614.9238204313815,-0.182192317951763,7324.070642153368,0.21488868267661132,5963.442147685458,synthetic_gp_augmentation
15688.075414800409,473.2729927366934,0.890018095667676,90.56125971249627,0.1269482500067603,107.04751046499634,synthetic_gp_augmentation
14169.076717003665,6527.901342740994,-0.11335566085295967,4266.447546764356,0.10304586067683458,5108.736449673954,synthetic_gp_augmentation
910.2167036598593,1735.1804457131132,0.11373577544880809,3716.621971125404,0.27241210344161354,4402.391654676625,synthetic_gp_augmentation
10460.745080559653,14.795655983178335,-0.3454665234684835,4136.071326674935,0.06255801550090516,4255.66040734413,synthetic_gp_augmentation
6368.986319757194,5928.685922983139,0.6326791614445053,490.7472938343471,0.15297877502164967,571.995419462241,synthetic_gp_augmentation
13037.322418155423,697.8272791151046,0.20714996929887675,2051.01383770613,0.0758256452148004,2083.188633420511,synthetic_gp_augmentation
9257.116493531981,4943.962360324931,0.08730328134549792,3012.7964031799866,0.11609040330823175,2333.6156789979555,synthetic_gp_augmentation
13544.159816608668,4967.175211124546,0.00840244007531965,3432.9190533339497,0.08540106557411242,3153.693033198744,synthetic_gp_augmentation
3180.9663971801992,6902.208395931692,0.311698039873172,3203.785533328905,0.17163324068844096,2428.120612255031,synthetic_gp_augmentation
3041.2312066029463,6580.851977836389,0.5918432844006234,1108.230168359194,0.15540378514841072,965.6632527798234,synthetic_gp_augmentation
7101.991145198113,5481.314744688303,0.7635853515591016,147.0116597151359,0.09873096809789626,179.42391434998876,synthetic_gp_augmentation
175.5495649034405,3044.380723367456,0.6781256696168831,172.48088892436616,0.09932897177407252,196.92474199170493,synthetic_gp_augmentation
11116.361982850503,1331.2459763805614,0.12371843060721943,2410.269965936145,0.2184222574179888,2828.4812605033017,synthetic_gp_augmentation
4807.254272147375,5085.463408794278,0.6675888884040233,428.9537975211788,0.15946351449785026,476.5765286458428,synthetic_gp_augmentation
8961.059604809752,3975.7583896633005,0.24006155149534847,1414.3447990872505,0.07639926230203224,1607.739712810554,synthetic_gp_augmentation
1213.0566113274654,623.5380982510997,0.39344942140480965,3230.478770647139,0.08272356909591216,3687.0551585562607,synthetic_gp_augmentation
2813.245314184834,7644.495123750821,0.4443845648200889,2218.1844578786195,0.24902417151771677,1820.6011308232669,synthetic_gp_augmentation
10003.460803348731,2515.356159294498,0.05955456766812095,3171.6745723485915,0.06542988184913447,3162.6887427651454,synthetic_gp_augmentation
4960.035771065585,17.126119938442486,0.18047437533825972,1951.820211360913,0.054938815087206216,1866.37417017707,synthetic_gp_augmentation
3514.078887111576,7213.522430699533,0.4696245943297548,1776.828757142994,0.2807389344200057,1623.091708437444,synthetic_gp_augmentation
3738.65936284351,4616.407038965331,-0.06890045708347603,6573.755163382261,0.19494200713082285,7414.828555638899,synthetic_gp_augmentation
3515.627899135378,5864.48538840254,0.5456786083989589,1099.5546449394506,0.21745104031863258,1053.4068002943159,synthetic_gp_augmentation
10003.330095945716,1221.3299223630781,-0.004255599463839299,3150.4958393180787,0.22698558394348856,4414.213572737658,synthetic_gp_augmentation
5867.031110960257,5160.489838509971,0.6726718050674645,471.488226202906,0.2455824511363943,417.5810868540927,synthetic_gp_augmentation
11037.40116293589,2007.7176653054157,-0.46751311256356554,12625.588724823607,0.31154330429587546,9222.184377227,synthetic_gp_augmentation
8267.369811827644,5611.991561473263,-0.1635239367422976,9816.427844057309,0.19258347233553724,9275.049109867448,synthetic_gp_augmentation
9596.765845330194,1868.9193813910058,0.2856347424942315,1552.6265453681024,0.20760575751368338,1753.0559316368135,synthetic_gp_augmentation
4089.4209734736014,1673.0226171189822,-0.3514565837948062,8719.962395928342,0.243665408253036,11971.46593148113,synthetic_gp_augmentation
14930.16648332677,92.99720208306272,-0.21215757185124706,3597.0302033303933,0.0660670050597001,3417.686021730973,synthetic_gp_augmentation
6680.680048229736,2255.253962826454,0.5487252488768939,671.4134445565886,0.2805092457912921,572.2626000759844,synthetic_gp_augmentation
4662.7265921361195,1973.8943362385469,-0.46384773702481397,15002.70636317953,0.1471064540938527,15082.859087688026,synthetic_gp_augmentation
14478.78632652971,6114.852453442785,0.35405146354884565,1272.6639001687806,0.19396200719547813,1297.4793095838206,synthetic_gp_augmentation
10519.104882703754,4557.679249343366,-0.45218012376595745,12244.761073093641,0.12152419547008232,13009.070897272324,synthetic_gp_augmentation
9861.739223901362,1422.595869856452,-0.33770682423606807,6414.054022867284,0.15505388064534953,7398.618742022054,synthetic_gp_augmentation
14199.080969442073,4545.0197675906975,0.04647710506800651,2645.474094264962,0.09975255735445952,2601.9486694980073,synthetic_gp_augmentation
1030.790551715012,1803.5487245981674,0.8506761674405041,76.17290279722923,0.26380670832718045,83.25996770748209,synthetic_gp_augmentation
13419.104240920526,3404.018240433563,0.2641865696450003,754.3824981493552,0.16916403096629712,840.834923545339,synthetic_gp_augmentation
10878.043392451104,7105.664493756371,-0.06288615854650847,8058.514632234447,0.18287318661817611,6043.972649880644,synthetic_gp_augmentation
5823.885437004057,5754.049756131949,0.07585689870385326,3716.5324024019405,0.281664056806172,3502.2340821560138,synthetic_gp_augmentation
1766.4138081167664,2251.867594577111,0.3671831278618355,1728.0039644194662,0.2803455271598391,1832.5670042582121,synthetic_gp_augmentation
15063.079306922371,996.6533191726272,-0.12493539667560832,3007.3651108038375,0.05887976388935037,3180.498316820952,synthetic_gp_augmentation
2356.4024429396254,6023.591874399475,-0.22378778686051437,14673.44723485081,0.07848622732697647,14851.535107164742,synthetic_gp_augmentation
4225.07271812106,4543.123076382319,0.1934330527057001,2963.6017143393137,0.0974645839763432,3408.1225406484878,synthetic_gp_augmentation
11088.604155154571,4982.081358593898,0.4027917503226116,764.2104687332984,0.07428272560345944,764.0347042793327,synthetic_gp_augmentation
11391.423762387281,7800.906555033207,0.6432119910593568,504.335262404994,0.3176569813992091,578.2341107680011,synthetic_gp_augmentation
2656.222403181244,2786.567361337636,0.32991344243752374,1978.9441869621994,0.2749437017486093,2557.3623846841015,synthetic_gp_augmentation
13044.68545617348,6405.9802336332305,0.46940771803400205,962.450337898889,0.16673681919756053,921.376163930066,synthetic_gp_augmentation
8213.567579904164,4471.654726977838,0.17757096556025387,2018.6390586699092,0.07776218615158126,1985.7132138350494,synthetic_gp_augmentation
13590.461182030233,1882.0795674155395,0.2934069609097206,571.1207542256338,0.19855964938592535,685.3356249523497,synthetic_gp_augmentation
1487.837698575958,423.10665589273367,0.38962659204474437,2603.2499053776064,0.07413599517288086,3549.2215785540593,synthetic_gp_augmentation
780.9969855896659,4928.087135911685,-0.1691362582647874,10907.286458589142,0.13922794644631617,10908.293096921747,synthetic_gp_augmentation
10228.14706576016,2380.929091020587,0.8077038188619308,69.11095266979036,0.20189368703852148,50.350384882052985,synthetic_gp_augmentation
2485.3783740460876,5563.826771846997,-0.01652555433403441,7565.847909213936,0.12515848183331113,7087.181283499928,synthetic_gp_augmentation
8446.68982715947,5605.817293907216,0.3465633894387039,1764.4991664288123,0.18440413933397995,1364.704330159513,synthetic_gp_augmentation
324.32927262368867,3643.6837425546205,0.2853358922561152,1627.007579416748,0.2284082006230999,2017.72533761901,synthetic_gp_augmentation
12500.875242716384,4291.176934716783,0.6946836649084294,163.01829392533398,0.2765847441018743,149.33179551411177,synthetic_gp_augmentation
14402.529705838175,5012.374861343261,-0.3409538749015409,9477.457443197445,0.09599594754140356,6958.029993508184,synthetic_gp_augmentation
13438.235915232179,3748.8395504005966,0.7379234235855723,90.85317394459906,0.28938993306334054,97.1313120937975,synthetic_gp_augmentation
15337.80972909165,7018.964847592576,-0.30817892897156873,7272.22045056148,0.0761437111659109,7120.676214157841,synthetic_gp_augmentation
14459.222499074756,607.4766019980915,-0.2976574719467568,3617.759333766644,0.0914554333522724,4131.490973068709,synthetic_gp_augmentation
7159.886490816807,7838.545275446124,0.7071567661399831,339.9292138754582,0.2924599215596834,430.30612624300574,synthetic_gp_augmentation
6433.736514253981,267.6072912662502,-0.14005733104676177,6120.233865225299,0.05937572466346634,5962.540813626789,synthetic_gp_augmentation
14349.320320747534,1664.7708471710737,0.35650105947988253,483.02757018986046,0.24011894931406155,473.4563774344385,synthetic_gp_augmentation
14838.326846179909,5666.462837234885,0.14905503313888502,2545.807357701423,0.2484803292896735,2166.691759638805,synthetic_gp_augmentation
15568.091578256788,679.6820747328871,0.8079727535577796,74.50361722993749,0.11438621570993357,99.92205597148664,synthetic_gp_augmentation
12316.244034000245,2097.382025202193,0.5949175833037066,88.44746843359532,0.1694928561045885,81.83061572974957,synthetic_gp_augmentation
3311.6223960679476,1231.8134323910188,-0.031008711097803676,5934.432573199282,0.22836468301887244,7213.040394842527,synthetic_gp_augmentation
15124.770764160487,5788.572510529702,0.6388170452067581,383.96428617630744,0.2910371151343474,360.75632138000697,synthetic_gp_augmentation
15159.549322377892,4631.46713048116,-0.18389611535076156,5255.784693780129,0.23324105454348595,5457.816382496549,synthetic_gp_augmentation
10691.488686216246,515.8288943365017,0.3617998924633191,2469.264368091546,0.07222852927007643,2381.3305477071876,synthetic_gp_augmentation
13730.756234956807,3681.0738832128563,0.5522172804144507,220.3547541718905,0.26782743761395994,262.13324497530834,synthetic_gp_augmentation
1593.5887058142498,863.3435784724153,0.6619563629533385,1098.0267601789546,0.10901240170783628,954.3196176845044,synthetic_gp_augmentation
13837.022774107854,4784.441402912282,0.27869181971874457,1271.3505526279134,0.27572529859207057,1125.4394397497476,synthetic_gp_augmentation
982.5077016905155,3854.7778867745446,0.7996870684136106,92.62496141339018,0.22863267008397808,95.38687012150712,synthetic_gp_augmentation
5491.802130266527,4624.6759759870465,-0.2972663197012879,13609.112626869244,0.20517802393197018,13687.89928970224,synthetic_gp_augmentation
2251.6777175826646,7651.942805649176,-0.0020079692571894348,5960.444697388599,0.25661728816038365,7072.308715836089,synthetic_gp_augmentation
7718.247970160304,2730.2550225318887,0.5961888164953935,294.24579834631976,0.27976309099555585,303.157521076335,synthetic_gp_augmentation
3792.713912080272,5990.130985688629,-0.0687220090288605,8192.650694346974,0.06128363264794136,8083.285419135595,synthetic_gp_augmentation
15237.950831410555,3579.731817404109,0.12012875019358737,1687.2324874545475,0.14595070679245162,1805.0490444211127,synthetic_gp_augmentation
8993.209205089212,5286.092917804284,0.5820313808182096,632.4195173311897,0.27981631522237577,502.8411110260383,synthetic_gp_augmentation
14373.918707229224,2925.2603704366206,0.2539977939019854,889.888756204556,0.13874064338395897,861.4757598100643,synthetic_gp_augmentation
513.0432031503169,668.9308750201395,-0.2552260524597656,9361.423696509313,0.0788948724799301,8903.894653494137,synthetic_gp_augmentation
12432.914558574355,814.0100105670225,-0.07827478865822979,3526.593713174725,0.08400111308739876,3814.702970485246,synthetic_gp_augmentation
11267.804793554353,7675.442550108132,-0.07578240118881979,6454.5894516705575,0.28086536557512537,6432.186527291761,synthetic_gp_augmentation
13063.949402694481,1959.6739997680581,0.6685249270960831,67.0718862614892,0.09601541192166135,64.18235515560166,synthetic_gp_augmentation
13457.341525105307,4233.177894699703,-0.10432272098472983,5836.496106945712,0.2842031864792623,4831.449612371259,synthetic_gp_augmentation
9447.662597488963,5713.861794800538,0.6231451036316822,420.749219397406,0.2784213353672794,442.9829574499831,synthetic_gp_augmentation
11543.419967115504,3519.904465278276,-0.035254031312123346,4759.387095756234,0.07141070943864188,3997.89959003003,synthetic_gp_augmentation
10862.318480985796,5747.055356581651,0.8583233913180375,89.34066899305247,0.30512469011593263,69.53168067608885,synthetic_gp_augmentation
5846.606501682461,1819.6345180250696,-0.23231888135141193,7477.012119509197,0.2518337685470808,8464.1781507703,synthetic_gp_augmentation
135.91139974012188,4210.754867733263,0.4064346307669594,1185.7157276295404,0.2758143151910443,1244.436006395044,synthetic_gp_augmentation
12246.336058352616,24.620808124208082,0.6317206803518329,665.974488040619,0.060540235889810584,658.557441099317,synthetic_gp_augmentation
11386.95294555107,5522.109884520032,-0.17841889854626958,7288.42829989003,0.07233020995906064,8008.379009542164,synthetic_gp_augmentation
5363.252102798498,5658.118876969939,-0.13973428708645985,11435.544151897117,0.23911390623091636,9761.576543707777,synthetic_gp_augmentation
10046.769295161177,7965.781588775361,-0.13259715066066136,10425.484567525717,0.10001306189564207,9151.531211605314,synthetic_gp_augmentation
3205.0709236228813,1448.1235551583964,0.8201896926119632,282.24618394719454,0.10538857587533647,277.9280140532579,synthetic_gp_augmentation
4291.680736377801,5916.64260052592,-0.1564238025209142,9256.512481028907,0.15131787572650782,10906.980407581763,synthetic_gp_augmentation
15163.788693049695,7583.739394901102,0.2134614397401926,2756.4158508893397,0.16241292885950095,2263.080286145216,synthetic_gp_augmentation
6669.571109675952,5156.642694488846,-0.010154986911192265,4903.318812895465,0.23882726371026497,4819.227202816668,synthetic_gp_augmentation
3995.302749351787,7705.124483760682,0.005777160356323363,6819.442909827393,0.30495458956766436,6295.0127821615815,synthetic_gp_augmentation
7845.021124739964,7955.527882222274,0.07150502471405373,3064.780483670348,0.11779491658179611,3340.7700780345976,synthetic_gp_augmentation
6253.552488619122,6412.995214172313,-0.01693707810970152,5689.858436288003,0.15698972021381374,5865.272090490287,synthetic_gp_augmentation
11699.51169385078,7994.287269647012,0.3398985824653379,1962.6683862640502,0.05873927706417436,1984.5785882648952,synthetic_gp_augmentation
15397.646093205009,5006.595674462092,0.09566023030743809,2087.8269581856584,0.06523392189727678,2320.792533006075,synthetic_gp_augmentation
9508.6250488773,3976.4455409094185,0.1174161924050342,2404.3491294134324,0.07699863244548766,2074.525792046659,synthetic_gp_augmentation
5900.858353703381,6647.64673147188,-0.001350066619162038,6753.979238655939,0.22991243983497714,5407.540007996938,synthetic_gp_augmentation
9077.631818407195,880.896586749885,0.5563834154807454,1350.8987703697096,0.09309167171403866,1477.6121196456995,synthetic_gp_augmentation
5177.328975555497,2421.7811743901193,0.20487529648686198,4800.589917947235,0.14465840242027003,3577.439717013658,synthetic_gp_augmentation
117.36398156623666,2085.1609634398847,0.21289558473825743,2537.5869738087913,0.1538352986014227,2939.177333267084,synthetic_gp_augmentation
13870.929148767913,6842.09327502167,-0.20621679947604188,5219.395233531848,0.24626355505961198,6222.314933143616,synthetic_gp_augmentation
6928.160959795113,1865.9628344544296,-0.45682853976262944,10374.310143423152,0.2746306424120335,12120.824574665896,synthetic_gp_augmentation
7924.206912358548,2432.35817979276,0.6329851625191525,249.16270928565993,0.12998932396308022,268.8369226170176,synthetic_gp_augmentation
1427.6645552722582,4150.309234365907,0.6976745860879292,270.4926762585804,0.23719244752208152,322.2717506728758,synthetic_gp_augmentation
13410.057163145733,608.9558937100836,-0.16225448468347992,3607.4320322968438,0.08085053373942554,3900.773282430901,synthetic_gp_augmentation
2808.359419003687,7689.837141103341,0.004045222098973067,6989.937026582423,0.2939562645579327,6842.294562884871,synthetic_gp_augmentation
6628.876424670623,3928.5022122872465,0.001225083635979618,4435.843185123572,0.1353061074067755,4362.97868574178,synthetic_gp_augmentation
13460.222198315714,1523.4697922339303,0.4578972693251928,256.08031453396825,0.1270345535039212,188.3134282425432,synthetic_gp_augmentation
7378.74874939496,2166.565902589932,-0.23786971122544565,8318.61599997348,0.2455357348238358,8124.283705205086,synthetic_gp_augmentation
3428.097424388966,5072.051841427378,-0.4133939346803945,24180.844596250292,0.14882719866895472,22342.31867442876,synthetic_gp_augmentation
15650.176524631466,2652.8109391041203,-0.4037050769032362,5830.344429462614,0.2713703730118918,5950.762791692547,synthetic_gp_augmentation
8838.856831802943,7205.474904070887,-0.05548036343027335,8370.234125539819,0.27662265641802664,6763.380260462571,synthetic_gp_augmentation
11105.723988439488,6180.516322337437,-0.14902944939477947,6786.287679664776,0.25753422286180644,8098.876640589791,synthetic_gp_augmentation
6352.303887656034,5744.896298798894,-0.13651200740952535,11017.247927049539,0.2818347863268238,9420.656845668902,synthetic_gp_augmentation
12046.263701634956,3568.0040369378644,0.8925372812776273,34.30894708328497,0.17809042496396948,37.42673181630834,synthetic_gp_augmentation
14551.097498727293,7849.281206078498,0.14169245253254803,2398.2806654153374,0.28229412794649034,2537.776721524627,synthetic_gp_augmentation
11278.583516103414,5680.562374290448,-0.33268520919152744,10147.537895268943,0.2578920557728946,10804.937956142296,synthetic_gp_augmentation
14981.26651095757,3388.9977998932713,0.8751919509522164,39.903762494055094,0.19541942934119783,37.97932323840794,synthetic_gp_augmentation
9459.577166677724,7684.416349851653,-0.16026819735372555,8336.561680752495,0.28921895577537393,10067.780226849758,synthetic_gp_augmentation
4943.57547093557,5919.721548354668,-0.46614711861924185,25104.76481763154,0.14890942309675365,22959.7459437685,synthetic_gp_augmentation
11383.077109504195,6135.968972960653,0.14852306655347347,2279.2351395557475,0.21729980456104298,2000.8080525648886,synthetic_gp_augmentation
14123.04509592287,3389.01999755124,0.7856653154789726,62.47206868887491,0.21710687460278272,64.43050627962654,synthetic_gp_augmentation
10376.427995450007,4058.804029041381,-0.4762553360249404,15227.095169996772,0.15486436676476398,13063.305925635417,synthetic_gp_augmentation
8751.334924074816,4763.169964270787,-0.1354094355491593,8094.515636152005,0.28099420614306386,7667.8037634043,synthetic_gp_augmentation
12119.404929527498,2959.3323868725765,-0.19331534827444913,5985.688479608184,0.0904179044237134,6202.028027970531,synthetic_gp_augmentation
15035.876706476769,2779.506604562825,0.4853056995176316,196.25601515423986,0.27927130553983,209.9856260384789,synthetic_gp_augmentation
2589.877187376808,7585.825609104528,0.547022570318858,1424.1355773521602,0.17037547737985195,1324.690825985845,synthetic_gp_augmentation
6665.802130703205,6639.788672748374,-0.21684239099961194,15403.2584113869,0.22408271247483744,12641.405367791172,synthetic_gp_augmentation
2097.217594455513,2251.748568064753,-0.49116860217976077,24525.791230039587,0.29850001240792867,21666.973292436673,synthetic_gp_augmentation
15688.819708831383,229.24503216020398,0.5321889101699422,960.6734800907213,0.07928288292990791,801.2564998138062,synthetic_gp_augmentation
6846.439439792691,323.7046386306197,0.3394602921493842,2914.9399055697695,0.07203341059004813,3523.378647048708,synthetic_gp_augmentation
8584.407253179688,3433.4199406869725,0.09156472779297187,2893.5722864766685,0.1284080587677284,2787.471269179172,synthetic_gp_augmentation
3710.6957225550636,3635.6872491877893,-0.20098526748976286,13280.361508131824,0.2191312522831649,10304.83973406845,synthetic_gp_augmentation
7241.105364237175,2562.0090275547886,0.5667081522137933,388.51460634167074,0.1231903415566437,382.672744238132,synthetic_gp_augmentation
15756.633564293395,5350.236844514928,-0.4007466224086017,7498.811406101013,0.250706587747385,7449.291181176117,synthetic_gp_augmentation
7870.125706734815,3882.742227941998,0.39978336729648734,707.0297024600584,0.19555867884671443,793.5870157343865,synthetic_gp_augmentation
240.30042029133074,592.9045306492551,0.4637577841213133,1465.9467539692334,0.08282123728210222,1412.758185805109,synthetic_gp_augmentation
3956.187730985026,2784.569559306204,-0.18743979416601975,8116.77423996056,0.27545592152177917,9607.562060188484,synthetic_gp_augmentation
15657.431804608215,815.7018707992316,0.1766548785751374,1532.525335753453,0.07475718723372395,1461.7288823090462,synthetic_gp_augmentation
15826.173463230647,503.32555112193586,0.22827911715930616,1655.679409457088,0.06150795049639498,1517.8244273867108,synthetic_gp_augmentation
3446.84012737012,1666.452999979537,0.32779469302681163,5652.216757779181,0.23702866730037334,3999.152650993167,synthetic_gp_augmentation
9882.69899671727,5604.603689292536,0.7616631547965877,122.06230973346138,0.201004661200828,153.43223903537893,synthetic_gp_augmentation
1322.8424550360899,5568.013165805821,0.26498114001439,2448.212482320715,0.1284353674315946,2754.536957172798,synthetic_gp_augmentation
9281.322114869603,6891.11301682849,-0.4057541573242528,13750.116613078068,0.189067466972185,15613.25489817905,synthetic_gp_augmentation
2102.139153634355,6051.35433992325,-0.01703933276442743,6452.232239751425,0.10580549484914788,7207.395075029333,synthetic_gp_augmentation
13116.718225918261,4283.965498089168,0.3796575855955949,527.5237156517785,0.2757100105911955,691.8468335866073,synthetic_gp_augmentation
15039.242302875688,2500.896704074087,-0.03360296759973286,2821.983640936307,0.060780561875491884,2900.215156969694,synthetic_gp_augmentation
2850.4902479867737,46.49196134200562,0.5751163193630311,1160.5600010644966,0.060466258593492174,1147.727595794422,synthetic_gp_augmentation
7457.123480657701,5177.099850302356,-0.23413243146801554,9596.652046776831,0.2597122629428583,10969.678082980985,synthetic_gp_augmentation
1722.4836757466833,2317.705500918775,-0.2997928398115252,19771.174079135788,0.259624881079789,14816.064190669544,synthetic_gp_augmentation
5492.326112460302,2000.8008138233438,-0.1765542623836177,8717.74520154541,0.057965602819158656,7979.412247646756,synthetic_gp_augmentation
1135.054300692371,7798.604326193652,0.7265190074170147,562.971479644,0.31876681708672877,555.0202921230734,synthetic_gp_augmentation
4306.289795477091,1393.921539250009,0.453308581477082,3509.6373800711253,0.16894571728198404,2972.875832864908,synthetic_gp_augmentation
15844.556306719895,259.47791879517547,0.2280681121262209,1511.4412941927476,0.06390432969877323,1626.851677232757,synthetic_gp_augmentation
809.1919504102895,7595.123161536932,-0.07952780023477402,8275.338011987464,0.17989937072239925,9714.625726941906,synthetic_gp_augmentation
13757.596440936863,2448.053776451475,0.7860271759209556,42.911610601539984,0.11706096465317682,43.93618767832587,synthetic_gp_augmentation
1331.4959862902672,3147.3604049652035,0.7442869646514185,125.57919415181941,0.23151912787310192,136.47166646221783,synthetic_gp_augmentation
8511.051204766027,647.4792315473738,0.05916063653441017,5457.725863553473,0.0771309966217596,4785.723537478559,synthetic_gp_augmentation
7288.704699594797,3232.521715626568,0.5538133727390582,277.74120993633284,0.2805899630257742,390.83519511027976,synthetic_gp_augmentation
14911.719094328255,7777.770326148402,0.7789894821107619,152.11094703276993,0.3353996970865802,196.8344579471584,synthetic_gp_augmentation
3264.8928103329245,5552.157742704611,-0.061305225200427416,8153.480043500245,0.11001840093873383,7745.2924111755465,synthetic_gp_augmentation
2956.9440445361984,3790.598758665597,-0.03979431892192381,6199.304888933086,0.2736064213492222,7177.383070594467,synthetic_gp_augmentation
12004.554008228533,2459.773168098824,0.2641288098566018,791.0119755697576,0.08857528923845076,920.3168509910203,synthetic_gp_augmentation
11638.939622295627,2928.3516742483357,0.07171322442514172,2282.4152019744356,0.13487110153672308,2489.42763371474,synthetic_gp_augmentation
11216.9901508355,4889.825199681588,0.5660714059836642,343.12106019161723,0.19585822021969304,389.2316889331649,synthetic_gp_augmentation
515.4211471408536,2035.6005008424772,0.25170237357098635,3414.5431753733506,0.08437456781285317,3158.976185593946,synthetic_gp_augmentation
4233.359018926048,1215.5802039616005,-0.20340235793150702,6787.337457103669,0.22460877939768042,8065.142163574104,synthetic_gp_augmentation
13454.33332788336,5569.829391549186,-0.0010578259469954387,3886.1596357952635,0.13610536728853143,3468.4144843236327,synthetic_gp_augmentation
9653.644131162686,6955.758216950794,0.43973467339244265,1414.310376686882,0.09766767540666199,1234.1129779267035,synthetic_gp_augmentation
9674.899239641687,7212.311267366508,-0.42519205865124887,13736.030064456383,0.28181920963705404,15882.422732563433,synthetic_gp_augmentation
4805.074025936506,6731.3482550240815,-0.02096595479752078,7081.738507681511,0.2809864057505081,6637.0359342247,synthetic_gp_augmentation
4236.752108055472,4244.7974535993535,-0.4774654437688451,27045.700946211524,0.28711028269001904,22209.070857170198,synthetic_gp_augmentation
15150.22271949025,6310.647752032672,0.6492137388495214,412.0440956360508,0.27017956859657016,392.9597017602384,synthetic_gp_augmentation
11671.308933766075,7410.845854139092,-0.33593409555287856,11836.204598283872,0.17140679695196911,11882.913493158425,synthetic_gp_augmentation
2117.1712730492172,186.90071685707377,-0.39191339080807475,7815.027628670848,0.0652958512275456,8062.19850160328,synthetic_gp_augmentation
15009.540380085844,3296.785741665536,0.6012302233327862,200.981244084557,0.30297121760559576,195.18715666324155,synthetic_gp_augmentation
9359.685413907073,1633.0038365615592,-0.3746903923475505,7905.912770302152,0.2205859146094786,8488.07002784472,synthetic_gp_augmentation
5400.461634617701,7974.150283396185,0.4579675598373274,1732.766888731219,0.09404589631813458,1703.0384874526076,synthetic_gp_augmentation
6414.517197753615,7436.528077065394,0.03180900606308035,4545.384222713786,0.1273015149575549,4465.497391032268,synthetic_gp_augmentation
11633.93171460663,6417.487608607893,0.6503792424865167,447.91934701274175,0.1811783289818425,417.9096947085774,synthetic_gp_augmentation
9302.042305985851,7616.818116361044,-0.38181609701944275,13515.374224424457,0.21694940538817867,15553.476239309535,synthetic_gp_augmentation
11396.941996709636,234.00352049715423,-0.18022956685823688,4618.394800569631,0.0641294098793814,4504.304982197661,synthetic_gp_augmentation
3206.462457164836,1504.3176521406049,0.8049890487344364,273.2435778107127,0.06615153174719188,265.3541533239306,synthetic_gp_augmentation
15113.439631256535,4934.990033847411,0.6607693624300437,298.4976166973756,0.14233800368698274,238.69189412375843,synthetic_gp_augmentation
5763.147065823016,6344.053696466466,-0.09989776959299979,8816.805414273944,0.23760345113524292,9263.1135972412,synthetic_gp_augmentation
6768.058637522938,7069.046824924562,-0.211440202332143,12370.146819328857,0.13776608386675723,12726.508901812602,synthetic_gp_augmentation
11206.378449098347,2404.06888561007,-0.28042135697109577,7326.606556452203,0.1685470031254159,7285.943200589115,synthetic_gp_augmentation
9779.682921265448,3126.4368085565543,-0.19031523155931485,7428.972317714544,0.20783167054055274,7238.319820268449,synthetic_gp_augmentation
7097.90540733295,3638.619215629971,-0.2129384792073808,7887.429852478627,0.2201168183684759,9180.24434097669,synthetic_gp_augmentation
10430.898440782583,215.79054827131915,0.7434630158903528,1222.7180649662375,0.08088959777686305,913.7726034614648,synthetic_gp_augmentation
14454.970090395509,6911.754024416818,-0.4720197282901677,11439.381900817609,0.15970644612850746,10364.514505281857,synthetic_gp_augmentation
12824.509504662155,2703.5873230894526,0.7321715134546978,66.9773832868404,0.27094992957788083,59.12120151279903,synthetic_gp_augmentation
13205.7182582809,1594.2276300429219,-0.4420054083281234,6223.628780681613,0.16990412834171748,7037.976306608149,synthetic_gp_augmentation
4208.693696220276,3273.5765047996238,0.6575687627188675,249.0725807577908,0.2787509583725518,331.19454375563834,synthetic_gp_augmentation
6768.513253832437,5684.506999192197,0.0960461310182209,3029.7751664197344,0.25998907301528484,2855.8703810969764,synthetic_gp_augmentation
8905.724352299541,6967.324635150487,-0.39191222353553606,17020.880718996905,0.08787398058964993,15770.817092319696,synthetic_gp_augmentation
12339.69566799946,1380.903736283166,-0.14098440796201694,3828.6747365495244,0.17847223942177462,4369.60305130505,synthetic_gp_augmentation
5243.068448199913,7550.263742562745,0.7292392736692586,421.45285585308727,0.10985265554612723,418.4102838932286,synthetic_gp_augmentation
4593.277640852127,4407.144153308542,0.5531607158907028,676.2352126224447,0.17845792945347982,828.5382942663299,synthetic_gp_augmentation
4222.742948762728,2926.1761519353877,0.8744786621542149,38.422028274976604,0.15876751598286196,48.01337818442394,synthetic_gp_augmentation
4605.730320179025,1594.5556405129828,0.6646220468832629,659.4044997258158,0.16037547030238578,675.353392481168,synthetic_gp_augmentation
5474.435831309533,7961.982577587511,-0.162654035174288,11478.068440677487,0.11506244948527476,12521.211776755732,synthetic_gp_augmentation
9716.71047341093,5753.474296732412,0.07290128050438238,2074.285981923527,0.281583137960964,2606.1421940133123,synthetic_gp_augmentation
9378.688618211005,1743.0824654173218,0.47528242210194027,664.0394424744004,0.2732497112528465,526.0840419293345,synthetic_gp_augmentation
4165.816882269819,730.0755586172229,-0.05750906121568444,7576.978146371246,0.05830245604599378,6956.438818301067,synthetic_gp_augmentation
13239.095222134572,1981.9408312606247,-0.1672940336498352,4738.082882412734,0.07458789231273319,4461.688716635554,synthetic_gp_augmentation
1574.3010690542278,888.6851940928233,0.4281312055212779,3617.9155309383195,0.08570865290251331,3562.1937069222404,synthetic_gp_augmentation
8253.883175094747,1837.2109657098931,-0.021012426218612934,4891.57759117838,0.24049066607065314,5229.450439441136,synthetic_gp_augmentation
8376.91789960949,934.2376394634471,-0.4227507463280903,7729.24498366096,0.10753791381644466,8015.69026523021,synthetic_gp_augmentation
9228.775228304783,3021.8536070925006,0.8548836872849797,45.683127608106815,0.07822333346587383,46.2069591204477,synthetic_gp_augmentation
14181.836842923458,3889.5620733587357,0.6814649964344368,183.99277547497522,0.19255976873494668,143.4502691595373,synthetic_gp_augmentation
10020.231647506806,3642.2797806473445,-0.0747965183476571,6322.657148724054,0.2242219863931198,5438.609972521232,synthetic_gp_augmentation
15580.776883343571,6633.680546792517,-0.3185252797339394,5640.749494433582,0.22416692740814545,7024.547246696833,synthetic_gp_augmentation
13954.514025244767,2031.9630906776913,0.5293166425714395,91.6255279015493,0.09987221228258274,104.0847434978151,synthetic_gp_augmentation
3514.3701258466635,7096.75059110677,-0.19105810551167546,12185.313737074077,0.17252879605322988,13690.379081972576,synthetic_gp_augmentation
3934.814632582288,7264.982548230418,0.3476357032253977,2096.6311922685695,0.28749941091286,2270.6023460950864,synthetic_gp_augmentation
6325.079199774088,1447.8658710790785,-0.1186065912634493,6208.201320528657,0.09890175851013025,6968.230282733813,synthetic_gp_augmentation
8892.622412892359,1966.0091698829706,-0.10150871082487517,7333.340663225596,0.09849813888339927,5761.42058315738,synthetic_gp_augmentation
3796.9508630517876,4990.6582188592565,-0.41374226946868875,23123.637811405315,0.09350600671151052,21553.680589386124,synthetic_gp_augmentation
3635.288379708874,1127.1330656407113,-0.052212579454097685,6900.932886488741,0.155160151682629,7215.896419143086,synthetic_gp_augmentation
6164.100322152465,684.9706426913959,0.33643149585075893,4018.3336452988665,0.07428671036967559,3860.488223322922,synthetic_gp_augmentation
10785.167500082756,589.577696251582,-0.28188444349717945,4925.546220511636,0.08063844520126884,5201.5360583862475,synthetic_gp_augmentation
11041.197248229395,4849.197077329991,0.834315912016026,58.43435189180224,0.2369736349228699,67.58215361333573,synthetic_gp_augmentation
15620.256166640604,6437.425136079893,0.5113820266953966,813.6336784040898,0.1258611793644669,802.5341027225606,synthetic_gp_augmentation
3318.405399356843,2071.0853012735092,-0.21453875782264908,10077.840387755103,0.14002810707573674,10236.108038232705,synthetic_gp_augmentation
6346.460514525994,7468.271097006307,0.24286334143909283,2399.348372398398,0.08249167919618902,2690.9188589556434,synthetic_gp_augmentation
15438.37221723106,6335.484063192407,0.04801723771561228,2951.278297519144,0.24684000961667707,3140.374427572946,synthetic_gp_augmentation
11071.139008382279,619.6832429205701,0.03529441992414717,3610.597306715166,0.08412806790860794,3977.1372059775877,synthetic_gp_augmentation
8680.372217281416,544.1189282740702,-0.3485890774164029,5581.279687989494,0.07289866455457736,6173.948547357309,synthetic_gp_augmentation
14304.643560172974,5942.417155781163,-0.29044757346697203,7787.675630707795,0.13549256491701547,6605.715600333871,synthetic_gp_augmentation
10045.532925100211,5492.361042837737,-0.256429127900183,10989.804826688995,0.06809196635178945,10302.304817242688,synthetic_gp_augmentation
9189.511786055742,5461.614772913587,0.4173044272637507,1032.3672323594747,0.09848426916950588,949.680195308527,synthetic_gp_augmentation
8678.055458817298,2281.4600151659483,0.894630842861095,80.98468970211101,0.2864703858513072,71.58565347650092,synthetic_gp_augmentation
6331.435896405676,7468.313241605669,0.4115485614085854,1969.5004321470647,0.08588592217689309,1784.19744491734,synthetic_gp_augmentation
4149.168592638194,7382.213265763158,0.8786129308789552,135.32396696317898,0.20558322895983355,127.19485985791798,synthetic_gp_augmentation
12109.619566818299,5915.910474993846,0.30781029782571234,1745.999414899945,0.15472119684864327,1413.7167811598613,synthetic_gp_augmentation
8202.123532410427,3751.441656574344,-0.10336793257385024,6373.219832170677,0.2817771710477358,6729.325361572635,synthetic_gp_augmentation
639.6385633986029,376.92584632572147,0.7212267626119429,986.1704762030423,0.10888728382779975,804.1147174236294,synthetic_gp_augmentation
6445.602546377396,226.4908010962854,-0.4059324667469185,7948.23640300345,0.11748575205974532,6788.667236809602,synthetic_gp_augmentation
14864.797847743037,1105.0746633909423,-0.3566008862204577,4124.935711596797,0.1932775926848071,5147.77063342342,synthetic_gp_augmentation
6044.923528499719,4766.117549544461,0.8266741724275899,90.76679348265817,0.28164896133358397,95.33393332723794,synthetic_gp_augmentation
10020.981856575067,7587.726082188952,0.80054683346131,155.45814969866015,0.16915756513427277,160.37751797761894,synthetic_gp_augmentation
12846.629380672528,1402.8966342091742,-0.3139588718444287,5596.249888051733,0.15800456954266467,5724.6125287201085,synthetic_gp_augmentation
10728.531771504924,2204.2230463692663,0.5755653349807237,101.79169323070197,0.2701762744776814,110.45795416239545,synthetic_gp_augmentation
13615.870224854849,432.80229643532044,-0.17126536917865914,3700.3600656784333,0.0680808879744017,3876.605981215772,synthetic_gp_augmentation
1912.1323339471028,7912.377335047036,-0.01930414197950331,8392.791402032977,0.19943754791443996,7655.935694699512,synthetic_gp_augmentation
14801.021597766518,6247.320633688584,0.7585879270084916,122.17331441657834,0.2887372812246235,171.13648589474258,synthetic_gp_augmentation
8354.462526710846,4604.522842419564,0.43875123572545716,855.1401819754045,0.18272645185013175,761.4499973384657,synthetic_gp_augmentation
10033.401580816497,4497.395290664735,0.7421864759385841,121.83793027110376,0.06225420510392119,134.38473911125033,synthetic_gp_augmentation
3483.7274982022877,2034.8860251452027,0.7192234997205387,303.6093940699527,0.12545411997921166,269.2645130340784,synthetic_gp_augmentation
7222.364263904084,1483.1255543473567,-0.4875298446473574,12397.302132445475,0.0979511263118924,11420.945900628505,synthetic_gp_augmentation
3322.9834386250163,2375.805732977056,-0.27849861405403675,13701.411189893906,0.20742243426939772,12380.868561821777,synthetic_gp_augmentation
449.42919516221025,1977.228398369199,0.7860702947899314,93.82380294770492,0.07985593014262965,96.55425501847463,synthetic_gp_augmentation
15696.358783220136,4460.2247189148875,0.2873822156511653,1467.5706930641238,0.09089650502596379,1184.2995076713837,synthetic_gp_augmentation
4220.429599792261,2465.6224467188554,0.17227998443151027,4555.066239964037,0.08654372303616008,4344.926464030104,synthetic_gp_augmentation
9530.42211147558,5831.55833292541,-0.40863899842151385,10620.775197678298,0.25039361119791426,14414.272663991265,synthetic_gp_augmentation
4873.981098252022,4543.517862856284,-0.4649268626875682,22880.567532311168,0.13794035777639946,20919.61693633344,synthetic_gp_augmentation
5992.8837613459145,4258.110123312378,0.8347806318247817,74.29284268962104,0.2822956708439008,86.98441426604231,synthetic_gp_augmentation
6424.408781458169,7610.3501367139725,0.16339151550691866,2893.2464351109443,0.20230856934029928,3023.9409918723995,synthetic_gp_augmentation
5427.243028063647,2579.27628304257,0.6009842417064484,323.7237416299217,0.1456648359676782,421.82453924815167,synthetic_gp_augmentation
10234.656173504978,5082.158905919423,-0.19199804931073533,8830.529608912726,0.15015298335217114,8634.144118737713,synthetic_gp_augmentation
15378.886700768837,0.4050162194291218,-0.16809926651091234,2592.6448860949304,0.07204064426380938,2737.551398707671,synthetic_gp_augmentation
6915.290935099105,5895.389178218154,0.28435744855188894,1812.934349031584,0.18074646937411132,1834.9817704039988,synthetic_gp_augmentation
15575.894912462816,4020.351432134089,0.7264361704677826,123.24171596780701,0.1150180922072461,115.82015986724907,synthetic_gp_augmentation
10717.976073782052,1667.0796582756777,-0.09598809015356619,4364.800691758375,0.2383467127904397,4876.053224595281,synthetic_gp_augmentation
9753.465500834043,12.084451428937548,-0.039680022741850174,3391.0457231196365,0.055996497811228264,3496.432993183484,synthetic_gp_augmentation
3869.951243602876,5655.551712030029,0.27087962870753957,3047.9820335192135,0.23692002223892022,2601.816374673511,synthetic_gp_augmentation
1100.4392238001549,5301.605628404591,-0.4439921995251792,22685.552296138634,0.2726792941696175,29630.212678745345,synthetic_gp_augmentation
13645.762847640079,5323.256931836536,0.03026700754338063,2509.3831698394815,0.2560499481693191,3073.96813894512,synthetic_gp_augmentation
9226.298916713877,3499.638584963689,0.27879604549837445,1244.2776159753128,0.05711217471158708,1364.9942767639661,synthetic_gp_augmentation
6689.180412555622,5114.378606159589,-0.4932424768411193,16918.914995998566,0.19596127668731234,19875.395205017627,synthetic_gp_augmentation
13010.280421206886,4570.678320848482,0.3932049240323442,703.9847805400952,0.1333267365485172,710.2955598880777,synthetic_gp_augmentation
5038.228082979369,1911.1603568901492,-0.4286546305833595,14622.065868232481,0.17738971570959788,13428.327700400592,synthetic_gp_augmentation
12559.514369835348,4150.144331747429,0.5079424876244079,315.919567752464,0.2314595994814323,366.52940639162523,synthetic_gp_augmentation
5314.624982952172,4116.742356951161,0.6223498452884575,591.2685080630214,0.19712033447244787,526.8738237195199,synthetic_gp_augmentation
14742.0108638262,6588.98310586699,0.6743126609302488,342.47246336157997,0.1677769601170778,353.39383139555383,synthetic_gp_augmentation
4360.673303863161,3467.9121813658876,0.4427433495543637,837.0519490857663,0.08291142355909172,936.4033401594767,synthetic_gp_augmentation
2287.1104694356814,3488.683486130216,0.28619884640915383,2774.2591860296325,0.06667400059081324,2783.0075475474237,synthetic_gp_augmentation
11199.737662755648,7875.235770198531,-0.06941390810433146,8212.898368168511,0.2515936372954873,6274.092864830534,synthetic_gp_augmentation
10523.326286982969,7282.344757349337,0.4899421803561751,908.6957220711078,0.28484838621786496,1069.5379630842701,synthetic_gp_augmentation
3770.6845144239633,1103.7332507682622,-0.46544188475172965,10508.11103897045,0.13966365287655316,13243.010602958164,synthetic_gp_augmentation
3420.2210551383173,6827.128469920003,0.0788119183523791,5037.143563863985,0.25354671908311355,4725.441995096338,synthetic_gp_augmentation
14789.613122014704,1466.5870138401385,0.2086949823427534,1163.1782182536338,0.09097365665142565,1064.5248876333596,synthetic_gp_augmentation
9764.940814313264,3404.8267911869125,0.4101253252048529,507.16944379312696,0.16817728805320167,501.8263523198963,synthetic_gp_augmentation
14310.402506091426,7871.373050146716,-0.019521552030932587,4298.189092163346,0.2579613738831582,3954.683689329352,synthetic_gp_augmentation
1852.5807570486209,776.3914924178428,0.11990296604479822,5992.413510097644,0.06347337610691847,5091.337336779897,synthetic_gp_augmentation
14813.735909708901,6718.302559744043,0.32232641671796103,1733.301751465528,0.27808791448248427,1610.190701637676,synthetic_gp_augmentation
8368.784060706004,3957.871596221277,0.792444707168724,129.86779713723635,0.10875180181108984,95.32262309268665,synthetic_gp_augmentation
10727.908469668473,887.9309262008829,0.44076098363916405,1499.0823527414896,0.08482302124339734,1340.920860980339,synthetic_gp_augmentation
6028.719997506362,7619.931032840022,-0.143791836401566,11751.650180045875,0.21568099224945023,11549.867970140265,synthetic_gp_augmentation
1040.3311198926365,4393.850945113807,0.6861690688390807,347.3562045141218,0.1853899020028313,364.6355759496617,synthetic_gp_augmentation
15331.761817335084,7045.128175394684,-0.422909739476662,8547.037129615454,0.10587187376231161,9169.31307363503,synthetic_gp_augmentation
15914.113432824865,6952.855535894006,-0.11878131322146279,5032.064851434879,0.10174717154854729,4938.129487080847,synthetic_gp_augmentation
5896.294895291043,117.07666352558289,-0.3485875023737318,6906.057667326418,0.09019811877062028,6434.585810116379,synthetic_gp_augmentation
15107.500083056477,2118.725628526687,0.12585409660236235,1411.9068787515462,0.19681800980021108,1504.4499094491332,synthetic_gp_augmentation
2559.4827495713507,4278.912364332041,0.24339344978201838,4507.610328536567,0.2771358428596548,3337.1797680776576,synthetic_gp_augmentation
1262.4782561458264,574.9280787286457,0.6357670829931916,1986.7380274441368,0.09957064163864465,1537.0968254519573,synthetic_gp_augmentation
6321.183580587996,3111.7351866375193,0.2944834300719027,1592.0061296045485,0.18836077804561555,2213.5831911934224,synthetic_gp_augmentation
931.6057778874268,6517.104988984774,-0.1742662752402051,13760.242615570767,0.07009518940853793,13362.10368535343,synthetic_gp_augmentation
6375.049314845059,1385.5289200581326,0.250990605635798,4585.576363876773,0.17299440809408753,3635.994543327731,synthetic_gp_augmentation
2300.4078155297248,5610.211796611062,0.5296853301457753,1316.4847286939626,0.187536561942821,1100.148828596304,synthetic_gp_augmentation
11715.39194961002,3682.63527509819,0.20413470996237526,1057.8609541146448,0.25947957563388363,1200.023305305351,synthetic_gp_augmentation
13350.466124448887,565.6409511718783,0.11875736773674561,2950.4558219396295,0.08364212845311586,2644.2184520118976,synthetic_gp_augmentation
11036.265301960979,1418.992525031638,0.24073629475989544,1946.4891823063508,0.13501523870734786,1903.9579011931814,synthetic_gp_augmentation
3287.857023734878,1128.245853870837,0.2672814413033492,5934.445097564457,0.15739442649371638,4960.111853579748,synthetic_gp_augmentation
12292.886267236496,4957.742770550025,-0.0652200167965149,4301.319811414555,0.09357546335857898,4713.52758054184,synthetic_gp_augmentation
4067.053132829072,698.5951910625738,0.6959168914816543,1910.661554023056,0.07002242473447665,2422.585162450576,synthetic_gp_augmentation
12175.868691799586,6584.374246219943,-0.20924377931232696,6813.565155477199,0.1681020353565073,8281.99727697283,synthetic_gp_augmentation
9121.621440852614,6453.273047495176,-0.45403502960839887,18034.589308111066,0.13003203433403696,16762.52743884838,synthetic_gp_augmentation
5930.729009030234,640.4959769662595,0.5380891022004524,3222.063895226163,0.08417477961988488,2916.390350138874,synthetic_gp_augmentation
1427.5288104553172,7105.577581841468,0.6792392793985131,743.7368118716446,0.1839954671832106,671.062359423471,synthetic_gp_augmentation
13257.40120593171,7673.28660540959,0.39983078215794154,2052.0831344071203,0.2822706067015811,1486.6821071212576,synthetic_gp_augmentation
15040.481440691783,347.74478544996066,0.15652320007759368,2003.0913742313046,0.0613766103731568,2045.7594035471845,synthetic_gp_augmentation
10688.092702010137,7602.636545094653,0.8652876247412291,83.91400914866716,0.2007519195418524,103.70936945555174,synthetic_gp_augmentation
3194.2735727796826,1398.5259698957339,0.3275578461658619,3581.018778720342,0.159744541854513,4449.525040101061,synthetic_gp_augmentation
11726.276342711595,6539.646796836825,0.10259763676398503,2675.766952649168,0.09851749547200042,2321.380101828438,synthetic_gp_augmentation
5653.946629059343,6735.306732483392,0.27741772736371917,2216.815130340194,0.28208725112078936,2433.652135005632,synthetic_gp_augmentation
2595.7503552666476,7940.267697366662,-0.16750183084855252,13034.553540035879,0.1503162555811144,13957.799445362838,synthetic_gp_augmentation
15598.992906116675,606.8616622082245,-0.29201190388778464,3354.145272761317,0.10165787428429084,3633.5459347574792,synthetic_gp_augmentation
11645.584390914895,5263.708810224596,0.0929717267525122,2896.7782492597235,0.28121750276242063,2168.6920264730547,synthetic_gp_augmentation
4343.842123132393,2184.369417218339,0.2055979884851521,4537.6385079338825,0.2578644597962277,4134.010530897493,synthetic_gp_augmentation
6006.399873671732,1004.6222850491615,0.4984752181248451,2897.5722351156005,0.06572835815548754,2588.0119781888848,synthetic_gp_augmentation
11985.78621388706,7491.497911427242,0.46413847189739377,1256.866420509145,0.09500882858169969,1171.0886052364185,synthetic_gp_augmentation
14818.586541636394,5469.193906762761,0.8820452178600473,43.81112270939646,0.09306665143641969,47.77953223351469,synthetic_gp_augmentation
5210.898114454689,403.68760775232903,-0.15512582931892344,6414.5758309432595,0.06617023374382185,6610.84462803058,synthetic_gp_augmentation
9532.000408071748,6462.497890885718,-0.07085134874171578,6482.178338065038,0.08751349508521863,6932.806485358024,synthetic_gp_augmentation
6354.169479165018,2473.4344452058003,0.6019734916504655,403.39653010511006,0.07634061433945664,390.72801261821263,synthetic_gp_augmentation
8116.483041514395,3766.9335488456045,-0.23887938852244223,7226.427153406036,0.28178728975039086,9297.873816820284,synthetic_gp_augmentation
1780.7513014196218,5812.607833616337,-0.22533393046419287,14917.507122244966,0.26348837272279185,15099.171168453904,synthetic_gp_augmentation
2766.0227647506404,5408.256686715571,0.07643006486024484,4014.3536123773692,0.16289355150165488,5005.8470893677695,synthetic_gp_augmentation
6477.509989800304,3704.647190513886,-0.0554379976451444,5743.095281806973,0.27104985350141664,6033.331201705326,synthetic_gp_augmentation
14647.530287151785,4099.119205592535,0.40506932480133484,660.5854188042969,0.17935393321820414,611.2515711887081,synthetic_gp_augmentation
5654.792927339674,345.6614433314602,0.7462338459823112,2145.235812449875,0.07072963369642715,2008.2453558164084,synthetic_gp_augmentation
4071.7056568197168,4005.0659558955886,-0.3058751994213404,13549.301109023392,0.08901580715366296,14761.867614556306,synthetic_gp_augmentation
11911.509311503487,2721.9751337922917,0.2654568977292101,698.7240817887647,0.2771993847680312,889.8558166156919,synthetic_gp_augmentation
15191.169640618087,2280.409603799651,-0.3762389952016406,4712.24645036612,0.30472467232358946,5785.931687689592,synthetic_gp_augmentation
7400.065511310404,2156.9793981454877,-0.1899092259120872,7112.666940475787,0.2371054106933624,7405.501238417728,synthetic_gp_augmentation
236.81879351821135,5191.575178851587,-0.06725783504649163,5739.60891558455,0.2670422846729729,7681.111641841707,synthetic_gp_augmentation
11041.574370462326,3434.0609657705486,0.31074412404542306,602.2775149402195,0.13250242444202945,822.6489667846457,synthetic_gp_augmentation
6699.466745696704,3406.419267423396,0.2768305891543036,1719.8896735369888,0.16414560643087192,2097.1966484630807,synthetic_gp_augmentation
10810.964032197822,1273.4959308118298,0.4002927523516998,1059.9155817189333,0.23492081977988816,1086.6688616307194,synthetic_gp_augmentation
4515.692601684336,7694.908545948936,0.6464689841188334,735.2482026065549,0.2976978351870321,803.2383773317691,synthetic_gp_augmentation
138.28948668970241,1791.409619604411,-0.23787817062159694,12753.932975842483,0.26857256655119555,11917.203073297595,synthetic_gp_augmentation
5577.4898780551,3248.8736528062773,0.5407354684451262,661.6356342839733,0.28202210260850497,517.3959380335394,synthetic_gp_augmentation
11306.19824754577,1521.6381134379117,0.433829336922151,439.9495380668331,0.0804995985427175,412.81690446987363,synthetic_gp_augmentation
6350.501199846109,5625.142819113183,-0.3884045511045816,12565.77853725297,0.22251216147500516,17312.166382065727,synthetic_gp_augmentation
3584.868820486293,3489.0299716868344,-0.01742655192625986,6843.031374545718,0.06257987938573475,6518.852359711852,synthetic_gp_augmentation
7477.709139732215,3309.199512144812,-0.46122091156565603,14871.799741945239,0.27860667169946435,14824.690035173864,synthetic_gp_augmentation
12062.341520444328,7000.759083112537,-0.37374186556243605,11275.32586369934,0.07214527878743478,11887.320479538123,synthetic_gp_augmentation
1998.9860799976657,6075.838798347626,-0.10269847992067493,11765.11547738138,0.14110208366825405,9495.143491772882,synthetic_gp_augmentation
11098.8573349817,4159.000423113447,-0.1596373697919069,7626.8372362376995,0.2403548554815655,6854.6467068529055,synthetic_gp_augmentation
10710.769978482762,3748.7232323290964,0.7602432772143091,96.50249787257805,0.2829205212172187,95.24850068101797,synthetic_gp_augmentation
5994.732286992634,7679.211182376446,0.751303988024725,317.65724309619077,0.28510261905045237,337.3515381667382,synthetic_gp_augmentation
15528.345442933962,7651.697317529895,0.30901452460735923,2300.1552626154057,0.26004802375260344,1833.7449415376857,synthetic_gp_augmentation
14325.814261737589,5638.166943279101,0.5290497827205467,488.0296592687227,0.2328716294190652,559.5337433860199,synthetic_gp_augmentation
5126.967544752911,6081.183411891463,0.8994418383858531,57.9486007529831,0.16060627391590307,68.73518257253988,synthetic_gp_augmentation
594.348384962105,7192.743265230527,0.07426977691654024,4136.5119489975,0.2701904995506432,5088.185757891974,synthetic_gp_augmentation
3355.0788864025876,658.1981301665865,0.4116099146632195,5201.735996422091,0.08267772609246028,4251.954561155682,synthetic_gp_augmentation
8801.305433356725,7978.710659764654,0.7887814973861544,195.17705939845692,0.09450037822690106,203.33833947987264,synthetic_gp_augmentation
14708.036296796257,5624.177719755189,0.6158231710137838,355.15663327552903,0.24258348189358783,384.09472540242854,synthetic_gp_augmentation
13938.36640959659,4741.958833533021,-0.40980951146256456,7286.76423102053,0.2891923228980041,7797.563438010804,synthetic_gp_augmentation
6914.7007835346285,2691.1191494882996,-0.14729025764182335,9357.58247357836,0.2638119415916478,7417.728947848369,synthetic_gp_augmentation
681.0209653651067,6433.681668191818,-0.14313762484183123,11772.790414824522,0.12960695372701442,11379.772743776579,synthetic_gp_augmentation
8752.199771621476,5235.4804523729,0.2661335430734937,1597.124410487018,0.2810101814878692,1632.2384798403505,synthetic_gp_augmentation
1107.5508828065888,1605.6413505719522,0.4748211917228089,1351.4717866885117,0.17648007454811512,1014.8642202170394,synthetic_gp_augmentation
15023.838043042684,4879.2882970720475,-0.27708104848824366,5735.3835064781,0.21117565748296244,6226.498504850559,synthetic_gp_augmentation
13884.247974151129,1129.328813771723,-0.05968392665048733,2618.314020378047,0.15830020348257218,3130.7519122249405,synthetic_gp_augmentation
3505.5832603562976,3974.9986120490285,0.5025694059500789,940.0527465020602,0.09312406566661101,967.5703025778179,synthetic_gp_augmentation
11219.962009806522,4667.661102677187,-0.2871972095060855,10320.75674340182,0.24839732567901404,9271.720210454372,synthetic_gp_augmentation
9131.524080689996,5085.472565952258,0.6895918668895455,251.97547119635027,0.15754883171045156,240.2080015278437,synthetic_gp_augmentation
12841.58762900731,1162.0975177874816,0.13845991182739648,2391.606336206263,0.1904510175795789,2026.3207744568163,synthetic_gp_augmentation
7662.868497349166,764.7882292061628,0.3203863502919193,3100.7812186862643,0.06746680718278195,3313.9392207769615,synthetic_gp_augmentation
3149.17433358587,2069.6653278028625,-0.38744224227430807,12744.823539974903,0.1326888489026563,15258.732843612699,synthetic_gp_augmentation
10273.510061953024,4856.238657236908,0.8363017420218393,58.687347256164585,0.22926004243391085,68.68453806811469,synthetic_gp_augmentation
1376.4571992355256,7453.462511767382,0.7705451569598514,404.2425074540349,0.10985692649749368,373.1837023484383,synthetic_gp_augmentation
9394.949059577912,6232.9882472028285,-0.2338897974319109,8500.904879226096,0.28103871389612545,11007.1903666345,synthetic_gp_augmentation
3482.0064068848756,5965.684201379419,0.42834318714045605,1352.1998559214921,0.09255043111503884,1576.7074611634255,synthetic_gp_augmentation
10990.489350264608,2641.858756461727,0.6103641062252521,103.58977340823918,0.22481759029772513,119.79152116148086,synthetic_gp_augmentation
13265.886271476926,893.6590382012683,-0.32924563742955937,4738.898287931411,0.10098151402496286,5070.810504444708,synthetic_gp_augmentation
6464.269979162618,4006.82804013303,0.690635502193758,296.1033817723357,0.06606663560038382,299.2641563736507,synthetic_gp_augmentation
11762.993245638349,804.0867696340159,0.20939973641700083,2237.238579097794,0.0797323558646159,2495.8514232433563,synthetic_gp_augmentation
9107.72635356784,5403.28194132205,-0.4330773443111423,15573.753195048721,0.18117962946473518,15153.944377725471,synthetic_gp_augmentation
10782.239811823998,2559.2002368187073,0.7868949561631431,56.647583302635425,0.12420091848307238,51.391584670849056,synthetic_gp_augmentation
5741.218355106178,73.99145346908665,0.8681052668186702,638.905245369354,0.0616128662612132,687.8054310441922,synthetic_gp_augmentation
13328.518159821357,4972.855697182097,-0.28168105863763715,7189.204556540245,0.09467160822936285,7144.147073484703,synthetic_gp_augmentation
8219.465142242749,320.76414743588,0.10333027525272609,4117.954636378387,0.06181904516925361,4332.319090346994,synthetic_gp_augmentation
10069.217955054108,3462.346326969498,0.36907089172586705,746.0885160880051,0.0930814011150989,660.001652301099,synthetic_gp_augmentation
2339.8774676059816,6598.201825014777,0.7505336036042516,386.7239798613774,0.17533828093378342,353.0441534205631,synthetic_gp_augmentation
468.24677506943794,7990.781058739842,-0.2766633579543666,22332.318666879684,0.06294486601993314,24566.981735481524,synthetic_gp_augmentation
906.9022761172821,2962.42331187334,-0.03236085870086808,5743.268394958242,0.08964200321667604,6783.302876121268,synthetic_gp_augmentation
14472.330356351633,161.01541200157675,0.6171017363814273,815.2686033032986,0.08495812058028729,726.7760145055572,synthetic_gp_augmentation
14134.013909547193,3943.2248155101765,0.0740063877966819,2523.314945049218,0.11942381854562241,2264.721124244273,synthetic_gp_augmentation
3273.8322506342865,7142.2001087135395,0.2840077325033261,3222.2774068259046,0.22730990291404995,2691.5024812262122,synthetic_gp_augmentation
8454.792565997102,5692.025202621551,0.8624403739472342,71.0949578079487,0.29519736274641195,72.86324204829779,synthetic_gp_augmentation
12758.261898719136,3234.5861504476197,-0.3018562865164555,7727.621653541599,0.2821675117318553,7228.075458657611,synthetic_gp_augmentation
10827.239981966803,6096.225847345356,0.8278167869226618,83.44681772727526,0.17739270392464826,95.15036070656758,synthetic_gp_augmentation
1936.786979447408,2729.64695138346,0.2898110019630328,3843.4881606166045,0.2792358606034107,3133.20138309421,synthetic_gp_augmentation
14339.105077017537,4174.108680910319,0.7658131612774564,92.57320133764792,0.2571691458318525,89.33261967125252,synthetic_gp_augmentation
2654.8500451696,7382.282238393363,-0.33488100841134544,16306.06701737664,0.21406521778371942,22888.985435929833,synthetic_gp_augmentation
14426.037203814261,2504.4640152536485,0.6761540508823609,66.6700639366193,0.06182941233887962,77.55284888087225,synthetic_gp_augmentation
7805.409331602806,7084.747300215676,0.6016341019790403,899.7484957336873,0.16112024968959623,735.1844504611722,synthetic_gp_augmentation
8903.142202539098,2543.1106293886305,0.1330876526970809,2957.6858343618196,0.0971735594444912,2638.8295876515135,synthetic_gp_augmentation
15704.21759203057,298.38936147152407,-0.3385145858840273,3499.6121710134125,0.07218960274156955,3498.3202620274515,synthetic_gp_augmentation
2002.1242383325819,3351.6243006952086,-0.2860448491111677,11569.389045707203,0.2363788079581796,15626.861792661855,synthetic_gp_augmentation
12135.486695793837,4004.808890950473,0.4888027939731915,364.1345909201869,0.057797952273206415,382.0346033408992,synthetic_gp_augmentation
5415.781209681628,3250.6629385686983,0.839211341343806,50.36236011365068,0.2831366277868816,69.90814243052168,synthetic_gp_augmentation
1961.0834064772173,2219.6738701644704,0.38773641765648215,1790.743511079594,0.27579546221191314,1560.0650019773827,synthetic_gp_augmentation
6808.740350111724,2953.041388430929,-0.35667211487361683,13858.82251310036,0.10111722050983933,12132.359444979296,synthetic_gp_augmentation
8825.170755831808,5139.5583884297575,-0.15840477140277887,11807.199410547855,0.22228753286036168,8476.30155250113,synthetic_gp_augmentation
3374.790039877536,7130.2377597040195,0.030424156393480395,5330.585863483862,0.21461620808396775,5843.386866617402,synthetic_gp_augmentation
10207.24880500942,5169.299487790129,0.6871553433250863,166.09848173015817,0.2506002647969328,233.6622284426188,synthetic_gp_augmentation
9265.523513551532,6534.998895847022,-0.22769274349091806,12625.546231460592,0.09218910547518157,11235.258773794447,synthetic_gp_augmentation
11598.253445472124,1321.1422218661307,-0.318628491872757,6758.496940792776,0.2274378431896149,6255.215746912526,synthetic_gp_augmentation
13398.83207370468,2408.7810356651075,0.5159585410146408,89.51090848851666,0.1682092649052001,112.8804866062891,synthetic_gp_augmentation
6605.331275133042,404.72786379896775,-0.3224347082282003,6252.580162963795,0.08846490397287979,6602.951992853232,synthetic_gp_augmentation
6825.179679849417,2797.1023749859246,0.07444722600791909,3161.176268080645,0.269596641295924,3837.397644496201,synthetic_gp_augmentation
7997.404937836935,7990.590258132045,0.22171162665163802,2626.90678074934,0.06080754127826772,2826.822336029353,synthetic_gp_augmentation
5070.902131696907,686.2217114434594,0.17222960356996964,4881.767926270699,0.06873513153571828,5046.020082442927,synthetic_gp_augmentation
6235.058921271692,2811.702923053093,-0.19319569803686593,8920.1800405872,0.26217313644509055,8336.038174564657,synthetic_gp_augmentation
15576.32975392718,1612.662905851325,-0.0007191983113606915,2152.264993734713,0.18426094418808858,2194.7065659486316,synthetic_gp_augmentation
9365.422211227578,2980.050056454912,0.4235174746839697,452.84345633293174,0.06884706215471643,452.77563745078896,synthetic_gp_augmentation
6927.166166736686,5210.224891311576,-0.4501647288625106,23463.152522142915,0.2783037630875009,18169.388345791736,synthetic_gp_augmentation
9098.39663405697,3922.464599112743,-0.3378870800888487,9501.851603152936,0.14955996994489967,11210.124802255747,synthetic_gp_augmentation
10738.31723129215,6754.672249667694,-0.10302743615888277,10030.866527448372,0.28341827022335014,7609.372831756286,synthetic_gp_augmentation
7015.760066317375,7239.572854786699,-0.35110107652993683,14985.222912007055,0.28858231598612927,16908.123050650393,synthetic_gp_augmentation
7218.585887620907,3855.1426493555587,-0.44468254339256846,17772.676104500868,0.23032437455002602,15630.516972723093,synthetic_gp_augmentation
11252.277957169166,7853.810513208958,0.882335391706758,71.14974244747849,0.30071568594801645,91.15968773690138,synthetic_gp_augmentation
1067.71507297065,576.1661082926714,0.13806397505510004,4278.123328525917,0.07381535237089035,4109.052616495209,synthetic_gp_augmentation
8802.512214261453,3333.690163268607,-0.14313314506512792,8293.926546945113,0.24616997342720615,6918.945930835464,synthetic_gp_augmentation
12132.360951941257,4661.612082866618,-0.4892378613113288,9087.41037434236,0.24456479490657876,11469.88563101876,synthetic_gp_augmentation
15724.051562152863,4367.437930505685,0.5510138595714564,407.96079038126277,0.21667155984623634,399.4146919648888,synthetic_gp_augmentation
12752.501109910248,4543.81411025659,0.5132541751195929,452.9350969896263,0.09531282330665847,398.3169310477474,synthetic_gp_augmentation
8110.238941142442,7170.005780869049,0.8615570400451551,86.18503042533624,0.25427635858414666,110.34768836827328,synthetic_gp_augmentation
2794.305555754139,2220.521535626448,-0.4704570846332647,14258.329615876894,0.2875335810629805,19253.681020416203,synthetic_gp_augmentation
9453.349448967412,6534.829964709029,-0.3081709718530916,12259.498716613734,0.09974354233646016,12648.105396669658,synthetic_gp_augmentation
13365.352298731706,4464.004433021274,0.49699746826999014,414.06667249360953,0.08454487119173544,416.61808444736255,synthetic_gp_augmentation
14925.383611960788,3923.9238633815303,-0.03789690772042226,2951.140404164048,0.17466865799850734,3315.2999930577034,synthetic_gp_augmentation
13222.435033956199,2395.307405003753,-0.4107176158853819,7634.516069009537,0.18722818115165113,7515.931619142762,synthetic_gp_augmentation
3104.60084116476,2432.5504220800226,-0.0786586093428529,8619.22216668794,0.12822183882793123,8355.428793486908,synthetic_gp_augmentation
11429.956243154369,3107.8389715590965,-0.37719630430797646,10090.1479242154,0.18442436432488804,9285.929937821707,synthetic_gp_augmentation
14094.463665024909,6108.083904797531,0.6726480578555956,258.38086599535046,0.1864788105113641,314.0504035572986,synthetic_gp_augmentation
10928.169769368906,3813.8631007381687,0.7277064175664394,88.7884626712308,0.2627873643487678,113.85722870194442,synthetic_gp_augmentation
11003.457450758622,1230.6694820499997,0.39164589078190426,1106.406045915852,0.2284117457381258,1124.3610717989984,synthetic_gp_augmentation
8052.580351392152,6078.905418742399,0.03983615845232069,3341.518033722924,0.14369383207237096,3333.941477100682,synthetic_gp_augmentation
10227.92193179553,5307.039903326947,0.5763049440307675,422.03778873185513,0.26984075069335417,469.470381336086,synthetic_gp_augmentation
4780.653435646036,7593.910147209336,0.3842263686747951,1891.516319243081,0.17871330274466413,2099.6397460541084,synthetic_gp_augmentation
1512.0803798933487,4235.3128129563465,0.6087747708718603,633.1523326861284,0.28272956161144175,581.8255907626339,synthetic_gp_augmentation
13260.666985451868,5235.377139662433,0.2152702965377984,1119.9043668207353,0.2807426049222913,1483.3185706789143,synthetic_gp_augmentation
15095.994487525099,3834.6421820896912,0.8416828662869571,44.566650495413136,0.2536436183786408,49.225860314716755,synthetic_gp_augmentation
13723.475132493413,5446.241666223715,-0.09395282771610652,4727.001621882745,0.11490042133312757,4942.512193187192,synthetic_gp_augmentation
5409.225505114768,3488.936505601467,0.3458588984303175,1630.7364458163001,0.06074040593215612,1772.7729723792531,synthetic_gp_augmentation
10527.450671368135,4869.006601838812,0.05301536170388543,2382.121549695153,0.21264486179715614,2810.3816814242728,synthetic_gp_augmentation
8868.406712637114,1014.1993770814474,0.4091310306602607,2424.7429109943278,0.05632522583717853,2101.0371083996224,synthetic_gp_augmentation
12661.607724047824,2608.9071851335534,-0.24208317280535668,6881.390148718706,0.1855706103958823,6135.40311935358,synthetic_gp_augmentation
3820.471889435816,997.5948061030869,0.09003165869518859,6545.089088258112,0.06075339492442887,6172.977555190841,synthetic_gp_augmentation
9519.122992619856,170.78035901760646,0.6352688440098049,1889.3475335137225,0.08276215972482458,1387.4040430777357,synthetic_gp_augmentation
225.5712567824857,6047.147321132404,0.19510860840955813,2668.028769299321,0.09980771672014224,2768.8762626408857,synthetic_gp_augmentation
499.93708248539707,1818.4689970014335,-0.29441654353167646,17909.31260597022,0.253706488777925,14722.832154197056,synthetic_gp_augmentation
14127.234660785363,6656.061752557496,0.058000240509783474,3185.1731643583357,0.23832619012212503,3113.3762787169558,synthetic_gp_augmentation
10359.976291401132,7235.476113309858,-0.30584942997553877,12455.336082359298,0.28990238180771766,12309.038500023971,synthetic_gp_augmentation
12232.853053115407,1348.528477215141,-0.40406130658676537,7066.876414305593,0.21358795335369413,6793.663772355381,synthetic_gp_augmentation
12565.854415214837,5670.912338687528,0.7691159368232803,185.11171543448108,0.2636467798491892,134.47586340339268,synthetic_gp_augmentation
6785.310442387346,3682.4458279204873,0.18800406085461807,2688.749873949685,0.2580447421526789,2563.59486595212,synthetic_gp_augmentation
12797.9188136626,7351.689259248407,-0.3748558020071526,8610.333014214617,0.23865577018915912,11228.880877735059,synthetic_gp_augmentation
15006.765872519356,3875.33755041322,0.5033360279527463,388.581052299889,0.21371270287779306,353.9202936112712,synthetic_gp_augmentation
2837.520613536984,3030.9910915422156,-0.3961458984334377,19651.89530569685,0.09102031248078243,18776.978748504316,synthetic_gp_augmentation
12249.768752718128,2356.52095224128,0.05463158400112633,2426.169316162783,0.2252833972976782,2610.5395965372322,synthetic_gp_augmentation
4993.892921087484,7228.971521825259,-0.17759324006244898,12480.096790961494,0.28580581284195444,12640.464948409654,synthetic_gp_augmentation
5211.738748556277,1809.4344272682256,-0.2695176035224972,7269.098591611878,0.2588769455017114,9451.110003359281,synthetic_gp_augmentation
6662.802131478541,6621.718332875893,0.24696889120700838,2386.224860978009,0.20257666296191953,2369.0498094791587,synthetic_gp_augmentation
13833.140366538559,1553.4995806235008,0.5075654585641065,109.5778984419178,0.16380419951059771,140.07366225665842,synthetic_gp_augmentation
450.6914702297817,5147.174834027931,0.18206562868890352,2830.7731773123282,0.2292251048842334,2968.1626330184818,synthetic_gp_augmentation
6999.426688283197,3608.5251177935697,0.6491234368493832,279.34982471733656,0.18634144517859594,316.9633204024488,synthetic_gp_augmentation
10912.757628151401,836.869400133435,0.7843416957540692,240.49811162126406,0.0918413746583731,237.44553433745148,synthetic_gp_augmentation
12696.832192576921,2252.073199325357,0.8390883172009194,29.68857766881414,0.29412955041565303,34.24168269984404,synthetic_gp_augmentation
15076.251306567912,6133.213479632562,0.8006503600802286,105.96270071126413,0.2229583879156809,104.08831446570997,synthetic_gp_augmentation
1545.8636551239595,5831.520018125215,0.6655235743217118,516.6006721524639,0.25069579934630454,579.1785867842941,synthetic_gp_augmentation
2531.8753915109623,1640.9620112589387,-0.0903143591555583,8713.524102811314,0.2142985935432939,8080.403995930588,synthetic_gp_augmentation
15588.145876644625,3809.6175565351987,-0.25593510937283614,5994.772135040694,0.27289182653789584,5671.790101425646,synthetic_gp_augmentation
3245.9046884932914,775.895701415962,0.517815917355785,3690.7540255838867,0.0632037660450137,3701.5605987336494,synthetic_gp_augmentation
1355.1408436809513,5727.570289465622,0.6837406479816104,497.9782804681007,0.28374934363371834,503.140421977206,synthetic_gp_augmentation
15239.861328694813,6346.416280139207,0.652372926089696,347.22262146160057,0.2422582939771124,389.0390289221755,synthetic_gp_augmentation
10526.035016456784,7085.96773112139,0.6618154306524873,389.12087083880635,0.16261586382698479,463.27410059256476,synthetic_gp_augmentation
8867.751743872097,2703.1384571680474,0.4900326721814061,368.329288393717,0.27030748804991844,351.33957776663794,synthetic_gp_augmentation
14715.799871214049,2036.2706675201823,0.4315122058240839,165.5640073335263,0.09265518551843485,179.23244248418018,synthetic_gp_augmentation
10522.769194271621,7172.71499797095,-0.43479290327941333,16821.785797896206,0.2574520448189456,15028.271214556875,synthetic_gp_augmentation
10568.506883109612,1168.0557985560788,0.14466433911874954,2807.9409746927,0.20245746933137385,2995.149671401796,synthetic_gp_augmentation
13514.600470811052,474.7525735410134,-0.4526154409746607,5299.563481655327,0.07622440495012411,4744.200395109228,synthetic_gp_augmentation
10486.606268949492,2513.943824198196,-0.370681932870336,7864.148711376017,0.07921041134412328,9089.18421644135,synthetic_gp_augmentation
8108.4625038990725,6082.400351317302,0.2574065143863459,1568.5754238793081,0.1505748094420229,1898.0738169815024,synthetic_gp_augmentation
6296.571816585321,5553.598337243708,-0.4335293525480828,21604.45682515521,0.14594153821699168,18938.120248374085,synthetic_gp_augmentation
8099.828895380728,7896.442232214851,0.7785085358019448,174.7053136194676,0.22870674928346565,233.19775860858275,synthetic_gp_augmentation
8407.410520486392,2876.2685688634847,0.1304773400330692,2258.3314407885127,0.2035638170100073,2652.7649187597544,synthetic_gp_augmentation
5837.226909780204,2206.778518855035,0.4799533096003685,1027.4724471324741,0.27060381170341063,1078.9115531379018,synthetic_gp_augmentation
7225.082702787502,3025.6608739594126,-0.2930867445517401,9566.31474626325,0.07746964133704548,10170.505982076951,synthetic_gp_augmentation
12849.763732529987,6258.050091443633,0.6866333501469466,339.3674990357529,0.28577980557521915,299.31609605234615,synthetic_gp_augmentation
6722.562561946616,1714.3996089691047,0.16929368286581703,4794.231293571004,0.2657264970065727,3785.0310837267175,synthetic_gp_augmentation
506.4002895033268,7581.983873971622,0.2822862874580081,2511.1427933351006,0.15912226184606837,2512.3392536582437,synthetic_gp_augmentation
4600.0072162042015,4100.39466023756,0.4078778518098848,1563.1697327097609,0.1778827534598333,1223.9396390827908,synthetic_gp_augmentation
12717.953988128298,6618.094595871333,0.2884619711567833,1730.1290041135217,0.1978853845051214,1698.4719278787256,synthetic_gp_augmentation
4556.9376342586165,5930.971043220695,0.6290599191160675,763.1516000120923,0.13835333687031237,683.7096745949631,synthetic_gp_augmentation
12990.207653081832,2917.554591483687,-0.07136751121404739,4849.10387272686,0.14846641223282697,3807.8064665315715,synthetic_gp_augmentation
405.547192450131,6487.424114185634,0.7908690130687512,278.1845126823725,0.06887840661500058,284.69075324280345,synthetic_gp_augmentation
2870.58839942636,6591.224068939444,-0.004544649265945444,8037.329956862154,0.1620277704688394,6857.658689685754,synthetic_gp_augmentation
13248.58162839322,4529.646555507351,-0.11874415132302252,5090.025920291615,0.07814415137105363,5225.064361991609,synthetic_gp_augmentation
8855.3624698004,1745.1825269842986,-0.06399740902309903,6346.20681679959,0.2739725707914709,5383.812844551504,synthetic_gp_augmentation
13426.998634717034,7575.8389614019825,-0.05629715186656192,4097.06388087777,0.14998377810253283,4387.053554621911,synthetic_gp_augmentation
15077.21946855778,4958.564356634694,0.6812502476387137,169.79792903775765,0.12224077281480171,204.5844384885719,synthetic_gp_augmentation
12807.832418445705,4022.3703711298535,0.854703534712296,47.945156461564146,0.07211236400654822,49.99163461564804,synthetic_gp_augmentation
11369.381756695375,3003.87499940826,-0.3824621944739827,9247.9324639101,0.05851717878291354,9314.948009893498,synthetic_gp_augmentation
3391.7070507572907,3684.0241261573024,0.3595722436696027,1681.2911923962538,0.2605764781488507,1591.247779315864,synthetic_gp_augmentation
14914.066034807956,367.25614548408015,-0.365565983733788,3268.869415742257,0.08552881013261056,3910.504683982564,synthetic_gp_augmentation
6526.809896871633,4392.974785530895,0.14239011855273953,2898.929675935576,0.18369196235223129,2661.9898552526915,synthetic_gp_augmentation
14213.007386531386,5329.859524505579,0.03582903154674266,2544.1230152915778,0.2516946938610513,3026.276940576665,synthetic_gp_augmentation
9721.307904172314,876.1597898451922,0.45308488115675416,1723.4052303978467,0.08599405962689269,1695.4367219923454,synthetic_gp_augmentation
8475.29235000121,2044.7805735693576,0.5436227385936743,324.050199170284,0.10582862951508994,411.4212540107345,synthetic_gp_augmentation
14637.809226168274,6348.721426870922,-0.22879925693933484,6828.196697119585,0.23650465572924048,6122.242552070509,synthetic_gp_augmentation
8950.924327059714,7886.936394755562,0.08731460553814696,3311.807684154829,0.23558082573974617,3071.553481954173,synthetic_gp_augmentation
196.86924739939735,2025.7894871260085,-0.1612177792959763,7743.819243270669,0.07262714188262191,8074.958543569844,synthetic_gp_augmentation
390.72420301750304,6731.515773316648,0.44727360996969967,1508.2997220748816,0.28252585235933825,1595.8965025521782,synthetic_gp_augmentation
12464.358419786955,1376.8237209133324,0.22477670966802932,1581.1971672648217,0.18207671654548122,1518.7789988486836,synthetic_gp_augmentation
2674.788018716395,1047.0271631891394,0.6577678251039571,1352.0010191920624,0.1453343265738399,1339.9915200969847,synthetic_gp_augmentation
9619.941126487509,5833.628649404965,0.8737808591901439,63.347442110908915,0.25942338430719714,65.40157004004644,synthetic_gp_augmentation
10929.203194750287,3566.978971529232,0.029351010328665716,3319.5161630681773,0.12860257534740938,3233.808018609745,synthetic_gp_augmentation
4541.9129278811,6351.387986776009,0.7767954044661378,225.2854020618577,0.23433842826423298,232.42504386205744,synthetic_gp_augmentation
3920.114061226288,1705.551016797589,-0.29122722389245126,9173.083675667156,0.26489500392209675,10732.054725487646,synthetic_gp_augmentation
15146.415295150413,4390.389950584401,0.6702996300688071,185.62051580224502,0.19911781862129008,191.50523518624988,synthetic_gp_augmentation
13776.705485951756,922.4837973674464,0.17411023722383023,1938.8823897161444,0.08064245398207065,1778.1074769974039,synthetic_gp_augmentation
4679.88038480976,2229.9937119319707,0.4928252196802695,1059.9004378336974,0.27804793637796815,1020.247744816141,synthetic_gp_augmentation
8508.150406110402,1329.8960916663088,0.4836562460475786,1382.193671931439,0.2177420346336114,1294.2915060968858,synthetic_gp_augmentation
8060.062428747101,2560.3783501795315,0.7403518455828102,123.79927371137596,0.11990081518560126,130.74412070627417,synthetic_gp_augmentation
15364.369801406177,6123.989646812385,0.5656305848298468,547.7867242711085,0.22372943317855284,588.651456738677,synthetic_gp_augmentation
6365.057604923279,965.9386976627698,0.6544732333650487,1429.57775516521,0.08032038267810347,1621.450972900326,synthetic_gp_augmentation
9039.418118482912,4894.951353370966,-0.05072328520791092,5589.446295288458,0.17985421632578863,5042.9152643118605,synthetic_gp_augmentation
2688.6957137072745,4305.04503333829,0.4262290268374973,1407.0884573916678,0.26656449199395416,1295.0941216282213,synthetic_gp_augmentation
8852.721092125576,3873.980827788492,0.5831683022701324,285.40030138379115,0.20665246270101037,349.0380051502325,synthetic_gp_augmentation
1780.199433753091,5310.884833506129,0.7024337997177914,541.8473172907645,0.26842646337018594,395.15475351862864,synthetic_gp_augmentation
15485.41356355565,6513.050578972743,0.6703103600812106,351.81330444949896,0.07083040489966032,358.3547958716509,synthetic_gp_augmentation
6705.005980261569,491.8051547524156,0.7907747875851643,1588.2121098858725,0.06390453696118649,1630.3103076209225,synthetic_gp_augmentation
2265.383436913138,3856.995598741647,0.5585307908740214,755.06152725553,0.2256852081154688,708.8888596878959,synthetic_gp_augmentation
13360.599378761626,4091.724167126876,0.1752325041709215,1248.51762387329,0.16589937561050552,1412.4860026170204,synthetic_gp_augmentation
13151.780393624334,1580.6866529133003,-0.1484288309513616,5786.580192493771,0.1406227026351517,4106.946036934442,synthetic_gp_augmentation
11148.267950730273,717.3848428522999,0.23503848589753418,2809.3432696493,0.07402554272352022,2634.9408877239316,synthetic_gp_augmentation
12006.107649959225,599.287803695785,0.05622031465222255,3649.7226514350177,0.0869802301759459,3457.390747040532,synthetic_gp_augmentation
4308.971961261569,297.87188034630407,0.7398831148092517,2590.0924993550084,0.06634312808696931,2217.282736810953,synthetic_gp_augmentation
10308.650656722222,4588.74419295186,0.29417101279777913,1086.348821857353,0.15887894593853208,1256.3429906248357,synthetic_gp_augmentation
704.5159521657587,1243.796884436847,0.04889289259817742,3066.320580877138,0.2342637814527687,4304.370846337512,synthetic_gp_augmentation
3230.5532878515496,6469.63799543953,0.19787188870778571,2946.57036442151,0.08158566089550502,3494.5443725038363,synthetic_gp_augmentation
14923.243216094079,7191.621768267138,0.8069945612125948,140.09947251826665,0.36893439355044305,134.51858609283545,synthetic_gp_augmentation
11853.841223614272,2339.2652816009304,0.35856186994393213,352.7737959105452,0.24068077865981322,315.7954958477169,synthetic_gp_augmentation
3767.693401729199,1315.7314398296692,-0.17942883983811397,9828.818590515562,0.2274635937465838,8177.618151191244,synthetic_gp_augmentation
1870.9911233566809,3276.895004960663,0.20010861065554109,3828.216808013246,0.27830070791005057,4290.64062001997,synthetic_gp_augmentation
15187.819173409174,7052.561610276474,0.15192153179194767,2600.726165247958,0.11285871222285546,2450.1803861522353,synthetic_gp_augmentation
1883.7838903561108,3198.553466729858,-0.06543401485079037,9715.775993171046,0.26790785181554905,7865.095790263953,synthetic_gp_augmentation
4187.413763951246,866.6903681089834,0.53081931647883,2786.189663009576,0.08725786340371432,3295.0715503331253,synthetic_gp_augmentation
3003.8804886913686,7877.344742100047,-0.1243982707688901,15239.63438324623,0.2495230261347491,11811.832811910463,synthetic_gp_augmentation
218.6747445471106,3997.4037697541726,0.18956859294708817,2728.884136266172,0.05823187496402582,2646.864928571762,synthetic_gp_augmentation
5094.7429081589,2738.971769527294,0.11746538410909446,4929.981797433828,0.28046712154862247,4165.21856709117,synthetic_gp_augmentation
15589.444058420326,7148.966318753639,0.15360773414409534,3183.134751596683,0.23694729472643253,2489.6783696634598,synthetic_gp_augmentation
5536.262562368768,7419.2279509815435,0.29348578046328266,2938.819607799823,0.15270381013454645,2561.512198244965,synthetic_gp_augmentation
8118.4475835376015,3974.4357320692484,0.456616172480637,657.1018765840685,0.07243431897070529,626.5953527502237,synthetic_gp_augmentation
11960.378964356325,2453.731150347263,-0.2998002202399403,7258.064103327765,0.09895313649149703,7186.739065263435,synthetic_gp_augmentation
8862.173623059536,3861.070556497253,-0.09634485761463774,7547.025411781071,0.2203814959430719,6362.499396653003,synthetic_gp_augmentation
10620.010304229192,3825.9047835114507,0.7708434933412671,69.08859813658196,0.25547138537700964,91.07008486046246,synthetic_gp_augmentation
9776.152065684335,1835.4488454088366,-0.4374802195474683,8587.79833959293,0.30825038628734236,9421.792158799448,synthetic_gp_augmentation
10429.417624666748,4977.622088628087,-0.39728819485852546,10761.593141658595,0.0811291759002745,12277.75189893789,synthetic_gp_augmentation
12806.713357044191,6079.113448557439,0.807361553208596,97.87243903105934,0.15038334447878599,101.90851575807764,synthetic_gp_augmentation
11392.043177337557,7755.422306204439,-0.2928827475789899,10632.403674497613,0.3251035494809394,11547.82159838164,synthetic_gp_augmentation
12689.221239212546,6740.56375443507,0.8710047827519514,76.84951272806792,0.3170864489751668,80.54351205415418,synthetic_gp_augmentation
2415.002448708148,689.0787584524292,0.6595109845115059,2200.478121871837,0.08258350972107106,2079.0059311672017,synthetic_gp_augmentation
10875.012350097591,1692.1830395332709,-0.3310138029732819,9612.887437051546,0.26207775387055066,7186.9172356816525,synthetic_gp_augmentation
11818.648405975977,4253.534863029644,-0.3564649254877099,11065.788782394025,0.2824859989860136,9652.062577752034,synthetic_gp_augmentation
4869.466276699669,2060.727953511992,0.8682157018108236,141.8926065913882,0.127064643299226,136.53713132890084,synthetic_gp_augmentation
14005.77951270819,114.92165666640463,-0.1432480804448243,3496.025311835267,0.060289711179945825,3607.4920552968956,synthetic_gp_augmentation
4944.914492512937,6038.327599288164,0.2541340823178656,2683.1180559035706,0.09420580362315574,2657.1390665395797,synthetic_gp_augmentation
3976.930698086307,2862.1760607005663,-0.1692700155620041,9730.928172540493,0.21936682832784202,9237.416452388214,synthetic_gp_augmentation
13886.839366140128,528.8002593588948,0.3409443183829993,1871.0748879278096,0.07663534370259593,1434.4433438394658,synthetic_gp_augmentation
4027.6154260511844,4070.6913321810907,0.676039961475428,314.4313841249336,0.13841398518933962,406.52805853586955,synthetic_gp_augmentation
6706.489152665622,7817.669705187123,0.41967286095688794,1370.4235948758428,0.3076315289983815,1766.2788851034456,synthetic_gp_augmentation
5949.972997585421,5428.309011382088,-0.4347366774775025,16776.384650617925,0.1623606674918504,19321.93096247989,synthetic_gp_augmentation
14379.18297867653,1270.1289059414291,0.3332650810872497,797.5553406147715,0.2376962480406219,727.2253391286829,synthetic_gp_augmentation
7338.248238778632,4114.364687437578,0.4254232884399529,898.0349119901484,0.19165638364500165,836.3876931561799,synthetic_gp_augmentation
11139.512039409827,7213.779639147884,-0.21874279820639442,8567.683131403814,0.283211839822471,9951.766495004917,synthetic_gp_augmentation
12725.21858383688,433.949335616707,0.5669650610371115,1061.9335219452328,0.08227886159941256,1032.5203887570672,synthetic_gp_augmentation
10083.666933880102,5103.145606119493,0.3776507174809195,989.5020742212421,0.1824840398620879,966.8127047135723,synthetic_gp_augmentation
15104.742523366143,5770.18391824718,-0.486633952152324,11461.192288065376,0.29106925485410984,9049.190166633194,synthetic_gp_augmentation
12859.86971517053,5632.093594516073,0.8307771022280046,98.79193569452464,0.2410943747689852,77.82004183799874,synthetic_gp_augmentation
15217.908307797163,7258.228253722091,-0.1746694587774058,7099.184194187514,0.29160364534252714,5761.380339191883,synthetic_gp_augmentation
8440.739849014213,2578.170661704581,-0.3793231613164168,8860.081185678466,0.16715105916201645,10686.42182536265,synthetic_gp_augmentation
458.9794348238447,413.93618712804073,0.0242005154418502,3007.262747293869,0.07149774933388515,3106.6257970573374,synthetic_gp_augmentation
4234.211146481059,665.7674758603891,-0.06912324452779922,7003.015042729229,0.07417007832349612,6939.097478292399,synthetic_gp_augmentation
9985.500433892537,3660.619054397588,-0.08286560190730691,5429.112726988663,0.2415945399112846,5647.682967552996,synthetic_gp_augmentation
2593.356946958544,319.85601663237696,0.6104815978551192,2659.78058128338,0.0688917192821486,3054.1460116252792,synthetic_gp_augmentation
9386.681913801938,6236.420142146108,0.4042896177019205,1613.6909615948102,0.28079303126783006,1211.8148941662903,synthetic_gp_augmentation
5849.408554689724,6926.588047762544,-0.31372578469659473,13678.502055455734,0.14536189116589004,16584.82316051996,synthetic_gp_augmentation
8596.729132926557,106.9854001704389,0.4913037451732186,2230.1880455543064,0.0590617036469359,2049.596843574403,synthetic_gp_augmentation
129.81008118472067,6480.10802661795,0.5128748075785561,1125.5707922291613,0.06883800790512982,1231.5943876549006,synthetic_gp_augmentation
13589.899539232305,7849.651752795182,0.21997608236519872,2246.722961796363,0.2816730747769073,2283.7598396510875,synthetic_gp_augmentation
5854.615255630901,242.94528884599575,0.8940738214955277,1319.0092940093339,0.07815439249624596,930.6334145569128,synthetic_gp_augmentation
7062.862126380771,7992.752630381096,-0.4181621064074624,17251.50800058839,0.07755608422764594,19883.971026045816,synthetic_gp_augmentation
7830.218966472462,6376.9486903516345,-0.4596713057910413,15626.64784016188,0.22351538189460535,18429.350909638895,synthetic_gp_augmentation
10234.703096889403,4042.8560242811013,-0.05123271892336678,4571.790223519153,0.09657488306117407,4821.813628102288,synthetic_gp_augmentation
8440.542801601248,7078.583776584997,0.19708516091711314,3079.1234898946905,0.1461409957229712,2271.4519807160077,synthetic_gp_augmentation
792.024954866296,5663.459399220286,-0.39047651727136534,25266.01853416016,0.2626705169356221,27776.258760240165,synthetic_gp_augmentation
13957.045921036459,2339.613203683171,0.29211805284622383,704.1020312356088,0.24085138097344586,619.6046862558994,synthetic_gp_augmentation
7358.492015412684,1794.558256618158,0.761218791344817,269.2666750962392,0.26675034141903675,252.94915799441463,synthetic_gp_augmentation
1324.1055832748418,4100.355141636964,0.6156079406345929,434.00234878258897,0.1793313123653441,537.4325154465648,synthetic_gp_augmentation
12387.968960814043,2983.924192172883,0.44145598949568765,181.11485497060565,0.09290141223675309,241.1462263570784,synthetic_gp_augmentation
10596.455258650785,2635.743926464014,0.4264243723616603,260.72486504605115,0.21785645658377165,270.1619624585352,synthetic_gp_augmentation
10426.060587030626,1423.398533815079,0.5224207921659496,347.8836766823317,0.13629413225423853,331.4473434806224,synthetic_gp_augmentation
6887.932627595421,6762.288025373583,0.19188893799471363,2704.6799280078144,0.28226932674966,2534.9012361015,synthetic_gp_augmentation
6626.903295673716,5640.116005159013,0.06251974532296933,4568.7866099124585,0.2223711522595359,3371.503144797075,synthetic_gp_augmentation
8627.78431855875,2650.5717572699473,-0.07068229564002537,3969.8772609026,0.23151982187083864,5603.062947057084,synthetic_gp_augmentation
904.451165095742,1901.3366526814943,-0.36053428928323594,16845.21226516578,0.16948321155393406,17004.957427688398,synthetic_gp_augmentation
4853.428451064941,1025.1033040690868,0.2870275630250705,4783.149368741555,0.0721103373645122,4329.085017332479,synthetic_gp_augmentation
15807.517359641739,900.1036373788231,0.16152531785094937,1265.6833234435621,0.08553312910137173,1440.6725861020934,synthetic_gp_augmentation
10628.860577136405,5003.825481736719,-0.3335359465260937,10749.035737346143,0.06492094373948076,10839.01004848232,synthetic_gp_augmentation
6761.0532301354215,870.5374245354029,-0.12442235201782453,5703.71791698946,0.08579851542165012,6266.229476517997,synthetic_gp_augmentation
3635.573336753203,7681.700991815738,0.6020840742526512,1318.0682401997622,0.28752953030059625,1056.3804170882836,synthetic_gp_augmentation
11948.828854213712,2233.080812896534,-0.142154331484374,5722.764948236796,0.2790445497703135,5106.01813871865,synthetic_gp_augmentation
4238.615924328443,206.43888465465298,0.09600680026437769,5806.717114899431,0.06693651683711713,4905.617249689631,synthetic_gp_augmentation
2681.684651156096,6842.637790745479,-0.2741692817993857,23246.445986886356,0.24122636817910909,18460.216130171113,synthetic_gp_augmentation
2556.7869137251673,2940.6991668024016,-0.2622147432064421,13386.670320004581,0.11858182871996621,13617.60709862944,synthetic_gp_augmentation
11695.286138719246,2743.727063799677,0.5588840060997295,152.00285396176739,0.28381240980851397,141.59947458036586,synthetic_gp_augmentation
10320.683043190607,948.9648945310662,-0.406656118396707,6473.722980183899,0.11008256377498864,6883.077722231022,synthetic_gp_augmentation
1209.9169800025668,5283.376465751267,-0.10096339849913538,10930.350553200113,0.27637092160546295,9228.28079200307,synthetic_gp_augmentation
10178.165190921876,6583.956236533782,0.16625007944427128,1876.6261102226404,0.15192352479251262,2064.1361434948267,synthetic_gp_augmentation
9180.746019767328,5044.946429041034,0.34869867982872726,1401.2409087503715,0.10617656113588253,1163.794617458391,synthetic_gp_augmentation
11007.385059911834,7039.29882075173,0.39710544107310963,1464.442376724605,0.0925275017266884,1390.986831981507,synthetic_gp_augmentation
2930.8186429758653,4980.48926390461,-0.2254058489718221,13352.750103644248,0.07525012428963966,12832.942222049682,synthetic_gp_augmentation
11652.747708852956,6234.225837757989,0.017078931555443377,2837.2421976566948,0.2809971891905435,3685.8704812734777,synthetic_gp_augmentation
14983.933830555741,5572.314279237801,0.06098929286728083,2403.1569252011845,0.1432354501555324,2915.5547187248258,synthetic_gp_augmentation
9656.700001113515,3700.7393971253296,-0.1770435187420027,7020.628244968838,0.2701177154057548,7550.153714244099,synthetic_gp_augmentation
3218.4673123202633,5509.39193568441,-0.17242266328465555,11363.918829947093,0.06852300381688824,11381.484044074861,synthetic_gp_augmentation
5554.998768382424,53.62895940899559,-0.3481341725837408,6398.898205779716,0.07437330260029784,5730.729566740423,synthetic_gp_augmentation
883.6751675329706,5589.103509822813,-0.3191963749010539,19906.39465759461,0.20308270365608938,23122.210678054045,synthetic_gp_augmentation
4907.185256104725,2097.276014582767,0.3026228683972231,3609.562817941353,0.17147306617426872,3203.7784948704093,synthetic_gp_augmentation
14498.803121007099,4334.582576000247,0.12907329397812117,2301.0906703990827,0.2472124125563494,1892.3940231613583,synthetic_gp_augmentation
6637.115190798006,890.6591072868392,0.35670685215667775,2854.806931993264,0.08686226379200539,3392.976318505093,synthetic_gp_augmentation
13848.17887469437,184.18001257872075,-0.4622566798706582,3888.8752891980175,0.08922091709386078,4329.046410517269,synthetic_gp_augmentation
8187.683562012387,120.95767020456182,0.4868820181870547,2551.8647345917666,0.06211323943544934,2240.8745561280866,synthetic_gp_augmentation
182.93950493181995,159.14005288121302,0.23379641822397845,1415.7953470862026,0.06540282356108396,1136.0850673630155,synthetic_gp_augmentation
10229.954765294657,1059.1793668081477,0.6771764474296584,128.95404791868503,0.09167466547873172,177.4103943587952,synthetic_gp_augmentation
1814.2401359836817,4473.388842871795,0.059527713821525,5982.795994596527,0.07182643529153793,5683.673950029315,synthetic_gp_augmentation
7712.099793444663,3202.182652583968,-0.3895060376575043,10884.591374116824,0.273271093978295,12509.72009459309,synthetic_gp_augmentation
4239.038004963772,7845.984980725227,0.028561838726792743,6485.019942527511,0.284616559841426,5643.644527930367,synthetic_gp_augmentation
6338.889156686107,6469.5548817376175,0.1249157436502567,2799.5262740129024,0.08356616775247543,2937.16596138657,synthetic_gp_augmentation
329.979422171368,3334.3151476884436,-0.03139688156874193,4805.374604113268,0.24654843991102623,5300.009734079864,synthetic_gp_augmentation
4624.878974018803,3447.766372506566,-0.05885884453951712,6730.46253202987,0.10864679124271981,6774.076427683488,synthetic_gp_augmentation
15834.829755240651,2896.9342316102857,0.7432244082781339,89.42354623167468,0.18346071959643143,84.33249251620141,synthetic_gp_augmentation
1012.6461005468979,3964.7182454042895,-0.14864759542693984,9223.253424462026,0.09066176382407365,9444.975353206884,synthetic_gp_augmentation
5178.356461702157,5358.996363563721,0.39942514984135447,1361.8812899744264,0.22242222788158408,1423.3156694436439,synthetic_gp_augmentation
5210.601451937907,5127.117725277222,-0.04271280191026483,7220.271405764484,0.20961368790940954,6254.606624113653,synthetic_gp_augmentation
6132.236142830925,2856.793313068427,0.8320382455584343,75.11842615184399,0.228105178148818,71.51395996991089,synthetic_gp_augmentation
10988.01660323329,5640.364985188181,-0.23452510344123972,7330.740610794584,0.2219249337938174,9374.525097667914,synthetic_gp_augmentation
4039.126399059137,2315.8831893074607,0.513513597424553,837.9774918164725,0.258589187515652,807.1074028235123,synthetic_gp_augmentation
7418.2825717632395,6683.742753811041,0.27008975297227844,1838.9184330862204,0.2601340374475024,2113.9328473420874,synthetic_gp_augmentation
10353.330712953943,7714.976346112206,0.8701909476374989,87.14412733461128,0.31821566781331284,101.99576131585313,synthetic_gp_augmentation
5224.920727424559,2357.8932355911616,0.8916790129190755,97.0371716524698,0.2253965366485441,78.70146583035094,synthetic_gp_augmentation
15185.48403000175,6277.50842216345,0.6111773405935008,514.5121319396062,0.2855144678767033,485.62772369130886,synthetic_gp_augmentation
15676.794895588633,6507.406430861818,-0.35516150814133524,8875.39091925926,0.10929096054105822,7515.0953900339655,synthetic_gp_augmentation
2002.809726231427,3926.1069962790316,0.1566097220573941,4525.127203770671,0.13953425646394582,4437.9467951339875,synthetic_gp_augmentation
5566.736161972881,701.9784932243533,0.6963181623491399,2536.3683085897037,0.07010834232823986,2290.354100485114,synthetic_gp_augmentation
3406.7559099229575,6289.455120794272,0.3938766075277764,1912.8887074322863,0.2746505951478763,1800.9830857217812,synthetic_gp_augmentation
3069.9545693581313,3259.825905860159,0.7305571508777693,170.13272954156278,0.28234434114729245,181.08392249689382,synthetic_gp_augmentation
7906.5794295786445,1664.5702040140168,0.6191126939936711,353.63799656530153,0.2359698491264378,439.0318773483625,synthetic_gp_augmentation
9064.851019344575,5013.201860486236,-0.061855327110610925,5189.542308233747,0.061854338296602106,5517.130060947492,synthetic_gp_augmentation
6867.867445501827,3495.5048454461134,-0.22690846887973554,9351.150936121303,0.060501535618563786,9520.139940967016,synthetic_gp_augmentation
4433.622482248035,700.5795894414568,-0.04841054091559405,6606.051223294216,0.06495701326454298,6835.850157291728,synthetic_gp_augmentation
4530.083030632871,7869.397032533656,0.47432298747501,2251.225090275589,0.2609111983771102,1661.3718107772897,synthetic_gp_augmentation
15874.83768581762,1957.2949619531626,0.1734909665991331,1070.086609171248,0.10334014054766846,1214.351382753758,synthetic_gp_augmentation
14786.470246444984,4087.7204438371646,-0.43861251392093437,7770.925575503063,0.17109802080212758,7651.6029501648,synthetic_gp_augmentation
10539.155366738398,920.7149151895325,-0.4374243869603915,7358.3097417299905,0.10519191134926643,6994.201646383801,synthetic_gp_augmentation
7364.353959009024,5915.280750886071,0.07302596630705216,2878.1618335946446,0.1520917954650404,2965.206968710443,synthetic_gp_augmentation
9591.6752180948,3950.023178454414,0.20423759216273207,1717.5818860723055,0.10734154899097492,1599.285633755625,synthetic_gp_augmentation
1165.1141971923178,7638.360219522619,0.546906253831821,1305.78367259195,0.241357362183834,1325.1364843809072,synthetic_gp_augmentation
5658.606801717518,7287.182698151712,0.6891211224500395,613.1263098577098,0.28230035472767473,519.7645854774494,synthetic_gp_augmentation
15769.356599831797,895.8665909702983,0.47706077250503054,466.6994126941272,0.11262880852269412,434.4542218619353,synthetic_gp_augmentation
2998.3370489508065,2950.016424535204,0.8314989157975461,42.30888893400145,0.1365659027036464,53.44763538896605,synthetic_gp_augmentation
2124.6016881556907,4134.171454156949,-0.13949910486866368,8468.841667903338,0.2188772088531056,9617.067063483857,synthetic_gp_augmentation
11690.654895409149,7359.8067672142515,-0.2749778685585104,13508.042826199957,0.23238917585352703,10577.603710207553,synthetic_gp_augmentation
12461.21904427767,6532.506635632367,-0.4057866344918145,12349.925699930143,0.08625815506843323,11459.541352225635,synthetic_gp_augmentation
10789.149408027097,3091.861623955313,0.5101276302796771,254.88979932211555,0.17588814023305546,225.54804155749682,synthetic_gp_augmentation
11130.172996281439,3025.262365056987,0.8134539946380817,41.64408325432626,0.07848897197370897,45.19496553695969,synthetic_gp_augmentation
2258.7538483979106,2169.5434864344757,0.3376906671377159,2999.1425609032,0.24767646699328127,2962.3620217315893,synthetic_gp_augmentation
9770.728169908263,4879.1410124607955,0.6257899328161407,287.45439992252864,0.2080684003232103,339.36906611419823,synthetic_gp_augmentation
13861.714040559038,4979.260479380684,0.5287842094207329,419.4068710490079,0.0777093533016557,422.94272094816523,synthetic_gp_augmentation
2126.149098922763,6366.153117015056,0.25426933093963466,2652.269654012858,0.21694393019137795,2908.412391373936,synthetic_gp_augmentation
4179.11868606708,2162.4734309714313,-0.16658502224052557,10123.803062809111,0.24212608918052927,8680.647832374747,synthetic_gp_augmentation
607.6787053021085,4080.0806739542522,0.7383133183563659,165.26843480894226,0.15894879041187102,214.4179372446361,synthetic_gp_augmentation
8145.259027592674,1268.1527616571975,0.545156188434345,1018.8640621385666,0.23646967932759577,1227.0177532471544,synthetic_gp_augmentation
5293.466805611909,6367.249184618947,-0.16657179061650096,10038.32398628987,0.21501439418107715,11325.380072275762,synthetic_gp_augmentation
281.72277318163174,4663.7756931634185,-0.37382166331632416,19528.986334696256,0.2630394525225774,27104.033431132557,synthetic_gp_augmentation
661.7063708563682,1197.9241912966518,-0.3980009682420154,13073.16028783779,0.2195972446970908,15486.978252786885,synthetic_gp_augmentation
12702.710001908685,6945.8366944327,0.4058231837643407,1493.9105232997522,0.11357705429873655,1298.1856828199095,synthetic_gp_augmentation
7886.323570941345,3413.6100762064752,-0.28999666459422635,10702.708208583308,0.1595571488540337,10123.85517419235,synthetic_gp_augmentation
2480.5805838137167,1412.9547673971904,0.8988680305523755,120.34365020668852,0.15088215862751403,136.4429933655708,synthetic_gp_augmentation
5800.239473259388,1563.170914709203,0.8454667254568147,217.12827647494737,0.13096460105151056,278.2874268404684,synthetic_gp_augmentation
1894.8166955681472,7485.729284679826,0.5150806238149797,1722.8092669831376,0.07844683362490164,1457.4693709584642,synthetic_gp_augmentation
4493.294348718883,3025.9993780331947,-0.1349191247979737,9660.449318000572,0.07631630861747646,8294.335319866768,synthetic_gp_augmentation
8837.185904652119,630.6246024578624,-0.02274030112525699,4939.320871663136,0.07895834410730719,5053.3634214604535,synthetic_gp_augmentation
3439.105064214408,806.584635630859,-0.16356538814369959,7213.373768152903,0.07489664659746936,7481.688551939268,synthetic_gp_augmentation
5564.370192427797,5235.828073550808,0.6627638723524298,505.9462675184977,0.28311424974545146,469.1875759109671,synthetic_gp_augmentation
7699.101054907708,2966.013684717405,0.7512532560563985,91.73627268523028,0.09120819900208156,110.9827735190047,synthetic_gp_augmentation
6778.472853012116,3409.051978766349,-0.4434378205426636,12646.687316271615,0.19749551331443863,15395.482850704439,synthetic_gp_augmentation
717.963605020622,3724.308527916625,0.1281778472453191,3780.0958388474137,0.28101151156407256,4016.91767979277,synthetic_gp_augmentation
663.7937584881289,5148.395623040517,0.23055084421761218,2075.4840232187044,0.23024558248604532,2847.540505579826,synthetic_gp_augmentation
5667.84638664309,4329.113311238287,-0.3772943705991467,20688.011935930215,0.25296684828576277,16064.813869491667,synthetic_gp_augmentation
2186.9592497954036,3930.309215550432,0.8075718593770995,73.8293381187078,0.136371413680739,97.5335881863736,synthetic_gp_augmentation
12612.983850194367,3684.9044728507324,0.06401111615323984,1745.5980327243783,0.26009183726491364,2400.861428570698,synthetic_gp_augmentation
11479.221518090006,4365.897984429128,0.7001277116724183,137.7663760122173,0.21932130392138693,151.37870446272112,synthetic_gp_augmentation
162.7015050812179,885.3602483230709,0.4468968460889906,1367.3031285215488,0.09229845586243522,1395.982103258657,synthetic_gp_augmentation
525.2911804113373,1228.2169843418815,0.3284410555127789,2403.8180527116224,0.23068227080005274,2288.8052426219765,synthetic_gp_augmentation
3201.0281270550213,4241.9534248635755,0.6466702099156643,667.9956444094424,0.28486044704665253,504.6972126240121,synthetic_gp_augmentation
992.322485704302,2203.480340397067,0.16224146392953842,3893.850270535669,0.2690086201950847,4257.081645794908,synthetic_gp_augmentation
8548.355373797864,5032.253509690776,0.2668024923733141,1465.660524481296,0.08864806592325525,1623.990468460642,synthetic_gp_augmentation
730.0734571888108,2982.0110614332816,-0.11546779654682393,8927.052792535083,0.06411423758805077,8628.11985260776,synthetic_gp_augmentation
12862.068824126824,1765.8779813234862,0.49705866360954265,147.21425254367918,0.2783547773418943,143.52964470414935,synthetic_gp_augmentation
7938.096896238387,5251.158306618627,-0.27731291755269166,11827.017704044998,0.28798197429520644,11814.1396662928,synthetic_gp_augmentation
11674.474430092394,3151.2613571401157,-0.15957380937735632,6384.901799880141,0.23232525661439765,6075.32044847945,synthetic_gp_augmentation
12036.170559879874,1260.8997640777968,0.17188933589885003,1898.0144105785357,0.2368577769207994,2151.9217876188877,synthetic_gp_augmentation
8157.5466407567,6470.47183416232,0.039437480173247885,3267.8308683522996,0.0815678548305628,3348.353917539667,synthetic_gp_augmentation
14813.269732430112,3454.0696955249155,-0.16459032797511236,6053.395426700672,0.10044326110912424,4934.884771408153,synthetic_gp_augmentation
15844.828304299399,7320.562717781148,-0.23135603486270667,5502.1749353877385,0.27479988436208075,6281.910969942339,synthetic_gp_augmentation
5811.513507631279,1547.2074281232199,0.7052560475320611,498.6965203052222,0.09779419901916385,458.7945384694855,synthetic_gp_augmentation
2101.239829962813,7010.801876851786,0.3272024563450663,2156.7268937577433,0.06148739983569955,2340.5515241919143,synthetic_gp_augmentation
5875.487040501083,6527.279765592553,0.028349722616869633,4602.202182144378,0.07606736971375003,4526.5774901393415,synthetic_gp_augmentation
3651.326962526895,831.3265927058469,0.6840926313294371,1656.0960140945508,0.08916050035591176,2106.5314629160935,synthetic_gp_augmentation
7739.145687159975,3963.85755781804,0.2941998769785221,1536.1177425552892,0.08937264811224917,1571.5732220168454,synthetic_gp_augmentation
12234.682459608424,3122.1046734874853,-0.07214191657462232,4388.039308331103,0.20047658627609985,4280.52667396254,synthetic_gp_augmentation
4456.9334952154495,7550.737018909629,0.2571688245673319,2848.4693066813516,0.1092642442019487,2943.2081462607084,synthetic_gp_augmentation
8645.848121771634,5606.5668779377565,0.5051983440012129,798.7563485330655,0.18492548239318107,786.7954779219378,synthetic_gp_augmentation
5429.063864326145,7726.9590205159275,-0.48808937404918634,30290.914152648256,0.3191308153689728,25423.184467229516,synthetic_gp_augmentation
12580.877739518515,6769.842486825532,0.21899451480597254,2040.8371117233444,0.28102197981756194,2026.5971624510953,synthetic_gp_augmentation
10268.632455282372,6537.051185729246,-0.09157472391635635,7671.950341748349,0.09148537666359977,7434.09390934714,synthetic_gp_augmentation
235.2252151187107,5805.0583224000775,0.247615260221405,1912.632223128156,0.26794032590437855,2507.4975472493575,synthetic_gp_augmentation
2805.575928258659,7094.896728898894,0.6445929855293453,729.7675308407179,0.1696384377264963,803.6448101705564,synthetic_gp_augmentation
11619.133264228325,4907.278181304507,0.26113583280144237,1052.8131983208664,0.16507012312780112,1258.1621793276472,synthetic_gp_augmentation
9120.684802842783,602.307207401533,-0.20451116938866937,5659.117015539855,0.08479893519582755,5490.976176659751,synthetic_gp_augmentation
6483.574575798478,4660.508151946412,0.5775586205300332,678.2848181054012,0.24842817894387803,623.7979494646788,synthetic_gp_augmentation
11135.65622439541,822.6812126941976,-0.4471046003527123,5682.390887338543,0.078956411409718,6508.765712918814,synthetic_gp_augmentation
13719.833245313604,7594.408560979413,0.3299527454616329,1608.1305687880297,0.1802035210218032,1760.0013927334276,synthetic_gp_augmentation
8771.53049749333,4445.170267306854,-0.4444969786359007,13729.586024942435,0.14176131711932274,14711.832851418432,synthetic_gp_augmentation
11590.839692126523,1582.5690618647022,-0.15041233747990962,4492.957526315804,0.14530595487694628,4930.320005958357,synthetic_gp_augmentation
6681.241414844782,4126.136398998243,-0.392003382766754,16100.603931055926,0.20766977047289062,15110.098949185362,synthetic_gp_augmentation
13281.925076802809,5403.089344069127,0.4880793579355429,552.5798470126197,0.18480058966840235,575.4818751260594,synthetic_gp_augmentation
2282.97200633474,4835.278379674857,-0.37498284473239396,30190.35107698199,0.2480601840354934,22216.05348772049,synthetic_gp_augmentation
3884.698617543746,3994.4567200564693,-0.34710994147788443,19254.371584933735,0.07495913659584229,16740.368956177535,synthetic_gp_augmentation
4392.820923851618,2021.9280115548067,0.7323950989801538,270.97806028936344,0.12609147353136388,285.4489277174178,synthetic_gp_augmentation
2740.699331815256,4205.9450432089725,-0.2188135797958467,15878.053287869754,0.2753981736322298,11614.82388329196,synthetic_gp_augmentation
6341.306609668989,3693.575085961798,-0.07487450029525838,7011.31654166427,0.26529499198787265,6596.472634673452,synthetic_gp_augmentation
9569.075043733092,7154.69873090228,-0.41498748837520794,12992.307577528896,0.24187192848002945,15704.203727502609,synthetic_gp_augmentation
4391.714533125427,2557.1196528984874,-0.467787390066818,18434.742093344652,0.12448174024858955,17526.539644906643,synthetic_gp_augmentation
10681.778270547073,304.7160833452294,0.6887995157720743,990.1591505968323,0.08907253472742704,1123.6747302000165,synthetic_gp_augmentation
6436.867457820253,7402.687673951029,0.005268479181136154,5330.5798379936305,0.17614319767568623,5195.89699277138,synthetic_gp_augmentation
12787.011522038389,1016.1660985800643,0.02848751069858224,3187.8053786643077,0.07418847937654942,2763.7219964515525,synthetic_gp_augmentation
15753.733697326685,5484.928190265619,0.8619781692797508,49.100932742997294,0.14049711065089526,56.11388483188446,synthetic_gp_augmentation
9084.577753741985,3401.172283917763,0.2405688993893944,1332.2854340174683,0.1720490915998209,1607.3700597305965,synthetic_gp_augmentation
1357.1680262713633,1188.1632387126358,-0.4170077388223467,20831.521140149347,0.21118133214252013,15250.123528885635,synthetic_gp_augmentation
1736.157290155811,7984.810487724536,0.8181586117988808,221.72818503163506,0.07188883240859727,246.6500379350631,synthetic_gp_augmentation
15499.161480267716,7465.830835694193,-0.2990138235144842,8435.612772714163,0.11574933632249398,7113.073056723502,synthetic_gp_augmentation
12064.258981507728,1151.1700349611606,-0.4364037285933941,7968.107091602362,0.1956973860385327,6808.499315239699,synthetic_gp_augmentation
10844.643747200109,3935.3962025839564,0.6568688568178291,213.56934264218617,0.13013700944668943,194.29485447368228,synthetic_gp_augmentation
2955.9198669529374,7166.193306570913,-0.2857731068522189,24890.02481413829,0.2523902482389278,19035.507126808927,synthetic_gp_augmentation
7228.9583571137155,5401.267566232325,-0.24942394739384988,11132.063137932124,0.19210365906442015,11781.170234894471,synthetic_gp_augmentation
12789.478958147914,3476.81442633267,0.8217614907467294,55.92211916909276,0.08551585894111864,56.44488005704959,synthetic_gp_augmentation
13875.171110778965,4133.553927036622,0.35625560355199015,605.4738959030312,0.21524698543590337,732.2737453334439,synthetic_gp_augmentation
3873.6346844673153,308.8128376084498,-0.10041317427079827,7439.732824390057,0.058342782030943285,6913.789592602852,synthetic_gp_augmentation
9575.792474257747,4892.137414514337,0.3210366426746769,913.2094674594251,0.18779544474504142,1247.474250053296,synthetic_gp_augmentation
2597.920253541409,6877.724133602096,-0.15967047408688595,14892.186085712932,0.2042218440244466,12386.539961671468,synthetic_gp_augmentation
15336.60228263585,22.349012330255213,0.19197124906422414,1517.6867329125178,0.05714145502373178,1405.2351458972348,synthetic_gp_augmentation
4110.048194980553,1279.7174211817924,-0.031528564283362426,6700.819070376977,0.23405109258227513,7124.668056784843,synthetic_gp_augmentation
11653.498544801958,4143.920976042573,0.3716771519261163,595.2447676607368,0.2250692295561926,704.8193436138631,synthetic_gp_augmentation
3774.6958132069844,4487.714608166926,0.5623321389360856,804.6137957126107,0.10395374132849525,817.990111172571,synthetic_gp_augmentation
9895.257691768813,2746.818761331408,-0.012089473889344171,3213.5014519996635,0.2809967820152279,4183.779914841467,synthetic_gp_augmentation
10582.302481660237,223.47583995632635,-0.29852176130651314,5293.387603639188,0.0718220775708592,5065.316570873339,synthetic_gp_augmentation
5322.006844930568,5948.800764398711,-0.0019631527656117087,4957.237929633887,0.10474782216619388,5372.357182725798,synthetic_gp_augmentation
14177.397282134463,5156.618415206411,0.6019144089200719,380.7495789717018,0.24482142630371254,347.3037101601537,synthetic_gp_augmentation
13695.611891038521,4473.173928621179,0.5997713402005724,297.09658598795113,0.08098781816666574,285.05880356083685,synthetic_gp_augmentation
5359.6916894890055,3446.704659679403,0.8644013778747255,54.79675980366762,0.11075372783964156,62.63087699563509,synthetic_gp_augmentation
8995.903002420664,5560.309951765295,0.8560022428263232,80.68549393954791,0.2161936471154771,71.60491797522147,synthetic_gp_augmentation
9522.790359422985,4577.9545435676955,0.3775093378090607,849.1927690512356,0.14392562703679765,925.8463452148446,synthetic_gp_augmentation
7691.058855609544,4460.203456821458,-0.1789122840167261,10830.224825391424,0.09126668278697048,8772.422071482823,synthetic_gp_augmentation
9644.152252705058,3488.621974856693,0.35147481194258823,808.2720090544601,0.06494128783314643,815.1818216542312,synthetic_gp_augmentation
2256.901112768425,3440.276179776922,-0.22303232207044943,12908.387700795018,0.12287113908421482,12360.751465837227,synthetic_gp_augmentation
6600.671006567539,3927.7278802353103,-0.38054324521500715,13532.423041347934,0.1378952436257199,14569.569349962478,synthetic_gp_augmentation
2924.9810156083413,3616.623297248318,-0.07814568998028132,8394.119027489758,0.19467557652370995,8003.120686670279,synthetic_gp_augmentation
4553.67794244567,3512.1966744561137,0.007885778240640184,6905.9518225661095,0.06467751284910231,5285.503953053238,synthetic_gp_augmentation
2132.2511211619267,1682.960569683308,0.49244311129109897,1072.0452354458803,0.25250797471004255,1103.11178480705,synthetic_gp_augmentation
12532.675167024683,1063.6197512760352,-0.49559223832560184,7111.894740144946,0.17631384982974022,6911.780297181335,synthetic_gp_augmentation
8842.399748624957,7269.683381346585,0.7837178209364453,269.8095935355367,0.2872559690806848,195.2127455343386,synthetic_gp_augmentation
475.92558434453645,4998.769686177269,0.3251658672578497,1790.791774376711,0.0543482181766125,2036.278213127116,synthetic_gp_augmentation
12637.539292453637,391.2054329861983,-0.20493869443759205,4789.1449017624645,0.06684574106535018,4244.646196814916,synthetic_gp_augmentation
14560.5474952789,5271.989597986033,-0.14679732426074843,5922.442178909681,0.28062698636842565,5342.9311299719675,synthetic_gp_augmentation
14098.825484943938,2892.1140920465377,-0.3262036687635531,6129.8742270259045,0.18659156621294076,6291.2609158054875,synthetic_gp_augmentation
13185.968437685817,7438.118755045162,0.7691654475092986,219.37758258746496,0.12946297553020927,208.60548471318629,synthetic_gp_augmentation
15876.241440534897,7488.6038919176635,-0.17770797673648103,5762.985458699529,0.11114112467968705,5719.946243118218,synthetic_gp_augmentation
5080.495815004685,5198.46551258287,-0.48536698661672606,21506.893211162722,0.2760425387992444,22434.99527001403,synthetic_gp_augmentation
13828.596721288346,7001.032443768883,0.1765830333040982,2176.3440467167334,0.06129827426797096,2284.2076924841344,synthetic_gp_augmentation
12700.315382384557,1280.425594169139,0.016900346206895733,2569.399754610768,0.23579514715720976,2841.6892462916735,synthetic_gp_augmentation
14350.86426354156,5292.725556523739,0.8890188111663895,36.00650338930763,0.2797451609811213,42.97777008879539,synthetic_gp_augmentation
6208.621157732893,2426.1913851097843,0.5092133959188481,842.4738337393518,0.14141270504562123,618.3781886948204,synthetic_gp_augmentation
6460.873957609372,7982.508217447202,-0.1419109132599886,11641.178885082038,0.0862977402032625,11533.355178597483,synthetic_gp_augmentation
10276.83171633782,5495.071738835785,0.5534184567770783,477.4721023671441,0.0906224127211145,541.8964336379187,synthetic_gp_augmentation
11831.092151248038,7267.32846416583,-0.3186037188604306,14368.162229901873,0.2895150128252498,11254.305235545502,synthetic_gp_augmentation
14087.81993225607,44.68416781613982,0.7962998357966551,319.727624085287,0.0607726265278262,303.02659647687,synthetic_gp_augmentation
14025.940598482583,4418.707276393487,0.09694071453673103,1915.9903531787209,0.15094617691522527,2122.6881218661256,synthetic_gp_augmentation
11569.300027741532,5700.260988581624,-0.23307192325855675,8805.701535965285,0.26937992469157696,8861.943147522361,synthetic_gp_augmentation
15314.595167362211,109.89511294969122,-0.11805132218921799,3128.44105916709,0.060974858747797324,3124.377227961831,synthetic_gp_augmentation
2940.195041245252,6100.473800982798,-0.2827916241386783,19282.052593095083,0.17969510025341714,17459.985784881526,synthetic_gp_augmentation
1120.644564334583,2198.077228741571,-0.07174894245605445,6049.151359952004,0.2667472099969388,7525.5014646734135,synthetic_gp_augmentation
8934.3879109515,5511.559570781988,-0.3000087579571901,12077.739448896813,0.10686639846435086,11979.656314151352,synthetic_gp_augmentation
1534.1316164291438,1047.2083119755507,0.6380610848072594,1017.7670387252806,0.13653503010712117,750.133030922155,synthetic_gp_augmentation
9131.215505650369,6592.297590150452,-0.20143722965233585,9391.854766028824,0.16534207089836644,10871.523832777817,synthetic_gp_augmentation
6302.7444280459395,6929.800938068032,-0.3681895099426834,14140.377659650114,0.13841190072977416,18102.22085737659,synthetic_gp_augmentation
1397.589960887951,3883.815442227978,0.43575287630912807,1139.5281163947766,0.19650619834379016,1088.4657908560584,synthetic_gp_augmentation
10405.057199884595,4059.537343586572,-0.48963204104996905,14662.657260885573,0.1679142539997904,13304.1577945337,synthetic_gp_augmentation
11726.048194003184,3216.434886930812,0.665388831145304,110.79302017024543,0.2776108479596458,125.66676672148597,synthetic_gp_augmentation
2869.5480765577026,2762.671881630399,0.2877933910160434,2962.149684635113,0.280711188823016,3418.290633324942,synthetic_gp_augmentation
11141.543837009425,6983.186230827581,-0.15445420978835733,8180.124057649985,0.06880298559873484,8581.11198967696,synthetic_gp_augmentation
2946.856031448953,2438.9854063003168,0.16303126011408164,5078.396468396816,0.11963786380626985,4881.077264236873,synthetic_gp_augmentation
2284.6035441128965,3222.8000948351337,-0.13261906984998445,10059.21892828145,0.2776287285439844,9725.482491796254,synthetic_gp_augmentation
2443.0759377434574,2399.3303715560987,0.24599997006404717,4593.609492353795,0.17348915737232037,4064.5102094655267,synthetic_gp_augmentation
9625.347656373926,5253.702086341812,0.3003017696858121,1448.9435922751945,0.28218583874794245,1423.294089102703,synthetic_gp_augmentation
12482.77384921299,6513.746648892661,0.5803550239026594,611.5001749656695,0.08483254631909437,611.5972301601672,synthetic_gp_augmentation
9590.609853433636,1314.6866155531302,0.15252238810586416,4485.636679096625,0.22685581614934075,3208.0342352389816,synthetic_gp_augmentation
12968.688102990096,2037.9401271618542,0.6012929367179469,79.92855718922259,0.08874675752445878,90.2289914683475,synthetic_gp_augmentation
9504.48972301887,832.8616682299535,-0.40305886427184323,7205.294741298792,0.08801192042991353,6919.9479498108985,synthetic_gp_augmentation
15626.70776801948,3255.0529956457217,-0.2402877878102319,7489.976456946166,0.2910666174047888,5334.4479919245605,synthetic_gp_augmentation
6316.2609466947715,6207.010317673111,0.6712082754489981,397.35430465292217,0.28133078312138665,468.3347646192192,synthetic_gp_augmentation
2484.0806131376257,4332.943479751319,0.19248449721482874,3888.806687082373,0.24662580836091288,3877.275714635629,synthetic_gp_augmentation
2252.8093061088266,426.21022309730705,-0.3533956313276786,8065.9188927325695,0.07558663381870567,8671.782211069047,synthetic_gp_augmentation
9599.89378683991,5000.693997471826,0.0037233706244523823,4180.143913961145,0.05961288792251975,3866.2047274450438,synthetic_gp_augmentation
3029.342518818289,3147.7424126125043,0.6685995375596712,353.15882083671573,0.23038398840199026,260.892553685176,synthetic_gp_augmentation
14125.468906416008,1960.1008109773322,0.5112420931942341,97.53520802696188,0.10887635764538992,109.93393038157672,synthetic_gp_augmentation
3389.4386013269655,6524.728195325869,-0.17502924068827347,12808.265361349531,0.07171308767974105,12377.355029125198,synthetic_gp_augmentation
3501.357451690001,6434.076652353599,0.4069809186162001,1360.906981877611,0.12805707184711596,1775.8696219792,synthetic_gp_augmentation
6260.002322092615,7103.887445553661,-0.13468354416947242,9892.082539823543,0.18067362363495504,10842.733511257127,synthetic_gp_augmentation
13666.312087253247,715.839524988997,0.6606095473376052,239.79122782149778,0.07599461146861623,216.07766032452255,synthetic_gp_augmentation
9575.773698063775,862.0678552369991,0.48629751471692806,1842.2629961323391,0.08636184635216361,1580.1658943052976,synthetic_gp_augmentation
1174.0995645494518,6982.022591417148,0.04052546451442651,5353.757256521721,0.0676105546758728,6310.599818395339,synthetic_gp_augmentation
1536.273760146672,3138.7080592869197,-0.04480938483865543,9971.277787979205,0.2200061313604611,7334.6504698438,synthetic_gp_augmentation
6558.804412734197,4586.348521042926,-0.2820858708969995,13390.672188378388,0.1563668431184707,12320.242482071058,synthetic_gp_augmentation
6515.970262622741,468.66456125152035,-0.17074247202583426,5261.857570397563,0.0680712677011442,6214.126159270116,synthetic_gp_augmentation
10408.807384783366,5149.729359168647,-0.11963675237728039,7354.593471253916,0.2309564546689386,7139.758828676401,synthetic_gp_augmentation
8836.318074713306,7560.665228715184,-0.1827367382377066,12501.675156119401,0.12941003212926025,11009.844970281052,synthetic_gp_augmentation
14008.601039191468,5405.759153336415,0.4496984001333717,686.356598128454,0.17352487329910868,719.6766061887885,synthetic_gp_augmentation
358.7754043810103,3716.2808984734684,0.5355259022009771,502.81965257030055,0.2781892316864038,647.7059225291143,synthetic_gp_augmentation
12406.58127130492,7687.047908891909,0.13999488514621095,2122.9354283118023,0.29137516087882614,2470.4495683544874,synthetic_gp_augmentation
460.2676211978836,5508.131311227307,0.8829114393461,91.93958566167355,0.405226938200052,106.41014937255066,synthetic_gp_augmentation
4938.208272774219,455.6834856805319,0.747428847389958,2271.7478276438746,0.0816040454585317,2182.9054341354577,synthetic_gp_augmentation
14086.643897055059,5360.372254505052,-0.37812974098242425,9840.64567670543,0.22786337186328431,7470.909251788554,synthetic_gp_augmentation
11077.585329666235,477.5669020235407,0.14463091883139811,2770.828669719009,0.07047658428194396,3244.9551537533,synthetic_gp_augmentation
2834.7471860216783,2457.839062319744,0.7718673919422128,97.08752422588285,0.12263664752503488,96.47722390612711,synthetic_gp_augmentation
7903.474251379893,4925.467843221739,-0.19163010826135746,10568.497909952735,0.14717571641732316,9406.107741347276,synthetic_gp_augmentation
11578.276477549975,1724.9281294949076,0.029754435745317442,3346.794504704978,0.2696513027273441,3305.1164801674904,synthetic_gp_augmentation
15003.758809298517,305.5134767543928,0.8257264385882512,240.9382729924022,0.08311628204332905,251.67003510075338,synthetic_gp_augmentation
10185.70706756944,4943.629510239095,0.58648732456464,445.19594512453796,0.13809756758500474,405.5104232279648,synthetic_gp_augmentation
492.33904178354385,2286.8582630640885,0.6652550011965968,245.04241038838677,0.29113245705960816,188.11649931413658,synthetic_gp_augmentation
8045.259569170908,4263.713794713586,0.73127728835761,151.78933832525755,0.2818576803564875,177.87090526251933,synthetic_gp_augmentation
2532.0900628161608,2089.1646312369685,-0.2603540586219456,12433.47209521927,0.16366925132077606,12142.347843995065,synthetic_gp_augmentation
859.6948525512491,5491.430775430498,0.47898362424244034,1346.3077559320652,0.06130398795075051,1287.5063314040556,synthetic_gp_augmentation
9616.31909143719,7165.611129277632,0.6239218061621628,819.8056472749944,0.25217996592172987,609.3042066524478,synthetic_gp_augmentation
12453.05824991575,692.5184223651355,-0.1829287022932911,4026.6852734743084,0.08744885249612704,4280.0222260626315,synthetic_gp_augmentation
673.3628323928284,6290.5494836380685,-0.4392961995475737,26416.66833949313,0.27607249875807693,31816.295253914628,synthetic_gp_augmentation
12559.06940835176,1248.7604409627925,-0.2503018600080238,5550.4125843480515,0.23722668063525665,5129.468127457617,synthetic_gp_augmentation
3991.1811261796374,1650.4799121460874,0.7484166070133451,338.47597737358967,0.22501086891516447,422.5958774628804,synthetic_gp_augmentation
6358.167742345523,601.8747269042999,-0.05626577013895373,6418.254021779157,0.0773919838089882,6121.0183795238545,synthetic_gp_augmentation
3898.366108728017,6349.020314186205,-0.4624892325546425,20973.56907923789,0.24684973541754232,25901.9569683461,synthetic_gp_augmentation
4914.355776491138,7974.666323024189,0.8091180273263918,188.71774275107336,0.1343898706233428,214.5257189784622,synthetic_gp_augmentation
5179.0425686349,7476.833991962617,0.27628964867476313,2721.0946615541557,0.07091535813013161,2734.4885477432886,synthetic_gp_augmentation
2883.1342207393077,3477.139387078579,0.5477394867776779,573.0463237705519,0.07334889322719683,585.6162888943468,synthetic_gp_augmentation
3100.5175893311794,1067.1041163341863,-0.10265766602932425,6953.5431211886835,0.09567363936103822,7403.160347893546,synthetic_gp_augmentation
14433.379356695346,85.60006415620158,-0.38526387763443376,3894.603351862462,0.0663215701833679,3781.250441237117,synthetic_gp_augmentation
5577.195485513854,6884.531286662783,0.6405245499659498,559.7784172545224,0.19740264580231873,695.6429265145539,synthetic_gp_augmentation
15167.532277747276,2143.229916644163,-0.2872756680303,4699.604706375884,0.23468443334906944,4999.023253597369,synthetic_gp_augmentation
3898.87113339795,1591.5309439045534,0.6536025920108279,727.9449972158172,0.1565064974356618,729.4926472779063,synthetic_gp_augmentation
6568.445209855806,3511.6269741665783,-0.12862806992752568,6835.160825791685,0.06037575022427073,7563.940947321292,synthetic_gp_augmentation
13035.052451809674,7148.2624076178745,0.2577808682454943,1863.1912140196073,0.23386153265690868,1988.7824482174099,synthetic_gp_augmentation
7141.893286237663,3613.390654163557,-0.13331677002752346,5800.60376854701,0.19030621318805935,7502.2674189964455,synthetic_gp_augmentation
3830.542634239521,5781.703247981715,-0.4298826609378269,19609.47308464034,0.27896745513312604,23543.440926638606,synthetic_gp_augmentation
5959.713935181665,3700.2096813975463,0.25919047012500795,2885.658999198465,0.2685612251180584,2349.4577205842943,synthetic_gp_augmentation
8061.465050757437,2983.6710515435534,0.013968574889413388,4220.525903454316,0.06167972236902506,4245.817896277738,synthetic_gp_augmentation
9968.245700199364,3527.2964359691396,0.1091539759463428,2544.596558278471,0.07604162254428339,2189.0735845637105,synthetic_gp_augmentation
6549.14334334622,6147.204261387035,0.34218246556582876,1739.6037063833312,0.23016521716062005,1653.603560561567,synthetic_gp_augmentation
6957.73886480759,6035.248447024078,-0.06087500968547571,7489.409513826698,0.08329257206709235,7165.812138392598,synthetic_gp_augmentation
4296.70344354266,3454.0654289232025,0.2893276058182044,2888.760642836789,0.1013648860268203,2749.572158324967,synthetic_gp_augmentation
8612.022044836845,2140.939403429324,0.4208824610021509,794.7181573005803,0.22205599532840742,931.329928072935,synthetic_gp_augmentation
3589.3541169357873,1113.016312669962,-0.3746370924876872,9528.029427436059,0.14507002558361357,11385.217954344345,synthetic_gp_augmentation
13893.666867918406,10.957555001853692,-0.009864806266006998,2748.5592848616407,0.056908941436475166,2772.988760959681,synthetic_gp_augmentation
11983.136417234193,906.0606645863177,-0.3740737825576331,5528.391207880042,0.09584309922463649,5845.8972407487,synthetic_gp_augmentation
6623.435915785527,1317.242121535184,-0.4902929772935507,9909.523609225143,0.23746727357080882,11480.221065856234,synthetic_gp_augmentation
11980.92276782228,5519.502327848709,-0.4282777862129051,11473.954140065714,0.07523093330914252,11512.391286492002,synthetic_gp_augmentation
211.235474769031,6543.327015430047,0.3291007048809701,1801.8204906197343,0.09555917701388071,2101.3750338638606,synthetic_gp_augmentation
5577.378640014105,5895.565329849672,-0.38197262120707554,15842.820921345456,0.1820715418344018,18424.505772821467,synthetic_gp_augmentation
7100.788255533938,5785.862137618842,0.7159022281207021,203.19828305947064,0.28026114105049316,281.54420066125783,synthetic_gp_augmentation
7569.796269976587,7954.564917792952,0.5632217125382397,995.5178458999123,0.12294740309992278,1023.3907124292614,synthetic_gp_augmentation
12004.830495594388,7700.781914567925,-0.487654420718108,11889.581530046209,0.304187002463282,14893.881500061154,synthetic_gp_augmentation
15408.63809823125,2150.7775610338927,0.3025432747548841,507.85911189346615,0.23190703623050243,676.5359500521307,synthetic_gp_augmentation
6141.954374040568,1160.8059963868538,-0.4856473224340177,11635.487463142948,0.1937979815474377,11321.100991743477,synthetic_gp_augmentation
5674.537607493208,1226.3859034855057,-0.34712726099023306,8567.606902282563,0.23641901092613743,9397.08013775238,synthetic_gp_augmentation
9807.192102628298,7164.853365690262,0.8835489871433635,83.28438743726842,0.25356884088229154,85.2506396601817,synthetic_gp_augmentation
4571.932465646105,818.7747836462736,0.1398324720147519,4973.480979630619,0.07294240993069746,5479.262671896032,synthetic_gp_augmentation
2347.470307661509,2721.153351051363,-0.46190431762060336,17584.010607715332,0.27940041875748634,21701.495119917105,synthetic_gp_augmentation
12971.52631326345,4907.6040294655,0.7842827625236939,84.16804592690434,0.18232496224100633,92.62565827586332,synthetic_gp_augmentation
3563.5427710742747,6291.261777119398,0.48831894312216917,1520.5639657476117,0.2736030513972431,1373.0727077622041,synthetic_gp_augmentation
383.16651801776226,4573.546108342136,0.5921695916146241,591.3787473952709,0.1394737091253495,646.4580653470098,synthetic_gp_augmentation
7052.459054235892,6808.3723146514185,0.5285404746058575,1116.858933587777,0.267239235571224,1031.787365739632,synthetic_gp_augmentation
14944.382511566142,677.0417925774783,0.19233097002094723,1674.97258645777,0.07671015065524443,1653.7423161827712,synthetic_gp_augmentation
2299.3728880609665,6871.7236284811515,0.6657582149817918,744.4766586257186,0.21029627712873203,686.4153077724728,synthetic_gp_augmentation
1963.2498130701142,4720.025286216029,0.23825992913885252,2923.210296485987,0.27704266469588895,3272.4735997727685,synthetic_gp_augmentation
1196.3492695088887,1783.4605268028038,-0.13669542593909423,7408.825036744059,0.2696011768516133,8308.073841294956,synthetic_gp_augmentation
12596.231887953269,7517.874189830638,0.0020258942705655425,3335.842529596896,0.06563027515703328,3845.4930518157357,synthetic_gp_augmentation
947.3403374451439,7292.769084907771,-0.4114130139106803,24819.022704766787,0.28095041136601234,31594.409029337206,synthetic_gp_augmentation
11600.28453946174,3057.1337683624524,0.15691392410527394,1304.0631645038181,0.11627649929384368,1490.8194430448157,synthetic_gp_augmentation
7233.198054540826,1822.4389795967159,0.8211441835845223,185.8076147515615,0.25272222004344097,213.50105099997825,synthetic_gp_augmentation
2610.5213087920188,1463.2308932738551,-0.35227980072409226,12977.561986385717,0.09368711888566686,13090.159965348808,synthetic_gp_augmentation
4792.503566705173,6990.079748087339,-0.11675000000449987,11151.801758784462,0.059741844097994844,10485.579291294678,synthetic_gp_augmentation
8068.234754934079,6613.050791208693,0.6621094240931769,421.0015344362761,0.2323888922326162,464.60733083555516,synthetic_gp_augmentation
5341.458409087929,7847.507066679499,0.06256150489038925,4245.018229480969,0.28277106559374127,4405.381045929906,synthetic_gp_augmentation
15519.012705191319,6786.016811632776,0.5623252237320844,601.7792910654473,0.30044814201365994,697.8227418061878,synthetic_gp_augmentation
7648.393693144469,5058.927311411921,0.25926806305367966,1548.4483416136218,0.11825426101659797,1826.6695485945677,synthetic_gp_augmentation
6017.193113009083,1138.2540069724002,0.34550383798662476,4565.015789804541,0.16737181939644044,3435.937143088871,synthetic_gp_augmentation
10803.330320591784,1318.780306833843,-0.2743992907593802,8313.402954358375,0.22922727086784825,6135.721652105438,synthetic_gp_augmentation
138.78455844375196,6142.364249154924,0.3704576163296849,2591.537900761337,0.22838964040677306,1829.0983928256885,synthetic_gp_augmentation
9933.731802981813,1386.2031214220174,-0.46252452480372863,7987.823639050449,0.1835997318916777,8746.75576363517,synthetic_gp_augmentation
3975.926698827636,7324.14006343082,-0.23634287936206216,12700.48524048104,0.2649714573897042,15697.762303560155,synthetic_gp_augmentation
6066.214901247954,5470.325843894847,0.04109245221877811,4365.218940963354,0.08564881829018514,3941.931308279297,synthetic_gp_augmentation
11330.947362684024,2498.4727235713563,0.4444324242904,197.71645030674125,0.06464221010682482,175.43672993017378,synthetic_gp_augmentation
8962.440914070063,7086.076737284402,0.21342430045930538,2091.6305343881854,0.15643951744996928,2190.111194563502,synthetic_gp_augmentation
5961.616792066041,4789.042945447526,0.5062249858373917,811.120225987238,0.27645939949028925,967.9698201104047,synthetic_gp_augmentation
2761.8245942102726,5865.267856201011,0.5176068635197677,1533.9769849243826,0.2177223076831833,1187.20836495385,synthetic_gp_augmentation
8137.166777239276,3083.5376500444618,-0.45652336624806666,12435.469289551742,0.1723838188708593,13520.849851181405,synthetic_gp_augmentation
5177.919773764531,3148.4043145066203,0.7623973785698763,118.00122339707282,0.23219043669186135,129.92299109974635,synthetic_gp_augmentation
14615.552153688393,100.94056385176309,0.6539012129999835,836.8114121646846,0.07551308918543997,632.3204643100613,synthetic_gp_augmentation
13868.82750730956,6086.374446670934,0.1783348882781134,1918.9709077435025,0.15568322504037518,2094.6731493544744,synthetic_gp_augmentation
6303.87835288783,7750.596108692831,-0.06859006784513572,11609.08780899862,0.3229570347106735,8854.948420935092,synthetic_gp_augmentation
13256.250904228573,7137.8146936659,0.7692990227959646,210.97604929313047,0.2685283408446224,198.13867342863094,synthetic_gp_augmentation
998.9367445360502,695.9287308220396,0.03594658815546148,4510.34532362068,0.06773721089376454,4218.35745645825,synthetic_gp_augmentation
4840.092506531438,7844.1609628544675,0.05447438590037457,3355.022879747954,0.28607788374452636,4727.939830914991,synthetic_gp_augmentation
1342.9973354107203,1195.8455120068043,0.7766768524724732,336.14030162002683,0.22334272199434857,246.98212023661657,synthetic_gp_augmentation
603.2378733664953,328.91438713666423,0.3409714525155605,1667.8083083730585,0.07198925186116871,1933.3541212234563,synthetic_gp_augmentation
14709.90970063759,5991.438683745802,-0.30698253726268343,9375.52885850792,0.11255476266788168,6745.221103822461,synthetic_gp_augmentation
11498.21303595491,7247.09160263321,0.37642357753251965,1883.251503085894,0.28869862888081665,1507.263624868415,synthetic_gp_augmentation
10039.250025048683,7598.263248201517,0.6122268413777192,673.3108451452931,0.18655039921953456,687.3288951304875,synthetic_gp_augmentation
8566.635669648143,6599.808862129696,-0.027022366278589616,5742.722710212371,0.17334993374211924,5556.298118857638,synthetic_gp_augmentation
9155.909175847788,1639.2497256910437,0.23780776763682965,2370.711848618763,0.2111423488416516,2414.517145691699,synthetic_gp_augmentation
10255.17706404461,1232.0233159552886,0.37757817579134734,1800.1003748553405,0.2287047640974053,1533.1913193753728,synthetic_gp_augmentation
13242.618736367642,471.7478205716228,0.2145834010839387,2095.153275032181,0.0691175892654091,2158.907152237957,synthetic_gp_augmentation
12002.43413346303,3897.7694093043283,0.20950998590189251,979.8895785891385,0.17753944459965795,1188.5457766344678,synthetic_gp_augmentation
4567.551024092785,874.2688674909722,0.4007221891304117,4059.1123989787766,0.093412221343229,3878.7732752625634,synthetic_gp_augmentation
607.1656141487599,4538.588724275897,-0.30878354174654643,16537.46345174346,0.1376031081180541,20917.315048661,synthetic_gp_augmentation
6246.567864909316,5783.637148083987,-0.4385255520275938,26345.759998427962,0.27944744442712643,19473.29949067178,synthetic_gp_augmentation
2970.3151067104236,2546.8195766275176,0.5251628096520582,555.6576242348926,0.1014170920751449,570.1338603685442,synthetic_gp_augmentation
5910.349193708625,5473.789144364362,-0.4752636859577153,20881.39840373774,0.1356000696906039,20995.67521138524,synthetic_gp_augmentation
6908.295738217557,2163.4284533585496,-0.26704041865917205,6274.9480200676835,0.24301671666808353,8865.062340255246,synthetic_gp_augmentation
14940.96556452147,158.58465789701359,-0.486353090243852,4104.937176644686,0.09618689683778872,3931.2249023844192,synthetic_gp_augmentation
13394.300601870254,7565.524557940155,0.05504017275896067,2928.2720191201124,0.13381313778321852,3192.703356481847,synthetic_gp_augmentation
7479.0252392791745,6042.291251673378,0.2767974691306485,2020.319088188087,0.09629841949077551,1841.2133835656814,synthetic_gp_augmentation
15570.304104017488,1608.8346757068316,-0.27518351846711187,5326.493224887512,0.18252664976273605,4366.018183598698,synthetic_gp_augmentation
10312.226626129122,4525.32520795092,0.3958002335936901,785.1938344546201,0.07242849198599316,777.1178383765116,synthetic_gp_augmentation
13991.173838512072,4759.580245408555,0.8359377535365589,76.58520781263206,0.28962783099279865,59.45166098074636,synthetic_gp_augmentation
4012.3059897405246,1007.9090559654338,0.8866306467757257,413.1023519217507,0.08327103265443436,382.2155609304505,synthetic_gp_augmentation
7874.528781369726,1533.2566987164657,0.6664330040992257,265.03076825190664,0.08146394478823946,364.02421111698476,synthetic_gp_augmentation
572.5036923672893,7653.652131710303,0.12143747160752028,5552.312912552332,0.2588287789175888,4002.8431523949484,synthetic_gp_augmentation
241.1950729365366,4064.0868801671813,0.26637312930206647,2213.050834589948,0.12263517785030724,2221.47547719908,synthetic_gp_augmentation
11316.706212937486,1531.5377551478084,0.20462976687417256,1740.0179291981929,0.0777851536067159,1955.904264614968,synthetic_gp_augmentation
1980.8685972030514,6380.598032752067,-0.28206658438407095,21044.63969852004,0.2006081805096685,19551.007486662314,synthetic_gp_augmentation
8810.150970062,3764.5864202677817,0.6961798394355099,177.49718061755044,0.28181389223687453,174.1755069531518,synthetic_gp_augmentation
11166.518967139318,5107.29666618155,0.44610731169786455,498.40164254697305,0.1863326879910437,643.8761762088965,synthetic_gp_augmentation
612.5299210512643,2380.0122691086312,0.39310986266453074,941.3383242230617,0.19777075525871798,1078.293562318093,synthetic_gp_augmentation
7234.988246416344,463.2327860502441,-0.1915363643289295,6632.052599390997,0.07283719635301376,6030.217129017401,synthetic_gp_augmentation
10978.015798074852,1319.553788512354,-0.2855769817247381,6759.323881619161,0.2288459809499411,6150.345144293194,synthetic_gp_augmentation
4857.758599566338,4988.7074866257235,-0.24882047192889928,12296.933703890634,0.07339177811358093,12743.71729914223,synthetic_gp_augmentation
15590.042821980851,6648.681588595245,-0.3967941449998458,6423.509103717107,0.24771949108632446,8324.495321506429,synthetic_gp_augmentation
13528.209844589188,172.15646339055368,0.3758472815815651,1507.8899430671102,0.06159220350217122,1505.4193773585914,synthetic_gp_augmentation
10445.097646101483,6123.700009234937,0.4860805602333337,1039.337891725519,0.20425282505149045,856.2191584750743,synthetic_gp_augmentation
6331.615565213486,3879.616532334911,-0.3325286255641212,14318.492993322472,0.20122946171921297,13304.406563506594,synthetic_gp_augmentation
11406.654981572028,5322.463014969579,-0.2103968325534214,7553.357159690888,0.25523340490212176,8378.542738679347,synthetic_gp_augmentation
4922.468010696261,4966.950614551122,0.8014192796283286,133.6516056812098,0.0826357390669741,122.79983342905578,synthetic_gp_augmentation
15885.998032021766,284.95814230206395,0.16708420385574807,1858.156825154935,0.05773224103556682,1856.0869977409436,synthetic_gp_augmentation
14547.04797909876,364.7097002936865,0.6088069619933603,650.4713541929978,0.0712697708660428,616.4809671804175,synthetic_gp_augmentation
7819.47290145247,6390.691279241182,-0.05283983496928796,5777.6083948872665,0.1853351740066262,6722.254382524789,synthetic_gp_augmentation
11592.995660828785,995.7221424035216,0.48452751702761565,630.6737995256832,0.05773743852457859,628.7307779348272,synthetic_gp_augmentation
8431.741424438631,111.87147668909247,0.28010864319005624,3093.8190070784435,0.05754564191751145,2857.5555315530314,synthetic_gp_augmentation
13249.017041659905,2124.254101948299,0.5862615341917294,78.75713768389885,0.20422193015836348,94.8517677105639,synthetic_gp_augmentation
469.2386269969761,4659.0573063715065,-0.10220976549994487,10193.678929578833,0.24180463843180391,9021.771566377007,synthetic_gp_augmentation
1358.1992722403231,6711.335764308038,-0.29076269067120714,21220.329730817528,0.27598199396586837,21860.302684477774,synthetic_gp_augmentation
5449.8319124399595,5967.25663540343,0.630719481604141,697.6467470002427,0.1066221113113127,642.5250195720797,synthetic_gp_augmentation
14690.056758854358,373.02256648746646,-0.454090400606701,4940.001409066352,0.10928381013072071,4176.349199138997,synthetic_gp_augmentation
6432.549971979895,4487.589606870746,0.4506543373694484,965.9575458026743,0.0742732838529544,956.3331209246422,synthetic_gp_augmentation
14211.444221710595,4334.382936763517,0.16627994179199224,1438.5948590716368,0.24723755133555186,1606.2597134663054,synthetic_gp_augmentation
7452.699210844871,2800.641425683697,-0.3945809721224489,12295.63230543771,0.2730567282009446,12209.67627954311,synthetic_gp_augmentation
4692.7614329540165,6028.503850946812,0.4639857110426143,1424.941457431575,0.0851686509313625,1405.5585376553875,synthetic_gp_augmentation
14420.258410693674,7712.045263804157,0.17602372151816648,2065.0600813027163,0.3092191406223514,2371.6388730076997,synthetic_gp_augmentation
5831.700290977657,1161.7920299548973,-0.20791529924501406,6745.929795764798,0.19368197555694644,7380.090112894401,synthetic_gp_augmentation
1863.8368059267598,3635.3312813302255,-0.3173184549933416,17436.762165625245,0.22615629363341958,17805.520465364676,synthetic_gp_augmentation
2315.0342095003352,6361.751444637728,-0.12254595404936025,13512.301766465403,0.2193105697633484,10468.895689557288,synthetic_gp_augmentation
5900.8970175286395,1128.6208771765648,0.41314211578155313,3061.8998906162733,0.15784757926853588,3045.938570092345,synthetic_gp_augmentation
9756.59399633507,318.8603531376808,0.007700518522113953,4959.599572305525,0.06197284401326497,4554.966523394976,synthetic_gp_augmentation
4990.682819308685,5583.472598813129,-0.3344543213725879,15987.40620211365,0.16527380023273064,16857.79470285563,synthetic_gp_augmentation
1141.8893768603232,7957.688423632882,0.8742028484375306,170.53773656334,0.11725737841950917,185.9947435968311,synthetic_gp_augmentation
4310.458923345607,758.3856823656046,-0.34848157670390345,7837.897343972659,0.06628674569073692,8891.259813565708,synthetic_gp_augmentation
6598.038249303801,6914.703115603759,-0.002831519753346945,6303.768445907105,0.15370088081568922,5261.238561375927,synthetic_gp_augmentation
15877.091865890034,3082.317926187318,0.7272459590884157,113.05389229063094,0.1610521188413997,97.57548775763067,synthetic_gp_augmentation
6348.491785539924,134.31636234485734,0.4136615230192062,3080.018069295893,0.06779461664295827,2951.6728851238345,synthetic_gp_augmentation
1518.207158084359,4080.174343769686,-0.05228292342098645,8580.493529737087,0.1545735276620137,7536.609364413605,synthetic_gp_augmentation
9339.725550135541,2230.833656998559,0.8584854915011912,53.06115823778511,0.2905592341261107,66.0100706014903,synthetic_gp_augmentation
14722.277154758005,5547.225132161442,0.2015379760308268,1904.5408890088472,0.10705280518670618,1850.5367181180252,synthetic_gp_augmentation
12608.461611901826,2302.6449794807354,-0.48864614578266635,7959.835685376048,0.3410558521806399,8736.291105997356,synthetic_gp_augmentation
14858.885558027054,1604.5220107535138,0.8174130614214357,37.54905714697177,0.2214900015795767,43.02147217296648,synthetic_gp_augmentation
10221.041703830055,6624.814064348483,-0.10634711733389729,9014.86793859475,0.20624984689415432,7963.321613179491,synthetic_gp_augmentation
15919.27141739063,7403.451694944863,0.6368909524504953,659.454987437101,0.26015033705515295,535.7883109130082,synthetic_gp_augmentation
629.1769610864478,3226.6860337317107,-0.43901596936160575,24436.036362522158,0.281772587929698,24661.70132818707,synthetic_gp_augmentation
13373.95085068264,3591.04026054386,-0.2943160470062416,7170.270448272124,0.17155600741457847,6782.829683421959,synthetic_gp_augmentation
13726.46964540396,7861.469385692256,0.6994913137758223,265.32889600667835,0.27217175066537713,370.552828846562,synthetic_gp_augmentation
14675.536213115243,1136.9238137973073,0.8917278435767448,55.45005940283015,0.3376212827964638,45.85394945968105,synthetic_gp_augmentation
7702.89437641,6468.956116720309,-0.42730789591362195,22287.240828925398,0.12075388851684478,17710.19277267546,synthetic_gp_augmentation
12625.31918556754,4538.22884680193,-0.2653082372834882,8253.599697694734,0.09178106204019809,7591.431144756137,synthetic_gp_augmentation
3201.7783460267588,7045.875367233503,0.5120766471226521,1281.2076030366572,0.09890814103298226,1403.1053755038952,synthetic_gp_augmentation
5802.457922579036,2369.263729762746,0.0683524645603577,4964.303305599172,0.2099458115608196,4540.528569645334,synthetic_gp_augmentation
9579.16104552541,2606.5595844432564,-0.2277454468669905,8675.095404694132,0.18240765173154375,7480.496398347055,synthetic_gp_augmentation
10841.412063816975,133.04865858364323,0.8236095020695533,674.4953332425847,0.07369014989347368,544.2931755707427,synthetic_gp_augmentation
5618.391801264244,1359.143192624466,-0.25882402654652437,9232.061375946334,0.20032334825031353,8383.297822929726,synthetic_gp_augmentation
3538.1889589156644,7956.693128958601,-0.12865060787265103,9706.13826800904,0.1169990108353765,11962.371487547338,synthetic_gp_augmentation
5214.837750863422,1991.5885902714604,-0.045982626106368496,7166.624193079973,0.06598795619767929,6830.610146853757,synthetic_gp_augmentation
10656.920197208337,159.33678208511282,-0.30598352501342896,4385.508339926271,0.07063608070574745,4993.548017842135,synthetic_gp_augmentation
10862.300315397688,2228.322512307965,0.25072627872785913,1611.1611447941275,0.278009734795296,1365.313726675507,synthetic_gp_augmentation
11886.939282783173,3267.1213438766936,-0.02214489398239744,3766.711321217066,0.2799455018831289,3679.784251314807,synthetic_gp_augmentation
2111.932076306025,4382.2982342590685,0.35098650074987103,2175.6394935073313,0.19590866361428513,1717.0217791356586,synthetic_gp_augmentation
13114.42650504594,548.5281589234114,0.015001322759113811,3400.7322917729516,0.07694130365330802,3337.561013458181,synthetic_gp_augmentation
11041.550044501191,6323.431357638128,-0.3370070593606307,14817.391259405542,0.2572140851146993,11627.975272564141,synthetic_gp_augmentation
585.030719381163,6604.010145576461,0.7216363279831368,468.67797004416656,0.18017353358713606,482.52046562582524,synthetic_gp_augmentation
5436.005806017308,1705.284630973611,0.21351290238519538,4340.789583973581,0.2618041674493887,3963.068955764768,synthetic_gp_augmentation
7520.708968912986,6387.345505879828,-0.04940931402286042,6897.462284279146,0.18972260769073457,6734.71629198135,synthetic_gp_augmentation
1966.9285225137685,3384.881423061075,0.33698505923657407,2044.5145681465574,0.19492581166682965,1593.7449634001246,synthetic_gp_augmentation
3396.8059236296117,7491.106034512132,0.5955060619708761,979.070760543272,0.06757971665823165,1072.537864105969,synthetic_gp_augmentation
490.5261790711074,7135.235127680137,0.41008575030397854,1598.5014808162096,0.2232104515150858,1831.339012050403,synthetic_gp_augmentation
1579.926865505749,3000.8857055239123,0.6028070407655821,336.3211189102787,0.06095232533951047,319.34075610049337,synthetic_gp_augmentation
4334.171871820262,3904.882445780821,-0.28301982691281263,16857.658342178183,0.1787258631966575,13412.911261357589,synthetic_gp_augmentation
13137.527223608116,2292.19030426394,0.8603841700620698,28.51398091645165,0.28403769233744725,31.630290857730667,synthetic_gp_augmentation
6849.516461988585,5455.263222679545,-0.12650856059718762,8909.89054410649,0.10136749920033115,8599.937524748568,synthetic_gp_augmentation
10628.390808940929,741.3415782050521,0.217261387848253,2862.2267833757205,0.06863856196003577,2852.147413578104,synthetic_gp_augmentation
8710.017909167584,7358.729009405518,-0.4927262622368412,14337.467780056248,0.23196483022043746,19300.887111298915,synthetic_gp_augmentation
2191.071435414457,5750.991745157439,0.11942788336592614,5904.341432458008,0.28159434457724963,4407.321760913266,synthetic_gp_augmentation
3639.711484804614,774.0214652925772,-0.22598461470205244,7678.822856116504,0.06751215830612427,7868.661619803795,synthetic_gp_augmentation
3638.105539750661,6951.91193583074,0.5486253657883575,1126.9131923523885,0.10225084665620755,1207.1786437898481,synthetic_gp_augmentation
9639.24495053624,5949.462929942658,0.5608547378543998,621.8536420203264,0.10533576736473359,643.5040643298261,synthetic_gp_augmentation
7439.827422410608,2505.01453466199,0.3620287824966292,1735.9984486127541,0.05779426867947621,1627.781207039171,synthetic_gp_augmentation
6262.602494717574,4171.464706383023,0.0903592454483314,3832.460478890202,0.2504669985825919,3083.103354381552,synthetic_gp_augmentation
8950.56284882043,6881.045273517328,-0.06567237629952549,5696.799814852382,0.19832728615162182,7076.793694724365,synthetic_gp_augmentation
15524.84099394266,7745.00498472223,0.6584467647886172,376.5847252193757,0.34421250853110047,497.281472581042,synthetic_gp_augmentation
8371.107394772926,5204.465458618596,0.19505350032418078,1807.8566860796097,0.2712138232707381,1949.895524809006,synthetic_gp_augmentation
7737.883248741438,6881.9753919420855,-0.3411939555642839,17566.579650192554,0.20115218609725172,15412.726533162295,synthetic_gp_augmentation
11494.624204758931,7905.33479074356,-0.19426373300171795,11262.518845386201,0.20810309755058684,9313.695253415026,synthetic_gp_augmentation
11711.615260928365,565.7479091704971,0.004685008685655134,2998.197407738272,0.07923066549543688,3862.9626102167454,synthetic_gp_augmentation
11692.224470467345,4028.975726566627,0.47839397989737786,458.5300764502082,0.07653412349605518,412.00623084732376,synthetic_gp_augmentation
3304.1613210260425,6989.326094715856,0.6833793876749723,544.4069410039517,0.06841753593826924,599.740106632833,synthetic_gp_augmentation
7240.580868142885,25.26499439622576,0.8900043875619432,249.48140353617208,0.06707496093369231,274.4117417212215,synthetic_gp_augmentation
12997.677587363287,3497.8817568435447,0.09840494203364203,2103.095918716877,0.060119816492907964,1921.1471192276904,synthetic_gp_augmentation
15749.65636490987,4211.9224684529145,0.5724847575708316,398.00820757533506,0.2824501638067909,348.72887800985416,synthetic_gp_augmentation
5900.109194495967,5862.1814906739855,-0.05028223300497864,7881.929778442671,0.21865244726804398,6860.918452678965,synthetic_gp_augmentation
8012.902554737295,524.1766956318479,0.2567251664197686,3817.4449225282115,0.05755763427409898,3553.752828571691,synthetic_gp_augmentation
13545.538756281983,6593.835092191644,-0.10857407086050852,5338.169187473729,0.17863856890419286,5400.573553160689,synthetic_gp_augmentation
2568.8762770134153,3355.9034142340715,-0.0013331079353079978,5803.916757677758,0.22551386934215314,6895.63329192864,synthetic_gp_augmentation
9125.86883198233,343.34873442397117,0.30875876904122146,2887.5788512577656,0.06874431054999214,2884.6695413159932,synthetic_gp_augmentation
9935.765079951236,7711.318125371051,-0.1214183651052852,9067.661195975037,0.3081994070674484,8874.899905567663,synthetic_gp_augmentation
13634.418798302995,6244.394323976375,-0.20856510448880883,6481.32008782335,0.2838748632920532,6434.070512289241,synthetic_gp_augmentation
9786.282542825124,2782.5282582587947,-0.29068849791806084,6502.4899527579555,0.27711540912915766,8526.075704898818,synthetic_gp_augmentation
15364.323529825713,2160.2189457469053,0.6330338569948128,98.03260617924437,0.2487122229470864,102.43559763328197,synthetic_gp_augmentation
5644.96517880843,7898.3568225912895,0.7666107240220195,278.151755517173,0.22717718270621262,311.13254546943386,synthetic_gp_augmentation
13772.51248012427,2321.3345934379818,0.6502871388557505,72.92985874010928,0.2563535974204587,78.54486243334293,synthetic_gp_augmentation
15339.797244085945,7586.168933969223,-0.3077950875534191,7965.227877890545,0.17841678757536245,7377.167070369597,synthetic_gp_augmentation
4189.435176700923,2643.096956948712,-0.36314728217335834,17777.795193086295,0.22932500649629636,14515.672856239356,synthetic_gp_augmentation
9802.320025964094,5632.782122062399,0.1988300609132474,2081.8733038576506,0.21291089962655224,1817.801838893331,synthetic_gp_augmentation
4580.682206239955,3053.8748623363185,0.22999773428166426,4342.348549161204,0.10924386434281266,3429.3000396586094,synthetic_gp_augmentation
10428.11973740726,680.4177920691901,0.5259524694440971,1497.7214806780364,0.07595330373281989,1365.4022685027896,synthetic_gp_augmentation
1588.9205922976482,7489.5149249063115,-0.18796694488130733,15521.433548047959,0.07315554068332551,15029.055124393772,synthetic_gp_augmentation
11773.589547718015,1311.4239577327673,0.803329537801049,52.58142101018234,0.23592984017357307,56.95745199551044,synthetic_gp_augmentation
6775.135274665951,7557.531743980789,-0.06609828980669646,8156.087644286824,0.12133046651782323,8352.365889723926,synthetic_gp_augmentation
9438.184140955345,826.4546074308398,0.3089325312788691,2330.721217314574,0.08309491108272189,2626.1663955179615,synthetic_gp_augmentation
511.21220012362045,2135.5795596519906,0.7098990503905034,108.24478977939023,0.22751656973497034,130.18183026864477,synthetic_gp_augmentation
11157.51913784422,7367.387989556444,0.23282735188214343,1999.5303305098175,0.2223531093176277,2087.6427598092587,synthetic_gp_augmentation
10041.491022236689,1515.8674867335646,0.5486366805702225,185.63381886084113,0.07721995179193802,232.06819915830917,synthetic_gp_augmentation
5119.1207607811675,4736.746491642252,0.6060297451139094,517.6678707431494,0.2852595485288039,643.2382763727688,synthetic_gp_augmentation
2418.540757400489,1443.1296642844318,0.6354675710657136,799.5475637266758,0.11811603028843219,650.9482965658374,synthetic_gp_augmentation
7023.3201777386585,6995.536541362734,0.04944812624611916,3940.188671421202,0.05700843132726169,3511.247634846015,synthetic_gp_augmentation
15109.268028453176,398.62885870818053,0.008978739676704373,2517.32140639614,0.07964684682550378,2823.794328014942,synthetic_gp_augmentation
3721.925023795505,4238.221582219987,0.6248973402311906,701.08417772784,0.2843491265033757,568.5842596953981,synthetic_gp_augmentation
10845.8402913605,507.78420663570057,0.31159454996556746,2482.6123088214895,0.06678144339954674,2554.018897342054,synthetic_gp_augmentation
892.512350149208,5560.182008541002,0.35079859736826535,1865.2927102595968,0.12023518606446729,1939.207071894305,synthetic_gp_augmentation
11517.786585744161,7486.377881549339,0.07668415111169813,2984.280993228782,0.06538325783903318,2824.884189483462,synthetic_gp_augmentation
3891.1512701437396,6648.531597373228,-0.21773947785709175,13452.15112274552,0.2317874078045203,14196.443494897328,synthetic_gp_augmentation
7279.121257646386,2973.822601221081,0.13970279695887478,2736.4646520838405,0.07397658544907311,2972.9241460406342,synthetic_gp_augmentation
5947.274299456908,1895.2392438380734,0.8575050520766965,185.13747884000844,0.1824508240775469,182.91782785937028,synthetic_gp_augmentation
1894.1614587459521,968.2199390950643,-0.09278636905283277,5805.628328929927,0.06381323656426145,6461.532049759361,synthetic_gp_augmentation
5594.753044937233,6988.991899060264,-0.11918846207620737,10615.960612683339,0.059341945939457116,10470.023136515076,synthetic_gp_augmentation
5666.986836861651,648.8730323792993,-0.31690215403530564,5745.7074609318415,0.08027859084083792,7440.142359671881,synthetic_gp_augmentation
8401.47966057305,5030.633532622133,0.17365261741375815,2153.465919687663,0.08326611502388281,1980.0900985502728,synthetic_gp_augmentation
15560.389373745798,2938.1397559736556,-0.09605744574818009,4005.9266144867734,0.12518245769980135,3737.393441621585,synthetic_gp_augmentation
7573.278607919023,7966.226546967713,0.461973223395029,1764.4039207869866,0.10269204939930184,1477.1367738120696,synthetic_gp_augmentation
14639.375874558878,4070.58650814676,-0.3108255856637471,8545.200510365683,0.1367873025604579,6446.566885327201,synthetic_gp_augmentation
7438.76677114463,4390.327597627288,-0.15376252422620695,9911.919257514925,0.18634085260901745,8174.830201863468,synthetic_gp_augmentation
1809.9384839115376,7343.110280118809,-0.41340853072857403,24814.740982063202,0.24798582767091215,30105.755853755618,synthetic_gp_augmentation
6579.531049315844,4669.091688756317,0.6398008615033013,315.24312059216,0.25309585884342234,439.4998099486506,synthetic_gp_augmentation
13866.685671766618,5078.133992867572,0.5694443695163041,489.93267935394175,0.15190651755433465,381.899186486499,synthetic_gp_augmentation
10890.465074925167,3419.203711948949,0.7112288583161159,116.55664268172217,0.14881572679140476,105.79036032785416,synthetic_gp_augmentation
9295.104385506907,458.52285819757464,-0.3787653934481671,5133.384452220449,0.08131934366799287,5981.099073742485,synthetic_gp_augmentation
6416.602830796163,5602.102178885193,0.15245577105909425,3001.8185927396985,0.17676668706122795,2672.9557658355275,synthetic_gp_augmentation
9833.85979332898,933.6184535098022,0.5761013521031886,650.616244583716,0.08402233731762704,832.9436592296474,synthetic_gp_augmentation
2821.835401731083,5527.480275461894,-0.3346177727892803,19162.787804681226,0.11179600967692843,19691.32610506193,synthetic_gp_augmentation
10865.869632494585,5743.81752963902,0.07771154207345399,2466.5892793714984,0.2817365137457242,2496.4571954256453,synthetic_gp_augmentation
493.81631035930025,2826.750847519409,0.1917438025813618,4029.432773057208,0.2558784352760863,3365.33420291324,synthetic_gp_augmentation
2646.822117501327,2065.4547982354165,0.8763611319415121,78.98501125285996,0.1300082483590932,76.96833484785395,synthetic_gp_augmentation
14451.468941030973,2984.315288828905,-0.44779333313978104,5319.545548724,0.12279307907372701,7235.637017922378,synthetic_gp_augmentation
7852.688597466679,4856.158445636659,0.23499275069971837,1758.3710946440538,0.2256352432937514,1884.4686434443036,synthetic_gp_augmentation
7976.384161045957,5950.786397750908,-0.4679453335653618,20162.524517874263,0.11906884137687586,17983.903558765447,synthetic_gp_augmentation
12397.040319575268,6894.021078802911,-0.03836073659647243,4557.707452878587,0.1821487246944563,4364.2090682223325,synthetic_gp_augmentation
675.4142841671435,239.93827201691255,0.09209839220581817,2867.0932074071475,0.061782756551455736,2760.1531962371914,synthetic_gp_augmentation
6889.641562225552,5812.412458954956,0.19197766643489167,2967.3653107400182,0.2615705907256417,2402.0082695227165,synthetic_gp_augmentation
1687.2633208578613,2513.488146313282,-0.17316147961335732,12191.835097719453,0.06738405261684309,10593.690995303905,synthetic_gp_augmentation
6474.729484238126,6709.136085683775,-0.45225969214360073,21757.857415393562,0.2824818548059232,20726.42689089949,synthetic_gp_augmentation
15742.76727394911,605.7356779280898,-0.08861964199627453,3001.712726015364,0.08156453267845222,2862.1523730056774,synthetic_gp_augmentation
12082.769164773441,4409.396081384532,0.6709065794070233,184.36440402376383,0.16856860162547305,189.11402671401927,synthetic_gp_augmentation
15762.229423394965,4389.388718032107,0.6310010267981374,252.44718361087817,0.19457540231671797,266.40304725363404,synthetic_gp_augmentation
11962.173148162567,2612.0916974018264,-0.24694891569766764,4922.924256147949,0.1896057671557939,6678.250005844826,synthetic_gp_augmentation
12092.11124354317,855.3852093495004,0.7931063246831405,116.84320281792631,0.0862253965433265,151.08349976282878,synthetic_gp_augmentation
10579.557600238657,1091.1778682793783,-0.25904923267207797,5439.841065113452,0.14062513292674234,5766.580839414907,synthetic_gp_augmentation
7478.649875440343,5154.076785506201,-0.319853123709015,12237.380658494503,0.24430801409597644,13270.747285107951,synthetic_gp_augmentation
4751.48671068284,4114.393797149225,-0.4689952265406159,16035.472485753002,0.1940305760222394,20519.563597400796,synthetic_gp_augmentation
8370.831143416242,2115.7370284163744,-0.25862394942527533,7905.607690248177,0.19566635085951606,7943.098368210663,synthetic_gp_augmentation
4210.046235032745,2434.1743716595347,0.6395336089558241,330.6466143704503,0.12607456826210986,343.14167957275345,synthetic_gp_augmentation
2423.552954145267,6942.113111294986,0.25663290784061366,3271.6257355771168,0.11591979774052197,2893.227520623071,synthetic_gp_augmentation
9089.782073623648,4556.150985117523,-0.033009732292500094,4350.8941766262515,0.11743024804255509,4612.428123808212,synthetic_gp_augmentation
4000.010683912466,1958.6766092306532,0.6294925866027756,440.7176708148785,0.10608637398286547,552.7644410450737,synthetic_gp_augmentation
4768.3688526709575,3147.3660616747425,-0.22697865916219695,14547.397730785058,0.2299803842364128,10358.019312178934,synthetic_gp_augmentation
8034.547454339976,7253.480434439065,-0.3042044138627428,15448.555688963239,0.2898150348011578,14289.640271701712,synthetic_gp_augmentation
2684.167423043134,7094.7292932245045,-0.3751056948941348,28843.745678551815,0.1763893445648,24966.465094874806,synthetic_gp_augmentation
15401.840149811114,552.8535289056622,0.6918563251313754,232.92700640475584,0.0842933718126182,288.8098697396494,synthetic_gp_augmentation
7206.414614746731,5232.801106237624,0.5007801723070036,674.5658356338565,0.2835830663617056,864.3719193111832,synthetic_gp_augmentation
5701.239751065342,1223.7693677577904,0.37442079736118816,3517.1133488442124,0.22619102451480308,3236.328785160614,synthetic_gp_augmentation
564.2260209720368,1687.0669243860573,0.5184544470952241,884.3367697908824,0.2580442860611905,664.4841210373978,synthetic_gp_augmentation
10050.75925337151,7161.522539807664,0.03870472248767509,3468.1814257788537,0.24582244068024137,3410.7565449080557,synthetic_gp_augmentation
6720.841961976626,661.5353271515883,0.6397613211797928,2467.6576190201713,0.08924621140725868,2267.626980939262,synthetic_gp_augmentation
4003.971509481764,6991.386635829549,0.7834717132735391,270.69058529538387,0.06445994236364956,258.5047384155397,synthetic_gp_augmentation
11947.684956938625,5827.948422745797,0.2183338874912777,1430.014606316295,0.2507511165230312,1671.4123370821185,synthetic_gp_augmentation
15133.045754292507,6205.682906133593,-0.3291139754838299,7787.4507605495855,0.28708748110856286,7054.296783912754,synthetic_gp_augmentation
6154.874319867122,6334.522621166484,0.8699242653777792,77.48402085152071,0.24957625762230412,94.06620986038536,synthetic_gp_augmentation
2244.5294872297773,4057.866173903964,0.05303995794706384,5879.318814787679,0.11818594968566011,5732.365259668858,synthetic_gp_augmentation
1836.1964816365241,7575.261143905613,-0.05340747027760029,7616.30324980217,0.14874033825542907,8559.623331321574,synthetic_gp_augmentation
201.155360108786,1602.8768318447621,-0.33201271799903187,15593.035647445411,0.1759606680336586,16616.31608680173,synthetic_gp_augmentation
11928.891508270379,4039.720860140344,-0.4823185306073989,10312.098348738175,0.14648625532150408,11176.639390091645,synthetic_gp_augmentation
15704.18663583656,2548.4206391072366,0.34514267481277294,551.9282043811555,0.10594838889821492,521.0805077110131,synthetic_gp_augmentation
15885.802268781734,6579.449942420059,0.357403426088187,1504.77090266902,0.14955157529797508,1493.089634306544,synthetic_gp_augmentation
12568.736344052515,661.6056970302191,-0.17206240858911537,4579.375608834364,0.08702819257178736,4196.149437224711,synthetic_gp_augmentation
2678.722074907093,3469.4278953941434,-0.2732185413939801,13404.179985671448,0.10861914743587034,14296.677730893307,synthetic_gp_augmentation
15645.580349018632,6187.821249962636,0.23921232069850706,1831.0719420427756,0.26367225943457046,1963.19101920012,synthetic_gp_augmentation
5312.23374373102,2498.7272924619156,0.10956959708206604,4280.2826770251695,0.0589570763681268,4234.996444534064,synthetic_gp_augmentation
5404.551790931444,1923.81027416359,-0.07488434675912159,7801.213360374278,0.14159234329728804,7076.132842197934,synthetic_gp_augmentation
11028.65755098978,2100.393238359169,-0.19447399323609005,4702.547571598206,0.17370969138989772,5962.907918161941,synthetic_gp_augmentation
879.882074483777,5708.720859252362,0.7030282015611671,468.2348378842232,0.28423943648134953,439.5983527390456,synthetic_gp_augmentation
13229.738705530192,2294.261406710647,0.8773591427476992,25.64814836395617,0.2862454271598079,29.601160276281075,synthetic_gp_augmentation
15957.02669615513,3221.4683637038393,-0.002185574664186951,3501.7425217261302,0.2807238868030542,2656.1302438399566,synthetic_gp_augmentation
12528.656210196597,7526.080631573535,0.7117661000602611,263.52720349357793,0.07550786958791444,329.9952518597042,synthetic_gp_augmentation
6305.987362008161,6354.7804790954315,-0.46228850685835376,17387.678356997265,0.24397429199186765,20946.45071318697,synthetic_gp_augmentation
1148.150085348945,1482.253313792138,0.7712908326946584,236.67860913240116,0.07444304809674278,170.38725293438915,synthetic_gp_augmentation
12703.412204327331,7064.673860275486,0.19880859001770923,2114.2704092008926,0.12684768380165357,2167.1876223127947,synthetic_gp_augmentation
9594.81358178633,6758.139465481629,0.27944896456327595,2384.6303982181857,0.28228734696232394,1865.8327377583432,synthetic_gp_augmentation
14558.485157041141,5961.796156438951,0.2558226475064991,1687.0727791442496,0.0864487441607673,1681.7341306326734,synthetic_gp_augmentation
1943.8101126526371,4135.247798175558,-0.15990192922747193,8975.129492718019,0.22026159324828323,10034.647228721939,synthetic_gp_augmentation
4951.456703196322,558.5196420584895,0.5951380173869969,3183.0942048736583,0.09136606021681376,3045.007727957546,synthetic_gp_augmentation
5834.432844201844,5692.041931113327,0.5252737215499821,732.0223193826357,0.26618592101063027,1019.5287417612367,synthetic_gp_augmentation
10964.147365860594,4146.737363382612,-0.3658907113743338,8786.678747652566,0.23037313652016875,10468.616031513418,synthetic_gp_augmentation
12625.148093340165,2478.1994065436475,0.2879082043021606,609.810845493892,0.06822281271561934,706.4790675013905,synthetic_gp_augmentation
15380.224496492283,79.50400014619063,0.8398366823871268,209.51018103280524,0.06519212946394633,217.30790768728463,synthetic_gp_augmentation
4796.973817354055,1848.3918462107906,0.7196204207966925,385.4061711565054,0.24062639405404243,391.79269579886704,synthetic_gp_augmentation
7948.818896171532,4845.521420635138,0.37626611988824243,931.0662988536584,0.23712277823433223,1054.5037911207864,synthetic_gp_augmentation
560.4787882926447,898.4526906556498,-0.22182931873450568,7609.333627145008,0.08700176664786428,8643.855800200097,synthetic_gp_augmentation
4122.507261931318,5243.3496528936985,-0.013887617962616894,5286.435237366182,0.2824355675515918,6031.971339419892,synthetic_gp_augmentation
6046.6557791022815,6557.376710576094,-0.28949870275456857,14253.230190505103,0.12573515063955032,15191.527931683051,synthetic_gp_augmentation
9541.518683754626,2545.426725890012,0.6507028609854377,119.69119645923146,0.10270880703043586,135.26659163683905,synthetic_gp_augmentation
7586.443348226868,655.8843156397138,0.5901391637815177,2636.0763799887627,0.09084665710280253,2156.032672844045,synthetic_gp_augmentation
5895.153450454258,1117.5903234097477,0.7745016302699474,699.3680575119755,0.16557851189914646,710.8273908069829,synthetic_gp_augmentation
10022.83966781653,2863.27146027924,-0.4112462335406981,8309.023850991107,0.22390419664163666,10551.812306908276,synthetic_gp_augmentation
13274.989266160306,6507.47402206742,0.8505988743092889,91.76288768444384,0.11174793108967745,87.40687629873875,synthetic_gp_augmentation
3942.7300144581486,5074.229757702042,0.85299827121521,87.02303242569921,0.14055884989093673,89.41583525407897,synthetic_gp_augmentation
5551.726480240555,6943.10118476948,0.4441737109705072,1636.3384673791086,0.11546399865399766,1601.0984608007698,synthetic_gp_augmentation
11308.286030023617,7955.416901048997,0.7344475494960117,347.72700644941875,0.12361937949434507,309.866535411579,synthetic_gp_augmentation
12469.25552026063,1620.529623193275,0.11381302245569824,2021.4096423394894,0.19303734811475343,2142.0470854631862,synthetic_gp_augmentation
13223.81026058089,5558.571489894348,-0.061233978592197924,4768.523274276913,0.12031983243625016,4371.531501971187,synthetic_gp_augmentation
3428.366380462756,3732.133600503493,-0.2838841615932317,14926.362682321831,0.285700771958619,14105.220275741265,synthetic_gp_augmentation
8674.344683786208,3947.8244875745627,-0.45578874211934467,14459.279702249181,0.12085540081536665,14426.058067201975,synthetic_gp_augmentation
14410.176466552022,2604.6512284864357,-0.44120370618536814,7535.093651016602,0.2029276140012695,6998.299824716002,synthetic_gp_augmentation
6332.012235954719,2740.0977199952845,0.4681933906457345,812.1082376544707,0.2812780249550157,642.319408176668,synthetic_gp_augmentation
6935.141134522735,5410.25558718214,-0.02879546828559243,5872.444414001368,0.15959513796242655,5443.804513273694,synthetic_gp_augmentation
15758.684808020904,4966.423337568133,-0.4243136556198446,6941.021537298759,0.11678203925982657,7500.721228264041,synthetic_gp_augmentation
1897.537071916836,2548.0285650194637,-0.34291676657938386,16029.956097038652,0.11161107298943948,16976.03129955568,synthetic_gp_augmentation
11319.071632440013,948.6473505526867,0.4313972709497397,1065.3129177929372,0.07008663103244657,1153.4124501972326,synthetic_gp_augmentation
13617.92761995018,4625.93029846562,0.8141523014229981,64.33785547278868,0.2225373569852403,67.12051390876236,synthetic_gp_augmentation
2497.616914480877,5915.170759719083,0.07116946924507384,5861.125023405944,0.15286247143147577,5209.052785510954,synthetic_gp_augmentation
11459.806452515075,4468.974321716078,0.5887205944922984,282.1413514171754,0.08763029414945166,315.32067822154204,synthetic_gp_augmentation
7568.8377299660315,29.205387653130188,0.8630145341597129,327.3452305582203,0.06464641522020545,305.64428930157095,synthetic_gp_augmentation
13660.965066326828,2258.5240997904216,0.49161901845199796,113.807294025758,0.2821269723990404,115.59933580708906,synthetic_gp_augmentation
14528.491837690906,6228.634717080095,0.5122090066684171,668.8261548410504,0.28344893395551485,739.0348458910302,synthetic_gp_augmentation
13972.509960157717,5940.385642213906,0.3622611118544079,1365.7180203042283,0.1219202348411425,1193.4743203888297,synthetic_gp_augmentation
1123.723687506303,83.282020331942,0.8687471205638051,521.3313834671495,0.057187289693646136,502.20031361769554,synthetic_gp_augmentation
12133.99890135809,3762.369862081427,-0.08027155190205176,4663.319675673499,0.2824525019179206,4653.229703403666,synthetic_gp_augmentation
14752.288442274687,3498.54538120272,0.5961838313450052,176.08196579130382,0.18568302784889462,212.90954261771367,synthetic_gp_augmentation
9979.440206667803,5218.251010327535,0.0811092870969814,2552.563586042657,0.2768596436686977,2403.2633304580595,synthetic_gp_augmentation
9653.929361607994,999.8403205199819,-0.28241250107316596,5142.616091857859,0.11060959457722451,6138.91550704838,synthetic_gp_augmentation
815.5856596299649,4971.32186305816,0.5351213246240603,892.6794776218071,0.07929303478473904,954.8454516492384,synthetic_gp_augmentation
13710.925053074421,7575.344161288406,0.6611626805956097,491.97093330830234,0.1648143115232355,478.7842789114855,synthetic_gp_augmentation
837.8166171836683,2973.9962769219997,0.7090387672231255,126.31007691504863,0.07934783426991406,155.71269563064314,synthetic_gp_augmentation
5084.802741516316,2698.851341278065,0.7906298929266153,72.72259587171995,0.26935612500164063,98.27737888996536,synthetic_gp_augmentation
14821.222738066726,226.18811497502378,0.542876230524338,970.1229916182447,0.07658017877821659,854.8682360725809,synthetic_gp_augmentation
15200.947769399243,459.16047164345207,0.2386659771969818,1933.4697894338444,0.06149598550573792,1620.9158755349995,synthetic_gp_augmentation
15871.21859356717,7452.579575437748,0.8141735969593074,142.25387749872877,0.1327836598775234,134.88888946648132,synthetic_gp_augmentation
2921.1297874580723,45.13360349269391,-0.3917663312058218,6419.291009407471,0.06155647891646736,6447.727287107196,synthetic_gp_augmentation
7858.317340582434,7205.437490745318,0.10427600852621077,3139.4155032864323,0.27683556983574936,2606.7002355902137,synthetic_gp_augmentation
13973.32413262252,4490.869749251437,0.45198513895216386,529.5287485593426,0.05693585845908586,550.2479940078845,synthetic_gp_augmentation
9012.542008937427,5425.127388229995,0.6415907558707361,401.96676660808384,0.16007125644201506,376.92024899913554,synthetic_gp_augmentation
6531.643796751409,2872.469684484633,-0.4625406970608089,11332.166378250613,0.21868349815006122,15172.378196851187,synthetic_gp_augmentation
1364.5381694447901,4231.904734165737,0.6228648774150385,583.6750053229099,0.28250274744505893,535.7997832266249,synthetic_gp_augmentation
6543.326761384425,5020.337505242443,0.3401801512742061,1554.419573871005,0.07237327254207215,1414.2599121606459,synthetic_gp_augmentation
13872.44657340273,1551.4103950783501,0.8341267806128434,30.812933742271056,0.1567799319544489,39.381006779113825,synthetic_gp_augmentation
11284.154326387683,7954.0529726854575,-0.012943607841440885,4126.951001720139,0.1241593194201388,4636.211311609388,synthetic_gp_augmentation
2642.5244756461957,82.70771749294958,0.5731677687975085,1808.4779470208016,0.06287769583714659,1959.4756809538146,synthetic_gp_augmentation
6337.705002249323,7554.276736837985,0.2229535890546397,2592.60650584811,0.11610604167699368,2810.934997394806,synthetic_gp_augmentation
1711.8638147061067,3433.0216069131448,-0.28172939728262714,17784.740382025062,0.14104276643779898,15911.71216675153,synthetic_gp_augmentation
14951.254952693009,3188.957751411828,-0.43028031917202897,6045.080858863695,0.30724033644582416,7010.1409252269,synthetic_gp_augmentation
1607.6857207327264,206.65541432934108,0.19286641528688853,4369.102128417212,0.06229654300769658,3426.719964266498,synthetic_gp_augmentation
12630.113651849326,2116.545547041209,0.39545228290880896,214.37339007282728,0.1952185120965049,168.24512162373927,synthetic_gp_augmentation
5957.654264293892,3146.4027405278553,0.2987294921426531,1964.250992126108,0.2276157718811849,2250.6071447274994,synthetic_gp_augmentation
3993.4432483962114,4162.6339909337785,0.4980825985793351,848.6266323507953,0.24609886963824973,1013.4514718426415,synthetic_gp_augmentation
9162.760576841089,3661.153760975859,-0.44540749899574883,14224.454591456277,0.24816482185471841,13277.824431279949,synthetic_gp_augmentation
312.6169166166068,7032.289661632182,-0.30912298985926334,25037.339258770466,0.10570706400526503,27097.88242954158,synthetic_gp_augmentation
7499.822795657654,7290.638895441192,0.5655961525280253,880.6814184068822,0.2810456187691495,923.6581990341475,synthetic_gp_augmentation
13516.499390213196,2537.2393745257205,0.5936553158685809,79.70813004074036,0.10511089903089275,103.41082829178994,synthetic_gp_augmentation
14856.115776170536,7676.436751003676,0.4832113680448259,1247.3064505507507,0.3015125430866029,1116.9823483599937,synthetic_gp_augmentation
5546.619800221392,6919.4733769628365,0.5436020605712923,1137.5928587372387,0.14910881791388744,1128.9633287055892,synthetic_gp_augmentation
10314.741751824205,7421.078532277997,0.8488161211032619,98.98516138796221,0.1557056456621598,115.68803505973625,synthetic_gp_augmentation
3706.4926700644537,5650.647059102376,0.8219061432542432,131.11412249048308,0.25928055792042454,130.13161455505875,synthetic_gp_augmentation
9007.387828656874,1586.1747466043319,0.4022745769109529,1184.023737660262,0.14771985497580895,1490.5077770089636,synthetic_gp_augmentation
4139.040845835705,1561.8223412621956,-0.05293158976739892,6835.5093688435845,0.1146289602801825,7413.658038670986,synthetic_gp_augmentation
9184.5684871765,7269.2125046715455,-0.48024615277369775,18061.06876356116,0.28968239025052955,18179.05733587526,synthetic_gp_augmentation
2830.3816649623723,4056.363679475546,0.38425136927243564,1416.8561799368351,0.11880602969791978,1431.869017313694,synthetic_gp_augmentation
15065.597652495819,7123.738457229902,0.10382538557189491,2344.6039233945557,0.2096101413610636,2761.643234286814,synthetic_gp_augmentation
5457.000166236554,1700.098434680541,-0.1986391527935688,7428.118453393675,0.26039458365717005,8034.577326325878,synthetic_gp_augmentation
12448.939933906588,3078.07856050363,0.8111410422739826,57.88894827724054,0.14603305922573476,45.25460384481631,synthetic_gp_augmentation
1618.5156786418934,7742.601720180066,-0.40728844308158263,40639.99948558851,0.3241377539034821,30581.54934506428,synthetic_gp_augmentation
11871.738448416241,156.6620915480348,0.6024590858580128,1209.5494223200906,0.08405001147832003,1065.7385671591312,synthetic_gp_augmentation
4591.100160841996,5716.670904741951,0.7628690636045055,293.33303193704955,0.27817961270588265,238.264773408142,synthetic_gp_augmentation
2256.7041219462108,7830.237576601648,0.4636865345495971,1460.3104626675236,0.2996525552935757,1744.6358752415135,synthetic_gp_augmentation
10883.240364667457,833.1755673890235,-0.4141217021581581,7535.658091699469,0.08345049937440595,6393.627668041366,synthetic_gp_augmentation
7569.928403328289,2175.942839575029,0.6841940919440941,259.6796365335651,0.2528819964061646,244.89442444655077,synthetic_gp_augmentation
8529.219667514059,4376.104965449528,0.4146045174852767,902.6435237681958,0.20457031856843563,784.0202411345424,synthetic_gp_augmentation
8376.423567792941,6750.1194219735935,-0.11215394087935682,8752.390571134032,0.28265470531620945,9019.261584526463,synthetic_gp_augmentation
1045.2229154857105,4052.094958701826,0.38151753599841887,1477.870253937638,0.10747129752858184,1398.593183145077,synthetic_gp_augmentation
916.9459605735647,476.76837595657327,-0.3088401010445495,9471.395295121909,0.09240372157279814,8802.150220299127,synthetic_gp_augmentation
9658.56331277474,1017.4745866492278,0.4907065741484262,1152.680572984026,0.06069079396582351,1355.9393973665055,synthetic_gp_augmentation
10019.447813451125,3007.5469506605154,0.7641938654220908,66.01457566398153,0.06098045406155526,67.46484738435333,synthetic_gp_augmentation
850.075448590322,2580.3253900843915,0.23035377046572392,3904.21848335898,0.14594506771568214,3490.086124576812,synthetic_gp_augmentation
6117.1853770163025,1757.429049433691,0.8329483314618766,177.5719428722644,0.2777694822222794,239.4330909696938,synthetic_gp_augmentation
10541.222426473914,215.0534699898854,0.7005938444940363,1325.5072851724524,0.08970208076727673,1035.032328732263,synthetic_gp_augmentation
13269.58457249717,6634.753982216622,0.5831077822281829,540.0958942509047,0.22065430602181618,612.0166105611825,synthetic_gp_augmentation
6789.6433091904055,7373.441389166105,-0.3761986799194059,15993.016686933492,0.2150254596714628,18182.53201701965,synthetic_gp_augmentation
8817.298720236804,5040.888196408513,0.7777136091058556,138.22296335720588,0.09684210203561418,121.64446247295967,synthetic_gp_augmentation
9299.109972180195,5002.8031887021125,0.7745987153782585,122.58937241679614,0.07033759976449198,120.54518866765052,synthetic_gp_augmentation
5061.520004475072,1192.1417038838547,-0.008017787746019467,8909.415434661001,0.21015007276026892,6570.161951493869,synthetic_gp_augmentation
955.8238988216245,4546.541905686655,0.6108144343453665,577.7494938279132,0.10684816510424097,601.8985770502161,synthetic_gp_augmentation
167.1922266611639,3001.395151504499,-0.185507577020402,10464.772416126189,0.058658787305677,9596.750245417805,synthetic_gp_augmentation
13394.394116284546,1832.398092161566,-0.45744967972885,8012.103984633041,0.3304855953543723,7253.599090512576,synthetic_gp_augmentation
3283.685978105943,4666.636446844251,-0.20888801643661992,11130.523175645014,0.24732595991609144,11257.25351535104,synthetic_gp_augmentation
10121.049160130255,9.523736498770141,0.17758297480120844,1622.516366079897,0.06152921905706958,1607.6469325169198,synthetic_gp_augmentation
13352.543608340076,3640.3248840587344,0.8306131907342165,48.368478347796696,0.22699584087118369,54.28193899644016,synthetic_gp_augmentation
11204.585371524727,1165.124324035591,0.19137727563332596,1858.8376924670504,0.19767415215731862,2432.2558523794173,synthetic_gp_augmentation
461.5892686828497,10.544893999662186,0.6523407416940497,214.50701324045338,0.06177504699864688,203.03952604222584,synthetic_gp_augmentation
8161.28120622802,4392.4744476410215,-0.37606962967291135,14803.829107021336,0.19017498099537802,13389.117251345202,synthetic_gp_augmentation
11657.466038535678,1048.575194975359,-0.011632639961583258,3720.1827922495613,0.08683120246170668,3741.3820979755046,synthetic_gp_augmentation
11008.443511375683,4909.5771441334955,0.14372620950053128,1514.816466627478,0.16344195341548526,1674.6059315480245,synthetic_gp_augmentation
10414.464938716877,4221.105405674035,0.1624041092013202,1708.8688578361705,0.2776757166454658,1597.3225874132722,synthetic_gp_augmentation
9731.897428016908,4981.064988743331,0.3887358644048665,841.9977579098575,0.0851552564738915,902.7791743910193,synthetic_gp_augmentation
1211.0977793601758,7037.367122085863,-0.37530370698065196,26651.696788127912,0.09425971308948229,28391.21557574785,synthetic_gp_augmentation
4541.168607481325,7567.994757565081,0.5030049442204458,1482.0039020370132,0.14016062216054848,1478.7112055148389,synthetic_gp_augmentation
7206.886636990419,328.2681260212703,0.13242342838504984,4587.813797758551,0.06847031812809255,4499.927818657329,synthetic_gp_augmentation
10126.948698523855,1639.9504233212303,-0.2549797314527816,5956.099284539084,0.21721261398136404,6735.283270945581,synthetic_gp_augmentation
8252.941728613006,926.1125120477143,0.10275860358063327,4049.478507098568,0.0898331910806025,4522.865004247338,synthetic_gp_augmentation
12232.22364219512,6178.830285621119,0.14493498664211868,1905.4287251015592,0.25603860297059583,2088.8589109940494,synthetic_gp_augmentation
4274.82662823964,364.5028716155672,0.39703176487165004,3800.7377950207374,0.06261476682233,3888.0344854404875,synthetic_gp_augmentation
11264.2962249915,7221.079575929044,0.8119873429411475,136.17670276954357,0.2877257458612206,138.19718262737683,synthetic_gp_augmentation
13083.893045569484,164.4429192250465,0.5710918244068119,1225.5839196671227,0.0791045521548656,1000.4354459166804,synthetic_gp_augmentation
14227.26221046843,3764.5081995284872,0.6071636412526156,238.93662021129288,0.29272023767830996,219.2968018120489,synthetic_gp_augmentation
1438.4388254397832,3535.08731203906,-0.46086747149832974,27957.898056486905,0.09148287395407716,25670.309553613562,synthetic_gp_augmentation
11185.345984848238,5991.1461657918635,-0.33677902051186726,10350.69592226956,0.06280917489554474,11248.16683579129,synthetic_gp_augmentation
15501.98339775173,3973.1368084793457,-0.1947843731373029,5415.442868356902,0.12788815572407142,5334.2521488846805,synthetic_gp_augmentation
9221.045333005157,3369.766641012407,-0.38309498379038776,11484.455239024552,0.21730410523090446,11433.342934006067,synthetic_gp_augmentation
3555.3293605518425,5842.216820674835,0.17959810690377442,4324.519936695667,0.23917021084904602,3576.8716388682888,synthetic_gp_augmentation
15980.185511809985,7406.455354438845,-0.022994740930967095,3533.7339944752803,0.17368782992119747,3681.7149933552455,synthetic_gp_augmentation
2877.3689558615147,6351.379212188533,0.8620956492239016,129.0236583859401,0.24941318821377212,124.20410757629321,synthetic_gp_augmentation
5435.3673882602625,5893.7362520204315,0.1618305361516421,3365.8430122983177,0.18136157685530488,3072.803547885427,synthetic_gp_augmentation
6760.128552814236,3890.5076593735066,0.2194345079936948,2924.4495687236304,0.18559944606470696,2343.975125180777,synthetic_gp_augmentation
7910.730254518107,7442.286282524293,-0.39771632012867575,18890.59188798817,0.12309079255887874,17398.979005419726,synthetic_gp_augmentation
14854.93606088133,6423.378099372881,-0.3867755305740659,7316.660620045629,0.15713778403580878,8096.055020328099,synthetic_gp_augmentation
7705.357734764179,1202.0818848810366,0.4454097547207291,2575.5461983726887,0.2153749885718463,2213.9963878919016,synthetic_gp_augmentation
8282.558586796942,375.93738181881696,0.19271424463852116,3372.170882262263,0.07100463674804014,3687.1856628173573,synthetic_gp_augmentation
14198.245484103643,5926.845494928525,0.3739231402284541,1093.5669125153406,0.1411019851847613,1157.0150916840248,synthetic_gp_augmentation
13102.352104835833,5486.713292802708,0.6895240114691008,281.53673125438974,0.1447563025223716,225.8867733113456,synthetic_gp_augmentation
3911.580296484563,4816.711036655805,0.45393705536668993,1444.4380486789953,0.2592523148039588,1251.006999857216,synthetic_gp_augmentation
305.5226881387183,7809.914240138769,0.70650580123567,659.6907463220657,0.3137195769181686,630.3333440314775,synthetic_gp_augmentation
10109.043516012613,4363.224382175688,0.5397638859372096,432.7991361320997,0.22110223681085375,423.40885346183467,synthetic_gp_augmentation
13533.112199016568,2783.198936810904,0.44415965419146863,189.52340700308662,0.27792479153458544,194.69041205229036,synthetic_gp_augmentation
8890.316790505361,4519.726806580634,-0.31142176210208583,9655.459107674498,0.08117325854045321,11366.304714294267,synthetic_gp_augmentation
3457.713028204238,227.29402004364997,0.1759586580249135,4871.028063933342,0.062370001079202465,4481.703360208919,synthetic_gp_augmentation
11887.545941737379,4634.113876562399,0.10632976973404373,2329.097961334905,0.2165113264137283,1897.4625688508904,synthetic_gp_augmentation
10745.674593519192,7219.441640328185,0.2569734876226163,1464.0657592574992,0.28297574439900214,2011.5658596894818,synthetic_gp_augmentation
9084.01734479599,34.64054814512263,0.04760000423091959,3036.39534433036,0.057024713159146256,2945.2913664316006,synthetic_gp_augmentation
13827.045166933642,6762.430497424933,0.3686121478727863,1015.3967607500012,0.2824592235178674,1424.8372815501607,synthetic_gp_augmentation
12569.453411730621,6415.431152792906,0.04943822421073141,2772.584996620445,0.15667848494500938,3140.4071368743134,synthetic_gp_augmentation
10720.438253622207,848.8250383686822,0.2806650403941927,2250.121514488459,0.08869200308066352,2392.432614838604,synthetic_gp_augmentation
10669.662837469172,6774.643944973739,0.052825433835990254,4122.535006921187,0.27984662190640436,3051.8163959071203,synthetic_gp_augmentation
10629.02188534257,6108.3621258672765,0.7624742946521659,194.86287445565623,0.19238687408097938,171.73033691559064,synthetic_gp_augmentation
8450.119444173366,3928.3716604787637,0.02278195297974317,3297.605741141574,0.13495624220210134,3677.6935195912133,synthetic_gp_augmentation
7476.354149837167,1961.711507198185,0.5233055108258235,639.1669804184849,0.09812456719368239,679.611321736301,synthetic_gp_augmentation
11382.647306029643,2304.8033267828173,0.35922923721468136,288.6139132549292,0.2653092376934427,395.78896572608534,synthetic_gp_augmentation
9806.862255376675,4898.199403775922,0.03973293911856757,3016.105762619832,0.17695970446536124,3107.283906270091,synthetic_gp_augmentation
7890.6909405786355,1970.431995003973,0.6306834958265453,318.3796411301849,0.08247731677485692,360.3180452962899,synthetic_gp_augmentation
2113.9155271855616,2602.845405391746,0.7985940371721401,60.69791567419905,0.1970791774138175,56.72447329809218,synthetic_gp_augmentation
11260.667739585333,7446.7074492024585,0.564678064724238,967.0623334212759,0.13026320620559492,812.314334665311,synthetic_gp_augmentation
10371.37727218965,5834.628932050023,0.828023264238215,104.23619015069796,0.2540822011967723,89.2709812271281,synthetic_gp_augmentation
5541.749972978707,5888.592397735848,0.11082936861061687,3517.257122637229,0.1881428858378285,3265.1348666688577,synthetic_gp_augmentation
5765.53834281972,7647.491376973434,0.7792360793069035,226.09132359599445,0.25221147139167266,262.26897034686107,synthetic_gp_augmentation
4022.8859077505113,46.3521584250115,0.7267121593365165,855.3470507887679,0.0722822098192291,1002.7258399087907,synthetic_gp_augmentation
9020.679567654248,3506.1722714971306,0.5221870954543928,380.35445059924785,0.06082924091722431,378.07440806002336,synthetic_gp_augmentation
6486.285030280376,902.4395850589659,0.21723184720355015,4479.033559747647,0.08975735694115951,4167.9789938603,synthetic_gp_augmentation
11815.52169277313,6249.86948857329,0.27338681159871625,1169.8376557413185,0.2819534800080384,1642.8396158277362,synthetic_gp_augmentation
8490.878000403356,376.58027263941386,0.0847614887296706,4292.838685108076,0.0659913945046907,4439.846685915855,synthetic_gp_augmentation
976.4495613622576,4499.714652340136,-0.04529417110294942,6840.347033338114,0.05570930870125805,7491.903823267937,synthetic_gp_augmentation
645.1431714502545,5087.690556885231,0.5355232684453937,1005.5940968801739,0.1584512797892122,966.6264829699112,synthetic_gp_augmentation
9140.915185776636,2525.0104217745043,0.2071615047916906,1976.1032305230158,0.07323032941647864,1998.8914177898826,synthetic_gp_augmentation
3332.139640753617,188.80752985449777,-0.005536918571808769,5537.520966101559,0.06871621301140694,5798.733402520859,synthetic_gp_augmentation
12524.62615390012,7433.638358627647,-0.14226372740299742,6878.019217331494,0.1374722099197785,7105.720339814561,synthetic_gp_augmentation
2295.945202839478,3855.9098152325255,0.3962805081044166,1089.036166584004,0.22753686515724297,1260.9021190024532,synthetic_gp_augmentation
7105.670764613495,165.1228278522261,0.017789027777004418,5216.455671214371,0.060502750111093816,4857.631328008672,synthetic_gp_augmentation
11049.806626844747,4646.969281787592,-0.4535632233314506,11933.213551990286,0.23071097789379588,12530.537108033406,synthetic_gp_augmentation
13358.430773700242,2527.4388133033694,-0.038366758403169776,3469.4407661185137,0.07929621853933572,3220.8960236270254,synthetic_gp_augmentation
7991.871031578081,1459.8846146695746,0.012900778571245275,5146.251177267137,0.09320913534310105,5211.314661126737,synthetic_gp_augmentation
3377.8420318057433,1351.621251049643,-0.17197876692171743,9461.290610138003,0.2071657729685454,8331.307541090646,synthetic_gp_augmentation
9414.208163811563,1434.0435226653403,-0.09915895976734113,6175.345012082056,0.1192208101894179,5374.267728205343,synthetic_gp_augmentation
7326.821392727493,2646.728004634494,0.48689839952039327,447.40556783932783,0.22894688793724885,525.4396752076568,synthetic_gp_augmentation
12373.614289371326,2244.9617255413923,0.5447730354324882,71.79595760662296,0.2811575791361266,95.83346925331155,synthetic_gp_augmentation
8933.659420826874,6691.398659625516,0.8424585523887005,126.36112740433451,0.2725642484855869,109.50962491280877,synthetic_gp_augmentation
4542.8232350298495,3962.517659120194,-0.33467642834144223,14349.124935049154,0.09993552412407561,15340.107419035015,synthetic_gp_augmentation
12094.847423566891,3421.1799397203854,-0.0635849938837097,4340.335984464251,0.14520177261605588,4234.323440112655,synthetic_gp_augmentation
8332.177506095159,1166.6684569157467,-0.39213766362683056,7579.709785758501,0.21662438466084827,8248.042308701382,synthetic_gp_augmentation
2922.990181225407,7007.1263449693115,0.3586252274624051,2125.9840592321048,0.05914172512931696,2154.5011761694122,synthetic_gp_augmentation
9052.849937957713,438.57764635031236,-0.47705638937467193,6439.351119662723,0.08621429482411003,6665.884104944624,synthetic_gp_augmentation
15178.288951549379,1916.2508709958424,-0.21250112211919592,3378.4203970461695,0.1563079368011737,4187.2076844097555,synthetic_gp_augmentation
11317.708548910005,4971.7782058825405,0.3217720625953324,1045.3523769417768,0.08384184681047382,1108.1979155568788,synthetic_gp_augmentation
4850.973447181865,5618.499424082949,0.002234106297269056,7051.533998667432,0.19923938493203622,5322.908662132229,synthetic_gp_augmentation
11402.883487156443,6409.2525985531765,0.2621267627270253,1648.8775447892156,0.1613908126310548,1735.2485274194269,synthetic_gp_augmentation
4593.440344934645,3282.330411760858,0.3963325118499299,1676.8923904484377,0.2766079073635111,1322.7200793663337,synthetic_gp_augmentation
8728.752516906063,2773.920693131342,0.6745160950016813,113.74546545608234,0.278799609949191,151.99217512455803,synthetic_gp_augmentation
8472.872644222089,2308.412943703419,0.05002530984382236,3364.0460138748163,0.26308530194731256,3876.780583964345,synthetic_gp_augmentation
4033.5149746976786,4544.757368621811,-0.10954431950593202,8690.887810577391,0.09875196245820113,8401.12808823905,synthetic_gp_augmentation
5631.311078089107,2789.084921162898,0.25432718691651657,3304.2166825830523,0.27324983668292757,2832.301304558452,synthetic_gp_augmentation
15080.685131098126,2624.7539254074645,-0.4024461692557995,5963.74751646463,0.22609740984343235,6354.316640114066,synthetic_gp_augmentation
4084.5167290053946,135.1268274831723,-0.44132008813361534,8467.535310740119,0.07447942380609715,7676.7264185436625,synthetic_gp_augmentation
12836.329993732676,7586.5279003328615,0.13313212901385796,2025.8222468259216,0.16705986733780637,2427.651701718507,synthetic_gp_augmentation
10711.192222193025,484.75395456432045,-0.19468974995348198,4719.219626705382,0.06512047911407172,4862.205168800502,synthetic_gp_augmentation
8568.803207159655,2166.9721464875156,-0.4898967947012847,17010.59882600662,0.3662422771276148,12004.53499184001,synthetic_gp_augmentation
2286.4864244960986,7371.357018725569,0.4511186447089368,2200.728854878119,0.21813659359094653,1744.3739326885652,synthetic_gp_augmentation
3352.6749680314074,5882.785562098763,0.6426177514436009,748.4419141660774,0.1965575571527678,649.1710522255188,synthetic_gp_augmentation
2945.744215087422,4625.1184334995205,-0.29297000136167395,18734.554748026214,0.2104789950347559,15776.982504905567,synthetic_gp_augmentation
9430.028717682662,5286.511305562983,0.2894631838819569,1269.9156480985062,0.2751651374622524,1483.257387496315,synthetic_gp_augmentation
14048.104278122417,6469.178749241777,-0.12374204324176352,5024.209976914769,0.10810250373213133,5239.480000303642,synthetic_gp_augmentation
501.5049385802783,2000.8540942608245,0.5231406249680564,526.3318403019929,0.07018176163356178,523.550334119825,synthetic_gp_augmentation
4452.253328951309,7649.711823030964,-0.2730563913411656,21401.65786010524,0.2591733831003126,17125.748358948054,synthetic_gp_augmentation
2600.393597098652,1850.99683035215,0.8049301742165211,160.45269993804686,0.23422432081824926,138.2775864123545,synthetic_gp_augmentation
15613.277686176638,5002.915329854603,-0.499392980739985,7808.470068265807,0.06371346832209868,8391.768589711945,synthetic_gp_augmentation
3846.2027301052594,4362.595936097356,-0.0873777476788265,6467.857561736719,0.21891825610895793,7808.384221491143,synthetic_gp_augmentation
3300.879642116823,1144.8247517493496,0.8670055257926728,257.82054019441915,0.18547651279045102,338.41787014136486,synthetic_gp_augmentation
8943.366678839104,6250.342037911461,-0.2034161608423235,9207.861852954033,0.282137459398083,10755.30857848551,synthetic_gp_augmentation
3691.0385921216343,1700.7045919928646,0.6079118145430171,769.4951539917876,0.2614674452798378,753.873273953373,synthetic_gp_augmentation
10758.80134614215,7702.858518735624,0.7573198113844657,220.69690872575904,0.3044822268710605,252.76056894499385,synthetic_gp_augmentation
1642.4146595855575,2363.8691091808546,0.1821796390322279,4219.633723432773,0.21619493105932114,4451.100488123384,synthetic_gp_augmentation
407.9681498911855,5013.7732758406855,-0.2815668855092962,16585.04361797854,0.08389260737300319,20420.424130301726,synthetic_gp_augmentation
1410.3951722309146,4950.93631671892,-0.13796976887406603,9454.825553198847,0.10628824986487717,10010.846739750586,synthetic_gp_augmentation
5901.404793014784,3766.2259373213224,0.8203597642140363,77.32971751746541,0.2811012029728795,91.92317355065849,synthetic_gp_augmentation
15602.759613209597,5242.883713326074,-0.2744560841360659,7924.57142637377,0.2915480196665797,6128.880640881901,synthetic_gp_augmentation
8801.227281068886,5948.615550614171,-0.06333042826729568,6477.507022675773,0.1051675816607753,6525.978611172155,synthetic_gp_augmentation
12100.145037945927,4952.023770727107,-0.29624725553041864,12262.340580524688,0.10728302109378109,8889.587772914652,synthetic_gp_augmentation
5211.782460481793,4479.956954671833,-0.35215172436125386,15518.573439608606,0.07423626615755256,15883.60105386875,synthetic_gp_augmentation
11537.491141184933,4853.019264582109,0.23083508202608205,1439.146117264296,0.2290681997547967,1342.1017805224315,synthetic_gp_augmentation
15462.281050145484,3215.6473632156794,0.05539300781223666,2017.7797498542473,0.2769651556048444,2216.7292563377837,synthetic_gp_augmentation
5788.398155484647,566.985337052401,-0.43536418844598274,7687.251458015243,0.10897789540957342,8193.220489366093,synthetic_gp_augmentation
10250.718221403491,4853.632344317557,-0.44727826857755554,16439.43432603491,0.23197239498751984,13457.44990609637,synthetic_gp_augmentation
12002.603458189109,7417.391139339537,-0.46557407050676336,10629.838140734437,0.15751098597633928,14197.439518156152,synthetic_gp_augmentation
4109.459097685584,205.92438856945793,-0.2501418686700212,6478.057257551831,0.07036399535487495,6771.529048496387,synthetic_gp_augmentation
10325.143229918142,4352.281576497566,0.5411090092909914,376.5733954665905,0.2316068203107064,408.83717154965785,synthetic_gp_augmentation
8224.999398251959,2016.4914640735176,-0.47932204450724847,9854.903311727154,0.29608619677588827,11719.295050719778,synthetic_gp_augmentation
15306.802063091232,4493.919243876105,-0.07373160519577782,3462.5859437437075,0.07463401747005705,4075.735528776691,synthetic_gp_augmentation
14484.333259853296,5997.258861869614,0.2907032994529649,1516.4639937615875,0.05453026699856687,1500.0866489987661,synthetic_gp_augmentation
15155.22904945791,5799.0863825450715,0.44904865854267595,903.6997534502483,0.2760003525939533,877.9505090549178,synthetic_gp_augmentation
14168.519588725154,6231.3877275154955,0.8837942185208667,72.53134497064151,0.30141145031424027,60.02512183149934,synthetic_gp_augmentation
9487.103220869314,580.8854945676609,-0.1141218326097907,5518.692585298888,0.0762301451691375,5048.939055045325,synthetic_gp_augmentation
1405.6747497536905,4076.6226713436176,-0.4998057807963675,30078.73113674982,0.14878166605511542,29169.52451954609,synthetic_gp_augmentation
2656.56482648665,2094.227882977186,-0.44649301376976575,23122.325846554995,0.1766596607191929,18183.254598734355,synthetic_gp_augmentation
1322.3004903134236,7370.164488019304,-0.36347380541196495,29280.66562856534,0.22014232368951606,27740.069354227446,synthetic_gp_augmentation
1817.0905229200703,6263.03377615577,0.8653327640176054,170.1893421054681,0.2961202470227169,127.65280131278135,synthetic_gp_augmentation
15633.542752849935,860.3587788671181,0.2980676120224469,837.9650033791917,0.09348841191805358,945.5887718216928,synthetic_gp_augmentation
3473.4600575368213,1945.9690322414397,0.6191159474920993,619.6875517408744,0.11595862772658996,535.340375865693,synthetic_gp_augmentation
11084.58785921654,3641.7620439851567,0.8791106224011485,43.78327025661533,0.24444493073466406,43.18055375223552,synthetic_gp_augmentation
10135.20335116276,877.385472968415,0.07066222691158142,4328.815717827174,0.09419966667157513,3993.89176716356,synthetic_gp_augmentation
3386.593593576874,4543.778948337037,0.7262340097297086,256.8050318530368,0.11740389350810468,294.7560102001847,synthetic_gp_augmentation
9311.610850715291,2730.300105396467,0.10725128310898213,3062.006065947241,0.27945588306557323,2661.1257631519097,synthetic_gp_augmentation
10046.05975840073,5170.722733860458,-0.3404447377372474,11284.707237208699,0.2514101866851763,11613.919756817357,synthetic_gp_augmentation
9169.444534657267,5189.653816181636,0.26738389136594143,1182.7231940702152,0.26407850211111156,1565.8309376726618,synthetic_gp_augmentation
3059.9832296832906,1924.7318934721482,0.7820462771030157,234.80618893011237,0.16279630963300162,175.1212305103222,synthetic_gp_augmentation
11596.663493487871,6286.47520244853,0.5983536194811696,602.516091246772,0.28062538552725236,537.2518224168074,synthetic_gp_augmentation
1264.5662744725255,730.0997706784633,0.0626980356868384,4172.954425212758,0.06019721320448991,4574.084712720265,synthetic_gp_augmentation
9500.080187931988,6545.110968698664,0.69681279783891,297.62989716792725,0.18846937033319722,323.9799892633578,synthetic_gp_augmentation
7036.523385180882,1695.7348686359524,0.14985549271157939,4763.719675748399,0.25700881930524266,3838.4033484085007,synthetic_gp_augmentation
12937.484925515606,2778.4778152221606,-0.03361076373351479,4155.812430450722,0.2770638546302649,3263.2998963285304,synthetic_gp_augmentation
2896.6918100877238,4878.238612975158,-0.22740039053425615,9413.074839950268,0.20251596238882383,12765.87140311624,synthetic_gp_augmentation
14934.40998237742,2139.3427861950195,-0.06114143469865252,2402.985568190223,0.21973740290046412,2992.746750798084,synthetic_gp_augmentation
14164.583950306873,4551.709375604086,0.725229084057045,131.28172325873643,0.14971930037092748,130.6259920865861,synthetic_gp_augmentation
5833.341999877119,65.58608170851343,0.8856793787008219,553.8129166619364,0.060085385644842754,540.5939729795643,synthetic_gp_augmentation
4951.931600651634,2995.6356609376157,-0.13051643737505148,7932.003903669614,0.06088790030918868,7930.189954171856,synthetic_gp_augmentation
2286.0382663605437,6611.115032497513,-0.26849122199191344,22552.793838887785,0.1908420163177111,18478.700301420587,synthetic_gp_augmentation
14669.612273349898,3704.052692044062,-0.40048417936555286,6526.675998366695,0.3099560678047938,7157.97983664061,synthetic_gp_augmentation
10077.756555290025,3994.0887919197257,0.5553473787344043,354.22036069629394,0.06309184737620203,360.21477013865933,synthetic_gp_augmentation
605.3589560801101,4972.614703311944,0.23920035764677183,2428.7059422464367,0.07524302562978252,2764.7621797926645,synthetic_gp_augmentation
8224.890691529607,3473.6767906718587,0.27854028131220265,1571.4267661462118,0.07091006621265158,1602.7767473762815,synthetic_gp_augmentation
1464.2032704872518,6936.613821790509,-0.4367110589798368,27351.80066588573,0.13257135225203615,31713.40429388812,synthetic_gp_augmentation
8192.491321300919,7540.419473946005,0.780472185500988,189.63287560552334,0.09691705774831257,216.9277977870416,synthetic_gp_augmentation
1417.25212349328,7015.504186594067,0.3074231542494207,2213.5416930069855,0.0655807830241269,2427.151939059482,synthetic_gp_augmentation
13072.183430556688,3368.7022612718815,-0.19311064627253355,4145.23051202197,0.21291951299852618,5765.4859429631615,synthetic_gp_augmentation
4270.843116943815,2926.4069967890973,-0.2095541848606517,10343.967498917587,0.14010383980447072,10002.655987612254,synthetic_gp_augmentation
8709.601390250515,5413.024151201346,-0.16273553939520613,8649.078840617092,0.1592186826417351,8903.61492071087,synthetic_gp_augmentation
10260.718138425496,6042.453989392499,-0.4107389526666583,14564.877193686994,0.10080443656942964,13820.880661319798,synthetic_gp_augmentation
15400.642083845149,1486.8926185967046,-0.43033144772280135,5322.755426800951,0.0651705724168,5463.3559262515655,synthetic_gp_augmentation
7951.60591678955,1928.361625491859,0.507979489476575,664.5637644457918,0.13974310160424416,641.5512445151442,synthetic_gp_augmentation
14685.320779377984,1170.0201331879434,-0.13074045977251508,3106.7135245587456,0.19690144558031633,3369.7540657126033,synthetic_gp_augmentation
5742.231727428412,6085.535025506548,0.038250993376116926,5025.79837249417,0.15388815912441892,4181.853145248146,synthetic_gp_augmentation
13733.25150623492,5715.214919832679,0.2523080952617991,1189.1007228972996,0.2759182783972811,1546.8453865737988,synthetic_gp_augmentation
3849.637008527526,1512.4305145470096,-0.05191026779816782,6943.522335585458,0.06045987549685236,7513.083617430853,synthetic_gp_augmentation
11348.928222723143,4294.998289234744,0.17030097854744097,1267.178301802429,0.27164464578328384,1468.8310300789065,synthetic_gp_augmentation
1508.9307007044445,6113.914873627198,0.7110149158732748,343.54915864951346,0.19683694976504393,444.9717179948264,synthetic_gp_augmentation
15778.200671270182,7576.229301946983,-0.1582607259632014,4417.836663596462,0.16924337953679455,5539.881079738298,synthetic_gp_augmentation
15267.58875781165,1428.1812330482512,0.6077635423713297,109.20851733872591,0.16604637272929273,134.33640467207013,synthetic_gp_augmentation
7131.196852426306,2434.638239117514,-0.1304718833742719,6689.935672829965,0.12754533350185404,7063.645187617411,synthetic_gp_augmentation
8430.569966045032,2786.7182691125904,-0.23827334902734043,8615.758686724108,0.2753438075889979,8151.2174185267795,synthetic_gp_augmentation
9604.620310856551,4999.818873065674,-0.3982777508389254,13617.228874374949,0.06599420162356917,13219.081663909546,synthetic_gp_augmentation
4473.097199065754,1091.3508016718972,0.45788212973749365,2989.379687232419,0.12109243675976718,3347.462787464633,synthetic_gp_augmentation
10824.095819762086,1547.4325540111424,0.07628733092581763,3400.590281726798,0.09631431373317231,3264.931048044722,synthetic_gp_augmentation
8448.716227971883,4336.429326848564,-0.3142604165537086,10239.451179097949,0.2455856210867593,11507.299092022302,synthetic_gp_augmentation
14715.056507876441,3107.461984065803,-0.481818137384926,8648.459201206999,0.2640131676134969,7477.936222203984,synthetic_gp_augmentation
1929.216809295283,1075.9535626538623,-0.17263802144927576,6707.487813684126,0.10759310914037429,7669.497984031328,synthetic_gp_augmentation
10103.83748249713,2901.5200098947353,0.3535060841950216,503.35995563223923,0.1735059806559147,638.5543550132077,synthetic_gp_augmentation
1739.1086860951063,3201.5943616930854,-0.4215458524512715,16994.066305413842,0.2717915141698411,22436.976010602128,synthetic_gp_augmentation
2423.0012752134694,896.88329300317,0.02812024784708833,6034.146038755142,0.08395415136893121,6227.813957744987,synthetic_gp_augmentation
426.559193058381,478.6674094883363,0.28632794803733863,1621.0344620482083,0.05699050132608318,1725.9159551785692,synthetic_gp_augmentation
5877.488933322477,7052.815122060245,0.5186211895476522,1367.5973899566497,0.11154302696241686,1230.2716197983825,synthetic_gp_augmentation
10269.362774310403,7101.184717121751,0.4879184769557753,1038.1211616520973,0.17806402136526112,1053.8427827196372,synthetic_gp_augmentation
8392.553093752666,20.631001701199025,-0.2925471601252689,4882.423762820361,0.05698122475154587,4605.519550521663,synthetic_gp_augmentation
10825.172504850923,5129.632771393091,-0.3947615055197899,12590.572971062864,0.21258197722402813,11966.807933184797,synthetic_gp_augmentation
10832.79988784815,749.4320603118388,0.026901759719720753,3774.8146117855536,0.06661514010253959,4067.4165332713987,synthetic_gp_augmentation
2328.7625295083944,6481.133164250543,-0.16287154328574466,11722.55409642595,0.0640191523977969,12175.788711349553,synthetic_gp_augmentation
1011.6647144052774,7036.499137230012,-0.07203204725636009,10011.380201810029,0.08506961588376924,8976.971245570894,synthetic_gp_augmentation
10043.19443291125,4932.921242961807,-0.020521491591052266,4847.354268568666,0.12840659877532073,4329.729605091522,synthetic_gp_augmentation
10486.266449106359,4905.243657623537,0.05604893022106605,3053.5687073487666,0.16857980233053785,2763.0871984223413,synthetic_gp_augmentation
8951.5893887531,2971.8520724297937,0.22604058295776752,1958.534352332416,0.07966379565045574,1788.5496379957863,synthetic_gp_augmentation
4007.6232145527247,1995.7517549028933,-0.4869747727813967,16971.843128640154,0.16368644774676533,16826.78976452883,synthetic_gp_augmentation
12991.166950017838,3994.166633225971,-0.08279668977142246,4689.437401539658,0.10098971044889263,4417.598245321777,synthetic_gp_augmentation
1303.4076463904876,1069.737787812432,-0.1298860041825971,6818.023825275611,0.0982594442683398,6315.91946956187,synthetic_gp_augmentation
2014.5434204820172,3760.695163037748,0.6040668770310618,457.99580637096824,0.2817158023148942,517.9958061314504,synthetic_gp_augmentation
10505.718691288352,1420.8120482474458,-0.1481828046867688,5538.397789587486,0.13707532051358545,5345.443992839101,synthetic_gp_augmentation
8925.819516837852,4237.291293252354,-0.2423524039641199,11704.68287416387,0.2826916242870361,9569.219612927507,synthetic_gp_augmentation
2403.558592193266,6781.73982504648,0.5516909979231013,1121.4652492371495,0.2782772926203667,1185.8801651839935,synthetic_gp_augmentation
10949.867942606532,86.04308000663963,0.42004405986078,1650.5365586832877,0.05260009817163269,1629.8332652255003,synthetic_gp_augmentation
2007.2945378557504,4933.981022677036,0.8234196738261021,92.92788719793798,0.13212087756927668,113.9201108888007,synthetic_gp_augmentation
1269.9748349356205,3277.5374655565397,0.7289138113967184,131.80939145677306,0.27867375228781155,172.24348072143255,synthetic_gp_augmentation
11438.65249111944,1548.5291892613543,0.47204150672411516,220.1227240994826,0.11380544181491424,267.3770492971646,synthetic_gp_augmentation
1110.1577596356888,7836.622800688797,-0.27461242426671356,21961.29026237704,0.29510133853206844,22532.00924302387,synthetic_gp_augmentation
3670.0400051111055,3230.5106331775146,0.17645373381335827,5145.154737572914,0.2795553200802684,4245.712058189089,synthetic_gp_augmentation
13213.289634298186,2682.1024995377807,-0.333695833705561,7772.145662964644,0.25907875483590503,6904.194058420593,synthetic_gp_augmentation
13680.59954871434,7982.127609963873,0.7834969797249922,196.82432624568537,0.11419890788882422,194.73700188027965,synthetic_gp_augmentation
8495.963657128328,559.7793493996095,0.7264207147705175,1820.6876783309688,0.0735608153768155,1352.3109454983405,synthetic_gp_augmentation
12396.222906437815,4526.031009017466,0.25504530396241565,1094.394626657112,0.08189137365571117,1155.8252716183297,synthetic_gp_augmentation
2278.0696886761793,1179.209687003727,-0.2882506721518815,11504.797241995055,0.20300455809525417,10660.313245826517,synthetic_gp_augmentation
11617.81497952992,5726.251320103576,0.698212038349949,237.02919026441214,0.28208372268160886,237.26594261151712,synthetic_gp_augmentation
1650.0329553750084,3872.667434083496,0.25165488667515545,3101.6629235056175,0.2067496341620173,3210.9905207706183,synthetic_gp_augmentation
14620.684677167195,883.1117135942072,0.12743198296240155,1824.2102545460102,0.08824087349033392,1918.5821854901747,synthetic_gp_augmentation
10233.23190193485,4456.311130114319,0.19960543686703358,1549.5251305951356,0.09596618113101626,1528.6836651797207,synthetic_gp_augmentation
2983.6565607340754,406.44491809583184,0.42617904779929894,3706.443709223908,0.0701137686457651,3858.8937630712035,synthetic_gp_augmentation
5600.086222028994,7561.656890117154,0.7325766166633341,371.96069429685605,0.12733412111966974,397.34374951712346,synthetic_gp_augmentation
11661.266278542671,1134.3935040756046,0.472242195554313,751.135627678539,0.16271919696225554,604.5216518801566,synthetic_gp_augmentation
8701.003571584777,3800.416007049869,0.6770992659162831,157.89972138555376,0.27019630251968785,207.81079902458958,synthetic_gp_augmentation
8515.96864519418,4357.417022786274,0.6826802962750658,281.2665529057439,0.22613859804717065,233.76848248811558,synthetic_gp_augmentation
3204.409723274712,1896.699705450054,-0.45514319668881853,14470.411967686683,0.19282656046344757,16786.06981609425,synthetic_gp_augmentation
11076.760760063577,1419.344256305112,0.5793368586073155,120.00215185079,0.14905130270264053,169.40502073351965,synthetic_gp_augmentation
6333.339026875469,905.1110449188773,0.5809295987356975,2125.7878103793737,0.09420836115340295,2366.842685054219,synthetic_gp_augmentation
3005.778081172693,559.6422588317873,-0.010032247592760613,5835.251237338205,0.06732815023436027,6732.648199507251,synthetic_gp_augmentation
15106.177550381635,4065.0123814427584,0.0737886140092896,1899.7988451682781,0.15232917773373555,2279.234468807186,synthetic_gp_augmentation
8495.78269544661,1014.0701709328104,0.8811766372186383,191.1981236175786,0.08206989671679832,219.01143737145185,synthetic_gp_augmentation
15094.028884542948,281.793911764689,0.6053710366355878,726.1321774735726,0.06897562996686442,669.3494548540599,synthetic_gp_augmentation
11149.313242054131,4287.778480037771,0.15248608968294108,1570.9084891873258,0.27473183718986566,1537.424027122902,synthetic_gp_augmentation
922.9151909658627,2794.5840867109696,0.8112965472942673,44.17777626282061,0.2764055346789086,51.323222458410626,synthetic_gp_augmentation
7060.763028733707,5331.618546103672,0.896136225890245,71.75153503279493,0.2897291901883789,52.5231697675355,synthetic_gp_augmentation
261.718295732029,7348.026903448232,-0.03773727551997402,8613.382697107058,0.2423200072376811,7238.076971820883,synthetic_gp_augmentation
1228.9399212490966,1956.356496651673,0.8710533386369725,77.5334621404601,0.09988189914977327,64.7069000035532,synthetic_gp_augmentation
9565.695415540531,7518.723751901581,0.46951815356298876,1235.165834037227,0.06715869146171655,1221.3580317675985,synthetic_gp_augmentation
11619.102145861136,1634.4708820026551,-0.1666793196793544,4433.642102013314,0.207305504653633,5111.690635845951,synthetic_gp_augmentation
2770.3784775960034,565.5590577869045,-0.4956432701122416,9573.5689345232,0.1284682203475067,11374.251663746714,synthetic_gp_augmentation
11746.756561513004,1541.607899104638,0.4573738892951378,251.85586265892405,0.10925942116788469,291.12535824797595,synthetic_gp_augmentation
15200.640642856553,6519.3335961243865,-0.18866844721553555,6528.098779241497,0.08869803557655392,5761.008527689723,synthetic_gp_augmentation
11916.499683546526,5420.449962116335,-0.17606993053476577,7475.701109521942,0.14825170361275306,7460.978558659675,synthetic_gp_augmentation
11241.330026267111,5678.618483399446,-0.45670370962905005,16877.29695888461,0.26076831297005054,13251.255071500902,synthetic_gp_augmentation
3673.325303230544,3301.0501202930714,0.08291695726628645,4672.617444610274,0.2681785429529864,4984.458403792119,synthetic_gp_augmentation
5838.150080277793,7139.447793063009,0.6191228610110302,672.7294490486754,0.2255116380414091,797.2697505451629,synthetic_gp_augmentation
10613.248205624888,6333.239367680847,0.37351821066511126,934.6215706379635,0.24724439478061114,1325.2341385079255,synthetic_gp_augmentation
12645.49326955175,4453.116686680808,-0.2782684784055136,7945.993803345145,0.10167040837247573,7687.350146116858,synthetic_gp_augmentation
15502.244439630369,6606.126250444502,0.7079751241376744,237.26721710109737,0.19737278670560068,272.4648940377953,synthetic_gp_augmentation
3779.847036151385,1432.3576586742527,0.046961700461500056,6227.599535649343,0.12146428603746999,6440.31298983249,synthetic_gp_augmentation
10352.346280068545,7996.471859892287,0.5133483696264018,1116.5129610737456,0.06642799336689047,1115.4302204818625,synthetic_gp_augmentation
487.28383316571643,5321.121331642763,0.7289691763411905,251.84650981950426,0.284170588813664,336.9555302837144,synthetic_gp_augmentation
9182.38332960592,1567.1123166400678,0.22360385283728723,2699.1792965909603,0.1220266837554916,2565.956607427061,synthetic_gp_augmentation
12958.145234280531,1155.4932975625745,0.18055820724943794,1771.363902108603,0.18398423834838754,1710.656381232423,synthetic_gp_augmentation
9806.04964380359,7675.315244802777,-0.44759725468811973,15709.198567136707,0.28283720554380526,16706.017300866362,synthetic_gp_augmentation
4796.753213948163,6970.822570946604,0.2473397227937908,2610.937214492686,0.08308214863009401,2885.047740345727,synthetic_gp_augmentation
11613.25492504338,5989.430812518136,0.2307669144683574,1845.0115380880868,0.061897152107074124,1695.0484071593837,synthetic_gp_augmentation
2421.9028324111346,7592.95402892329,0.3489526955737521,2714.580696027038,0.17653433278964756,2324.942245155328,synthetic_gp_augmentation
14326.898161528416,4027.23002294713,-0.3165697057761284,6230.068491036755,0.07995648536639832,6571.587050811128,synthetic_gp_augmentation
1704.5489935432408,7101.971224018916,0.2559550735729176,2228.915243029025,0.1780014296467034,2862.591176965462,synthetic_gp_augmentation
8015.169901006097,1462.4777448588998,0.33436638774519756,2822.2122171290434,0.08321006699911561,2435.6208742779695,synthetic_gp_augmentation
6915.487355456049,4098.744365283119,0.4247701163021379,1069.6963161989975,0.17160830147775455,898.4167545074735,synthetic_gp_augmentation
8060.521993149358,2660.077286756194,0.005992772364328047,5738.924004415142,0.2403042146316549,4508.335932112572,synthetic_gp_augmentation
3283.280219177447,3460.1541441172612,0.20567429018342587,4101.619316290818,0.09235651580220515,4066.4906579286812,synthetic_gp_augmentation
7377.200714985136,6385.575890404266,0.053136947020794856,4057.329391263693,0.19295565768992723,3239.0712727770842,synthetic_gp_augmentation
13610.545072788671,427.2597675380725,0.5716859068346729,883.146114029395,0.08285202355084076,774.3862027136925,synthetic_gp_augmentation
12835.188351278905,5766.750674241837,0.61499317782215,385.46703234031645,0.2868051130686925,404.2981964156774,synthetic_gp_augmentation
2692.4716984121355,705.8341476269243,-0.0898820440740109,6851.913450583396,0.06849792084950457,6994.450659749672,synthetic_gp_augmentation
10807.393552252082,6780.008402243362,-0.13663568646239327,6059.464741929492,0.2792461807806565,8358.680050623256,synthetic_gp_augmentation
13723.712512950264,1615.1984522854007,0.44965234859664205,227.92156566288276,0.20652402897670818,173.7999243542922,synthetic_gp_augmentation
13134.304659039068,5879.511362783965,0.5836226874442476,552.2105031573896,0.2036967615089466,487.43024691965513,synthetic_gp_augmentation
6867.555848425184,4735.035191901512,-0.48478831179054277,17237.03686830895,0.29805467411690867,18719.03711247177,synthetic_gp_augmentation
864.6761615032417,3084.976856582781,0.09841037406111641,4246.7799443558415,0.15578178333757065,4651.1184210773345,synthetic_gp_augmentation
14905.59382528261,2140.290003351322,-0.06917677022119872,2967.740618028168,0.22072250352206152,3076.2066637064795,synthetic_gp_augmentation
6394.573341984185,459.6745301312728,0.5731286354958418,2706.4088992496754,0.08376179688845617,2751.6405237552763,synthetic_gp_augmentation
4297.1582263231585,1087.3000316158584,0.4259692637320406,3557.8013432855378,0.11796959154893856,3635.0994735079416,synthetic_gp_augmentation
13372.491978359942,5907.984980713073,0.6801014032148489,265.4246676740634,0.16463470326719587,281.0178672842645,synthetic_gp_augmentation
1309.2198170271186,1700.1199281056038,0.886340686369731,85.31695221951281,0.26811877404541234,76.73008202985983,synthetic_gp_augmentation
11877.308091387753,1785.2643817293474,0.1671771680703127,1316.9044871637184,0.2695367308566488,1848.0854065578485,synthetic_gp_augmentation
15456.052898020353,2723.851614032349,0.4791760926154064,300.7362691019288,0.28087061066658175,236.620327400572,synthetic_gp_augmentation
15932.723870299358,3701.225276974154,0.49394531384483065,553.6212171565037,0.30788291644961124,402.3015509564726,synthetic_gp_augmentation
14788.489325020244,4109.701954317601,0.6824025490967052,176.50486632733848,0.1928516325752342,156.4307080215716,synthetic_gp_augmentation
13945.12224596032,5316.370150723305,0.22537525460505514,1984.7757295357776,0.2600790759965281,1525.4593502008136,synthetic_gp_augmentation
4534.19556887791,4708.176382703418,-0.34929316320474535,13153.14872491811,0.27442134259705536,16905.57091648308,synthetic_gp_augmentation
15469.708965813248,3853.471037813134,0.871108137125284,30.402913226774547,0.2385270166110136,39.69036951816766,synthetic_gp_augmentation
14853.55584164821,3151.5217170997626,-0.4204277175965793,8022.023863661537,0.26520025390716156,6949.396305603713,synthetic_gp_augmentation
8596.522861700467,2126.2896954338757,0.8473243096189853,110.33523714491166,0.21764098136328663,104.33917431916417,synthetic_gp_augmentation
6493.034704859506,5679.5409094643155,-0.1424984840405883,7558.354437052397,0.25731538071958326,9455.971227469909,synthetic_gp_augmentation
1837.3493315751928,2540.0105631499814,0.18947748941793285,5100.407495313797,0.08979492385276863,4497.404525784451,synthetic_gp_augmentation
9491.081837419484,6796.651148207163,0.8309261052413008,120.03488545460498,0.27512673134324955,119.07457809722388,synthetic_gp_augmentation
11238.680581502942,4689.299647103893,0.44732475618404366,701.3950722056061,0.2629351486467029,586.1952041735619,synthetic_gp_augmentation
6523.5456725863105,5071.554228225445,0.3197858832872378,1493.099260801754,0.1363563481583742,1577.2409941514638,synthetic_gp_augmentation
6555.870014025457,4070.3218470218667,-0.04374999756313941,6854.605575683988,0.1334786743665078,5598.634820948996,synthetic_gp_augmentation
9215.651112357431,7428.448517216383,-0.09063153752586489,7784.9040426381225,0.13868994268501372,8196.64368135795,synthetic_gp_augmentation
541.7671249238726,3372.764548941956,-0.4541112702703787,34736.744157337795,0.21439427356143226,25811.704959555933,synthetic_gp_augmentation
15330.06775254931,3415.747627350501,0.32086511773184834,600.8212988374456,0.15797575661652324,687.3345271270284,synthetic_gp_augmentation
4709.500742837679,7144.11596617464,0.10214177181381312,4161.036786572511,0.23051759745737663,3728.1886793658823,synthetic_gp_augmentation
2340.164702125194,4839.255367681372,-0.1859783242691505,13087.53830934389,0.242348073676224,11057.067987481703,synthetic_gp_augmentation
13724.575508032842,2097.208916133847,0.8173190913694777,41.536755547044784,0.19140300905257,37.980963961656684,synthetic_gp_augmentation
13824.997275214739,1960.3555604153416,0.6877601658207158,63.17628374630383,0.09210184630283555,61.06901878620013,synthetic_gp_augmentation
1615.3750118315909,6411.474510041888,0.10257021867302363,5182.664010534892,0.15932225618864657,4709.797303444394,synthetic_gp_augmentation
7221.64547699851,45.90152242692547,0.1469648821521976,2289.426375615619,0.056059803596217914,2555.030974562944,synthetic_gp_augmentation
3052.6963517544177,155.68511438658916,-0.011201370498862329,5618.823401897318,0.06920613080083064,5587.921183283868,synthetic_gp_augmentation
11799.556075704435,7827.220892772517,0.04308885336824664,4679.903451982817,0.3012353220456022,3479.6690037307253,synthetic_gp_augmentation
1022.8319567209853,4478.7034929835545,0.724463361115006,276.9632023461646,0.0768417219043671,278.80188933660037,synthetic_gp_augmentation
8840.37838493527,3912.197054875163,-0.12514334917262604,6054.291792672135,0.15921131849805226,6959.942690766562,synthetic_gp_augmentation
6186.385885311075,7343.008552866641,-0.1890561318596723,9314.042950310735,0.24571660544622273,12527.433375432143,synthetic_gp_augmentation
7492.6490907068,2813.499191922342,0.8447662538142491,84.25338771185145,0.2634957221415082,68.489237968089,synthetic_gp_augmentation
6853.638171360068,6359.980477241864,0.527976471199618,850.1392236032235,0.22624349617638864,984.7879856148405,synthetic_gp_augmentation
2535.231002300993,5774.478502241111,0.5692931406725883,855.9057189366281,0.27955114060438047,949.414133793792,synthetic_gp_augmentation
1130.4424126757829,6197.055179669528,0.45607030803012527,2131.7221410574634,0.2711939445368465,1512.0282283548922,synthetic_gp_augmentation
4548.610305668306,140.07531600817202,-0.15150933980971176,5785.520424473092,0.06044017754649139,6109.100255944267,synthetic_gp_augmentation
4981.706075499071,6571.635250114396,-0.3146326301079485,20223.461215901225,0.14396927514915653,17210.829462203827,synthetic_gp_augmentation
2120.9906538707246,3228.696582758509,0.876204188542133,40.047773517887734,0.2862586997586486,40.92146706171015,synthetic_gp_augmentation
12107.110851498348,4355.219948120065,-0.4609907032274908,9000.318215042831,0.22932611170455977,10902.93652019684,synthetic_gp_augmentation
14793.870681977784,1779.6985658602562,-0.4557094689970741,5477.2940905385885,0.34622830874996585,6384.738742069243,synthetic_gp_augmentation
12657.03353935975,6734.310094823017,-0.06612245458108329,6814.169581281554,0.2832601646074156,4874.75047820968,synthetic_gp_augmentation
13030.403358208161,7626.9330255583845,0.8691217698643439,84.9686404283903,0.24833215589149785,96.62414083777055,synthetic_gp_augmentation
6527.260703632449,3802.0149727974735,-0.33406118796454365,10774.666486168688,0.2696960414891041,13058.207928863483,synthetic_gp_augmentation
13766.00794578293,7812.520102086621,0.0536157673857286,2932.38787259313,0.31103700702912784,3229.0958708384633,synthetic_gp_augmentation
12796.449709247094,4086.8431437911886,0.5280225599276775,418.58911228306704,0.1556817588557432,336.25737396653585,synthetic_gp_augmentation
127.4218436754724,4971.376726902179,0.4037395469182078,1630.5634747677464,0.07595717039168862,1479.8603446586624,synthetic_gp_augmentation
7855.92674518852,5393.019518573524,-0.1732726495177892,10259.647444564305,0.1885983532031893,9411.300518372344,synthetic_gp_augmentation
4307.403559659696,3918.1716457613984,-0.03911168389231756,5974.184906347027,0.14926131065626327,6344.401275102128,synthetic_gp_augmentation
1471.103370246358,4502.2415277513965,0.33212451260386855,2126.0132515651276,0.058620874917938194,1989.8219278899912,synthetic_gp_augmentation
11709.59968268023,5615.945960737985,-0.11443311301512188,6152.056427003017,0.1946080750808367,6608.708450505041,synthetic_gp_augmentation
15812.25472385526,311.91168014347426,0.6596846580517857,547.1685337958534,0.07891635593236537,522.1024148157278,synthetic_gp_augmentation
7764.114290629148,5603.3049597382,0.4571363785491017,1065.0671195086472,0.18120929108407857,996.1832848231426,synthetic_gp_augmentation
6002.72442606881,2430.2051563399073,0.4035803292132566,1652.259040241355,0.13256803802748723,1763.142550788981,synthetic_gp_augmentation
9732.743976147944,2174.686690993777,0.5743055693217867,166.65179824565968,0.2527592295692108,171.91563830609948,synthetic_gp_augmentation
12894.695459597988,5547.907714820887,-0.3948116697365188,10017.989627462735,0.10318030701839848,9551.593917264843,synthetic_gp_augmentation
3920.0067010269336,1719.56130176605,-0.13604097536675286,6196.273231621555,0.26895212713572036,8212.108027483471,synthetic_gp_augmentation
4086.152723541226,7693.4674871145135,0.23043245469701812,3222.6036800979145,0.2959575286698765,3166.2393209136562,synthetic_gp_augmentation
9754.130423980863,7925.432269704573,0.5880188671140383,869.1667631057687,0.17811959297396432,825.193911744248,synthetic_gp_augmentation
15044.089151583456,3664.8032628116694,0.6886780537214987,101.47446268783378,0.30310742429719606,130.77598522831093,synthetic_gp_augmentation
4845.195614564339,3211.346686738344,0.03494511662959332,4212.633205915116,0.2735606322466949,4918.016704799877,synthetic_gp_augmentation
6090.399145341308,632.2996511898626,0.6111067115518114,2849.638563810756,0.09318480941046647,2578.0806632430485,synthetic_gp_augmentation
15893.999493218604,6225.7494703534485,-0.19161624580845826,4035.469044753607,0.288099429321308,5594.994661574181,synthetic_gp_augmentation
2901.932426783601,1301.7919723699042,-0.38459065955629235,16405.42413562729,0.2326797307465325,13006.124310747233,synthetic_gp_augmentation
1323.7938771673346,7464.382883808647,-0.1547832049059099,11901.432078236334,0.09005122985922948,13039.482622515092,synthetic_gp_augmentation
9477.108298201638,7924.741911641682,0.764407427393412,238.50768657890563,0.1810454675473203,254.244238059255,synthetic_gp_augmentation
485.84511590396465,979.2782406536924,0.261650988823974,2448.532749910136,0.0573190861683915,2446.3176425974534,synthetic_gp_augmentation
2968.888377269681,5464.04705674166,0.17388875413301086,3447.1062013208407,0.0874695859344619,3807.2197544660053,synthetic_gp_augmentation
9993.125972978441,3727.9359325418177,0.5406685659219632,489.54926888026466,0.27921143472814547,350.12103262315765,synthetic_gp_augmentation
10586.247170992194,4329.1668336841585,-0.48586989590692103,12996.341667163291,0.2608974113209356,13374.777974498755,synthetic_gp_augmentation
8215.761469397154,1436.5974372382552,-0.3343756338239612,7572.36495006868,0.14096332263758013,8175.3142401114455,synthetic_gp_augmentation
6201.5939350471945,5788.16719555931,-0.36055618393407957,13751.223504167841,0.27764990394904937,16691.654365397797,synthetic_gp_augmentation
9261.541592307389,1332.9017677209602,-0.3296660444951366,8223.296250148693,0.23022787894155605,7426.631274296262,synthetic_gp_augmentation
10329.833473228497,7082.399821949901,0.1348305105783375,2587.0579262467068,0.15123928022571717,2254.215818466543,synthetic_gp_augmentation
12875.364536037245,3631.7969147452864,-0.10704391960934423,6315.975796418052,0.21322813185318196,4816.982468976015,synthetic_gp_augmentation
12704.738168536574,5078.9447949403575,0.6000150109101023,305.9988616095911,0.15386538211286035,343.1795040654182,synthetic_gp_augmentation
10670.33217168767,7374.328856386632,0.674654764860354,408.23502502621534,0.21372902263579835,442.7330316822855,synthetic_gp_augmentation
14318.298073332604,5903.5160384202945,0.7949150860986682,105.95841516106476,0.17403403261512285,104.87883516695096,synthetic_gp_augmentation
13424.601532167158,4326.783067599755,-0.22551264111916097,6757.283501667856,0.25471069474919883,6323.39512032709,synthetic_gp_augmentation
2218.611530665249,3221.4211827468794,0.203992358147695,3121.806689506817,0.27786058448907386,4324.683143375265,synthetic_gp_augmentation
14278.702606854935,2733.384476884314,-0.16412862481211066,4734.164847863907,0.2802104834132739,4680.0828284484,synthetic_gp_augmentation
5202.742154176561,7569.470602019242,0.3611083187360866,2415.2826108670697,0.14116407366196343,2195.655895370709,synthetic_gp_augmentation
420.9322558519273,2022.8627531811912,0.09134924144499423,4008.4745091882573,0.0738739904048883,3731.8476111934533,synthetic_gp_augmentation
9703.21755345677,3274.7702607757788,0.46697894599570455,403.9884168964124,0.2788835009964157,367.01226950785895,synthetic_gp_augmentation
12018.109935119497,2914.733381008513,-0.4166508475620031,9034.119473054661,0.15736474292047553,9218.894520804442,synthetic_gp_augmentation
1316.197920490054,1944.581121176391,-0.44063533986718445,23814.904286316654,0.12193700152738704,19597.147746459774,synthetic_gp_augmentation
3990.5299820509363,250.75873367523104,0.8743362115776754,1468.1396581678905,0.09797858633432004,1085.578622859981,synthetic_gp_augmentation
14132.12772241182,5030.00889801495,0.39268441512896723,753.3400126831251,0.07789400637893695,788.2864685820807,synthetic_gp_augmentation
699.2661618692965,4066.0276618810435,-0.43937997299780973,21553.10592583718,0.12819256066085602,26897.825697243683,synthetic_gp_augmentation
11813.047743432764,7464.464639126581,0.05108034544595397,3060.944324584145,0.08706172724762513,3227.0945639999636,synthetic_gp_augmentation
4741.901776427774,3385.058607167694,-0.13850815989563764,8372.550822753574,0.19286309862653006,8251.726398110954,synthetic_gp_augmentation
8542.986367394577,2637.964297970799,-0.18436276299176635,6838.287998844289,0.21921268717713246,7148.652238228726,synthetic_gp_augmentation
4076.293581184497,3145.694479683385,0.6566975188343298,323.45509499869814,0.22734434913194468,304.35251702511306,synthetic_gp_augmentation
10466.171043662838,4665.054510606438,-0.06272203938897625,3875.314211921254,0.24627007127602296,5182.435372145791,synthetic_gp_augmentation
1452.445726765324,4402.506561390441,-0.12142725008044963,8871.581881598551,0.17067582351760335,9358.103286538564,synthetic_gp_augmentation
6045.4405060375875,7264.36692452771,0.45894512451532243,1196.468366421043,0.28775972207920075,1527.178850811951,synthetic_gp_augmentation
11935.599089180036,3389.842798388588,0.6202712595267885,214.10157334646055,0.1960421570981861,186.07676212884175,synthetic_gp_augmentation
11574.037201473997,5212.55595150105,-0.19695681912415414,9717.60107282386,0.27461512768791035,7945.536656675495,synthetic_gp_augmentation
8759.193168093301,1831.1886970063683,-0.39394195701795565,7547.550493051977,0.2752896462348846,9467.160467594034,synthetic_gp_augmentation
12465.028999901426,6410.616360368179,0.2717464741971335,1826.9979281041426,0.1606726190185017,1706.3789098504028,synthetic_gp_augmentation
1811.5537993335079,2157.365042880472,0.44791068825663016,805.1978502854491,0.23832045425835727,1067.1181229520846,synthetic_gp_augmentation
1979.559158728028,4638.422348044454,0.6441866574870709,431.57127920071895,0.22793315769372768,528.4001380135803,synthetic_gp_augmentation
10554.079874711882,2401.9797578614803,-0.11813047529943987,6924.62749446334,0.17122557319365422,5552.063681812679,synthetic_gp_augmentation
11124.008499532549,539.2188004947762,0.721200249301039,694.8102670519902,0.07941329453899705,748.8316819347702,synthetic_gp_augmentation
13050.976999605018,2557.3019244882457,0.7820733084674785,42.388875066906365,0.11931090542759978,43.67873085266444,synthetic_gp_augmentation
2978.486356594787,1696.245285690794,0.5908617690569418,999.2327863993509,0.2600354635639532,775.4296417787795,synthetic_gp_augmentation
8316.669384954572,7141.390147221032,-0.4893644102899428,22743.949514547374,0.2351665146376775,19476.470512268035,synthetic_gp_augmentation
10607.217624455761,2129.296917105146,-0.37789704291119175,7981.235760130205,0.25221277396446523,8496.21656881287,synthetic_gp_augmentation
3656.8232238813393,7795.385454151376,0.8968322953417267,133.94375207431807,0.3339567019066437,115.54597231101465,synthetic_gp_augmentation
8319.153062944453,3938.766493798922,0.5275281720412559,400.264347216295,0.12038409816724893,484.37178830270705,synthetic_gp_augmentation
3509.7472324951173,3130.753065325565,0.7619068113542105,112.04673882447455,0.21641694048978422,124.80195154238889,synthetic_gp_augmentation
6071.458222977248,1467.4489399806987,-0.4445019486620824,12024.749150943313,0.099864312090148,11579.599867347832,synthetic_gp_augmentation
3539.7870811577573,6669.46603076363,0.5603290073768707,1007.9590079253769,0.2516657592725724,1108.9906576036847,synthetic_gp_augmentation
14456.792180414719,959.7541544518027,0.4165485978870206,487.3911706916187,0.07054975093342275,644.9456230431081,synthetic_gp_augmentation
3865.102222686869,6988.222011963307,0.6875091640228923,470.41562272231056,0.0717679435525254,566.2794387820675,synthetic_gp_augmentation
2021.270553174172,367.33638761670574,0.589065927085298,2548.717126930756,0.0758083939948077,3156.5652193866645,synthetic_gp_augmentation
658.9694532815846,2396.863452234664,0.17890319800258647,3463.6120758841253,0.17718785382878985,3748.424634384174,synthetic_gp_augmentation
814.7602113404677,1119.0937619422145,-0.4006441659465667,13391.516437682687,0.15169078632053484,14968.986647399357,synthetic_gp_augmentation
3146.221135972389,5482.124367365898,0.7731621566621669,181.65017131548316,0.11659993054672002,213.31934101306038,synthetic_gp_augmentation
9770.515329780541,4098.573847944328,0.5689031442713965,355.1297231173795,0.17279802785043372,362.97354666565263,synthetic_gp_augmentation
380.6330047268502,7514.716582782967,-0.0010455093570184149,6502.501028704976,0.06497958903005448,6666.5552955363,synthetic_gp_augmentation
4659.22840363864,2929.446088645193,0.8774995461283199,44.66520682846856,0.14909719118367398,48.71379653809264,synthetic_gp_augmentation
1024.8535720404593,325.99274800394795,-0.06444849171636269,5233.249378259132,0.058721602117403765,4387.239382483299,synthetic_gp_augmentation
6518.174447756765,6093.272505561067,0.01878485716554823,4160.702859562095,0.16396243163119584,4441.537136922467,synthetic_gp_augmentation
872.3701314947359,4636.005197405739,0.8645459784347276,85.29994654369686,0.22111159890937157,81.70212837826517,synthetic_gp_augmentation
9759.914248271165,6619.4824419553115,0.435355507883348,1580.786633711132,0.19933199326715956,1192.4164151187515,synthetic_gp_augmentation
11045.945821752342,3409.108576588865,0.7308728687306494,91.60435721277354,0.1624847883262398,94.79557489713868,synthetic_gp_augmentation
11728.26703933584,5905.449290851605,0.742855805429004,171.81487882857311,0.17353972349521302,185.02011080923114,synthetic_gp_augmentation
3667.0600384754557,1368.5256491957452,0.2510276702877795,4987.040410345923,0.18902503679752564,4782.54519144216,synthetic_gp_augmentation
13909.152575191718,7996.212438654728,-0.12624645258974176,5898.660074189058,0.059884746236823404,5632.487374392412,synthetic_gp_augmentation
11075.581860561731,1389.1757989528717,0.6864242048477023,76.38317803526274,0.1741885113141717,82.32218758630864,synthetic_gp_augmentation
1000.7384868671443,6638.405021270928,0.20264259391854444,3392.930210032159,0.22108461956526718,3185.7319154404277,synthetic_gp_augmentation
7108.19066835269,1699.5053517018093,0.2900914514265034,2672.1586597997525,0.2591283676161912,2835.67920840499,synthetic_gp_augmentation
5043.213434851653,6890.019336219784,-0.4865767154268189,24603.850966537797,0.19789638614201413,25000.46533637056,synthetic_gp_augmentation
6166.78450512551,7013.127249678144,-0.4357832531205637,20502.61819580291,0.06999348548528112,20946.752434258822,synthetic_gp_augmentation
10110.700854015031,3805.7475753054114,0.3629380562939776,788.4937605133508,0.2658231072180653,769.8320358921554,synthetic_gp_augmentation
982.145993842775,3430.5037849330083,0.6122123021719152,393.27927802761843,0.1313031741606124,392.39224416711886,synthetic_gp_augmentation
2874.2480686946733,4635.913783606513,-0.2334283832439787,10800.857746556778,0.21932763205949263,12667.74837775442,synthetic_gp_augmentation
524.0847943755391,4970.214651908226,0.06928956868113845,3970.1653268761866,0.07507619882788234,4790.065569035727,synthetic_gp_augmentation
184.63541444268205,1888.536969668972,0.5756529724267512,292.09076462998297,0.20011916084076747,355.3880754265938,synthetic_gp_augmentation
6452.914562490392,3569.2561136208533,-0.3479300578574403,11882.760540837335,0.14715850790844914,13223.207186463625,synthetic_gp_augmentation
14159.628511058505,2955.591104534296,0.28427844122367696,724.4606072913023,0.09576783417368634,692.8776407206122,synthetic_gp_augmentation
13134.217059565071,5322.572472704273,0.4830979149615815,427.9976062082845,0.26099366613540065,568.7689569510965,synthetic_gp_augmentation
14601.52819217015,1571.866240153568,0.0821661184195881,1525.6300237034864,0.13111778992955772,1820.462196308136,synthetic_gp_augmentation
8587.138877329493,3246.0154137783093,0.34176696758294034,1100.169418113041,0.28128437632465664,1110.9883494252942,synthetic_gp_augmentation
7235.065118615113,6789.856471985261,0.7368677241489245,340.58814186103297,0.2830855311047664,296.92810370338043,synthetic_gp_augmentation
6235.1895200980325,4371.565416708258,-0.20206147560977405,7247.322413624799,0.2098382615140721,9859.621276488822,synthetic_gp_augmentation
14561.387975251942,1860.2195516534455,-0.41481237834640394,4801.219702869654,0.28733503996502013,6178.323089308037,synthetic_gp_augmentation
7989.199867327166,3519.226692786156,0.5166983027870924,442.47323214921266,0.0714257697415835,452.77595982716764,synthetic_gp_augmentation
7335.572153719011,4003.329785560841,0.7607431654167647,142.7724005145642,0.06801491986238198,152.65418998359192,synthetic_gp_augmentation
8291.163043524466,3204.5392584494907,0.46655107682990327,373.0404954355783,0.270820472598035,439.7610431603209,synthetic_gp_augmentation
12727.056838015787,5475.9484987802425,0.8670340167921731,59.85884103669641,0.17674281161842623,57.582505276198205,synthetic_gp_augmentation
3669.0902671227664,1189.7584927477628,0.4913550305790647,3205.808201955018,0.21038717044273664,3219.4229138858664,synthetic_gp_augmentation
11387.42079601928,4155.203121374861,-0.09610732229069402,5233.8386182434715,0.23836190817959577,5541.483267673488,synthetic_gp_augmentation
11401.238879579123,1110.1788038080738,-0.1421748695868678,3721.477741673845,0.14010895584560856,4666.150996462209,synthetic_gp_augmentation
13607.889237905109,5033.579910300438,0.4333371139664832,598.7362693651032,0.08130655512113603,649.9000515851143,synthetic_gp_augmentation
2809.2891374386,159.97637354851247,0.23333726426945522,4503.885027905162,0.05921769123699785,3633.2166454223066,synthetic_gp_augmentation
7589.644947511612,3655.4897736314756,0.23764471485738636,1570.1251271677747,0.23608372703246688,2017.4026986029191,synthetic_gp_augmentation
13623.592160637507,3941.628734482362,0.0832980058128523,2010.715688289288,0.11890842697451431,2170.5119329707795,synthetic_gp_augmentation
15445.358099884947,5762.0336852250975,-0.010110558977750594,3691.7414977902554,0.28700118900691046,3431.919275374471,synthetic_gp_augmentation
9558.41097340248,597.7594558002863,0.38767351638756054,2937.7558670109474,0.08701520663839618,2454.883311793714,synthetic_gp_augmentation
3472.9302092260205,3248.166250160768,0.5465242144584399,672.4503232412953,0.28234980073921734,539.8529025255666,synthetic_gp_augmentation
3034.8966636118657,6283.849849380447,0.6387680270489424,565.5647686970465,0.27754334191320823,718.2225862081355,synthetic_gp_augmentation
10267.158868381652,4257.156492086994,-0.0690284522249861,7300.179495935739,0.2818492043156581,5316.036218908713,synthetic_gp_augmentation
3440.0994382445333,5998.76950490609,0.7008279307990437,442.62350888884777,0.06411605431373278,426.0155355710859,synthetic_gp_augmentation
8894.09004034209,2912.0782421732647,-0.07616090466406383,5195.633814280215,0.15684746021157148,5591.314580213128,synthetic_gp_augmentation
13373.509673388044,7360.701455086841,-0.07317049818372079,4756.536937096338,0.22863215614207505,4773.61585434777,synthetic_gp_augmentation
6298.132410547232,618.762065756119,0.6284032138731563,3048.075603610605,0.09624347764243096,2462.4274997425123,synthetic_gp_augmentation
6117.707816896675,729.31524642238,0.8571256083873258,1381.8555153358452,0.12134823234929405,1124.3970572115825,synthetic_gp_augmentation
4139.944796950423,3766.5907922852202,-0.34448893426115146,16296.391086243715,0.2862554997248808,15934.65192490744,synthetic_gp_augmentation
11201.244207946464,5107.740219719212,-0.0961327398997468,5783.036937147365,0.18360325631716135,6270.949173197544,synthetic_gp_augmentation
5830.220797601924,1832.4490779137443,0.5638551362056012,712.3421246763987,0.24270107436954091,931.0315693795578,synthetic_gp_augmentation
2616.952784909759,1808.2263278150049,0.6287410341796071,443.0423824067998,0.26105595944015586,487.05509402934456,synthetic_gp_augmentation
1781.706966789201,5992.87654215763,0.20597314066610473,3570.6461220068254,0.06501625336870702,3369.5344433187947,synthetic_gp_augmentation
1611.3487125962718,2334.121605637385,-0.4774561107432803,25137.281062921313,0.25637556122386634,22225.406197444812,synthetic_gp_augmentation
9840.681512817424,5125.655880636638,-0.45639430770317646,12430.33328750316,0.20996716000192608,14429.833418638016,synthetic_gp_augmentation
8344.483989073151,666.617226633389,-0.10604637728763278,5653.092220594932,0.07519967837688407,5458.014943596754,synthetic_gp_augmentation
8055.190525730317,5689.037117888593,0.4196040705102748,1276.238748789875,0.26372429714199863,1097.9830078205866,synthetic_gp_augmentation
2534.8759577371584,7036.1229968474045,-0.31155664047845877,23157.01264415665,0.09584894088794214,21235.085194597577,synthetic_gp_augmentation
8059.607173685387,6533.170058780978,0.4974853612015818,1158.704503735538,0.08308878290811511,1034.8722474130177,synthetic_gp_augmentation
1053.0106479460405,70.89492711820088,0.3699407309072382,1199.976837201045,0.054392592308976216,1270.715420554307,synthetic_gp_augmentation
14821.149491782737,4317.71124910899,0.10157190603482646,1605.405613814424,0.26097574064958157,2126.6918117665095,synthetic_gp_augmentation
1022.6381086414488,7306.697694187373,0.021017072488268007,4765.496175165603,0.27284911082221,6631.393982003783,synthetic_gp_augmentation
6834.130098813304,4789.80539359333,0.7805329602391684,135.4680481155608,0.2746112850542602,139.6843461919318,synthetic_gp_augmentation
109.0797968104385,2322.6085652248125,0.27443892667297987,3105.2386971009314,0.25592785684081626,2599.0557952929853,synthetic_gp_augmentation
12599.791976653589,1556.357135998379,0.7444593603063667,34.01031431242222,0.12377981491817508,43.12491441278787,synthetic_gp_augmentation
2742.105997716518,5479.580234839696,0.07741915477825734,4793.274281064451,0.06936310379126412,4990.439987124421,synthetic_gp_augmentation
14806.164683364681,6170.0314777029835,0.3324962525149038,1698.0078727482403,0.24995833727827108,1406.7561946812643,synthetic_gp_augmentation
13150.518619574388,7245.732668264842,-0.32627960411906914,6949.868281930208,0.29021838028824215,9471.967353111717,synthetic_gp_augmentation
10540.541223767852,2714.241328925728,-0.13210706799966676,7895.760741880989,0.2747159141919249,5901.810828275767,synthetic_gp_augmentation
4070.7979302856593,4831.015452046272,0.7833715204197229,141.03581536367682,0.2491702739006535,164.46534863437975,synthetic_gp_augmentation
3318.4717867664585,812.1534868719502,0.0908061770958728,6138.280792794357,0.07140447653035756,6204.329396983976,synthetic_gp_augmentation
5787.0791406946555,755.7004013103797,-0.11915045629704113,7091.632132337141,0.060029641379762966,6518.25174812974,synthetic_gp_augmentation
13805.109118533743,7417.153968703297,-0.35690696866321514,7922.837395834988,0.15781606935095494,9280.283920732467,synthetic_gp_augmentation
5719.8238309808585,3858.6095879090285,0.6033043505397802,552.9610738405222,0.22436156139304794,525.115107362813,synthetic_gp_augmentation
3876.1130040458365,3464.578918355258,0.6014345971688904,522.4836528653977,0.08415538955077641,486.1848229456233,synthetic_gp_augmentation
2050.0212774425763,2598.1688770132355,0.11857882693755073,4863.946402049504,0.17106489289132984,5121.22683249022,synthetic_gp_augmentation
10378.545261709955,4301.845218811491,-0.43845455211360485,12309.417319954826,0.27136373346353837,12581.628161522567,synthetic_gp_augmentation
5599.3492694450115,22.327123788708825,0.6774379267556614,608.6510952033609,0.06301423002752361,723.7393074308959,synthetic_gp_augmentation
3683.6063119437126,3041.1947065567792,0.623832463957777,345.51025314911215,0.09539686429190646,337.6388566193764,synthetic_gp_augmentation
13869.364598681423,3834.7524837572323,-0.1676669467084726,6653.551090983909,0.2528824635820571,5331.047639013181,synthetic_gp_augmentation
11998.255101366707,6426.435089642404,-0.023261606830565162,4463.1373748383485,0.14498922031584785,4271.203378810063,synthetic_gp_augmentation
12402.802264271846,5607.707434413162,0.2176292635611099,1943.296924603434,0.1840147183774242,1605.2077195515144,synthetic_gp_augmentation
723.2146698141544,6798.094432143658,-0.3401988092711561,31950.09177334239,0.27427722431957247,26635.959999137987,synthetic_gp_augmentation
14650.574142773954,3010.3858821209697,0.6487903379392788,111.1881925263006,0.07273749418962773,127.90198705744814,synthetic_gp_augmentation
9238.34020979034,1127.2442223791081,0.7909399595501398,121.18153548538932,0.15964313024333646,162.21408097531767,synthetic_gp_augmentation
8110.4645944838485,3208.4517114644245,-0.06852793605464835,4967.342136706132,0.2724366011525991,5780.248819751345,synthetic_gp_augmentation
268.3070018417205,7704.47707140006,0.7936412514701836,432.52393121199833,0.3073488468023048,362.546297615342,synthetic_gp_augmentation
8747.85848072741,1398.042903792506,0.5189556216051188,659.8909061780378,0.16126772398472689,831.4609559545615,synthetic_gp_augmentation
13219.940051214511,7554.698209272606,0.8568151996092392,109.08684927970803,0.14585168958237324,105.24615841118265,synthetic_gp_augmentation
10522.62427573887,7599.384678481702,-0.04548977364369622,4022.7145228797226,0.18584152130127266,5687.491955199578,synthetic_gp_augmentation
12767.428454822999,1193.894835439325,0.7818999160575566,52.48961491610968,0.2300176734289172,64.74478615416395,synthetic_gp_augmentation
11117.614802069058,6155.622892409592,-0.36223496334750854,10326.134851116001,0.2383210531607651,11960.647423226264,synthetic_gp_augmentation
14743.326047139644,3437.9400334861634,0.16921981044137568,1420.8838738189825,0.12112306367212229,1382.9603245778017,synthetic_gp_augmentation
3685.19856279884,3937.7257280393733,0.2728157633647428,3002.833912210218,0.11992516491706832,2858.9372498366206,synthetic_gp_augmentation
3313.3916652532243,3989.5051716651697,-0.3280651361083,16359.294509409772,0.08470907986013601,16576.71161457424,synthetic_gp_augmentation
8072.177329277157,1477.2889140007087,0.16525054936490047,3638.783909303419,0.07029556087414333,3581.333038888701,synthetic_gp_augmentation
9626.662608324434,6184.509882022546,0.1377566153121792,2256.986180418213,0.25955842633364523,2102.8096017104203,synthetic_gp_augmentation
11365.82526014051,45.39286687686683,0.3140155321801169,1416.7195039314765,0.054615481233689665,1524.1016959638755,synthetic_gp_augmentation
8804.10833230004,5028.880855270446,-0.3114036474085581,12096.665468760251,0.09722777749189945,11903.082168572728,synthetic_gp_augmentation
12624.325817892519,5221.423813592477,-0.21996477557728283,8320.108955823247,0.27851226586876626,7335.8809367545755,synthetic_gp_augmentation
5169.990959380054,6029.649675605502,-0.24704180244895907,15802.546470412091,0.08482049406833098,13900.163133102766,synthetic_gp_augmentation
13757.948053235104,7407.698902449003,0.8327056364406038,93.33986318146817,0.18358263965828972,120.90875047490194,synthetic_gp_augmentation
1812.0540115170518,6030.680845245113,0.582465835942094,992.7355195702637,0.09776621922311186,930.9226441865609,synthetic_gp_augmentation
10180.66323368287,5857.15188671607,0.24087576546133482,1293.94394415864,0.22397749500149158,1712.7089270358733,synthetic_gp_augmentation
14253.106869676083,2030.3001305677997,0.4232371839220539,140.07985129684621,0.08751851960904836,165.51471862805207,synthetic_gp_augmentation
4117.836633637104,7942.717673371836,0.40996934859636247,1749.3445631572743,0.14560542413823607,2028.6022702415776,synthetic_gp_augmentation
5296.671331290216,3747.2704873914067,-0.13271698584249736,9739.222520863903,0.28202919273119254,8103.664848479787,synthetic_gp_augmentation
4956.524278034549,3339.6008182337846,-0.37874902832071633,15961.586930478585,0.2578920375856549,15408.02101389886,synthetic_gp_augmentation
9071.793017223037,4015.0205862167477,0.27691426654817675,1241.6130631872145,0.06987427819811733,1417.5366526545145,synthetic_gp_augmentation
6664.661867485861,3152.451646029467,-0.13174051496092992,8146.912646390922,0.23350134993097893,7425.252401098382,synthetic_gp_augmentation
1816.5526314189476,4749.100569807636,0.7228603083369769,276.9289041764599,0.28381462002288355,305.6702562546906,synthetic_gp_augmentation
14271.466825927715,2796.9967182802116,-0.1695257381104448,4953.702106746107,0.2703258117207203,4783.092170418246,synthetic_gp_augmentation
3354.3584036229186,1919.5587915567671,0.3020060652734101,3578.571442791116,0.1467629232725484,3855.6906868105143,synthetic_gp_augmentation
8591.87217471762,7423.9592143659165,0.08813006265866796,2408.880283568297,0.14611480266342405,2670.2038330054793,synthetic_gp_augmentation
9557.397845402458,7422.6278397664955,0.5400639577456434,1210.413845153914,0.14974154816775684,942.5079876896896,synthetic_gp_augmentation
747.954313995913,3969.9633022455096,0.8310447041546629,82.43137393704201,0.09700563873028946,79.84419469204173,synthetic_gp_augmentation
15549.866395829871,3325.7372787548593,-0.4379036614974243,6010.713738157883,0.3731926104891731,6810.293125414555,synthetic_gp_augmentation
10665.74620837518,3099.030947732948,0.4260039475898373,292.655062212952,0.1781226740768894,338.47215987866633,synthetic_gp_augmentation
633.686315038188,7335.249085713395,-0.31914117740456754,22750.173602088853,0.2542519271299888,26272.381531270214,synthetic_gp_augmentation
12727.767608382681,5063.33602418539,-0.35369789408367214,10176.10367000367,0.12789699641388363,8891.337703558924,synthetic_gp_augmentation
8185.830667512019,6100.138959975058,0.42618139085766826,1168.9115114212582,0.17292408452205152,1180.9802904847895,synthetic_gp_augmentation
1295.673196047762,3301.95065251217,-0.3560627303379972,18212.486072730528,0.2712566724173739,20216.963675167466,synthetic_gp_augmentation
10923.95835895988,3256.013315808121,-0.31971201553960316,9794.59025841083,0.28237108546393347,8844.876424726266,synthetic_gp_augmentation
8039.693713308649,666.4296390248037,0.11471302244861914,4341.142017357977,0.07336455573585472,4546.110479562862,synthetic_gp_augmentation
14055.466126212232,1823.6717347368483,0.7792000283068305,43.09481214270569,0.25531015327357687,44.966164287388594,synthetic_gp_augmentation
4732.939746974041,3954.136509071448,-0.11341210180653999,7632.907033399221,0.0996835492164494,8015.703837023695,synthetic_gp_augmentation
4624.450503707594,916.8821747685643,0.061309150816262425,6175.982170650312,0.08384166841815037,6144.786655599714,synthetic_gp_augmentation
12302.546855715915,3127.0036019821364,0.6578279106998679,87.7192329440317,0.20963850508037235,121.15376052115553,synthetic_gp_augmentation
11327.28685905046,6141.294992739421,-0.011231485016014287,4119.787802912423,0.2231205419086537,4302.634645065965,synthetic_gp_augmentation
3746.4935913900476,1035.8345214795017,0.37386024225825343,4151.544782361755,0.07671053118515979,4309.433847474386,synthetic_gp_augmentation
12603.197069130652,85.92406875956814,-0.07550932883959782,3736.8410860718286,0.053812429565533705,3680.7808852407934,synthetic_gp_augmentation
9211.424666796725,1699.5894584024356,-0.3339303271465923,9833.0871108902,0.268608584146669,8140.529203496555,synthetic_gp_augmentation
5008.005793477419,5794.771958563645,0.4555239174600394,1067.463768643383,0.2722709990910075,1386.4286737821992,synthetic_gp_augmentation
663.7207052832351,6628.113020806908,-0.12470470495310393,10258.108117358219,0.20994437186846662,10897.457366322653,synthetic_gp_augmentation
13121.26604263265,2730.6802852769156,-0.054404692007756716,3396.5001790703495,0.2794047084146429,3427.795037045799,synthetic_gp_augmentation
10144.71427581722,1920.106323668448,-0.2748674850058539,8592.158656386415,0.15583907490496066,7199.3451667319405,synthetic_gp_augmentation
8827.00018335102,7043.545927359686,-0.1619023817831573,10574.245307505602,0.09955646355850627,10247.760536353659,synthetic_gp_augmentation
170.74766448386367,7721.657167273455,0.12451034372469016,3380.832336231351,0.3160961093506559,3434.647012574784,synthetic_gp_augmentation
15910.063716042223,6023.520189815519,0.7298765907171747,191.46956744763034,0.1405829971954686,203.1022641558142,synthetic_gp_augmentation
13047.836757222047,711.0937647346489,0.5811585745266508,414.09285223057674,0.06827834196699961,422.80456802274443,synthetic_gp_augmentation
7834.893203123244,3496.9486449513515,-0.05536440491746303,5793.021174361391,0.06437713378855639,5593.2114285070475,synthetic_gp_augmentation
10917.42778685389,7924.0454539998145,-0.07710355858859269,7872.408384524441,0.17692199097917452,6834.826096837749,synthetic_gp_augmentation
7677.848361793284,1835.078634506118,0.8822828769293434,152.1382343689815,0.2538366700048815,155.97968734177127,synthetic_gp_augmentation
11938.92171333182,5363.773361403831,0.41473798273944795,914.5410440055191,0.21954988911003823,804.7001083225723,synthetic_gp_augmentation
2235.8238785204157,7508.507851421253,0.4597476454056493,1719.1431387581044,0.0725283646520558,1723.4089319717864,synthetic_gp_augmentation
7196.980824221082,6185.627106107098,-0.42282594445762745,22394.038372846746,0.2631068296902487,18003.92231946991,synthetic_gp_augmentation
5435.041115458474,4870.881245314231,-0.3530384527747783,13666.993452038469,0.22028738125581018,16135.18973178125,synthetic_gp_augmentation
7408.518371555154,4053.6412711645003,-0.08776491099483441,6407.697725467394,0.11156948594300653,6641.542380122972,synthetic_gp_augmentation
7262.515180479791,7430.514898696266,0.6788155712797692,497.2823966264562,0.13699782752144354,504.8011144807313,synthetic_gp_augmentation
2375.19380148919,3157.866936861563,0.7749370614731923,94.78526683402156,0.2441247706993061,101.92296608707478,synthetic_gp_augmentation
15626.168274273563,7210.1519990764245,-0.23255891567347364,8723.617949390187,0.2834484992394985,6299.156341097309,synthetic_gp_augmentation
346.325070331236,3448.423432060566,0.4998754741159702,798.6834922179225,0.10749943936462718,662.6836035393865,synthetic_gp_augmentation
260.1598225966416,6052.3601900706235,0.7237926835808148,406.28345903464367,0.11561091330915552,424.707153255566,synthetic_gp_augmentation
6037.716964685159,7325.711194139813,0.730461266273261,404.64859844866027,0.26048798320100286,376.8811042432933,synthetic_gp_augmentation
9963.983954614398,4405.143269025756,0.14233017096196288,1651.0130926809895,0.16901492418016445,1766.4710651961923,synthetic_gp_augmentation
2956.486306357359,2479.038786674064,-0.13771011577738157,10568.797917434731,0.07158563085391895,9536.9934920724,synthetic_gp_augmentation
8577.784662076161,407.89375726939437,0.8387975294720109,868.4889212730869,0.06748599342920898,959.7727972975306,synthetic_gp_augmentation
11592.074290619314,6474.079708038201,-0.11278360616656913,8854.451424699018,0.09653800755096441,7022.739536025763,synthetic_gp_augmentation
1595.563683738403,4976.079365547337,-0.1462269144638635,9098.324874254706,0.07692189050480153,10209.70808798955,synthetic_gp_augmentation
5453.54029905478,7019.293225292718,0.24554964485735153,2900.950951917006,0.07068070880781051,2779.9598399007014,synthetic_gp_augmentation
10314.405079217258,7362.42211020641,-0.3499419080887516,10387.542079819666,0.23231207971910176,13438.562228796673,synthetic_gp_augmentation
11380.83358066909,4812.143186849468,0.8211650069066025,56.49912817250615,0.26617304893493365,71.98558701314491,synthetic_gp_augmentation
13463.255918293527,7812.652857354347,0.2069569039207565,2082.891560790603,0.31066611981236675,2314.51331665944,synthetic_gp_augmentation
1774.0337630568956,6998.445049614144,0.8514866171259028,159.76764081206514,0.07654029909660816,175.75973508421583,synthetic_gp_augmentation
2101.224154484053,834.0832395652749,0.767984824131765,622.2379770355227,0.0919505948128737,753.9466579632663,synthetic_gp_augmentation
4568.65388875692,7848.847807674755,0.6092223333401885,972.201528554701,0.28323456300024985,1004.581178439542,synthetic_gp_augmentation
289.7794644677356,4390.4509813588065,0.35128014888342496,1949.3959344021382,0.1878001592345852,1682.3555365828654,synthetic_gp_augmentation
9614.306791747129,6082.731478661454,0.2769773090529819,1492.1212545678468,0.14995287777479702,1661.7014690380636,synthetic_gp_augmentation
15347.498497461012,2613.379053250909,0.7952512647869698,55.10438450843796,0.20080634063762676,53.156818524801736,synthetic_gp_augmentation
13329.265143678891,216.24018867467322,0.2030658320110571,2283.0398037247833,0.06793763659269761,2165.202117288046,synthetic_gp_augmentation
5498.087681435848,5486.562582988764,0.050404212809347815,4311.015836115906,0.07491577499972828,3901.54209107739,synthetic_gp_augmentation
5424.327956087863,6904.9192549726395,-0.029985958125308798,5993.126793200726,0.16782603535152807,6916.627773013248,synthetic_gp_augmentation
4738.6335610210845,18.77277692383661,0.5723878530776629,700.7272580655092,0.06079309524363584,798.2325159096852,synthetic_gp_augmentation
5612.462612243487,1663.790190294578,0.38822364029468404,3091.622960387998,0.23441231100278445,2700.5328786205214,synthetic_gp_augmentation
5975.189305621624,5384.541723216695,0.11561490896864624,3065.456264528068,0.19449313242998958,3003.691536317554,synthetic_gp_augmentation
5759.571016963288,1133.6228324289239,0.22320725889659732,4586.468659025405,0.16671273366695324,4285.064142155868,synthetic_gp_augmentation
7203.277860391168,655.4887857881857,-0.4820924212651969,9306.084854107708,0.09331115431886416,8308.789664880767,synthetic_gp_augmentation
5018.622686071871,5103.031974596448,0.47048539942237544,926.3849562469821,0.1785623833688686,1197.201741437427,synthetic_gp_augmentation
6037.225331038112,6868.908577197354,0.17354320733681683,3412.853711431841,0.21353432697596944,2949.634128778466,synthetic_gp_augmentation
7746.43359414133,2518.701337962118,-0.23108866095013236,7829.47635439557,0.07582561325442652,8131.747174556501,synthetic_gp_augmentation
