dataset,study,boiling_mode,fluid,D_m,L_m,P_kPa,G_kg_m2s,X,dHin_kJkg,Ra_um,CA_deg,orient_deg,CHF_kW_m2
Zhao2020,Inasaka,flow,water,0.003,0.1,390.0,5600,-0.1041,,,,,11300.0
Zhao2020,Inasaka,flow,water,0.003,0.1,310.0,6700,-0.0596,,,,,10600.0
Zhao2020,Inasaka,flow,water,0.003,0.1,330.0,4300,-0.0395,,,,,7300.0
Zhao2020,Inasaka,flow,water,0.003,0.1,620.0,6400,-0.146,,,,,12800.0
Zhao2020,Inasaka,flow,water,0.003,0.1,640.0,4700,-0.0849,,,,,11000.0
Zhao2020,Inasaka,flow,water,0.003,0.1,640.0,6200,-0.1221,,,,,8200.0
Zhao2020,Inasaka,flow,water,0.003,0.1,910.0,5500,-0.1224,,,,,15600.0
Zhao2020,Peskov,flow,water,0.01,0.4,10000.0,1944,-0.0465,,,,,4200.0
Zhao2020,Peskov,flow,water,0.01,0.66,10000.0,4750,-0.0297,,,,,4000.0
Zhao2020,Peskov,flow,water,0.01,0.565,10000.0,1000,0.0103,,,,,4300.0
Zhao2020,Peskov,flow,water,0.01,1.0,12000.0,4986,-0.0629,,,,,4000.0
Zhao2020,Peskov,flow,water,0.01,0.565,12000.0,1000,-0.0868,,,,,3500.0
Zhao2020,Peskov,flow,water,0.01,1.65,12000.0,4028,0.0311,,,,,2000.0
Zhao2020,Peskov,flow,water,0.01,1.65,12000.0,2439,0.1103,,,,,1400.0
Zhao2020,Peskov,flow,water,0.01,0.52,14000.0,2217,-0.0472,,,,,2900.0
Zhao2020,Peskov,flow,water,0.01,0.89,14000.0,3056,0.0323,,,,,2000.0
Zhao2020,Peskov,flow,water,0.01,0.893,14000.0,2200,0.1344,,,,,1100.0
Zhao2020,Peskov,flow,water,0.01,0.66,16000.0,3861,-0.0514,,,,,3100.0
Zhao2020,Peskov,flow,water,0.01,0.89,16000.0,1617,-0.03,,,,,1700.0
Zhao2020,Peskov,flow,water,0.01,0.565,16000.0,1000,0.1228,,,,,1100.0
Zhao2020,Peskov,flow,water,0.01,1.3,18000.0,5361,-0.068,,,,,2800.0
Zhao2020,Peskov,flow,water,0.01,1.65,18000.0,2875,-0.1184,,,,,2100.0
Zhao2020,Peskov,flow,water,0.01,1.65,18000.0,750,-0.1488,,,,,900.0
Zhao2020,Peskov,flow,water,0.01,1.65,20000.0,1842,-0.2306,,,,,1300.0
Zhao2020,Thompson,flow,water,0.001,0.025,100.0,707,0.166,,,,,4900.0
Zhao2020,Thompson,flow,water,0.001,0.025,100.0,932,0.1109,,,,,5300.0
Zhao2020,Thompson,flow,water,0.001,0.025,100.0,1352,0.0523,,,,,5900.0
Zhao2020,Thompson,flow,water,0.001,0.025,100.0,1885,0.0258,,,,,7100.0
Zhao2020,Thompson,flow,water,0.001,0.025,100.0,2794,0.0128,,,,,9700.0
Zhao2020,Thompson,flow,water,0.001,0.025,100.0,3730,0.0086,,,,,12600.0
Zhao2020,Thompson,flow,water,0.001,0.025,100.0,5750,0.0077,,,,,19300.0
Zhao2020,Thompson,flow,water,0.001,0.038,100.0,1370,0.1293,,,,,5500.0
Zhao2020,Thompson,flow,water,0.001,0.038,100.0,1777,0.0825,,,,,5900.0
Zhao2020,Thompson,flow,water,0.001,0.038,100.0,2780,0.0406,,,,,7500.0
Zhao2020,Thompson,flow,water,0.001,0.038,100.0,3757,0.0328,,,,,9700.0
Zhao2020,Thompson,flow,water,0.001,0.038,100.0,5642,0.0344,,,,,14700.0
Zhao2020,Thompson,flow,water,0.001,0.051,100.0,1336,0.1904,,,,,4900.0
Zhao2020,Thompson,flow,water,0.001,0.051,100.0,1790,0.1417,,,,,5600.0
Zhao2020,Thompson,flow,water,0.001,0.051,100.0,2821,0.0864,,,,,7100.0
Zhao2020,Thompson,flow,water,0.001,0.051,100.0,3716,0.0633,,,,,8400.0
Zhao2020,Thompson,flow,water,0.001,0.051,100.0,5588,0.0547,,,,,12100.0
Zhao2020,Thompson,flow,water,0.0017,0.043,100.0,1301,0.0967,,,,,6900.0
Zhao2020,Thompson,flow,water,0.0017,0.043,100.0,2007,0.0644,,,,,9200.0
Zhao2020,Thompson,flow,water,0.0017,0.064,100.0,1967,0.1405,,,,,8300.0
Zhao2020,Thompson,flow,water,0.0011,0.114,2140.0,5384,0.1854,,,,,4900.0
Zhao2020,Thompson,flow,water,0.0011,0.114,2140.0,6510,-0.0185,,,,,7300.0
Zhao2020,Thompson,flow,water,0.0011,0.114,2140.0,6781,-0.0134,,,,,5800.0
Zhao2020,Thompson,flow,water,0.0036,0.076,3450.0,1316,-0.0592,,,,,9000.0
Zhao2020,Thompson,flow,water,0.0036,0.076,3450.0,1492,0.0049,,,,,8400.0
Zhao2020,Thompson,flow,water,0.0046,0.229,3960.0,2618,0.1937,,,,,6700.0
Zhao2020,Thompson,flow,water,0.0046,0.229,4030.0000000000005,2631,0.1312,,,,,6500.0
Zhao2020,Thompson,flow,water,0.0046,0.229,3560.0,2672,0.1554,,,,,7000.0
Zhao2020,Thompson,flow,water,0.0046,0.229,3830.0,2712,0.1609,,,,,6700.0
Zhao2020,Thompson,flow,water,0.0046,0.229,3900.0,2726,0.1682,,,,,6800.0
Zhao2020,Thompson,flow,water,0.0046,0.229,3760.0,2767,0.0892,,,,,8000.0
Zhao2020,Thompson,flow,water,0.0046,0.229,3720.0,2848,0.0611,,,,,9000.0
Zhao2020,Thompson,flow,water,0.0046,0.229,3760.0,2875,0.0281,,,,,8800.0
Zhao2020,Thompson,flow,water,0.0046,0.229,3830.0,2889,0.0666,,,,,8200.0
Zhao2020,Thompson,flow,water,0.0056,0.216,3930.0,3865,0.1332,,,,,7200.0
Zhao2020,Thompson,flow,water,0.0056,0.216,3960.0,3865,0.137,,,,,7300.0
Zhao2020,Thompson,flow,water,0.0056,0.216,3830.0,4136,0.0449,,,,,7300.0
Zhao2020,Thompson,flow,water,0.0056,0.216,3860.0,4136,0.0436,,,,,7300.0
Zhao2020,Thompson,flow,water,0.0056,0.432,3860.0,4069,0.0902,,,,,6700.0
Zhao2020,Thompson,flow,water,0.0056,0.432,3860.0,4069,0.0858,,,,,6600.0
Zhao2020,Thompson,flow,water,0.0056,0.432,3860.0,4136,0.1294,,,,,5500.0
Zhao2020,Thompson,flow,water,0.0056,0.432,3900.0,4136,0.1282,,,,,5500.0
Zhao2020,Thompson,flow,water,0.0057,0.625,3450.0,5249,-0.048,,,,,8600.0
Zhao2020,Thompson,flow,water,0.0057,0.625,3450.0,5249,-0.0739,,,,,8500.0
Zhao2020,Thompson,flow,water,0.0057,0.625,3450.0,5249,-0.0497,,,,,7900.0
Zhao2020,Thompson,flow,water,0.0057,0.625,3450.0,5249,-0.0429,,,,,7400.0
Zhao2020,Thompson,flow,water,0.0057,0.625,3450.0,5249,-0.0589,,,,,7900.0
Zhao2020,Thompson,flow,water,0.0057,0.625,3450.0,5249,-0.0195,,,,,7200.0
Zhao2020,Thompson,flow,water,0.0057,0.625,3450.0,5249,-0.0254,,,,,7100.0
Zhao2020,Thompson,flow,water,0.0057,0.625,3450.0,5262,0.0287,,,,,6000.0
Zhao2020,Thompson,flow,water,0.0103,0.762,3450.0,3743,0.1487,,,,,4300.0
Zhao2020,Thompson,flow,water,0.0103,0.762,3450.0,3743,0.153,,,,,4400.0
Zhao2020,Thompson,flow,water,0.0103,0.762,3450.0,3757,0.1522,,,,,4400.0
Zhao2020,Thompson,flow,water,0.0103,0.762,3450.0,3784,0.1466,,,,,4300.0
Zhao2020,Thompson,flow,water,0.0103,0.762,3450.0,3784,0.1508,,,,,4400.0
Zhao2020,Thompson,flow,water,0.0103,0.762,3450.0,3784,0.1508,,,,,4400.0
Zhao2020,Thompson,flow,water,0.0103,0.762,3450.0,3797,0.1457,,,,,4300.0
Zhao2020,Thompson,flow,water,0.0103,0.762,3450.0,3811,0.1494,,,,,4400.0
Zhao2020,Thompson,flow,water,0.0103,0.762,3450.0,3811,0.1494,,,,,4400.0
Zhao2020,Thompson,flow,water,0.0103,0.762,3450.0,3811,0.145,,,,,4300.0
Zhao2020,Thompson,flow,water,0.0103,0.762,3450.0,3811,0.1494,,,,,4400.0
Zhao2020,Thompson,flow,water,0.0103,0.762,3450.0,3838,0.144,,,,,4300.0
Zhao2020,Thompson,flow,water,0.0103,0.762,3450.0,3879,0.146,,,,,4400.0
Zhao2020,Thompson,flow,water,0.0103,0.762,3450.0,3879,0.146,,,,,4400.0
Zhao2020,Thompson,flow,water,0.0103,0.762,3450.0,3892,0.1454,,,,,4400.0
Zhao2020,Thompson,flow,water,0.0103,0.762,3450.0,3906,0.1447,,,,,4400.0
Zhao2020,Thompson,flow,water,0.0103,0.762,3450.0,3933,0.1434,,,,,4400.0
Zhao2020,Thompson,flow,water,0.0103,0.762,3450.0,3947,0.0867,,,,,4600.0
Zhao2020,Thompson,flow,water,0.0103,0.762,3450.0,3947,0.1427,,,,,4400.0
Zhao2020,Thompson,flow,water,0.0103,0.762,3450.0,3960,0.0818,,,,,4500.0
Zhao2020,Thompson,flow,water,0.0103,0.762,3450.0,3960,0.0861,,,,,4600.0
Zhao2020,Thompson,flow,water,0.0103,0.762,3450.0,4001,0.1402,,,,,4400.0
Zhao2020,Thompson,flow,water,0.0103,0.762,3450.0,5696,0.0854,,,,,4400.0
Zhao2020,Thompson,flow,water,0.0103,0.762,3450.0,5696,0.0883,,,,,4500.0
Zhao2020,Thompson,flow,water,0.0103,0.762,3450.0,5737,0.0874,,,,,4500.0
Zhao2020,Thompson,flow,water,0.0103,0.762,3450.0,5886,0.0221,,,,,4600.0
Zhao2020,Thompson,flow,water,0.0103,0.762,3450.0,5940,0.0209,,,,,4600.0
Zhao2020,Thompson,flow,water,0.0103,0.762,3450.0,5954,0.0206,,,,,4600.0
Zhao2020,Thompson,flow,water,0.0103,0.762,3450.0,5967,0.0203,,,,,4600.0
Zhao2020,Thompson,flow,water,0.0103,0.762,3450.0,7554,0.0601,,,,,4700.0
Zhao2020,Thompson,flow,water,0.0103,0.762,3450.0,7622,0.0591,,,,,4700.0
Zhao2020,Thompson,flow,water,0.0103,0.762,3450.0,7893,-0.0071,,,,,4800.0
Zhao2020,Thompson,flow,water,0.0103,0.762,3450.0,7893,-0.0178,,,,,4300.0
Zhao2020,Thompson,flow,water,0.0103,0.762,3450.0,7893,-0.0071,,,,,4800.0
Zhao2020,Thompson,flow,water,0.0103,0.762,3450.0,7893,-0.0071,,,,,4800.0
Zhao2020,Thompson,flow,water,0.0108,0.432,3860.0,2034,0.1671,,,,,5300.0
Zhao2020,Thompson,flow,water,0.0108,0.432,3860.0,2034,0.144,,,,,5600.0
Zhao2020,Thompson,flow,water,0.0108,0.432,3900.0,2034,0.1383,,,,,5500.0
Zhao2020,Thompson,flow,water,0.0108,0.432,3900.0,2034,0.1383,,,,,5500.0
Zhao2020,Thompson,flow,water,0.0108,0.432,3900.0,2034,0.1113,,,,,5700.0
Zhao2020,Thompson,flow,water,0.0108,0.432,3860.0,3797,0.1078,,,,,5300.0
Zhao2020,Thompson,flow,water,0.0108,0.432,3930.0,3797,0.105,,,,,5300.0
Zhao2020,Thompson,flow,water,0.0108,0.432,3860.0,4069,0.0117,,,,,5400.0
Zhao2020,Thompson,flow,water,0.0108,0.432,3860.0,4069,0.0117,,,,,5400.0
Zhao2020,Thompson,flow,water,0.0108,0.432,3860.0,4069,-0.0237,,,,,5500.0
Zhao2020,Thompson,flow,water,0.0108,0.432,3860.0,4123,0.0379,,,,,5000.0
Zhao2020,Thompson,flow,water,0.0108,0.432,3860.0,4123,0.0424,,,,,5200.0
Zhao2020,Thompson,flow,water,0.0108,0.432,3860.0,4136,0.0902,,,,,5200.0
Zhao2020,Thompson,flow,water,0.0108,0.432,3900.0,4136,0.0887,,,,,5200.0
Zhao2020,Thompson,flow,water,0.0108,0.864,4100.0,2902,0.1788,,,,,3700.0
Zhao2020,Thompson,flow,water,0.0108,0.864,3830.0,3811,0.1407,,,,,3900.0
Zhao2020,Thompson,flow,water,0.0108,0.864,3900.0,3811,0.1394,,,,,3900.0
Zhao2020,Thompson,flow,water,0.0108,0.864,3900.0,3974,0.1316,,,,,3900.0
Zhao2020,Thompson,flow,water,0.0108,0.864,3960.0,3974,0.1272,,,,,3800.0
Zhao2020,Thompson,flow,water,0.0108,0.864,3690.0,4055,0.0817,,,,,4200.0
Zhao2020,Thompson,flow,water,0.0108,0.864,3720.0,4055,0.0804,,,,,4200.0
Zhao2020,Thompson,flow,water,0.0108,0.864,3900.0,4055,0.0751,,,,,4200.0
Zhao2020,Thompson,flow,water,0.0108,0.864,4100.0,4055,0.0618,,,,,3900.0
Zhao2020,Thompson,flow,water,0.0108,0.864,4210.0,4055,0.0502,,,,,3800.0
Zhao2020,Thompson,flow,water,0.0108,0.864,3900.0,4069,0.0184,,,,,5100.0
Zhao2020,Thompson,flow,water,0.0046,0.295,5030.0,5059,0.0623,,,,,5600.0
Zhao2020,Thompson,flow,water,0.0056,0.432,4960.0,3703,0.1978,,,,,4300.0
Zhao2020,Thompson,flow,water,0.0056,0.432,5030.0,3703,0.1951,,,,,4200.0
Zhao2020,Thompson,flow,water,0.0056,0.432,4960.0,4204,0.0465,,,,,5900.0
Zhao2020,Thompson,flow,water,0.0056,0.432,4930.0,4218,0.0426,,,,,5800.0
Zhao2020,Thompson,flow,water,0.0056,0.864,5070.0,4218,0.1459,,,,,4100.0
Zhao2020,Thompson,flow,water,0.0036,0.076,6890.0,1316,-0.0416,,,,,8000.0
Zhao2020,Thompson,flow,water,0.0036,0.076,6890.0,2889,-0.165,,,,,10600.0
Zhao2020,Thompson,flow,water,0.0036,0.076,6890.0,4042,-0.1916,,,,,11300.0
Zhao2020,Thompson,flow,water,0.0036,0.076,6890.0,6157,-0.1146,,,,,13300.0
Zhao2020,Thompson,flow,water,0.0046,0.229,7170.0,1370,0.1702,,,,,5600.0
Zhao2020,Thompson,flow,water,0.0046,0.229,7000.0,1383,0.1601,,,,,5700.0
Zhao2020,Thompson,flow,water,0.0046,0.229,7280.0,1383,0.1523,,,,,5800.0
Zhao2020,Thompson,flow,water,0.0046,0.229,6890.0,1410,0.1361,,,,,6600.0
Zhao2020,Thompson,flow,water,0.0046,0.229,6930.0,2224,0.1531,,,,,4800.0
Zhao2020,Thompson,flow,water,0.0046,0.229,6930.0,2401,0.1356,,,,,4800.0
Zhao2020,Thompson,flow,water,0.0046,0.229,7030.0,2441,0.1857,,,,,5100.0
Zhao2020,Thompson,flow,water,0.0046,0.229,7140.0,2495,0.1261,,,,,4600.0
Zhao2020,Thompson,flow,water,0.0046,0.229,7070.0,2509,0.1085,,,,,5000.0
Zhao2020,Thompson,flow,water,0.0046,0.229,7340.0,2550,0.0655,,,,,6200.0
Zhao2020,Thompson,flow,water,0.0046,0.229,7000.0,2590,0.0709,,,,,5700.0
Zhao2020,Thompson,flow,water,0.0046,0.229,7260.0,2590,0.0567,,,,,5700.0
Zhao2020,Thompson,flow,water,0.0046,0.229,7030.0,2780,-0.0477,,,,,7500.0
Zhao2020,Thompson,flow,water,0.0046,0.229,6760.0,2821,-0.0711,,,,,8000.0
Zhao2020,Thompson,flow,water,0.0046,0.229,7140.0,2889,-0.1257,,,,,8900.0
Zhao2020,Thompson,flow,water,0.0047,0.318,6890.0,3065,0.1827,,,,,4600.0
Zhao2020,Thompson,flow,water,0.0047,0.318,6890.0,3201,0.1129,,,,,6200.0
Zhao2020,Thompson,flow,water,0.0047,0.318,6890.0,3282,0.1401,,,,,4900.0
Zhao2020,Thompson,flow,water,0.0047,0.318,6890.0,4448,0.1101,,,,,4800.0
Zhao2020,Thompson,flow,water,0.0047,0.318,6890.0,4584,0.0758,,,,,5100.0
Zhao2020,Thompson,flow,water,0.0047,0.318,6890.0,4828,0.0267,,,,,5800.0
Zhao2020,Thompson,flow,water,0.0047,0.318,6890.0,4964,0.0073,,,,,6800.0
Zhao2020,Thompson,flow,water,0.0047,0.318,6890.0,5045,0.0045,,,,,6900.0
Zhao2020,Thompson,flow,water,0.0047,0.318,6890.0,5967,0.0657,,,,,5000.0
Zhao2020,Thompson,flow,water,0.0047,0.318,6890.0,6157,0.0102,,,,,6600.0
Zhao2020,Thompson,flow,water,0.0047,0.318,6890.0,6157,0.0073,,,,,6700.0
Zhao2020,Thompson,flow,water,0.0047,0.318,6890.0,6279,0.0465,,,,,5800.0
Zhao2020,Thompson,flow,water,0.0047,0.318,6890.0,6388,0.0376,,,,,5900.0
Zhao2020,Thompson,flow,water,0.0056,0.216,6860.0,1926,0.165,,,,,5300.0
Zhao2020,Thompson,flow,water,0.0056,0.216,6930.0,1926,0.1671,,,,,5400.0
Zhao2020,Thompson,flow,water,0.0056,0.216,6890.0,2061,0.0829,,,,,6600.0
Zhao2020,Thompson,flow,water,0.0056,0.216,6960.0,2061,0.0716,,,,,6400.0
Zhao2020,Thompson,flow,water,0.0056,0.216,6930.0,3323,0.1178,,,,,4900.0
Zhao2020,Thompson,flow,water,0.0056,0.216,6930.0,3323,0.1178,,,,,4900.0
Zhao2020,Thompson,flow,water,0.0056,0.216,6890.0,3852,0.0387,,,,,5900.0
Zhao2020,Thompson,flow,water,0.0056,0.216,6930.0,3852,0.0363,,,,,5800.0
Zhao2020,Thompson,flow,water,0.0056,0.216,6890.0,4150,-0.0668,,,,,7200.0
Zhao2020,Thompson,flow,water,0.0056,0.432,7000.0,2061,0.1894,,,,,4400.0
Zhao2020,Thompson,flow,water,0.0056,0.432,7340.0,2061,0.2006,,,,,4600.0
Zhao2020,Thompson,flow,water,0.0056,0.432,6890.0,3513,0.1877,,,,,3600.0
Zhao2020,Thompson,flow,water,0.0056,0.432,7000.0,3513,0.1888,,,,,3600.0
Zhao2020,Thompson,flow,water,0.0056,0.432,6890.0,3580,0.1798,,,,,3700.0
Zhao2020,Thompson,flow,water,0.0056,0.432,7000.0,3580,0.1714,,,,,3600.0
Zhao2020,Thompson,flow,water,0.0056,0.432,6860.0,3635,0.1447,,,,,3700.0
Zhao2020,Thompson,flow,water,0.0056,0.432,6890.0,3635,0.1432,,,,,3700.0
Zhao2020,Thompson,flow,water,0.0056,0.432,6890.0,3933,0.0773,,,,,4700.0
Zhao2020,Thompson,flow,water,0.0056,0.432,6890.0,4055,0.0511,,,,,5200.0
Zhao2020,Thompson,flow,water,0.0056,0.432,6890.0,4055,0.0562,,,,,5300.0
Zhao2020,Thompson,flow,water,0.0056,0.432,6830.0,4069,0.1696,,,,,3700.0
Zhao2020,Thompson,flow,water,0.0056,0.432,6860.0,4069,0.1648,,,,,3600.0
Zhao2020,Thompson,flow,water,0.0056,0.432,6860.0,4069,0.0418,,,,,5600.0
Zhao2020,Thompson,flow,water,0.0056,0.432,6860.0,4069,0.0451,,,,,5600.0
Zhao2020,Thompson,flow,water,0.0056,0.432,6890.0,4069,0.099,,,,,4100.0
Zhao2020,Thompson,flow,water,0.0056,0.432,6890.0,4069,0.099,,,,,4100.0
Zhao2020,Thompson,flow,water,0.0056,0.432,6890.0,4069,0.0518,,,,,5700.0
Zhao2020,Thompson,flow,water,0.0056,0.432,6890.0,4069,0.0518,,,,,5700.0
Zhao2020,Thompson,flow,water,0.0056,0.432,6860.0,4123,0.0332,,,,,5500.0
Zhao2020,Thompson,flow,water,0.0056,0.432,6960.0,4123,0.0302,,,,,5500.0
Zhao2020,Thompson,flow,water,0.0056,0.864,7030.0,3852,0.1856,,,,,2900.0
Zhao2020,Thompson,flow,water,0.0056,0.864,6960.0,4123,0.0947,,,,,3400.0
Zhao2020,Thompson,flow,water,0.0056,0.864,7000.0,4421,0.0713,,,,,3500.0
Zhao2020,Thompson,flow,water,0.008,0.61,6890.0,1682,0.0029,,,,,5000.0
Zhao2020,Thompson,flow,water,0.008,0.61,6890.0,2414,0.1092,,,,,4400.0
Zhao2020,Thompson,flow,water,0.008,0.61,6890.0,2482,0.1005,,,,,4700.0
Zhao2020,Thompson,flow,water,0.008,0.61,6890.0,2495,0.1088,,,,,4200.0
Zhao2020,Thompson,flow,water,0.008,0.61,6890.0,2563,0.0606,,,,,4700.0
Zhao2020,Thompson,flow,water,0.008,0.61,6890.0,2631,0.0141,,,,,5300.0
Zhao2020,Thompson,flow,water,0.009300000000000001,1.359,6890.0,4069,0.1294,,,,,2600.0
Zhao2020,Thompson,flow,water,0.009300000000000001,1.359,7000.0,4069,0.1284,,,,,2600.0
Zhao2020,Thompson,flow,water,0.009300000000000001,1.359,7030.0,4069,0.1946,,,,,2300.0
Zhao2020,Thompson,flow,water,0.009300000000000001,1.359,7030.0,4069,0.0666,,,,,3300.0
Zhao2020,Thompson,flow,water,0.009300000000000001,1.727,6890.0,4069,0.1722,,,,,2400.0
Zhao2020,Thompson,flow,water,0.009300000000000001,1.727,6930.0,4069,0.0944,,,,,2800.0
Zhao2020,Thompson,flow,water,0.009300000000000001,1.727,6930.0,4069,0.0944,,,,,2800.0
Zhao2020,Thompson,flow,water,0.009300000000000001,1.727,7000.0,4069,0.1714,,,,,2400.0
Zhao2020,Thompson,flow,water,0.0103,0.762,6890.0,3635,0.0503,,,,,3100.0
Zhao2020,Thompson,flow,water,0.0103,0.762,6890.0,3648,0.0551,,,,,3200.0
Zhao2020,Thompson,flow,water,0.0103,0.762,6890.0,3662,0.0491,,,,,3100.0
Zhao2020,Thompson,flow,water,0.0103,0.762,6890.0,3757,0.0087,,,,,3900.0
Zhao2020,Thompson,flow,water,0.0103,0.762,6890.0,3797,-0.022,,,,,4800.0
Zhao2020,Thompson,flow,water,0.0103,0.762,6890.0,3811,-0.0229,,,,,4800.0
Zhao2020,Thompson,flow,water,0.0103,0.762,6890.0,3825,0.0051,,,,,3900.0
Zhao2020,Thompson,flow,water,0.0103,0.762,6890.0,3825,0.0051,,,,,3900.0
Zhao2020,Thompson,flow,water,0.0103,0.762,6890.0,3825,0.0051,,,,,3900.0
Zhao2020,Thompson,flow,water,0.0103,0.762,6890.0,3947,-0.0259,,,,,3400.0
Zhao2020,Thompson,flow,water,0.0103,0.762,6890.0,3960,-0.0322,,,,,4800.0
Zhao2020,Thompson,flow,water,0.0103,0.762,6890.0,3987,-0.0289,,,,,4900.0
Zhao2020,Thompson,flow,water,0.0103,0.762,6890.0,3987,-0.0338,,,,,4800.0
Zhao2020,Thompson,flow,water,0.0103,0.762,6890.0,3987,-0.0338,,,,,4800.0
Zhao2020,Thompson,flow,water,0.0103,0.762,6890.0,4001,-0.0297,,,,,4900.0
Zhao2020,Thompson,flow,water,0.0103,0.762,6890.0,4042,-0.0321,,,,,4900.0
Zhao2020,Thompson,flow,water,0.0103,0.762,6890.0,4042,-0.0008,,,,,4000.0
Zhao2020,Thompson,flow,water,0.0103,0.762,6890.0,4055,-0.0329,,,,,4900.0
Zhao2020,Thompson,flow,water,0.0103,0.762,6890.0,4055,-0.0329,,,,,4900.0
Zhao2020,Thompson,flow,water,0.0103,0.762,6890.0,5425,0.0133,,,,,3600.0
Zhao2020,Thompson,flow,water,0.0103,0.762,6890.0,5425,0.0133,,,,,3600.0
Zhao2020,Thompson,flow,water,0.0103,0.762,6890.0,5438,0.013,,,,,3600.0
Zhao2020,Thompson,flow,water,0.0103,0.762,6890.0,5696,-0.0261,,,,,4900.0
Zhao2020,Thompson,flow,water,0.0103,0.762,6890.0,5696,-0.0261,,,,,4900.0
Zhao2020,Thompson,flow,water,0.0103,0.762,6890.0,5723,-0.0269,,,,,4900.0
Zhao2020,Thompson,flow,water,0.0103,0.762,6890.0,5778,-0.0251,,,,,5000.0
Zhao2020,Thompson,flow,water,0.0103,0.762,6890.0,5778,-0.0251,,,,,5000.0
Zhao2020,Thompson,flow,water,0.0103,0.762,6890.0,5818,-0.0229,,,,,5100.0
Zhao2020,Thompson,flow,water,0.0103,0.762,6890.0,5859,-0.0274,,,,,5000.0
Zhao2020,Thompson,flow,water,0.0103,0.762,6890.0,5859,-0.0375,,,,,4700.0
Zhao2020,Thompson,flow,water,0.0103,0.762,6890.0,5913,-0.0257,,,,,5100.0
Zhao2020,Thompson,flow,water,0.0103,0.762,6890.0,6049,-0.0591,,,,,6500.0
Zhao2020,Thompson,flow,water,0.0103,0.762,6890.0,6049,-0.0591,,,,,6500.0
Zhao2020,Thompson,flow,water,0.0103,0.762,6890.0,6049,-0.0591,,,,,6500.0
Zhao2020,Thompson,flow,water,0.0103,0.762,6890.0,6049,-0.0591,,,,,6500.0
Zhao2020,Thompson,flow,water,0.0103,0.762,6890.0,6062,-0.0563,,,,,6600.0
Zhao2020,Thompson,flow,water,0.0103,0.762,6890.0,6062,-0.0595,,,,,6500.0
Zhao2020,Thompson,flow,water,0.0103,0.762,6890.0,6076,-0.06,,,,,6500.0
Zhao2020,Thompson,flow,water,0.0103,0.762,6890.0,6089,-0.0573,,,,,6600.0
Zhao2020,Thompson,flow,water,0.0103,0.762,6890.0,6103,-0.0609,,,,,6500.0
Zhao2020,Thompson,flow,water,0.0103,0.762,6890.0,7202,-0.0025,,,,,4200.0
Zhao2020,Thompson,flow,water,0.0103,0.762,6890.0,7229,-0.0029,,,,,4200.0
Zhao2020,Thompson,flow,water,0.0103,0.762,6890.0,7269,-0.0035,,,,,4200.0
Zhao2020,Thompson,flow,water,0.0103,0.762,6890.0,7554,-0.0416,,,,,5900.0
Zhao2020,Thompson,flow,water,0.0103,0.762,6890.0,7554,-0.0416,,,,,5900.0
Zhao2020,Thompson,flow,water,0.0103,0.762,6890.0,7554,-0.0416,,,,,5900.0
Zhao2020,Thompson,flow,water,0.0103,0.762,6890.0,7961,-0.0825,,,,,7600.0
Zhao2020,Thompson,flow,water,0.0103,0.794,6890.0,3933,-0.0098,,,,,5000.0
Zhao2020,Thompson,flow,water,0.0103,0.794,6890.0,3933,-0.0047,,,,,5100.0
Zhao2020,Thompson,flow,water,0.0103,0.794,6890.0,4001,-0.0092,,,,,5100.0
Zhao2020,Thompson,flow,water,0.0103,0.794,6890.0,4218,-0.0225,,,,,5100.0
Zhao2020,Thompson,flow,water,0.0103,0.794,6890.0,4218,-0.0274,,,,,5000.0
Zhao2020,Thompson,flow,water,0.0103,0.794,6890.0,4286,-0.0264,,,,,5100.0
Zhao2020,Thompson,flow,water,0.0103,0.794,6890.0,4286,-0.0264,,,,,5100.0
Zhao2020,Thompson,flow,water,0.0103,0.794,6890.0,4503,-0.0427,,,,,5000.0
Zhao2020,Thompson,flow,water,0.0103,0.794,6890.0,4611,-0.0029,,,,,4400.0
Zhao2020,Thompson,flow,water,0.0103,0.794,6890.0,5181,-0.0369,,,,,5900.0
Zhao2020,Thompson,flow,water,0.0103,0.794,6890.0,5221,-0.0386,,,,,5900.0
Zhao2020,Thompson,flow,water,0.0103,0.794,6890.0,5221,-0.0386,,,,,5900.0
Zhao2020,Thompson,flow,water,0.0103,0.794,6890.0,5289,-0.0378,,,,,6000.0
Zhao2020,Thompson,flow,water,0.0103,0.794,6890.0,5371,-0.0413,,,,,6000.0
Zhao2020,Thompson,flow,water,0.0103,0.794,6890.0,5506,-0.0469,,,,,6000.0
Zhao2020,Thompson,flow,water,0.0103,0.794,6890.0,5547,-0.0522,,,,,5900.0
Zhao2020,Thompson,flow,water,0.0103,0.794,6890.0,5723,-0.0553,,,,,6000.0
Zhao2020,Thompson,flow,water,0.0103,0.794,6890.0,5859,-0.02,,,,,5100.0
Zhao2020,Thompson,flow,water,0.0103,0.794,6890.0,6117,-0.0624,,,,,6200.0
Zhao2020,Thompson,flow,water,0.0103,0.794,6890.0,6212,-0.0268,,,,,5200.0
Zhao2020,Thompson,flow,water,0.0103,0.794,6890.0,6266,-0.0283,,,,,5200.0
Zhao2020,Thompson,flow,water,0.0103,0.794,6890.0,6279,-0.0482,,,,,6800.0
Zhao2020,Thompson,flow,water,0.0103,0.794,6890.0,6347,-0.024,,,,,5400.0
Zhao2020,Thompson,flow,water,0.0103,0.794,6890.0,6551,-0.0325,,,,,5300.0
Zhao2020,Thompson,flow,water,0.0103,0.794,6890.0,6618,-0.0596,,,,,6800.0
Zhao2020,Thompson,flow,water,0.0103,0.794,6890.0,6618,-0.0534,,,,,7000.0
Zhao2020,Thompson,flow,water,0.0103,0.794,6890.0,6795,-0.062,,,,,6900.0
Zhao2020,Thompson,flow,water,0.0103,0.794,6890.0,6795,-0.059,,,,,7000.0
Zhao2020,Thompson,flow,water,0.0103,0.794,6890.0,6795,-0.059,,,,,7000.0
Zhao2020,Thompson,flow,water,0.0103,0.794,6890.0,6971,-0.0585,,,,,7200.0
Zhao2020,Thompson,flow,water,0.0103,0.794,6890.0,6971,-0.0614,,,,,7100.0
Zhao2020,Thompson,flow,water,0.0103,0.794,6890.0,6998,-0.0651,,,,,7000.0
Zhao2020,Thompson,flow,water,0.0103,0.794,6890.0,6998,-0.0622,,,,,7100.0
Zhao2020,Thompson,flow,water,0.0103,0.794,6890.0,7432,-0.0523,,,,,7900.0
Zhao2020,Thompson,flow,water,0.0103,0.794,6890.0,7690,-0.0569,,,,,8000.0
Zhao2020,Thompson,flow,water,0.0103,0.794,6890.0,7785,-0.0569,,,,,8100.0
Zhao2020,Thompson,flow,water,0.0103,0.794,6890.0,7853,-0.0417,,,,,6000.0
Zhao2020,Thompson,flow,water,0.0103,0.794,6890.0,7866,-0.0591,,,,,8100.0
Zhao2020,Thompson,flow,water,0.0103,0.794,6890.0,7934,-0.0635,,,,,8000.0
Zhao2020,Thompson,flow,water,0.0108,0.216,6930.0,1017,0.12,,,,,4700.0
Zhao2020,Thompson,flow,water,0.0108,0.216,6860.0,1031,0.0282,,,,,5300.0
Zhao2020,Thompson,flow,water,0.0108,0.216,6860.0,1031,0.0231,,,,,5200.0
Zhao2020,Thompson,flow,water,0.0108,0.216,7000.0,1017,0.1133,,,,,4600.0
Zhao2020,Thompson,flow,water,0.0108,0.216,6860.0,1858,0.0129,,,,,4700.0
Zhao2020,Thompson,flow,water,0.0108,0.216,7140.0,1858,0.0005,,,,,4700.0
Zhao2020,Thompson,flow,water,0.0108,0.216,6860.0,2034,-0.0927,,,,,5800.0
Zhao2020,Thompson,flow,water,0.0108,0.216,6860.0,2034,-0.0875,,,,,6000.0
Zhao2020,Thompson,flow,water,0.0108,0.216,6860.0,3784,-0.0478,,,,,5500.0
Zhao2020,Thompson,flow,water,0.0108,0.216,6930.0,3784,-0.0479,,,,,5500.0
Zhao2020,Thompson,flow,water,0.0108,0.216,6790.0,4014,-0.135,,,,,7700.0
Zhao2020,Thompson,flow,water,0.0108,0.216,6830.0,4014,-0.1355,,,,,7700.0
Zhao2020,Thompson,flow,water,0.0108,0.432,7030.0,1031,0.1575,,,,,3900.0
Zhao2020,Thompson,flow,water,0.0108,0.432,7140.0,1031,0.1651,,,,,4000.0
Zhao2020,Thompson,flow,water,0.0108,0.432,6790.0,1763,0.1977,,,,,3600.0
Zhao2020,Thompson,flow,water,0.0108,0.432,6790.0,1763,0.1959,,,,,3600.0
Zhao2020,Thompson,flow,water,0.0108,0.432,6790.0,1899,0.0903,,,,,3800.0
Zhao2020,Thompson,flow,water,0.0108,0.432,6860.0,1899,0.0907,,,,,3800.0
Zhao2020,Thompson,flow,water,0.0108,0.432,6720.0,2034,0.0069,,,,,4600.0
Zhao2020,Thompson,flow,water,0.0108,0.432,6720.0,2034,-0.0015,,,,,4500.0
Zhao2020,Thompson,flow,water,0.0108,0.432,6860.0,3513,0.0809,,,,,3400.0
Zhao2020,Thompson,flow,water,0.0108,0.432,6890.0,3513,0.0823,,,,,3500.0
Zhao2020,Thompson,flow,water,0.0108,0.432,6790.0,3838,-0.0188,,,,,3900.0
Zhao2020,Thompson,flow,water,0.0108,0.432,6830.0,3838,-0.0133,,,,,3900.0
Zhao2020,Thompson,flow,water,0.0108,0.432,6720.0,4001,-0.0801,,,,,5800.0
Zhao2020,Thompson,flow,water,0.0108,0.432,6790.0,4001,-0.0975,,,,,5400.0
Zhao2020,Thompson,flow,water,0.0108,0.432,6830.0,4069,0.0143,,,,,4100.0
Zhao2020,Thompson,flow,water,0.0108,0.432,6890.0,4069,0.0126,,,,,4100.0
Zhao2020,Thompson,flow,water,0.0108,0.432,6860.0,4096,-0.0492,,,,,5000.0
Zhao2020,Thompson,flow,water,0.0108,0.432,6860.0,4096,-0.044,,,,,5200.0
Zhao2020,Thompson,flow,water,0.0108,0.864,6720.0,2021,0.121,,,,,3400.0
Zhao2020,Thompson,flow,water,0.0108,0.864,7070.0,2021,0.1112,,,,,3400.0
Zhao2020,Thompson,flow,water,0.0108,0.864,6930.0,3458,0.0763,,,,,2900.0
Zhao2020,Thompson,flow,water,0.0108,0.864,7000.0,3458,0.0731,,,,,2900.0
Zhao2020,Thompson,flow,water,0.0108,0.864,6890.0,3526,0.1388,,,,,2600.0
Zhao2020,Thompson,flow,water,0.0108,0.864,7000.0,3770,0.0477,,,,,3100.0
Zhao2020,Thompson,flow,water,0.0108,0.864,7000.0,3770,0.0534,,,,,3200.0
Zhao2020,Thompson,flow,water,0.0108,0.864,6790.0,3838,0.0028,,,,,4200.0
Zhao2020,Thompson,flow,water,0.0108,0.864,6830.0,3838,0.0049,,,,,4300.0
Zhao2020,Thompson,flow,water,0.0108,0.864,6860.0,4069,0.0617,,,,,3100.0
Zhao2020,Thompson,flow,water,0.0108,0.864,6860.0,4069,-0.024,,,,,5200.0
Zhao2020,Thompson,flow,water,0.0108,0.864,6890.0,4069,0.0212,,,,,4100.0
Zhao2020,Thompson,flow,water,0.0108,0.864,6890.0,4069,0.0179,,,,,4100.0
Zhao2020,Thompson,flow,water,0.0108,0.864,6890.0,4069,-0.0138,,,,,4800.0
Zhao2020,Thompson,flow,water,0.0108,0.864,6890.0,4069,-0.0257,,,,,5200.0
Zhao2020,Thompson,flow,water,0.0108,0.864,6930.0,4069,0.0196,,,,,4100.0
Zhao2020,Thompson,flow,water,0.0108,0.864,7000.0,4069,0.0636,,,,,3200.0
Zhao2020,Thompson,flow,water,0.0108,0.864,6830.0,4096,-0.0411,,,,,5400.0
Zhao2020,Thompson,flow,water,0.0108,0.864,6960.0,4096,-0.0415,,,,,5400.0
Zhao2020,Thompson,flow,water,0.0108,0.841,6890.0,2007,0.1747,,,,,2900.0
Zhao2020,Thompson,flow,water,0.0108,0.841,6860.0,2010,0.1754,,,,,2900.0
Zhao2020,Thompson,flow,water,0.0108,0.864,6900.0,4048,0.0003,,,,,4300.0
Zhao2020,Thompson,flow,water,0.0108,0.864,6960.0,4054,0.1177,,,,,2600.0
Zhao2020,Thompson,flow,water,0.0108,0.864,6860.0,4056,0.0043,,,,,4300.0
Zhao2020,Thompson,flow,water,0.0108,0.864,7000.0,4056,0.1108,,,,,2500.0
Zhao2020,Thompson,flow,water,0.0108,0.864,7030.0,4059,0.0424,,,,,3200.0
Zhao2020,Thompson,flow,water,0.0108,0.864,7030.0,4062,0.0423,,,,,3200.0
Zhao2020,Thompson,flow,water,0.0108,1.727,6930.0,3943,0.19,,,,,2100.0
Zhao2020,Thompson,flow,water,0.0108,1.727,6620.0,4032,0.1423,,,,,2400.0
Zhao2020,Thompson,flow,water,0.0108,1.727,6860.0,4043,0.1354,,,,,2400.0
Zhao2020,Thompson,flow,water,0.0108,1.727,6930.0,4059,0.1836,,,,,2100.0
Zhao2020,Thompson,flow,water,0.0108,1.727,6830.0,4062,0.0637,,,,,2800.0
Zhao2020,Thompson,flow,water,0.0108,1.727,6930.0,4065,0.0501,,,,,2800.0
Zhao2020,Thompson,flow,water,0.0108,1.727,6930.0,4066,0.0396,,,,,2700.0
Zhao2020,Thompson,flow,water,0.0108,1.727,7080.0,4066,0.0487,,,,,2800.0
Zhao2020,Thompson,flow,water,0.0108,1.727,6720.0,4077,0.0685,,,,,2800.0
Zhao2020,Thompson,flow,water,0.0108,3.048,6890.0,4056,0.1835,,,,,2100.0
Zhao2020,Thompson,flow,water,0.0115,1.359,6890.0,4069,0.1651,,,,,2500.0
Zhao2020,Thompson,flow,water,0.0115,1.727,6890.0,4069,0.16,,,,,2300.0
Zhao2020,Thompson,flow,water,0.0115,1.727,6890.0,4069,0.1203,,,,,2400.0
Zhao2020,Thompson,flow,water,0.0115,1.727,6890.0,4069,0.0989,,,,,2700.0
Zhao2020,Thompson,flow,water,0.0115,1.727,6930.0,4069,0.1898,,,,,2200.0
Zhao2020,Thompson,flow,water,0.0115,1.727,6930.0,4069,0.0989,,,,,2700.0
Zhao2020,Thompson,flow,water,0.0115,1.727,6830.0,4069,0.1891,,,,,2200.0
Zhao2020,Thompson,flow,water,0.0115,1.727,6960.0,4069,0.1584,,,,,2300.0
Zhao2020,Thompson,flow,water,0.0115,1.727,6960.0,4069,0.1227,,,,,2400.0
Zhao2020,Thompson,flow,water,0.0115,2.007,6890.0,4069,0.1758,,,,,2200.0
Zhao2020,Thompson,flow,water,0.0115,2.007,6960.0,4069,0.1762,,,,,2200.0
Zhao2020,Thompson,flow,water,0.0115,2.007,6960.0,4069,0.1439,,,,,2300.0
Zhao2020,Thompson,flow,water,0.0115,2.007,7000.0,4069,0.1441,,,,,2300.0
Zhao2020,Thompson,flow,water,0.0124,0.61,6890.0,1465,0.0609,,,,,4200.0
Zhao2020,Thompson,flow,water,0.0124,0.61,6890.0,1492,0.1422,,,,,3800.0
Zhao2020,Thompson,flow,water,0.0124,0.61,6890.0,1546,0.0797,,,,,4000.0
Zhao2020,Thompson,flow,water,0.0124,0.61,6890.0,1668,0.0111,,,,,4400.0
Zhao2020,Thompson,flow,water,0.0124,0.61,6890.0,1668,-0.0022,,,,,4900.0
Zhao2020,Thompson,flow,water,0.0124,0.61,6890.0,2319,0.1085,,,,,3500.0
Zhao2020,Thompson,flow,water,0.0124,0.61,6890.0,2360,0.0786,,,,,3800.0
Zhao2020,Thompson,flow,water,0.0124,0.61,6890.0,2577,0.034,,,,,4300.0
Zhao2020,Thompson,flow,water,0.0124,0.61,6890.0,2712,0.0263,,,,,4300.0
Zhao2020,Thompson,flow,water,0.0124,0.61,6890.0,2726,0.0073,,,,,4500.0
Zhao2020,Thompson,flow,water,0.0124,0.61,6890.0,2645,0.003,,,,,4500.0
Zhao2020,Thompson,flow,water,0.0124,0.61,6890.0,2685,0.0151,,,,,4500.0
Zhao2020,Thompson,flow,water,0.0128,1.93,6890.0,1899,0.0841,,,,,3100.0
Zhao2020,Thompson,flow,water,0.0128,1.93,6890.0,1912,0.1144,,,,,3000.0
Zhao2020,Thompson,flow,water,0.0128,1.93,6890.0,1926,0.0803,,,,,3400.0
Zhao2020,Thompson,flow,water,0.0128,1.93,6890.0,1967,0.1203,,,,,2800.0
Zhao2020,Thompson,flow,water,0.0128,1.93,6890.0,1980,0.1517,,,,,2700.0
Zhao2020,Thompson,flow,water,0.0128,1.93,6890.0,2699,0.1915,,,,,2100.0
Zhao2020,Thompson,flow,water,0.0128,1.93,6890.0,2699,-0.0008,,,,,3800.0
Zhao2020,Thompson,flow,water,0.0128,1.93,6890.0,2699,0.0192,,,,,3600.0
Zhao2020,Thompson,flow,water,0.0128,1.93,6890.0,2699,0.0463,,,,,3000.0
Zhao2020,Thompson,flow,water,0.0128,1.93,6890.0,2712,0.1092,,,,,2500.0
Zhao2020,Thompson,flow,water,0.0128,1.93,6890.0,2740,0.1628,,,,,2400.0
Zhao2020,Thompson,flow,water,0.0128,1.93,6890.0,2740,0.0724,,,,,2700.0
Zhao2020,Thompson,flow,water,0.0128,1.93,6890.0,2740,0.0184,,,,,3200.0
Zhao2020,Thompson,flow,water,0.0128,1.93,6890.0,2767,0.1594,,,,,2400.0
Zhao2020,Thompson,flow,water,0.0128,1.93,6890.0,3730,-0.0453,,,,,4400.0
Zhao2020,Thompson,flow,water,0.0128,1.93,6890.0,3770,0.1655,,,,,2000.0
Zhao2020,Thompson,flow,water,0.0128,1.93,6890.0,3797,-0.0166,,,,,3800.0
Zhao2020,Thompson,flow,water,0.0128,1.93,6890.0,3811,0.1165,,,,,2300.0
Zhao2020,Thompson,flow,water,0.0128,1.93,6890.0,3811,0.0433,,,,,2900.0
Zhao2020,Thompson,flow,water,0.0128,1.93,6890.0,3811,0.0129,,,,,3200.0
Zhao2020,Thompson,flow,water,0.0128,1.93,6890.0,3825,0.0675,,,,,2500.0
Zhao2020,Thompson,flow,water,0.0128,1.93,6890.0,5398,-0.0166,,,,,4200.0
Zhao2020,Thompson,flow,water,0.0128,1.93,6890.0,5438,0.0645,,,,,2500.0
Zhao2020,Thompson,flow,water,0.0128,1.93,6890.0,5452,0.0027,,,,,3500.0
Zhao2020,Thompson,flow,water,0.0128,1.93,6890.0,5466,0.1128,,,,,2200.0
Zhao2020,Thompson,flow,water,0.0128,1.93,6890.0,5479,0.028,,,,,2900.0
Zhao2020,Thompson,flow,water,0.0128,1.93,6890.0,7269,0.1006,,,,,2400.0
Zhao2020,Thompson,flow,water,0.0128,1.93,6890.0,7500,0.0335,,,,,2900.0
Zhao2020,Thompson,flow,water,0.0128,1.93,6890.0,7568,0.0032,,,,,3600.0
Zhao2020,Thompson,flow,water,0.0222,0.61,6890.0,2495,0.0502,,,,,3200.0
Zhao2020,Thompson,flow,water,0.022600000000000002,0.61,6890.0,2360,-0.031,,,,,3500.0
Zhao2020,Thompson,flow,water,0.0235,0.61,6890.0,2265,0.0262,,,,,3200.0
Zhao2020,Thompson,flow,water,0.0235,0.61,6890.0,2278,0.0027,,,,,3200.0
Zhao2020,Thompson,flow,water,0.0235,0.61,6890.0,2319,-0.0134,,,,,3400.0
Zhao2020,Thompson,flow,water,0.023600000000000003,0.61,6890.0,2319,0.0065,,,,,3200.0
Zhao2020,Thompson,flow,water,0.023600000000000003,0.61,6890.0,666,0.0971,,,,,4100.0
Zhao2020,Thompson,flow,water,0.023600000000000003,0.61,6890.0,673,0.136,,,,,3900.0
Zhao2020,Thompson,flow,water,0.023600000000000003,0.61,6890.0,928,0.1352,,,,,3500.0
Zhao2020,Thompson,flow,water,0.023600000000000003,0.61,6890.0,949,0.0229,,,,,4000.0
Zhao2020,Thompson,flow,water,0.023600000000000003,0.61,6890.0,957,0.0816,,,,,3800.0
Zhao2020,Thompson,flow,water,0.023600000000000003,0.61,6890.0,959,-0.0123,,,,,4300.0
Zhao2020,Thompson,flow,water,0.023600000000000003,0.61,6890.0,968,0.1759,,,,,3300.0
Zhao2020,Thompson,flow,water,0.023600000000000003,0.61,6890.0,1339,0.0008,,,,,3800.0
Zhao2020,Thompson,flow,water,0.023600000000000003,0.61,6890.0,1354,0.0487,,,,,3600.0
Zhao2020,Thompson,flow,water,0.023600000000000003,0.61,6890.0,1356,0.1136,,,,,3200.0
Zhao2020,Thompson,flow,water,0.023600000000000003,0.61,6890.0,1370,-0.0438,,,,,4200.0
Zhao2020,Thompson,flow,water,0.023600000000000003,0.61,6890.0,1383,-0.0865,,,,,4800.0
Zhao2020,Thompson,flow,water,0.023600000000000003,0.61,6890.0,1872,-0.0962,,,,,4400.0
Zhao2020,Thompson,flow,water,0.023600000000000003,0.61,6890.0,1885,-0.0471,,,,,3800.0
Zhao2020,Thompson,flow,water,0.023600000000000003,0.61,6890.0,1912,0.0114,,,,,3400.0
Zhao2020,Thompson,flow,water,0.023600000000000003,0.61,6890.0,1912,-0.1521,,,,,4800.0
Zhao2020,Thompson,flow,water,0.023600000000000003,0.61,6890.0,1926,0.0603,,,,,3100.0
Zhao2020,Thompson,flow,water,0.023600000000000003,0.61,6890.0,2685,-0.0246,,,,,3700.0
Zhao2020,Thompson,flow,water,0.023600000000000003,0.61,6890.0,2699,0.0362,,,,,3100.0
Zhao2020,Thompson,flow,water,0.023600000000000003,0.61,6890.0,2699,-0.1859,,,,,5500.0
Zhao2020,Thompson,flow,water,0.023600000000000003,0.61,6890.0,2712,-0.0815,,,,,4300.0
Zhao2020,Thompson,flow,water,0.023600000000000003,0.61,6890.0,2740,-0.1354,,,,,5000.0
Zhao2020,Thompson,flow,water,0.023600000000000003,0.61,6890.0,3797,0.0135,,,,,3100.0
Zhao2020,Thompson,flow,water,0.023600000000000003,0.61,6890.0,3797,-0.0434,,,,,4100.0
Zhao2020,Thompson,flow,water,0.023600000000000003,0.61,6890.0,3825,-0.0969,,,,,5200.0
Zhao2020,Thompson,flow,water,0.023600000000000003,0.61,6890.0,3825,-0.1479,,,,,5900.0
Zhao2020,Thompson,flow,water,0.023600000000000003,0.61,6890.0,3852,-0.2094,,,,,6800.0
Zhao2020,Thompson,flow,water,0.023600000000000003,0.61,6890.0,5357,-0.0027,,,,,3400.0
Zhao2020,Thompson,flow,water,0.023600000000000003,0.61,6890.0,5384,-0.0629,,,,,4400.0
Zhao2020,Thompson,flow,water,0.023600000000000003,0.61,6890.0,5479,-0.11,,,,,6400.0
Zhao2020,Thompson,flow,water,0.023600000000000003,0.61,6890.0,7405,-0.1178,,,,,8000.0
Zhao2020,Thompson,flow,water,0.023600000000000003,0.61,6890.0,7473,-0.065,,,,,6300.0
Zhao2020,Thompson,flow,water,0.023600000000000003,0.61,6890.0,7486,-0.0105,,,,,4300.0
Zhao2020,Thompson,flow,water,0.023600000000000003,1.972,6890.0,1356,0.1995,,,,,2400.0
Zhao2020,Thompson,flow,water,0.023600000000000003,1.972,6890.0,1356,0.1131,,,,,2700.0
Zhao2020,Thompson,flow,water,0.023600000000000003,1.972,6890.0,1370,0.1431,,,,,2500.0
Zhao2020,Thompson,flow,water,0.023600000000000003,1.972,6890.0,1899,0.1388,,,,,2200.0
Zhao2020,Thompson,flow,water,0.023600000000000003,1.972,6890.0,1912,0.0958,,,,,2500.0
Zhao2020,Thompson,flow,water,0.023600000000000003,1.972,6890.0,1912,0.195,,,,,2100.0
Zhao2020,Thompson,flow,water,0.023600000000000003,1.972,6890.0,1912,0.195,,,,,2100.0
Zhao2020,Thompson,flow,water,0.023600000000000003,1.972,6890.0,1912,-0.0428,,,,,3500.0
Zhao2020,Thompson,flow,water,0.023600000000000003,1.972,6890.0,1926,0.1855,,,,,2100.0
Zhao2020,Thompson,flow,water,0.023600000000000003,1.972,6890.0,1926,0.0414,,,,,2600.0
Zhao2020,Thompson,flow,water,0.023600000000000003,1.972,6890.0,1926,0.0191,,,,,3000.0
Zhao2020,Thompson,flow,water,0.023600000000000003,1.972,6890.0,1926,0.0934,,,,,2200.0
Zhao2020,Thompson,flow,water,0.023600000000000003,1.972,6890.0,2699,0.0231,,,,,2600.0
Zhao2020,Thompson,flow,water,0.023600000000000003,1.972,6890.0,2699,0.1197,,,,,2000.0
Zhao2020,Thompson,flow,water,0.023600000000000003,1.972,6890.0,2712,0.1152,,,,,2000.0
Zhao2020,Thompson,flow,water,0.023600000000000003,1.972,6890.0,2712,0.0702,,,,,2300.0
Zhao2020,Thompson,flow,water,0.023600000000000003,1.972,6890.0,2712,-0.0089,,,,,3000.0
Zhao2020,Thompson,flow,water,0.023600000000000003,1.972,6890.0,2712,-0.0449,,,,,3400.0
Zhao2020,Thompson,flow,water,0.023600000000000003,1.972,6890.0,2712,0.1214,,,,,2100.0
Zhao2020,Thompson,flow,water,0.023600000000000003,1.972,6890.0,2726,0.1144,,,,,2000.0
Zhao2020,Thompson,flow,water,0.023600000000000003,1.972,6890.0,2753,0.0613,,,,,2200.0
Zhao2020,Thompson,flow,water,0.023600000000000003,1.972,6890.0,2753,-0.1036,,,,,4300.0
Zhao2020,Thompson,flow,water,0.023600000000000003,1.972,6890.0,3486,0.079,,,,,2000.0
Zhao2020,Thompson,flow,water,0.023600000000000003,1.972,6890.0,3580,0.0811,,,,,2000.0
Zhao2020,Thompson,flow,water,0.023600000000000003,1.972,6890.0,3716,0.0802,,,,,1900.0
Zhao2020,Thompson,flow,water,0.023600000000000003,1.972,6890.0,3784,0.0253,,,,,2500.0
Zhao2020,Thompson,flow,water,0.023600000000000003,1.972,6890.0,3811,0.0682,,,,,2000.0
Zhao2020,Thompson,flow,water,0.023600000000000003,1.972,6890.0,3811,-0.0101,,,,,3100.0
Zhao2020,Thompson,flow,water,0.023600000000000003,1.972,6890.0,3825,-0.0414,,,,,3700.0
Zhao2020,Thompson,flow,water,0.023600000000000003,1.972,6890.0,3825,-0.0735,,,,,4300.0
Zhao2020,Thompson,flow,water,0.023600000000000003,1.972,6890.0,5357,0.055,,,,,2400.0
Zhao2020,Thompson,flow,water,0.023600000000000003,1.972,6890.0,5411,-0.0306,,,,,3900.0
Zhao2020,Thompson,flow,water,0.023600000000000003,1.972,6890.0,5466,0.0065,,,,,3100.0
Zhao2020,Thompson,flow,water,0.023600000000000003,1.972,6890.0,5479,-0.0666,,,,,4800.0
Zhao2020,Thompson,flow,water,0.023600000000000003,1.972,6890.0,5520,-0.1099,,,,,5500.0
Zhao2020,Thompson,flow,water,0.023600000000000003,1.972,6890.0,7215,0.0404,,,,,2700.0
Zhao2020,Thompson,flow,water,0.023600000000000003,1.972,6890.0,7405,-0.0054,,,,,3800.0
Zhao2020,Thompson,flow,water,0.023600000000000003,1.972,6890.0,7514,-0.0457,,,,,4900.0
Zhao2020,Thompson,flow,water,0.0237,0.61,6890.0,2265,0.0254,,,,,3200.0
Zhao2020,Thompson,flow,water,0.0375,1.953,6890.0,678,0.2034,,,,,2900.0
Zhao2020,Thompson,flow,water,0.0375,1.953,6890.0,692,0.1484,,,,,3000.0
Zhao2020,Thompson,flow,water,0.0375,1.953,6890.0,949,0.1167,,,,,3000.0
Zhao2020,Thompson,flow,water,0.0375,1.953,6890.0,949,0.1317,,,,,2700.0
Zhao2020,Thompson,flow,water,0.0375,1.953,6890.0,949,0.1746,,,,,2500.0
Zhao2020,Thompson,flow,water,0.0375,1.953,6890.0,1316,0.1501,,,,,2400.0
Zhao2020,Thompson,flow,water,0.0375,1.953,6890.0,1343,0.0572,,,,,2900.0
Zhao2020,Thompson,flow,water,0.0375,1.953,6890.0,1343,0.099,,,,,2600.0
Zhao2020,Thompson,flow,water,0.0375,1.953,6890.0,1356,0.173,,,,,2100.0
Zhao2020,Thompson,flow,water,0.0375,1.953,6890.0,1356,-0.0303,,,,,3500.0
Zhao2020,Thompson,flow,water,0.0375,1.953,6890.0,1370,0.0211,,,,,3300.0
Zhao2020,Thompson,flow,water,0.0375,1.953,6890.0,1370,-0.0715,,,,,3800.0
Zhao2020,Thompson,flow,water,0.0375,1.953,6890.0,1383,0.0067,,,,,3300.0
Zhao2020,Thompson,flow,water,0.0375,1.953,6890.0,1885,0.0585,,,,,2500.0
Zhao2020,Thompson,flow,water,0.0375,1.953,6890.0,1885,0.0181,,,,,2800.0
Zhao2020,Thompson,flow,water,0.0375,1.953,6890.0,1899,-0.0594,,,,,3600.0
Zhao2020,Thompson,flow,water,0.0375,1.953,6890.0,1912,0.118,,,,,2300.0
Zhao2020,Thompson,flow,water,0.0375,1.953,6890.0,1912,-0.0264,,,,,3200.0
Zhao2020,Thompson,flow,water,0.0375,1.953,6890.0,1912,0.118,,,,,2300.0
Zhao2020,Thompson,flow,water,0.0375,1.953,6890.0,1912,0.118,,,,,2300.0
Zhao2020,Thompson,flow,water,0.0375,1.953,6890.0,2658,-0.1918,,,,,4900.0
Zhao2020,Thompson,flow,water,0.0375,1.953,6890.0,2672,-0.1504,,,,,4600.0
Zhao2020,Thompson,flow,water,0.0375,1.953,6890.0,2699,-0.0299,,,,,3200.0
Zhao2020,Thompson,flow,water,0.0375,1.953,6890.0,2712,-0.1138,,,,,4100.0
Zhao2020,Thompson,flow,water,0.0375,1.953,6890.0,2726,0.0648,,,,,2300.0
Zhao2020,Thompson,flow,water,0.0375,1.953,6890.0,2726,-0.0765,,,,,3600.0
Zhao2020,Thompson,flow,water,0.0375,1.953,6890.0,2740,0.0115,,,,,2700.0
Zhao2020,Thompson,flow,water,0.0375,1.953,6890.0,3784,-0.0515,,,,,3800.0
Zhao2020,Thompson,flow,water,0.0375,1.953,6890.0,3811,-0.0087,,,,,3100.0
Zhao2020,Thompson,flow,water,0.0375,1.953,6890.0,3811,-0.0943,,,,,4500.0
Zhao2020,Thompson,flow,water,0.0375,1.953,6890.0,3825,-0.1347,,,,,5200.0
Zhao2020,Thompson,flow,water,0.0375,1.953,6890.0,3838,0.0383,,,,,2500.0
Zhao2020,Thompson,flow,water,0.0375,1.953,6890.0,5371,0.0241,,,,,2800.0
Zhao2020,Thompson,flow,water,0.0375,1.953,6890.0,5425,-0.1536,,,,,6700.0
Zhao2020,Thompson,flow,water,0.0375,1.953,6890.0,5466,-0.0664,,,,,4900.0
Zhao2020,Thompson,flow,water,0.0375,1.953,6890.0,5493,-0.0229,,,,,3900.0
Zhao2020,Thompson,flow,water,0.0375,1.953,6890.0,5493,-0.109,,,,,5900.0
Zhao2020,Thompson,flow,water,0.0375,1.953,6890.0,7459,-0.032,,,,,4700.0
Zhao2020,Thompson,flow,water,0.0375,1.953,6890.0,7459,-0.0757,,,,,6000.0
Zhao2020,Thompson,flow,water,0.0375,1.953,6890.0,7514,0.0144,,,,,3300.0
Zhao2020,Thompson,flow,water,0.0115,1.524,8960.0,2034,0.1703,,,,,2500.0
Zhao2020,Thompson,flow,water,0.0115,1.524,8960.0,2034,0.1887,,,,,2100.0
Zhao2020,Thompson,flow,water,0.0115,1.524,8890.0,4069,0.115,,,,,1800.0
Zhao2020,Thompson,flow,water,0.0115,1.524,8890.0,4069,0.0787,,,,,2000.0
Zhao2020,Thompson,flow,water,0.0115,1.524,8930.0,4069,0.0656,,,,,2400.0
Zhao2020,Thompson,flow,water,0.0115,1.524,8960.0,4069,0.1113,,,,,1800.0
Zhao2020,Thompson,flow,water,0.0115,1.524,8960.0,4069,0.0886,,,,,2100.0
Zhao2020,Thompson,flow,water,0.0115,1.524,9000.0,4069,0.0637,,,,,2400.0
Zhao2020,Thompson,flow,water,0.0046,0.229,10450.0,1275,0.1874,,,,,4200.0
Zhao2020,Thompson,flow,water,0.0046,0.229,10410.0,1288,0.1244,,,,,4600.0
Zhao2020,Thompson,flow,water,0.0046,0.229,10380.0,1302,0.086,,,,,4600.0
Zhao2020,Thompson,flow,water,0.0046,0.229,10240.0,1343,0.0353,,,,,4800.0
Zhao2020,Thompson,flow,water,0.0046,0.229,10380.0,1343,0.1134,,,,,5100.0
Zhao2020,Thompson,flow,water,0.0046,0.229,10410.0,1383,0.0139,,,,,5300.0
Zhao2020,Thompson,flow,water,0.0046,0.229,10450.0,2387,0.0713,,,,,4300.0
Zhao2020,Thompson,flow,water,0.0046,0.229,10480.0,2387,0.0916,,,,,3900.0
Zhao2020,Thompson,flow,water,0.0046,0.229,10510.0,2428,0.0535,,,,,4600.0
Zhao2020,Thompson,flow,water,0.0046,0.229,10510.0,2550,0.0,,,,,5000.0
Zhao2020,Thompson,flow,water,0.0046,0.229,10510.0,2563,0.0069,,,,,6000.0
Zhao2020,Thompson,flow,water,0.0046,0.229,10570.0,2563,-0.0655,,,,,5000.0
Zhao2020,Thompson,flow,water,0.0046,0.229,10510.0,2631,-0.0881,,,,,6200.0
Zhao2020,Thompson,flow,water,0.009300000000000001,0.305,11030.0,2034,0.0428,,,,,3500.0
Zhao2020,Thompson,flow,water,0.009300000000000001,0.305,11030.0,2034,-0.0488,,,,,4500.0
Zhao2020,Thompson,flow,water,0.009300000000000001,0.762,11030.0,1017,0.1695,,,,,2800.0
Zhao2020,Thompson,flow,water,0.009300000000000001,0.762,11030.0,1017,0.1733,,,,,2800.0
Zhao2020,Thompson,flow,water,0.009300000000000001,0.762,11000.0,2034,0.141,,,,,2100.0
Zhao2020,Thompson,flow,water,0.009300000000000001,0.762,11030.0,2034,0.139,,,,,2100.0
Zhao2020,Thompson,flow,water,0.009300000000000001,0.762,11030.0,2034,0.0616,,,,,3200.0
Zhao2020,Thompson,flow,water,0.009300000000000001,0.762,11030.0,2034,-0.0232,,,,,4100.0
Zhao2020,Thompson,flow,water,0.009300000000000001,0.762,11100.0,2034,0.0557,,,,,3200.0
Zhao2020,Thompson,flow,water,0.009300000000000001,0.762,11140.0,2034,-0.0254,,,,,4100.0
Zhao2020,Thompson,flow,water,0.009300000000000001,0.762,11000.0,4069,-0.0263,,,,,5000.0
Zhao2020,Thompson,flow,water,0.009300000000000001,0.762,11000.0,4069,-0.0263,,,,,5000.0
Zhao2020,Thompson,flow,water,0.009300000000000001,0.762,11030.0,4069,0.0554,,,,,2900.0
Zhao2020,Thompson,flow,water,0.009300000000000001,0.762,11030.0,4069,0.0091,,,,,4000.0
Zhao2020,Thompson,flow,water,0.009300000000000001,0.762,11070.0,4069,0.0553,,,,,2900.0
Zhao2020,Thompson,flow,water,0.009300000000000001,0.762,11070.0,4069,0.0113,,,,,4000.0
Zhao2020,Thompson,flow,water,0.009300000000000001,1.524,11000.0,2034,0.1662,,,,,2000.0
Zhao2020,Thompson,flow,water,0.009300000000000001,1.524,11030.0,2034,0.1181,,,,,2600.0
Zhao2020,Thompson,flow,water,0.009300000000000001,1.524,11100.0,2034,0.1607,,,,,2000.0
Zhao2020,Thompson,flow,water,0.009300000000000001,1.524,10960.0,4069,0.0505,,,,,3100.0
Zhao2020,Thompson,flow,water,0.009300000000000001,1.524,11070.0,4069,0.1004,,,,,1800.0
Zhao2020,Thompson,flow,water,0.009300000000000001,1.524,11070.0,4069,0.0613,,,,,3200.0
Zhao2020,Thompson,flow,water,0.009300000000000001,1.524,11140.0,4069,0.1112,,,,,1900.0
Zhao2020,Thompson,flow,water,0.0103,0.762,10340.0,3716,-0.0207,,,,,3900.0
Zhao2020,Thompson,flow,water,0.0103,0.762,10340.0,3757,-0.0172,,,,,4000.0
Zhao2020,Thompson,flow,water,0.0103,0.762,10340.0,3797,-0.0378,,,,,3700.0
Zhao2020,Thompson,flow,water,0.0103,0.762,10340.0,3892,-0.0682,,,,,4800.0
Zhao2020,Thompson,flow,water,0.0103,0.762,10340.0,3906,-0.0633,,,,,4900.0
Zhao2020,Thompson,flow,water,0.0103,0.762,10340.0,3933,-0.0653,,,,,4900.0
Zhao2020,Thompson,flow,water,0.0103,0.762,10340.0,3947,-0.1077,,,,,5700.0
Zhao2020,Thompson,flow,water,0.0103,0.762,10340.0,3947,-0.0547,,,,,5100.0
Zhao2020,Thompson,flow,water,0.0103,0.762,10340.0,3947,-0.0721,,,,,4800.0
Zhao2020,Thompson,flow,water,0.0103,0.762,10340.0,3947,-0.0663,,,,,4900.0
Zhao2020,Thompson,flow,water,0.0103,0.762,10340.0,3960,-0.103,,,,,5800.0
Zhao2020,Thompson,flow,water,0.0103,0.762,10340.0,3960,-0.1088,,,,,5700.0
Zhao2020,Thompson,flow,water,0.0103,0.762,10340.0,3960,-0.0557,,,,,5100.0
Zhao2020,Thompson,flow,water,0.0103,0.762,10340.0,3960,-0.0557,,,,,5100.0
Zhao2020,Thompson,flow,water,0.0103,0.762,10340.0,3960,-0.073,,,,,4800.0
Zhao2020,Thompson,flow,water,0.0103,0.762,10340.0,3974,-0.1042,,,,,5800.0
Zhao2020,Thompson,flow,water,0.0103,0.762,10340.0,4774,-0.1125,,,,,6800.0
Zhao2020,Thompson,flow,water,0.0103,0.762,10340.0,4815,-0.12,,,,,6700.0
Zhao2020,Thompson,flow,water,0.0103,0.762,10340.0,4815,-0.1248,,,,,6600.0
Zhao2020,Thompson,flow,water,0.0103,0.762,10340.0,4828,-0.1209,,,,,6700.0
Zhao2020,Thompson,flow,water,0.0103,0.762,10340.0,4828,-0.1162,,,,,6800.0
Zhao2020,Thompson,flow,water,0.0103,0.762,10340.0,4842,-0.1171,,,,,6800.0
Zhao2020,Thompson,flow,water,0.0103,0.762,10340.0,4842,-0.1218,,,,,6700.0
Zhao2020,Thompson,flow,water,0.0103,0.762,10340.0,4842,-0.1218,,,,,6700.0
Zhao2020,Thompson,flow,water,0.0103,0.762,10340.0,4842,-0.1171,,,,,6800.0
Zhao2020,Thompson,flow,water,0.0103,0.762,10340.0,4842,-0.1265,,,,,6600.0
Zhao2020,Thompson,flow,water,0.0103,0.762,10340.0,4855,-0.118,,,,,6800.0
Zhao2020,Thompson,flow,water,0.0103,0.762,10340.0,4855,-0.1227,,,,,6700.0
Zhao2020,Thompson,flow,water,0.0103,0.762,10340.0,4855,-0.1227,,,,,6700.0
Zhao2020,Thompson,flow,water,0.0103,0.762,10340.0,4882,-0.1338,,,,,6500.0
Zhao2020,Thompson,flow,water,0.0103,0.762,10340.0,4896,-0.1253,,,,,6700.0
Zhao2020,Thompson,flow,water,0.0103,0.762,10340.0,5547,-0.0504,,,,,5100.0
Zhao2020,Thompson,flow,water,0.0103,0.762,10340.0,5601,-0.0483,,,,,5200.0
Zhao2020,Thompson,flow,water,0.0103,0.762,10340.0,5696,-0.0518,,,,,5200.0
Zhao2020,Thompson,flow,water,0.0103,0.762,10340.0,5832,-0.0953,,,,,6500.0
Zhao2020,Thompson,flow,water,0.0103,0.762,10340.0,5832,-0.0992,,,,,6400.0
Zhao2020,Thompson,flow,water,0.0103,0.762,10340.0,5845,-0.0997,,,,,6400.0
Zhao2020,Thompson,flow,water,0.0103,0.762,10340.0,5913,-0.0987,,,,,6500.0
Zhao2020,Thompson,flow,water,0.0103,0.762,10340.0,5940,-0.1491,,,,,7500.0
Zhao2020,Thompson,flow,water,0.0103,0.762,10340.0,5967,-0.1428,,,,,7700.0
Zhao2020,Thompson,flow,water,0.0103,0.762,10340.0,5967,-0.1428,,,,,7700.0
Zhao2020,Thompson,flow,water,0.0103,0.762,10340.0,5995,-0.1403,,,,,7800.0
Zhao2020,Thompson,flow,water,0.0103,0.762,10340.0,6008,-0.1486,,,,,7600.0
Zhao2020,Thompson,flow,water,0.0103,0.762,10340.0,6035,-0.0925,,,,,6800.0
Zhao2020,Thompson,flow,water,0.0103,0.762,10340.0,6049,-0.0931,,,,,6800.0
Zhao2020,Thompson,flow,water,0.0103,0.762,10340.0,7351,-0.0677,,,,,6200.0
Zhao2020,Thompson,flow,water,0.0103,0.762,10340.0,7378,-0.0684,,,,,6200.0
Zhao2020,Thompson,flow,water,0.0103,0.762,10340.0,7432,-0.0698,,,,,6200.0
Zhao2020,Thompson,flow,water,0.0103,0.762,10340.0,7717,-0.1189,,,,,7800.0
Zhao2020,Thompson,flow,water,0.0103,0.762,10340.0,7731,-0.1223,,,,,7700.0
Zhao2020,Thompson,flow,water,0.0103,0.762,10340.0,7866,-0.1703,,,,,9200.0
Zhao2020,Thompson,flow,water,0.0103,0.762,10340.0,7880,-0.1179,,,,,8000.0
Zhao2020,Thompson,flow,water,0.0103,0.762,10340.0,7880,-0.1179,,,,,8000.0
Zhao2020,Thompson,flow,water,0.0103,0.762,10340.0,7880,-0.1208,,,,,7900.0
Zhao2020,Thompson,flow,water,0.0103,0.762,10340.0,7893,-0.1684,,,,,9300.0
Zhao2020,Thompson,flow,water,0.0103,0.762,10340.0,7893,-0.1713,,,,,9200.0
Zhao2020,Thompson,flow,water,0.0103,0.762,10340.0,7907,-0.1688,,,,,9300.0
Zhao2020,Thompson,flow,water,0.0103,0.762,10340.0,7920,-0.1981,,,,,8300.0
Zhao2020,Thompson,flow,water,0.0115,0.914,11030.0,2034,0.1309,,,,,2100.0
Zhao2020,Thompson,flow,water,0.0115,0.914,11030.0,2034,0.1184,,,,,2000.0
Zhao2020,Thompson,flow,water,0.0115,0.914,11000.0,2034,0.0577,,,,,2900.0
Zhao2020,Thompson,flow,water,0.0115,0.914,11000.0,2034,0.0577,,,,,2900.0
Zhao2020,Thompson,flow,water,0.0115,0.914,11000.0,2034,0.0783,,,,,2600.0
Zhao2020,Thompson,flow,water,0.0115,0.914,11000.0,2034,0.0783,,,,,2600.0
Zhao2020,Thompson,flow,water,0.0115,0.914,11100.0,3391,0.0613,,,,,2600.0
Zhao2020,Thompson,flow,water,0.0115,0.914,11100.0,3391,0.0585,,,,,2500.0
Zhao2020,Thompson,flow,water,0.0115,0.914,11070.0,3391,0.0369,,,,,3000.0
Zhao2020,Thompson,flow,water,0.0115,0.914,11030.0,3391,0.0854,,,,,2100.0
Zhao2020,Thompson,flow,water,0.0115,0.914,11030.0,3391,0.0854,,,,,2100.0
Zhao2020,Thompson,flow,water,0.0115,0.914,11000.0,3391,0.0393,,,,,3000.0
Zhao2020,Thompson,flow,water,0.0115,0.914,11000.0,3391,0.0849,,,,,2100.0
Zhao2020,Thompson,flow,water,0.0115,0.914,11030.0,4069,0.0436,,,,,2800.0
Zhao2020,Thompson,flow,water,0.0115,0.914,11070.0,4069,0.0498,,,,,2900.0
Zhao2020,Thompson,flow,water,0.0115,0.914,11100.0,4123,0.0716,,,,,2200.0
Zhao2020,Thompson,flow,water,0.0115,0.914,11030.0,4123,0.0649,,,,,2100.0
Zhao2020,Thompson,flow,water,0.0115,1.143,11030.0,2021,0.1197,,,,,2300.0
Zhao2020,Thompson,flow,water,0.0115,1.143,11030.0,2021,0.1197,,,,,2300.0
Zhao2020,Thompson,flow,water,0.0115,1.143,11000.0,2021,0.1536,,,,,1800.0
Zhao2020,Thompson,flow,water,0.0115,1.143,11030.0,2021,0.1515,,,,,1800.0
Zhao2020,Thompson,flow,water,0.0115,1.143,11030.0,2034,0.0869,,,,,2800.0
Zhao2020,Thompson,flow,water,0.0115,1.143,11000.0,2034,0.0888,,,,,2800.0
Zhao2020,Thompson,flow,water,0.0115,1.143,11070.0,3391,0.0582,,,,,2700.0
Zhao2020,Thompson,flow,water,0.0115,1.143,11030.0,3391,0.099,,,,,1800.0
Zhao2020,Thompson,flow,water,0.0115,1.143,11030.0,3391,0.099,,,,,1800.0
Zhao2020,Thompson,flow,water,0.0115,1.143,11030.0,3391,0.0583,,,,,2700.0
Zhao2020,Thompson,flow,water,0.0115,1.143,11070.0,3404,0.0766,,,,,2200.0
Zhao2020,Thompson,flow,water,0.0115,1.143,11000.0,3404,0.0788,,,,,2200.0
Zhao2020,Thompson,flow,water,0.0115,1.143,11100.0,4055,0.0442,,,,,2900.0
Zhao2020,Thompson,flow,water,0.0115,1.143,11030.0,4055,0.0461,,,,,2900.0
Zhao2020,Thompson,flow,water,0.0115,1.143,11070.0,4069,0.0639,,,,,2500.0
Zhao2020,Thompson,flow,water,0.0115,1.143,11070.0,4069,0.0639,,,,,2500.0
Zhao2020,Thompson,flow,water,0.0115,1.524,11070.0,1356,0.204,,,,,2400.0
Zhao2020,Thompson,flow,water,0.0115,1.524,11000.0,1356,0.1742,,,,,2300.0
Zhao2020,Thompson,flow,water,0.0115,1.524,10960.0,2672,0.0878,,,,,2700.0
Zhao2020,Thompson,flow,water,0.0115,1.524,11030.0,2672,0.0839,,,,,2700.0
Zhao2020,Thompson,flow,water,0.0115,1.524,11030.0,2712,0.1018,,,,,2200.0
Zhao2020,Thompson,flow,water,0.0115,1.524,11100.0,2712,0.0997,,,,,2200.0
Zhao2020,Thompson,flow,water,0.0115,1.524,10930.0,2712,0.1455,,,,,1700.0
Zhao2020,Thompson,flow,water,0.0115,1.524,10960.0,2712,0.1455,,,,,1700.0
Zhao2020,Thompson,flow,water,0.0115,1.524,11000.0,4069,0.0598,,,,,2400.0
Zhao2020,Thompson,flow,water,0.0115,1.524,11030.0,4069,0.0498,,,,,2800.0
Zhao2020,Thompson,flow,water,0.0115,1.524,11030.0,4069,0.0597,,,,,2400.0
Zhao2020,Thompson,flow,water,0.0115,1.524,11070.0,4069,0.0769,,,,,2000.0
Zhao2020,Thompson,flow,water,0.0115,1.524,11100.0,4069,0.0475,,,,,2800.0
Zhao2020,Thompson,flow,water,0.0115,1.524,11140.0,4069,0.0747,,,,,2000.0
Zhao2020,Thompson,flow,water,0.0019,0.152,12070.0,2306,-0.0229,,,,,3200.0
Zhao2020,Thompson,flow,water,0.0019,0.152,12070.0,2360,-0.0258,,,,,3400.0
Zhao2020,Thompson,flow,water,0.0019,0.152,12070.0,2373,-0.0198,,,,,4000.0
Zhao2020,Thompson,flow,water,0.0019,0.152,12070.0,2428,-0.025,,,,,4100.0
Zhao2020,Thompson,flow,water,0.0019,0.152,12070.0,2509,-0.0466,,,,,5100.0
Zhao2020,Thompson,flow,water,0.0019,0.152,12070.0,2509,-0.0444,,,,,5100.0
Zhao2020,Thompson,flow,water,0.0019,0.152,12070.0,2563,-0.0364,,,,,4600.0
Zhao2020,Thompson,flow,water,0.0019,0.152,12070.0,2577,-0.0515,,,,,4000.0
Zhao2020,Thompson,flow,water,0.0019,0.152,12070.0,2590,-0.0518,,,,,4500.0
Zhao2020,Thompson,flow,water,0.0019,0.152,12070.0,2590,-0.0536,,,,,4000.0
Zhao2020,Thompson,flow,water,0.0019,0.152,12070.0,3201,-0.0531,,,,,6600.0
Zhao2020,Thompson,flow,water,0.0019,0.152,12070.0,3201,-0.0404,,,,,5200.0
Zhao2020,Thompson,flow,water,0.0019,0.152,12070.0,3201,-0.0296,,,,,5400.0
Zhao2020,Thompson,flow,water,0.0019,0.152,12070.0,3201,0.0062,,,,,4000.0
Zhao2020,Thompson,flow,water,0.0019,0.152,12070.0,3214,-0.0296,,,,,5400.0
Zhao2020,Thompson,flow,water,0.0019,0.152,12070.0,3255,-0.0458,,,,,6600.0
Zhao2020,Thompson,flow,water,0.0019,0.152,12070.0,3296,-0.0191,,,,,4000.0
Zhao2020,Thompson,flow,water,0.0019,0.152,12070.0,3811,-0.0039,,,,,4100.0
Zhao2020,Thompson,flow,water,0.0019,0.152,12070.0,4042,-0.0058,,,,,4700.0
Zhao2020,Thompson,flow,water,0.0019,0.152,12070.0,4042,0.0141,,,,,5200.0
Zhao2020,Thompson,flow,water,0.0019,0.152,12070.0,4082,-0.0202,,,,,4700.0
Zhao2020,Thompson,flow,water,0.0019,0.696,12070.0,2326,-0.0443,,,,,2100.0
Zhao2020,Thompson,flow,water,0.0019,0.696,12070.0,2455,-0.0564,,,,,2200.0
Zhao2020,Thompson,flow,water,0.0019,0.696,12070.0,2740,-0.0266,,,,,2500.0
Zhao2020,Thompson,flow,water,0.0019,0.696,12070.0,2835,-0.074,,,,,2500.0
Zhao2020,Thompson,flow,water,0.0019,0.696,12070.0,3296,-0.0408,,,,,3000.0
Zhao2020,Thompson,flow,water,0.0019,0.696,12070.0,3472,-0.0719,,,,,3100.0
Zhao2020,Thompson,flow,water,0.0019,0.696,12070.0,4001,-0.0442,,,,,3600.0
Zhao2020,Thompson,flow,water,0.0019,0.696,12070.0,4028,-0.0305,,,,,3700.0
Zhao2020,Thompson,flow,water,0.0019,0.696,12070.0,4109,-0.0511,,,,,3700.0
Zhao2020,Thompson,flow,water,0.0198,0.457,12340.0,542,0.1617,,,,,1800.0
Zhao2020,Thompson,flow,water,0.0198,0.457,12380.0,542,0.1619,,,,,1800.0
Zhao2020,Thompson,flow,water,0.0198,0.61,12410.0,542,0.1959,,,,,1800.0
Zhao2020,Thompson,flow,water,0.0198,0.61,12410.0,542,0.1959,,,,,1800.0
Zhao2020,Thompson,flow,water,0.0198,0.61,12410.0,542,0.1725,,,,,2000.0
Zhao2020,Thompson,flow,water,0.0198,0.61,12410.0,542,0.1725,,,,,2000.0
Zhao2020,Thompson,flow,water,0.0198,0.61,12450.0,542,0.1748,,,,,2100.0
Zhao2020,Thompson,flow,water,0.0019,0.152,13790.0,2197,-0.0195,,,,,3200.0
Zhao2020,Thompson,flow,water,0.0019,0.152,13790.0,2224,-0.0358,,,,,3300.0
Zhao2020,Thompson,flow,water,0.0019,0.152,13790.0,2251,-0.0335,,,,,3900.0
Zhao2020,Thompson,flow,water,0.0019,0.152,13790.0,2306,-0.0504,,,,,3900.0
Zhao2020,Thompson,flow,water,0.0019,0.152,13790.0,2387,-0.0537,,,,,5100.0
Zhao2020,Thompson,flow,water,0.0019,0.152,13790.0,2401,-0.0574,,,,,5100.0
Zhao2020,Thompson,flow,water,0.0019,0.152,13790.0,2428,-0.0412,,,,,4600.0
Zhao2020,Thompson,flow,water,0.0019,0.152,13790.0,2428,-0.0321,,,,,4600.0
Zhao2020,Thompson,flow,water,0.0019,0.152,13790.0,2441,-0.0546,,,,,4000.0
Zhao2020,Thompson,flow,water,0.0019,0.152,13790.0,2455,-0.0594,,,,,4000.0
Zhao2020,Thompson,flow,water,0.0019,0.152,13790.0,3038,-0.032,,,,,5400.0
Zhao2020,Thompson,flow,water,0.0019,0.152,13790.0,3119,-0.073,,,,,6700.0
Zhao2020,Thompson,flow,water,0.0019,0.152,13790.0,3119,-0.0331,,,,,5700.0
Zhao2020,Thompson,flow,water,0.0019,0.152,13790.0,3119,-0.05,,,,,5500.0
Zhao2020,Thompson,flow,water,0.0019,0.152,13790.0,3133,-0.0664,,,,,6800.0
Zhao2020,Thompson,flow,water,0.0019,0.152,13790.0,3146,-0.0238,,,,,4200.0
Zhao2020,Thompson,flow,water,0.0019,0.152,13790.0,3146,-0.0298,,,,,3900.0
Zhao2020,Thompson,flow,water,0.0019,0.152,13790.0,3635,0.0001,,,,,4400.0
Zhao2020,Thompson,flow,water,0.0019,0.152,13790.0,3852,-0.0148,,,,,4900.0
Zhao2020,Thompson,flow,water,0.0019,0.152,13790.0,3906,-0.0254,,,,,4900.0
Zhao2020,Thompson,flow,water,0.0019,0.152,13790.0,3920,-0.0134,,,,,5400.0
Zhao2020,Thompson,flow,water,0.0019,0.696,13790.0,2265,-0.0779,,,,,2100.0
Zhao2020,Thompson,flow,water,0.0019,0.696,13790.0,2292,-0.0992,,,,,2100.0
Zhao2020,Thompson,flow,water,0.0019,0.696,13790.0,2604,-0.0313,,,,,2500.0
Zhao2020,Thompson,flow,water,0.0019,0.696,13790.0,2699,-0.0833,,,,,2500.0
Zhao2020,Thompson,flow,water,0.0019,0.696,13790.0,3174,-0.0577,,,,,3000.0
Zhao2020,Thompson,flow,water,0.0019,0.696,13790.0,3282,-0.0669,,,,,3100.0
Zhao2020,Thompson,flow,water,0.0019,0.696,13790.0,3838,-0.059,,,,,3600.0
Zhao2020,Thompson,flow,water,0.0019,0.696,13790.0,3920,-0.0571,,,,,3700.0
Zhao2020,Thompson,flow,water,0.0019,0.696,13790.0,3933,-0.0659,,,,,3700.0
Zhao2020,Thompson,flow,water,0.0036,0.076,13790.0,1600,0.0776,,,,,3900.0
Zhao2020,Thompson,flow,water,0.0036,0.076,13790.0,2102,-0.1438,,,,,7000.0
Zhao2020,Thompson,flow,water,0.0036,0.076,13790.0,2306,-0.3339,,,,,9000.0
Zhao2020,Thompson,flow,water,0.0036,0.076,13790.0,2428,-0.0455,,,,,3800.0
Zhao2020,Thompson,flow,water,0.0036,0.076,13790.0,2712,-0.2536,,,,,6600.0
Zhao2020,Thompson,flow,water,0.0036,0.076,13790.0,3933,0.0415,,,,,3900.0
Zhao2020,Thompson,flow,water,0.0036,0.076,13790.0,5181,-0.4061,,,,,13000.0
Zhao2020,Thompson,flow,water,0.0036,0.076,13790.0,5791,0.0136,,,,,5000.0
Zhao2020,Thompson,flow,water,0.0036,0.076,13790.0,7093,0.0647,,,,,6000.0
Zhao2020,Thompson,flow,water,0.0036,0.076,13790.0,7636,-0.2488,,,,,12700.0
Zhao2020,Thompson,flow,water,0.0036,0.076,13790.0,7717,-0.1335,,,,,7700.0
Zhao2020,Thompson,flow,water,0.0046,0.295,13790.0,2523,0.1538,,,,,2100.0
Zhao2020,Thompson,flow,water,0.0046,0.295,13790.0,2523,0.15,,,,,2100.0
Zhao2020,Thompson,flow,water,0.0046,0.295,13790.0,2563,0.1036,,,,,2100.0
Zhao2020,Thompson,flow,water,0.0046,0.295,13790.0,2753,0.1373,,,,,2100.0
Zhao2020,Thompson,flow,water,0.0046,0.295,13790.0,3404,0.0625,,,,,2200.0
Zhao2020,Thompson,flow,water,0.0046,0.295,13790.0,3404,0.0787,,,,,1700.0
Zhao2020,Thompson,flow,water,0.0046,0.295,13790.0,3404,0.0748,,,,,1700.0
Zhao2020,Thompson,flow,water,0.0046,0.295,13790.0,3404,0.1074,,,,,2700.0
Zhao2020,Thompson,flow,water,0.0046,0.295,13790.0,3445,0.0922,,,,,2700.0
Zhao2020,Thompson,flow,water,0.0046,0.295,13790.0,3445,0.0887,,,,,2700.0
Zhao2020,Thompson,flow,water,0.0046,0.295,13790.0,3445,0.0705,,,,,2100.0
Zhao2020,Thompson,flow,water,0.0046,0.295,13790.0,3445,0.0669,,,,,2100.0
Zhao2020,Thompson,flow,water,0.0046,0.295,13790.0,3445,0.0639,,,,,2100.0
Zhao2020,Thompson,flow,water,0.0046,0.295,13790.0,3486,0.073,,,,,3100.0
Zhao2020,Thompson,flow,water,0.0046,0.295,13790.0,3486,0.067,,,,,3100.0
Zhao2020,Thompson,flow,water,0.0046,0.295,13790.0,3486,0.0705,,,,,3200.0
Zhao2020,Thompson,flow,water,0.0046,0.295,13790.0,3526,0.0646,,,,,3100.0
Zhao2020,Thompson,flow,water,0.0046,0.295,13790.0,3635,0.0961,,,,,2200.0
Zhao2020,Thompson,flow,water,0.0046,0.295,13790.0,3635,0.1026,,,,,2300.0
Zhao2020,Thompson,flow,water,0.0046,0.295,13790.0,3675,0.1043,,,,,2400.0
Zhao2020,Thompson,flow,water,0.0046,0.295,13790.0,3716,0.0885,,,,,2500.0
Zhao2020,Thompson,flow,water,0.0046,0.295,13790.0,3906,0.0711,,,,,2500.0
Zhao2020,Thompson,flow,water,0.0046,0.295,13790.0,3947,0.072,,,,,2600.0
Zhao2020,Thompson,flow,water,0.0046,0.295,13790.0,3987,0.1198,,,,,2200.0
Zhao2020,Thompson,flow,water,0.0046,0.295,13790.0,3987,0.0734,,,,,2700.0
Zhao2020,Thompson,flow,water,0.0046,0.295,13790.0,4014,0.0797,,,,,2500.0
Zhao2020,Thompson,flow,water,0.0046,0.295,13790.0,4069,0.0903,,,,,2600.0
Zhao2020,Thompson,flow,water,0.0046,0.295,13790.0,4069,0.0872,,,,,2600.0
Zhao2020,Thompson,flow,water,0.0046,0.295,13790.0,4069,0.0863,,,,,2700.0
Zhao2020,Thompson,flow,water,0.0046,0.295,13790.0,4096,0.0672,,,,,3000.0
Zhao2020,Thompson,flow,water,0.0046,0.295,13790.0,4136,0.0684,,,,,3000.0
Zhao2020,Thompson,flow,water,0.0046,0.295,13790.0,4136,0.0684,,,,,3000.0
Zhao2020,Thompson,flow,water,0.0046,0.295,13790.0,4136,0.0459,,,,,3100.0
Zhao2020,Thompson,flow,water,0.0046,0.295,13790.0,4204,0.0514,,,,,3200.0
Zhao2020,Thompson,flow,water,0.0046,0.295,13790.0,4367,0.0157,,,,,3600.0
Zhao2020,Thompson,flow,water,0.0046,0.295,13790.0,4367,0.018,,,,,3700.0
Zhao2020,Thompson,flow,water,0.0046,0.295,13790.0,4476,0.0257,,,,,3600.0
Zhao2020,Thompson,flow,water,0.0046,0.295,13790.0,4855,0.014,,,,,3600.0
Zhao2020,Thompson,flow,water,0.0046,0.295,13790.0,4855,0.0108,,,,,3600.0
Zhao2020,Thompson,flow,water,0.0046,0.295,13790.0,4977,0.0183,,,,,3600.0
Zhao2020,Thompson,flow,water,0.0047,0.305,13790.0,639,0.1789,,,,,2200.0
Zhao2020,Thompson,flow,water,0.0047,0.305,13790.0,838,0.0821,,,,,2500.0
Zhao2020,Thompson,flow,water,0.0047,0.305,13790.0,1094,0.1351,,,,,2500.0
Zhao2020,Thompson,flow,water,0.0047,0.305,13790.0,1302,-0.0232,,,,,3300.0
Zhao2020,Thompson,flow,water,0.0047,0.305,13790.0,1397,0.0674,,,,,2700.0
Zhao2020,Thompson,flow,water,0.0047,0.305,13790.0,1410,-0.0412,,,,,3400.0
Zhao2020,Thompson,flow,water,0.0047,0.305,13790.0,1424,0.1125,,,,,2500.0
Zhao2020,Thompson,flow,water,0.0047,0.305,13790.0,1462,0.2027,,,,,2000.0
Zhao2020,Thompson,flow,water,0.0047,0.305,13790.0,1482,0.0682,,,,,2900.0
Zhao2020,Thompson,flow,water,0.0047,0.305,13790.0,1533,0.1692,,,,,2000.0
Zhao2020,Thompson,flow,water,0.0047,0.305,13790.0,2075,-0.1297,,,,,4200.0
Zhao2020,Thompson,flow,water,0.0047,0.305,13790.0,2143,0.1331,,,,,2200.0
Zhao2020,Thompson,flow,water,0.0047,0.305,13790.0,2156,-0.0069,,,,,3500.0
Zhao2020,Thompson,flow,water,0.0047,0.305,13790.0,2740,-0.1534,,,,,5200.0
Zhao2020,Thompson,flow,water,0.0047,0.305,13790.0,2760,0.0496,,,,,2900.0
Zhao2020,Thompson,flow,water,0.0047,0.305,13790.0,2760,-0.0313,,,,,4200.0
Zhao2020,Thompson,flow,water,0.0047,0.305,13790.0,2760,-0.034,,,,,4200.0
Zhao2020,Thompson,flow,water,0.0047,0.305,13790.0,2767,-0.0322,,,,,4200.0
Zhao2020,Thompson,flow,water,0.0047,0.305,13790.0,2780,-0.034,,,,,4200.0
Zhao2020,Thompson,flow,water,0.0047,0.305,13790.0,2794,-0.0367,,,,,4100.0
Zhao2020,Thompson,flow,water,0.0047,0.305,13790.0,2794,-0.0358,,,,,4200.0
Zhao2020,Thompson,flow,water,0.0047,0.305,13790.0,2798,-0.0349,,,,,4300.0
Zhao2020,Thompson,flow,water,0.0047,0.305,13790.0,2798,-0.0277,,,,,4300.0
Zhao2020,Thompson,flow,water,0.0047,0.305,13790.0,2821,-0.0356,,,,,4300.0
Zhao2020,Thompson,flow,water,0.0047,0.305,13790.0,2835,-0.0424,,,,,4300.0
Zhao2020,Thompson,flow,water,0.0047,0.305,13790.0,3418,-0.1892,,,,,6200.0
Zhao2020,Thompson,flow,water,0.0047,0.305,13790.0,3452,-0.0595,,,,,4700.0
Zhao2020,Thompson,flow,water,0.0047,0.305,13790.0,3580,0.0827,,,,,3200.0
Zhao2020,Thompson,flow,water,0.0047,0.305,13790.0,4069,-0.0809,,,,,5000.0
Zhao2020,Thompson,flow,water,0.0047,0.305,13790.0,4109,-0.1961,,,,,7300.0
Zhao2020,Thompson,flow,water,0.0047,0.305,13790.0,4164,0.0468,,,,,3100.0
Zhao2020,Thompson,flow,water,0.0047,0.305,13790.0,4774,-0.072,,,,,5900.0
Zhao2020,Thompson,flow,water,0.0047,0.305,13790.0,4774,0.0441,,,,,3200.0
Zhao2020,Thompson,flow,water,0.0047,0.305,13790.0,5696,-0.2247,,,,,9000.0
Zhao2020,Thompson,flow,water,0.0047,0.318,13790.0,746,0.0782,,,,,1200.0
Zhao2020,Thompson,flow,water,0.0047,0.318,13790.0,783,-0.1821,,,,,3200.0
Zhao2020,Thompson,flow,water,0.0047,0.318,13790.0,852,0.1433,,,,,1600.0
Zhao2020,Thompson,flow,water,0.0047,0.318,13790.0,903,0.1065,,,,,1600.0
Zhao2020,Thompson,flow,water,0.0047,0.318,13790.0,974,0.1453,,,,,1600.0
Zhao2020,Thompson,flow,water,0.0047,0.318,13790.0,1020,-0.082,,,,,2100.0
Zhao2020,Thompson,flow,water,0.0047,0.318,13790.0,1062,0.0742,,,,,1900.0
Zhao2020,Thompson,flow,water,0.0047,0.318,13790.0,1063,0.0001,,,,,3200.0
Zhao2020,Thompson,flow,water,0.0047,0.318,13790.0,1078,-0.0083,,,,,2200.0
Zhao2020,Thompson,flow,water,0.0047,0.318,13790.0,1085,-0.112,,,,,2400.0
Zhao2020,Thompson,flow,water,0.0047,0.318,13790.0,1085,0.0648,,,,,2000.0
Zhao2020,Thompson,flow,water,0.0047,0.318,13790.0,1214,-0.3476,,,,,4600.0
Zhao2020,Thompson,flow,water,0.0047,0.318,13790.0,1217,-0.2744,,,,,4600.0
Zhao2020,Thompson,flow,water,0.0047,0.318,13790.0,1302,-0.1239,,,,,3300.0
Zhao2020,Thompson,flow,water,0.0047,0.318,13790.0,1397,0.1418,,,,,2300.0
Zhao2020,Thompson,flow,water,0.0047,0.318,13790.0,1533,0.1863,,,,,3600.0
Zhao2020,Thompson,flow,water,0.0047,0.318,13790.0,1641,0.0789,,,,,3100.0
Zhao2020,Thompson,flow,water,0.0047,0.318,13790.0,1695,-0.0535,,,,,3000.0
Zhao2020,Thompson,flow,water,0.0047,0.318,13790.0,1709,0.0833,,,,,2800.0
Zhao2020,Thompson,flow,water,0.0047,0.318,13790.0,1804,-0.0858,,,,,3200.0
Zhao2020,Thompson,flow,water,0.0047,0.318,13790.0,1831,-0.1076,,,,,3900.0
Zhao2020,Thompson,flow,water,0.0047,0.318,13790.0,1872,-0.3206,,,,,5300.0
Zhao2020,Thompson,flow,water,0.0047,0.318,13790.0,1872,-0.141,,,,,4700.0
Zhao2020,Thompson,flow,water,0.0047,0.318,13790.0,1899,-0.0833,,,,,3900.0
Zhao2020,Thompson,flow,water,0.0047,0.318,13790.0,1967,-0.1153,,,,,4200.0
Zhao2020,Thompson,flow,water,0.0047,0.318,13790.0,2048,-0.3209,,,,,6400.0
Zhao2020,Thompson,flow,water,0.0047,0.318,13790.0,2482,0.1853,,,,,2200.0
Zhao2020,Thompson,flow,water,0.0047,0.318,13790.0,2550,0.186,,,,,2300.0
Zhao2020,Thompson,flow,water,0.0047,0.318,13790.0,2699,0.1274,,,,,2700.0
Zhao2020,Thompson,flow,water,0.0047,0.318,13790.0,2753,0.1225,,,,,2700.0
Zhao2020,Thompson,flow,water,0.0047,0.318,13790.0,2862,0.0576,,,,,3700.0
Zhao2020,Thompson,flow,water,0.0047,0.318,13790.0,2862,0.0798,,,,,3100.0
Zhao2020,Thompson,flow,water,0.0047,0.318,13790.0,2862,0.0854,,,,,3200.0
Zhao2020,Thompson,flow,water,0.0047,0.318,13790.0,3038,0.0196,,,,,4300.0
Zhao2020,Thompson,flow,water,0.0047,0.318,13790.0,3241,-0.0105,,,,,5000.0
Zhao2020,Thompson,flow,water,0.0047,0.318,13790.0,3255,-0.0863,,,,,4100.0
Zhao2020,Thompson,flow,water,0.0047,0.318,13790.0,3391,-0.1386,,,,,5300.0
Zhao2020,Thompson,flow,water,0.0047,0.318,13790.0,3391,-0.0224,,,,,5300.0
Zhao2020,Thompson,flow,water,0.0047,0.318,13790.0,3404,-0.1709,,,,,5800.0
Zhao2020,Thompson,flow,water,0.0047,0.318,13790.0,3404,-0.0532,,,,,5800.0
Zhao2020,Thompson,flow,water,0.0047,0.318,13790.0,3458,-0.0541,,,,,4800.0
Zhao2020,Thompson,flow,water,0.0047,0.318,13790.0,3472,-0.1261,,,,,5700.0
Zhao2020,Thompson,flow,water,0.0047,0.318,13790.0,3594,-0.2798,,,,,6900.0
Zhao2020,Thompson,flow,water,0.0047,0.318,13790.0,3594,-0.1441,,,,,6900.0
Zhao2020,Thompson,flow,water,0.0047,0.318,13790.0,3608,-0.2106,,,,,6200.0
Zhao2020,Thompson,flow,water,0.0047,0.318,13790.0,3608,-0.0805,,,,,6200.0
Zhao2020,Thompson,flow,water,0.0047,0.318,13790.0,3648,-0.3246,,,,,8200.0
Zhao2020,Thompson,flow,water,0.0047,0.318,13790.0,3648,-0.3247,,,,,7900.0
Zhao2020,Thompson,flow,water,0.0047,0.318,13790.0,3703,0.1305,,,,,2500.0
Zhao2020,Thompson,flow,water,0.0047,0.318,13790.0,3770,0.129,,,,,2600.0
Zhao2020,Thompson,flow,water,0.0047,0.318,13790.0,3784,-0.4456,,,,,10000.0
Zhao2020,Thompson,flow,water,0.0047,0.318,13790.0,3906,0.0885,,,,,3300.0
Zhao2020,Thompson,flow,water,0.0047,0.318,13790.0,3974,0.0723,,,,,3100.0
Zhao2020,Thompson,flow,water,0.0047,0.318,13790.0,4259,0.0406,,,,,4000.0
Zhao2020,Thompson,flow,water,0.0047,0.318,13790.0,4299,0.0533,,,,,4300.0
Zhao2020,Thompson,flow,water,0.0047,0.318,13790.0,4367,0.0043,,,,,4800.0
Zhao2020,Thompson,flow,water,0.0047,0.318,13790.0,4679,-0.0517,,,,,5300.0
Zhao2020,Thompson,flow,water,0.0047,0.318,13790.0,4774,-0.1989,,,,,6400.0
Zhao2020,Thompson,flow,water,0.0047,0.318,13790.0,4787,-0.0398,,,,,5400.0
Zhao2020,Thompson,flow,water,0.0047,0.318,13790.0,4882,-0.1193,,,,,6700.0
Zhao2020,Thompson,flow,water,0.0047,0.318,13790.0,4910,0.1131,,,,,3000.0
Zhao2020,Thompson,flow,water,0.0047,0.318,13790.0,4964,-0.1823,,,,,6800.0
Zhao2020,Thompson,flow,water,0.0047,0.318,13790.0,4964,-0.0203,,,,,6800.0
Zhao2020,Thompson,flow,water,0.0047,0.318,13790.0,4964,0.0943,,,,,2800.0
Zhao2020,Thompson,flow,water,0.0047,0.318,13790.0,4964,0.1077,,,,,2900.0
Zhao2020,Thompson,flow,water,0.0047,0.318,13790.0,5221,-0.3273,,,,,9500.0
Zhao2020,Thompson,flow,water,0.0047,0.318,13790.0,5249,0.0753,,,,,4100.0
Zhao2020,Thompson,flow,water,0.0047,0.318,13790.0,5316,-0.331,,,,,9500.0
Zhao2020,Thompson,flow,water,0.0047,0.318,13790.0,5384,0.0587,,,,,3800.0
Zhao2020,Thompson,flow,water,0.0047,0.318,13790.0,5398,-0.3559,,,,,10200.0
Zhao2020,Thompson,flow,water,0.0047,0.318,13790.0,5533,0.0374,,,,,5000.0
Zhao2020,Thompson,flow,water,0.0047,0.318,13790.0,5574,-0.4486,,,,,12700.0
Zhao2020,Thompson,flow,water,0.0047,0.318,13790.0,5588,0.0192,,,,,4700.0
Zhao2020,Thompson,flow,water,0.0047,0.318,13790.0,5791,-0.0072,,,,,4200.0
Zhao2020,Thompson,flow,water,0.0047,0.318,13790.0,5900,-0.0431,,,,,5900.0
Zhao2020,Thompson,flow,water,0.0047,0.318,13790.0,6022,-0.0379,,,,,5500.0
Zhao2020,Thompson,flow,water,0.0047,0.318,13790.0,6144,0.0863,,,,,3000.0
Zhao2020,Thompson,flow,water,0.0047,0.318,13790.0,6198,-0.1209,,,,,6000.0
Zhao2020,Thompson,flow,water,0.0047,0.318,13790.0,6212,-0.0762,,,,,6300.0
Zhao2020,Thompson,flow,water,0.0047,0.318,13790.0,6239,-0.1208,,,,,7300.0
Zhao2020,Thompson,flow,water,0.0047,0.318,13790.0,6429,-0.202,,,,,7200.0
Zhao2020,Thompson,flow,water,0.0047,0.318,13790.0,6523,-0.3313,,,,,8600.0
Zhao2020,Thompson,flow,water,0.0047,0.318,13790.0,6985,-0.3263,,,,,10800.0
Zhao2020,Thompson,flow,water,0.0047,0.318,13790.0,7012,-0.3338,,,,,10700.0
Zhao2020,Thompson,flow,water,0.0047,0.318,13790.0,7025,-0.0168,,,,,4900.0
Zhao2020,Thompson,flow,water,0.0047,0.318,13790.0,7107,-0.4505,,,,,10000.0
Zhao2020,Thompson,flow,water,0.0047,0.318,13790.0,7364,-0.4477,,,,,14800.0
Zhao2020,Thompson,flow,water,0.0047,0.318,13790.0,7391,-0.1212,,,,,6700.0
Zhao2020,Thompson,flow,water,0.0047,0.318,13790.0,7473,0.0865,,,,,3500.0
Zhao2020,Thompson,flow,water,0.0047,0.318,13790.0,7975,-0.2001,,,,,7900.0
Zhao2020,Thompson,flow,water,0.0057,0.625,13790.0,1302,-0.1235,,,,,3500.0
Zhao2020,Thompson,flow,water,0.0057,0.625,13790.0,1313,0.0486,,,,,2400.0
Zhao2020,Thompson,flow,water,0.0057,0.625,13790.0,1313,0.0146,,,,,1600.0
Zhao2020,Thompson,flow,water,0.0057,0.625,13790.0,1316,-0.1121,,,,,3400.0
Zhao2020,Thompson,flow,water,0.0057,0.625,13790.0,1316,-0.1186,,,,,3400.0
Zhao2020,Thompson,flow,water,0.0057,0.625,13790.0,1316,-0.137,,,,,3500.0
Zhao2020,Thompson,flow,water,0.0057,0.625,13790.0,1316,-0.0408,,,,,3500.0
Zhao2020,Thompson,flow,water,0.0057,0.625,13790.0,1316,-0.1044,,,,,3300.0
Zhao2020,Thompson,flow,water,0.0057,0.625,13790.0,1316,-0.1418,,,,,3200.0
Zhao2020,Thompson,flow,water,0.0057,0.625,13790.0,1316,-0.0688,,,,,3000.0
Zhao2020,Thompson,flow,water,0.0057,0.625,13790.0,5208,0.0247,,,,,3600.0
Zhao2020,Thompson,flow,water,0.0057,0.625,13790.0,5249,-0.0616,,,,,5000.0
Zhao2020,Thompson,flow,water,0.0057,0.625,13790.0,5262,-0.3924,,,,,8900.0
Zhao2020,Thompson,flow,water,0.0057,0.625,13790.0,5262,-0.3732,,,,,8400.0
Zhao2020,Thompson,flow,water,0.0057,0.625,13790.0,5262,-0.1054,,,,,5900.0
Zhao2020,Thompson,flow,water,0.0057,0.625,13790.0,5262,-0.0218,,,,,4500.0
Zhao2020,Thompson,flow,water,0.0057,0.625,13790.0,5289,-0.3491,,,,,7900.0
Zhao2020,Thompson,flow,water,0.0057,0.625,13790.0,5289,-0.1601,,,,,6800.0
Zhao2020,Thompson,flow,water,0.0057,0.625,13790.0,5316,-0.1556,,,,,6600.0
Zhao2020,Thompson,flow,water,0.0057,0.625,13790.0,5357,-0.424,,,,,9300.0
Zhao2020,Thompson,flow,water,0.0077,0.457,13790.0,658,0.1802,,,,,2300.0
Zhao2020,Thompson,flow,water,0.0077,0.457,13790.0,666,0.0324,,,,,3100.0
Zhao2020,Thompson,flow,water,0.0077,0.457,13790.0,671,0.1476,,,,,2200.0
Zhao2020,Thompson,flow,water,0.0077,0.457,13790.0,678,0.0334,,,,,2700.0
Zhao2020,Thompson,flow,water,0.0077,0.457,13790.0,678,0.1698,,,,,1800.0
Zhao2020,Thompson,flow,water,0.0077,0.457,13790.0,689,-0.1377,,,,,3200.0
Zhao2020,Thompson,flow,water,0.0077,0.457,13790.0,693,0.0145,,,,,2700.0
Zhao2020,Thompson,flow,water,0.0077,0.457,13790.0,694,-0.0573,,,,,3600.0
Zhao2020,Thompson,flow,water,0.0077,0.457,13790.0,705,-0.1331,,,,,3400.0
Zhao2020,Thompson,flow,water,0.0077,0.457,13790.0,705,0.0818,,,,,2300.0
Zhao2020,Thompson,flow,water,0.0077,0.457,13790.0,734,-0.1702,,,,,3200.0
Zhao2020,Thompson,flow,water,0.0077,0.457,13790.0,739,-0.1756,,,,,3500.0
Zhao2020,Thompson,flow,water,0.0077,0.457,13790.0,913,0.1679,,,,,1700.0
Zhao2020,Thompson,flow,water,0.0077,0.457,13790.0,925,0.0747,,,,,2200.0
Zhao2020,Thompson,flow,water,0.0077,0.457,13790.0,926,0.0808,,,,,2300.0
Zhao2020,Thompson,flow,water,0.0077,0.457,13790.0,929,-0.0202,,,,,2700.0
Zhao2020,Thompson,flow,water,0.0077,0.457,13790.0,929,0.1693,,,,,1800.0
Zhao2020,Thompson,flow,water,0.0077,0.457,13790.0,932,-0.0071,,,,,2700.0
Zhao2020,Thompson,flow,water,0.0077,0.457,13790.0,936,-0.2364,,,,,4100.0
Zhao2020,Thompson,flow,water,0.0077,0.457,13790.0,943,-0.1303,,,,,3200.0
Zhao2020,Thompson,flow,water,0.0077,0.457,13790.0,956,-0.1341,,,,,3200.0
Zhao2020,Thompson,flow,water,0.0077,0.457,13790.0,956,-0.2253,,,,,3600.0
Zhao2020,Thompson,flow,water,0.0077,0.457,13790.0,963,-0.2585,,,,,4000.0
Zhao2020,Thompson,flow,water,0.0077,0.457,13790.0,1221,0.1936,,,,,1400.0
Zhao2020,Thompson,flow,water,0.0077,0.457,13790.0,1290,0.0142,,,,,2700.0
Zhao2020,Thompson,flow,water,0.0077,0.457,13790.0,1302,0.0249,,,,,2700.0
Zhao2020,Thompson,flow,water,0.0077,0.457,13790.0,1318,0.0884,,,,,2300.0
Zhao2020,Thompson,flow,water,0.0077,0.457,13790.0,1336,-0.159,,,,,3600.0
Zhao2020,Thompson,flow,water,0.0077,0.457,13790.0,1339,0.1786,,,,,1300.0
Zhao2020,Thompson,flow,water,0.0077,0.457,13790.0,1343,0.1113,,,,,1800.0
Zhao2020,Thompson,flow,water,0.0077,0.457,13790.0,1351,-0.1184,,,,,3600.0
Zhao2020,Thompson,flow,water,0.0077,0.457,13790.0,1354,-0.0576,,,,,3200.0
Zhao2020,Thompson,flow,water,0.0077,0.457,13790.0,1356,0.1818,,,,,1400.0
Zhao2020,Thompson,flow,water,0.0077,0.457,13790.0,1356,0.1323,,,,,1800.0
Zhao2020,Thompson,flow,water,0.0077,0.457,13790.0,1356,-0.2201,,,,,4500.0
Zhao2020,Thompson,flow,water,0.0077,0.457,13790.0,1356,-0.3201,,,,,5000.0
Zhao2020,Thompson,flow,water,0.0077,0.457,13790.0,1356,-0.1965,,,,,4100.0
Zhao2020,Thompson,flow,water,0.0077,0.457,13790.0,1356,0.0852,,,,,1800.0
Zhao2020,Thompson,flow,water,0.0077,0.457,13790.0,1370,0.0111,,,,,2700.0
Zhao2020,Thompson,flow,water,0.0077,0.457,13790.0,1370,-0.3469,,,,,5300.0
Zhao2020,Thompson,flow,water,0.0077,0.457,13790.0,1370,-0.2599,,,,,4500.0
Zhao2020,Thompson,flow,water,0.0077,0.457,13790.0,1383,-0.1775,,,,,4100.0
Zhao2020,Thompson,flow,water,0.0077,0.457,13790.0,1383,0.0876,,,,,2300.0
Zhao2020,Thompson,flow,water,0.0077,0.457,13790.0,1383,0.1503,,,,,1500.0
Zhao2020,Thompson,flow,water,0.0077,0.457,13790.0,1383,0.0027,,,,,2700.0
Zhao2020,Thompson,flow,water,0.0077,0.457,13790.0,1383,0.0552,,,,,2300.0
Zhao2020,Thompson,flow,water,0.0077,0.457,13790.0,1397,-0.2653,,,,,4500.0
Zhao2020,Thompson,flow,water,0.0077,0.457,13790.0,1410,-0.0568,,,,,3200.0
Zhao2020,Thompson,flow,water,0.0077,0.457,13790.0,1465,-0.2834,,,,,5000.0
Zhao2020,Thompson,flow,water,0.0077,0.457,13790.0,1600,0.1305,,,,,1500.0
Zhao2020,Thompson,flow,water,0.0077,0.457,13790.0,1614,0.134,,,,,1600.0
Zhao2020,Thompson,flow,water,0.0077,0.457,13790.0,1627,0.1524,,,,,1400.0
Zhao2020,Thompson,flow,water,0.0077,0.457,13790.0,1655,-0.1762,,,,,4300.0
Zhao2020,Thompson,flow,water,0.0077,0.457,13790.0,1655,-0.1381,,,,,4100.0
Zhao2020,Thompson,flow,water,0.0077,0.457,13790.0,1655,0.0929,,,,,1900.0
Zhao2020,Thompson,flow,water,0.0077,0.457,13790.0,1655,-0.1689,,,,,4500.0
Zhao2020,Thompson,flow,water,0.0077,0.457,13790.0,1655,0.0948,,,,,1800.0
Zhao2020,Thompson,flow,water,0.0077,0.457,13790.0,1668,-0.2322,,,,,5200.0
Zhao2020,Thompson,flow,water,0.0077,0.457,13790.0,1668,-0.2365,,,,,5200.0
Zhao2020,Thompson,flow,water,0.0077,0.457,13790.0,1668,-0.1272,,,,,4100.0
Zhao2020,Thompson,flow,water,0.0077,0.457,13790.0,1668,-0.077,,,,,3600.0
Zhao2020,Thompson,flow,water,0.0077,0.457,13790.0,1682,0.0145,,,,,2600.0
Zhao2020,Thompson,flow,water,0.0077,0.457,13790.0,1682,0.0484,,,,,2300.0
Zhao2020,Thompson,flow,water,0.0077,0.457,13790.0,1682,-0.0276,,,,,3200.0
Zhao2020,Thompson,flow,water,0.0077,0.457,13790.0,1682,0.0145,,,,,2600.0
Zhao2020,Thompson,flow,water,0.0077,0.457,13790.0,1682,0.0593,,,,,2300.0
Zhao2020,Thompson,flow,water,0.0077,0.457,13790.0,1695,-0.0222,,,,,3100.0
Zhao2020,Thompson,flow,water,0.0077,0.457,13790.0,1736,-0.0846,,,,,3600.0
Zhao2020,Thompson,flow,water,0.0077,0.457,13790.0,1980,-0.0158,,,,,3100.0
Zhao2020,Thompson,flow,water,0.0077,0.457,13790.0,1980,0.07,,,,,2300.0
Zhao2020,Thompson,flow,water,0.0077,0.457,13790.0,1994,-0.2387,,,,,5100.0
Zhao2020,Thompson,flow,water,0.0077,0.457,13790.0,2007,-0.2252,,,,,5100.0
Zhao2020,Thompson,flow,water,0.0077,0.457,13790.0,2007,-0.0668,,,,,3600.0
Zhao2020,Thompson,flow,water,0.0077,0.457,13790.0,2007,0.1275,,,,,1500.0
Zhao2020,Thompson,flow,water,0.0077,0.457,13790.0,2021,-0.0991,,,,,4000.0
Zhao2020,Thompson,flow,water,0.0077,0.457,13790.0,2034,-0.1488,,,,,4500.0
Zhao2020,Thompson,flow,water,0.0077,0.457,13790.0,2034,0.0226,,,,,2700.0
Zhao2020,Thompson,flow,water,0.0077,0.457,13790.0,2034,0.0936,,,,,1800.0
Zhao2020,Thompson,flow,water,0.0077,0.457,13790.0,2550,0.0628,,,,,2300.0
Zhao2020,Thompson,flow,water,0.0077,0.457,13790.0,2563,-0.1806,,,,,5400.0
Zhao2020,Thompson,flow,water,0.0077,0.457,13790.0,2563,0.064,,,,,2300.0
Zhao2020,Thompson,flow,water,0.0077,0.457,13790.0,2590,0.0334,,,,,2700.0
Zhao2020,Thompson,flow,water,0.0077,0.457,13790.0,2604,0.0214,,,,,2700.0
Zhao2020,Thompson,flow,water,0.0077,0.457,13790.0,2618,-0.1023,,,,,4500.0
Zhao2020,Thompson,flow,water,0.0077,0.457,13790.0,2618,0.0928,,,,,1800.0
Zhao2020,Thompson,flow,water,0.0077,0.457,13790.0,2645,0.0036,,,,,3100.0
Zhao2020,Thompson,flow,water,0.0077,0.457,13790.0,2645,-0.1711,,,,,5300.0
Zhao2020,Thompson,flow,water,0.0077,0.457,13790.0,2645,-0.1019,,,,,4500.0
Zhao2020,Thompson,flow,water,0.0077,0.457,13790.0,2658,0.0081,,,,,3200.0
Zhao2020,Thompson,flow,water,0.0077,0.457,13790.0,2658,0.0886,,,,,1800.0
Zhao2020,Thompson,flow,water,0.0077,0.457,13790.0,2672,-0.0375,,,,,3600.0
Zhao2020,Thompson,flow,water,0.0077,0.457,13790.0,2685,-0.0389,,,,,3600.0
Zhao2020,Thompson,flow,water,0.0077,0.457,13790.0,2699,-0.0487,,,,,3900.0
Zhao2020,Thompson,flow,water,0.0077,0.457,13790.0,2712,-0.0638,,,,,4100.0
Zhao2020,Thompson,flow,water,0.0078,0.591,13790.0,677,0.1038,,,,,2300.0
Zhao2020,Thompson,flow,water,0.0078,0.591,13790.0,685,0.1034,,,,,2300.0
Zhao2020,Thompson,flow,water,0.0078,0.591,13790.0,732,0.0894,,,,,2300.0
Zhao2020,Thompson,flow,water,0.0078,0.591,13790.0,751,0.212,,,,,2100.0
Zhao2020,Thompson,flow,water,0.0078,0.591,13790.0,759,0.1692,,,,,2100.0
Zhao2020,Thompson,flow,water,0.0078,0.591,13790.0,821,0.1729,,,,,2100.0
Zhao2020,Thompson,flow,water,0.0078,0.591,13790.0,888,0.0763,,,,,2300.0
Zhao2020,Thompson,flow,water,0.0078,0.591,13790.0,933,0.08,,,,,2300.0
Zhao2020,Thompson,flow,water,0.0078,0.591,13790.0,1021,0.1212,,,,,2100.0
Zhao2020,Thompson,flow,water,0.0078,0.591,13790.0,1035,0.072,,,,,2300.0
Zhao2020,Thompson,flow,water,0.0078,0.591,13790.0,1038,0.1139,,,,,2100.0
Zhao2020,Thompson,flow,water,0.0078,0.591,13790.0,1046,0.0985,,,,,2300.0
Zhao2020,Thompson,flow,water,0.0078,0.591,13790.0,1113,0.1584,,,,,2000.0
Zhao2020,Thompson,flow,water,0.0078,0.591,13790.0,1193,-0.0298,,,,,2600.0
Zhao2020,Thompson,flow,water,0.0078,0.591,13790.0,1233,0.0505,,,,,2300.0
Zhao2020,Thompson,flow,water,0.0078,0.591,13790.0,1246,0.1394,,,,,1900.0
Zhao2020,Thompson,flow,water,0.0078,0.591,13790.0,1260,0.1785,,,,,2000.0
Zhao2020,Thompson,flow,water,0.0078,0.591,13790.0,1272,0.1714,,,,,2000.0
Zhao2020,Thompson,flow,water,0.0078,0.591,13790.0,1286,0.0868,,,,,2100.0
Zhao2020,Thompson,flow,water,0.0078,0.591,13790.0,1298,0.0778,,,,,2300.0
Zhao2020,Thompson,flow,water,0.0078,0.591,13790.0,1351,0.0165,,,,,2600.0
Zhao2020,Thompson,flow,water,0.0078,0.591,13790.0,1356,0.0224,,,,,2500.0
Zhao2020,Thompson,flow,water,0.0078,0.591,13790.0,1383,-0.0137,,,,,2500.0
Zhao2020,Thompson,flow,water,0.0078,0.591,13790.0,1383,0.0372,,,,,2200.0
Zhao2020,Thompson,flow,water,0.0078,0.591,13790.0,1410,-0.001,,,,,2600.0
Zhao2020,Thompson,flow,water,0.0078,0.591,13790.0,1438,0.0975,,,,,2300.0
Zhao2020,Thompson,flow,water,0.0078,0.591,13790.0,1465,0.1163,,,,,2000.0
Zhao2020,Thompson,flow,water,0.0078,0.591,13790.0,1492,0.009,,,,,2500.0
Zhao2020,Thompson,flow,water,0.0078,0.591,13790.0,1492,0.1146,,,,,2100.0
Zhao2020,Thompson,flow,water,0.0078,0.591,13790.0,1505,0.0905,,,,,2300.0
Zhao2020,Thompson,flow,water,0.0078,0.591,13790.0,1505,0.0675,,,,,2300.0
Zhao2020,Thompson,flow,water,0.0078,0.591,13790.0,1533,0.1587,,,,,1900.0
Zhao2020,Thompson,flow,water,0.0078,0.591,13790.0,1587,0.0129,,,,,2500.0
Zhao2020,Thompson,flow,water,0.0078,0.591,13790.0,1641,0.0134,,,,,2500.0
Zhao2020,Thompson,flow,water,0.0078,0.591,13790.0,1709,-0.0309,,,,,2500.0
Zhao2020,Thompson,flow,water,0.0078,0.591,13790.0,1736,0.0538,,,,,2200.0
Zhao2020,Thompson,flow,water,0.0078,0.591,13790.0,1736,0.1086,,,,,2000.0
Zhao2020,Thompson,flow,water,0.0078,0.591,13790.0,1736,0.1166,,,,,2100.0
Zhao2020,Thompson,flow,water,0.0078,0.591,13790.0,1777,0.0619,,,,,2100.0
Zhao2020,Thompson,flow,water,0.0078,0.591,13790.0,1777,0.0718,,,,,2300.0
Zhao2020,Thompson,flow,water,0.0078,0.591,13790.0,1817,0.0225,,,,,2500.0
Zhao2020,Thompson,flow,water,0.0078,0.591,13790.0,1899,0.1008,,,,,2000.0
Zhao2020,Thompson,flow,water,0.0078,0.591,13790.0,2007,0.0733,,,,,2200.0
Zhao2020,Thompson,flow,water,0.0078,0.591,13790.0,2061,0.0622,,,,,2200.0
Zhao2020,Thompson,flow,water,0.0078,0.591,13790.0,2061,0.0598,,,,,2200.0
Zhao2020,Thompson,flow,water,0.0078,0.591,13790.0,2089,0.0244,,,,,2600.0
Zhao2020,Thompson,flow,water,0.0078,0.591,13790.0,2116,0.0983,,,,,2100.0
Zhao2020,Thompson,flow,water,0.0078,0.591,13790.0,2116,0.0926,,,,,2100.0
Zhao2020,Thompson,flow,water,0.0078,0.591,13790.0,2116,0.0792,,,,,2300.0
Zhao2020,Thompson,flow,water,0.0078,0.591,13790.0,2129,0.0829,,,,,2300.0
Zhao2020,Thompson,flow,water,0.0078,0.591,13790.0,2143,0.0336,,,,,2500.0
Zhao2020,Thompson,flow,water,0.0078,0.591,13790.0,2184,0.0839,,,,,2300.0
Zhao2020,Thompson,flow,water,0.0078,0.591,13790.0,2265,0.1286,,,,,1900.0
Zhao2020,Thompson,flow,water,0.0078,0.591,13790.0,2278,0.0624,,,,,2200.0
Zhao2020,Thompson,flow,water,0.0078,0.591,13790.0,2306,0.0279,,,,,2600.0
Zhao2020,Thompson,flow,water,0.0078,0.591,13790.0,2319,0.1295,,,,,1900.0
Zhao2020,Thompson,flow,water,0.0078,0.591,13790.0,2333,0.0787,,,,,2200.0
Zhao2020,Thompson,flow,water,0.0078,0.591,13790.0,2360,0.0845,,,,,2300.0
Zhao2020,Thompson,flow,water,0.0078,0.591,13790.0,2373,0.0981,,,,,2100.0
Zhao2020,Thompson,flow,water,0.0078,0.591,13790.0,2373,0.0948,,,,,2100.0
Zhao2020,Thompson,flow,water,0.0078,0.591,13790.0,2455,0.0351,,,,,2500.0
Zhao2020,Thompson,flow,water,0.0078,0.591,13790.0,2658,0.0467,,,,,2500.0
Zhao2020,Thompson,flow,water,0.0078,0.591,13790.0,2767,0.0788,,,,,2200.0
Zhao2020,Thompson,flow,water,0.0078,0.591,13790.0,2767,0.0857,,,,,2300.0
Zhao2020,Thompson,flow,water,0.0078,0.591,13790.0,2889,0.0455,,,,,2500.0
Zhao2020,Thompson,flow,water,0.0078,0.591,13790.0,2916,0.0831,,,,,2300.0
Zhao2020,Thompson,flow,water,0.0078,0.591,13790.0,2916,0.0804,,,,,2300.0
Zhao2020,Thompson,flow,water,0.0078,0.591,13790.0,2997,0.0374,,,,,2600.0
Zhao2020,Thompson,flow,water,0.0078,0.591,13790.0,3052,0.033,,,,,2600.0
Zhao2020,Thompson,flow,water,0.0078,0.591,13790.0,3052,0.0305,,,,,2600.0
Zhao2020,Thompson,flow,water,0.0104,1.829,13790.0,1763,0.2054,,,,,1100.0
Zhao2020,Thompson,flow,water,0.0105,1.829,13790.0,1763,0.1968,,,,,1000.0
Zhao2020,Thompson,flow,water,0.0019,0.152,15510.0,2034,-0.0123,,,,,3100.0
Zhao2020,Thompson,flow,water,0.0019,0.152,15510.0,2061,-0.0252,,,,,3200.0
Zhao2020,Thompson,flow,water,0.0019,0.152,15510.0,2116,-0.0252,,,,,3700.0
Zhao2020,Thompson,flow,water,0.0019,0.152,15510.0,2156,-0.0258,,,,,3800.0
Zhao2020,Thompson,flow,water,0.0019,0.152,15510.0,2251,-0.0686,,,,,4900.0
Zhao2020,Thompson,flow,water,0.0019,0.152,15510.0,2265,-0.0708,,,,,5000.0
Zhao2020,Thompson,flow,water,0.0019,0.152,15510.0,2306,-0.0556,,,,,4400.0
Zhao2020,Thompson,flow,water,0.0019,0.152,15510.0,2319,-0.0601,,,,,3800.0
Zhao2020,Thompson,flow,water,0.0019,0.152,15510.0,2319,-0.0545,,,,,3900.0
Zhao2020,Thompson,flow,water,0.0019,0.152,15510.0,2319,-0.0417,,,,,4400.0
Zhao2020,Thompson,flow,water,0.0019,0.152,15510.0,2875,0.0015,,,,,5400.0
Zhao2020,Thompson,flow,water,0.0019,0.152,15510.0,2929,0.0001,,,,,4200.0
Zhao2020,Thompson,flow,water,0.0019,0.152,15510.0,2957,0.0155,,,,,4200.0
Zhao2020,Thompson,flow,water,0.0019,0.152,15510.0,2984,-0.0317,,,,,5500.0
Zhao2020,Thompson,flow,water,0.0019,0.152,15510.0,2997,-0.0415,,,,,5500.0
Zhao2020,Thompson,flow,water,0.0019,0.152,15510.0,3024,-0.1174,,,,,6600.0
Zhao2020,Thompson,flow,water,0.0019,0.152,15510.0,3024,-0.1124,,,,,6600.0
Zhao2020,Thompson,flow,water,0.0019,0.152,15510.0,3553,0.0028,,,,,4700.0
Zhao2020,Thompson,flow,water,0.0019,0.152,15510.0,3675,-0.0127,,,,,5100.0
Zhao2020,Thompson,flow,water,0.0019,0.152,15510.0,3743,0.001,,,,,5600.0
Zhao2020,Thompson,flow,water,0.0019,0.152,15510.0,3811,-0.0204,,,,,5200.0
Zhao2020,Thompson,flow,water,0.0019,0.696,15510.0,2102,-0.044,,,,,2100.0
Zhao2020,Thompson,flow,water,0.0019,0.696,15510.0,2197,-0.1169,,,,,2100.0
Zhao2020,Thompson,flow,water,0.0019,0.696,15510.0,2455,-0.0221,,,,,2500.0
Zhao2020,Thompson,flow,water,0.0019,0.696,15510.0,2495,-0.1004,,,,,2400.0
Zhao2020,Thompson,flow,water,0.0019,0.696,15510.0,3065,-0.0821,,,,,3000.0
Zhao2020,Thompson,flow,water,0.0019,0.696,15510.0,3174,-0.0878,,,,,3100.0
Zhao2020,Thompson,flow,water,0.0019,0.696,15510.0,3689,-0.1182,,,,,3500.0
Zhao2020,Thompson,flow,water,0.0019,0.696,15510.0,3743,-0.0579,,,,,3700.0
Zhao2020,Thompson,flow,water,0.0019,0.696,15510.0,3879,-0.0692,,,,,3800.0
Zhao2020,Thompson,flow,water,0.0019,0.152,17240.0,1939,-0.0589,,,,,2800.0
Zhao2020,Thompson,flow,water,0.0019,0.152,17240.0,1953,-0.0235,,,,,3100.0
Zhao2020,Thompson,flow,water,0.0019,0.152,17240.0,2007,-0.0627,,,,,3500.0
Zhao2020,Thompson,flow,water,0.0019,0.152,17240.0,2007,-0.0565,,,,,3500.0
Zhao2020,Thompson,flow,water,0.0019,0.152,17240.0,2184,-0.1437,,,,,4800.0
Zhao2020,Thompson,flow,water,0.0019,0.152,17240.0,2184,-0.1342,,,,,4800.0
Zhao2020,Thompson,flow,water,0.0019,0.152,17240.0,2184,-0.0847,,,,,4300.0
Zhao2020,Thompson,flow,water,0.0019,0.152,17240.0,2197,-0.071,,,,,3800.0
Zhao2020,Thompson,flow,water,0.0019,0.152,17240.0,2211,-0.0553,,,,,4400.0
Zhao2020,Thompson,flow,water,0.0019,0.152,17240.0,2211,-0.0751,,,,,3800.0
Zhao2020,Thompson,flow,water,0.0019,0.152,17240.0,2767,-0.0638,,,,,5000.0
Zhao2020,Thompson,flow,water,0.0019,0.152,17240.0,2821,-0.0156,,,,,4100.0
Zhao2020,Thompson,flow,water,0.0019,0.152,17240.0,2848,-0.1761,,,,,6100.0
Zhao2020,Thompson,flow,water,0.0019,0.152,17240.0,2848,-0.0045,,,,,4200.0
Zhao2020,Thompson,flow,water,0.0019,0.152,17240.0,2875,-0.1285,,,,,5100.0
Zhao2020,Thompson,flow,water,0.0019,0.152,17240.0,2889,-0.1977,,,,,6000.0
Zhao2020,Thompson,flow,water,0.0019,0.152,17240.0,2889,-0.1317,,,,,5100.0
Zhao2020,Thompson,flow,water,0.0019,0.152,17240.0,3445,-0.0077,,,,,4900.0
Zhao2020,Thompson,flow,water,0.0019,0.152,17240.0,3580,-0.0443,,,,,5400.0
Zhao2020,Thompson,flow,water,0.0019,0.152,17240.0,3608,-0.074,,,,,5000.0
Zhao2020,Thompson,flow,water,0.0019,0.152,17240.0,3621,-0.022,,,,,5100.0
Zhao2020,Thompson,flow,water,0.0019,0.696,17240.0,2089,-0.1339,,,,,2100.0
Zhao2020,Thompson,flow,water,0.0019,0.696,17240.0,2089,-0.1205,,,,,2100.0
Zhao2020,Thompson,flow,water,0.0019,0.696,17240.0,2197,0.0292,,,,,2400.0
Zhao2020,Thompson,flow,water,0.0019,0.696,17240.0,2414,-0.0754,,,,,2500.0
Zhao2020,Thompson,flow,water,0.0019,0.696,17240.0,2984,-0.1258,,,,,3000.0
Zhao2020,Thompson,flow,water,0.0019,0.696,17240.0,3052,-0.1674,,,,,3000.0
Zhao2020,Thompson,flow,water,0.0019,0.696,17240.0,3608,-0.0822,,,,,3700.0
Zhao2020,Thompson,flow,water,0.0019,0.696,17240.0,3648,-0.0703,,,,,3800.0
Zhao2020,Thompson,flow,water,0.0019,0.696,17240.0,3662,-0.1141,,,,,3700.0
Zhao2020,Thompson,flow,water,0.003,0.035,18270.0,861,-0.1224,,,,,2200.0
Zhao2020,Thompson,flow,water,0.003,0.035,18270.0,861,-0.1258,,,,,2300.0
Zhao2020,Thompson,flow,water,0.003,0.035,18270.0,2902,-0.0137,,,,,2400.0
Zhao2020,Thompson,flow,water,0.003,0.15,18270.0,793,-0.1258,,,,,1100.0
Zhao2020,Thompson,flow,water,0.003,0.15,18270.0,816,-0.1284,,,,,1200.0
Zhao2020,Thompson,flow,water,0.003,0.15,18270.0,833,-0.1124,,,,,1300.0
Zhao2020,Thompson,flow,water,0.003,0.15,18270.0,842,-0.1046,,,,,1300.0
Zhao2020,Thompson,flow,water,0.003,0.15,18270.0,857,-0.1199,,,,,1100.0
Zhao2020,Thompson,flow,water,0.003,0.15,18270.0,2740,-0.0593,,,,,1700.0
Zhao2020,Thompson,flow,water,0.003,0.15,18270.0,2753,-0.0601,,,,,1700.0
Zhao2020,Thompson,flow,water,0.0019,0.152,18960.0,1844,-0.0925,,,,,2600.0
Zhao2020,Thompson,flow,water,0.0019,0.152,18960.0,1858,-0.0886,,,,,2700.0
Zhao2020,Thompson,flow,water,0.0019,0.152,18960.0,1872,-0.0965,,,,,3200.0
Zhao2020,Thompson,flow,water,0.0019,0.152,18960.0,1885,-0.1349,,,,,3100.0
Zhao2020,Thompson,flow,water,0.0019,0.152,18960.0,2034,-0.2493,,,,,4200.0
Zhao2020,Thompson,flow,water,0.0019,0.152,18960.0,2034,-0.1943,,,,,3700.0
Zhao2020,Thompson,flow,water,0.0019,0.152,18960.0,2048,-0.2558,,,,,4200.0
Zhao2020,Thompson,flow,water,0.0019,0.152,18960.0,2048,-0.1926,,,,,3700.0
Zhao2020,Thompson,flow,water,0.0019,0.152,18960.0,2061,-0.1554,,,,,3400.0
Zhao2020,Thompson,flow,water,0.0019,0.152,18960.0,2075,-0.1334,,,,,3400.0
Zhao2020,Thompson,flow,water,0.0019,0.152,18960.0,2685,-0.103,,,,,3600.0
Zhao2020,Thompson,flow,water,0.0019,0.152,18960.0,2699,-0.2049,,,,,4500.0
Zhao2020,Thompson,flow,water,0.0019,0.152,18960.0,2726,-0.3826,,,,,5200.0
Zhao2020,Thompson,flow,water,0.0019,0.152,18960.0,2726,-0.3964,,,,,5100.0
Zhao2020,Thompson,flow,water,0.0019,0.152,18960.0,2726,-0.091,,,,,3800.0
Zhao2020,Thompson,flow,water,0.0019,0.152,18960.0,2740,-0.2631,,,,,4600.0
Zhao2020,Thompson,flow,water,0.0019,0.152,18960.0,2767,-0.2874,,,,,4500.0
Zhao2020,Thompson,flow,water,0.0019,0.152,18960.0,3377,-0.1556,,,,,4300.0
Zhao2020,Thompson,flow,water,0.0019,0.152,18960.0,3458,-0.1517,,,,,4700.0
Zhao2020,Thompson,flow,water,0.0019,0.152,18960.0,3486,-0.192,,,,,4500.0
Zhao2020,Thompson,flow,water,0.0019,0.152,18960.0,3499,-0.2057,,,,,4500.0
Zhao2020,Thompson,flow,water,0.0019,0.696,18960.0,1939,-0.0874,,,,,2100.0
Zhao2020,Thompson,flow,water,0.0019,0.696,18960.0,1980,-0.1515,,,,,2100.0
Zhao2020,Thompson,flow,water,0.0019,0.696,18960.0,2184,-0.0603,,,,,2400.0
Zhao2020,Thompson,flow,water,0.0019,0.696,18960.0,2238,-0.12,,,,,2400.0
Zhao2020,Thompson,flow,water,0.0019,0.696,18960.0,2794,-0.1106,,,,,3000.0
Zhao2020,Thompson,flow,water,0.0019,0.696,18960.0,2862,-0.3155,,,,,2800.0
Zhao2020,Thompson,flow,water,0.0019,0.696,18960.0,3472,-0.246,,,,,3500.0
Zhao2020,Thompson,flow,water,0.0019,0.696,18960.0,3648,-0.3657,,,,,3500.0
Zhao2020,Thompson,flow,water,0.0019,0.696,18960.0,3784,-0.363,,,,,3600.0
Zhao2020,Thompson,flow,water,0.003,0.15,2630.0,2767,0.007,,,,,4300.0
Zhao2020,Thompson,flow,water,0.003,0.15,2630.0,2848,0.0047,,,,,4200.0
Zhao2020,Thompson,flow,water,0.003,0.15,2630.0,2875,0.008,,,,,4600.0
Zhao2020,Thompson,flow,water,0.0036,0.076,8270.0,1492,-0.0918,,,,,3200.0
Zhao2020,Thompson,flow,water,0.0036,0.076,20680.0,1214,-0.8667,,,,,8100.0
Zhao2020,Weatherhead,flow,water,0.0077,0.457,13790.0,2563,-0.1806,,,,,5400.0
Zhao2020,Weatherhead,flow,water,0.0077,0.457,13790.0,2618,-0.1023,,,,,4500.0
Zhao2020,Weatherhead,flow,water,0.0077,0.457,13790.0,2712,-0.0638,,,,,4100.0
Zhao2020,Weatherhead,flow,water,0.0077,0.457,13790.0,2672,-0.0375,,,,,3600.0
Zhao2020,Weatherhead,flow,water,0.0077,0.457,13790.0,2645,0.0036,,,,,3100.0
Zhao2020,Weatherhead,flow,water,0.0077,0.457,13790.0,2590,0.0334,,,,,2700.0
Zhao2020,Weatherhead,flow,water,0.0077,0.457,13790.0,2550,0.0628,,,,,2300.0
Zhao2020,Weatherhead,flow,water,0.0077,0.457,13790.0,2618,0.0928,,,,,1800.0
Zhao2020,Weatherhead,flow,water,0.0077,0.457,13790.0,2645,-0.1711,,,,,5300.0
Zhao2020,Weatherhead,flow,water,0.0077,0.457,13790.0,2645,-0.1019,,,,,4500.0
Zhao2020,Weatherhead,flow,water,0.0077,0.457,13790.0,2699,-0.0487,,,,,3900.0
Zhao2020,Weatherhead,flow,water,0.0077,0.457,13790.0,2685,-0.0389,,,,,3600.0
Zhao2020,Weatherhead,flow,water,0.0077,0.457,13790.0,2658,0.0081,,,,,3200.0
Zhao2020,Weatherhead,flow,water,0.0077,0.457,13790.0,2604,0.0214,,,,,2700.0
Zhao2020,Weatherhead,flow,water,0.0077,0.457,13790.0,2563,0.064,,,,,2300.0
Zhao2020,Weatherhead,flow,water,0.0077,0.457,13790.0,2658,0.0886,,,,,1800.0
Zhao2020,Weatherhead,flow,water,0.0077,0.457,13790.0,2007,-0.2252,,,,,5100.0
Zhao2020,Weatherhead,flow,water,0.0077,0.457,13790.0,2034,-0.1488,,,,,4500.0
Zhao2020,Weatherhead,flow,water,0.0077,0.457,13790.0,2021,-0.0991,,,,,4000.0
Zhao2020,Weatherhead,flow,water,0.0077,0.457,13790.0,2007,-0.0668,,,,,3600.0
Zhao2020,Weatherhead,flow,water,0.0077,0.457,13790.0,1980,-0.0158,,,,,3100.0
Zhao2020,Weatherhead,flow,water,0.0077,0.457,13790.0,2034,0.0226,,,,,2700.0
Zhao2020,Weatherhead,flow,water,0.0077,0.457,13790.0,1980,0.07,,,,,2300.0
Zhao2020,Weatherhead,flow,water,0.0077,0.457,13790.0,2034,0.0936,,,,,1800.0
Zhao2020,Weatherhead,flow,water,0.0077,0.457,13790.0,2007,0.1275,,,,,1500.0
Zhao2020,Weatherhead,flow,water,0.0077,0.457,13790.0,1994,-0.2387,,,,,5100.0
Zhao2020,Weatherhead,flow,water,0.0077,0.457,13790.0,1668,-0.2322,,,,,5200.0
Zhao2020,Weatherhead,flow,water,0.0077,0.457,13790.0,1655,-0.1762,,,,,4300.0
Zhao2020,Weatherhead,flow,water,0.0077,0.457,13790.0,1655,-0.1381,,,,,4100.0
Zhao2020,Weatherhead,flow,water,0.0077,0.457,13790.0,1736,-0.0846,,,,,3600.0
Zhao2020,Weatherhead,flow,water,0.0077,0.457,13790.0,1695,-0.0222,,,,,3100.0
Zhao2020,Weatherhead,flow,water,0.0077,0.457,13790.0,1682,0.0145,,,,,2600.0
Zhao2020,Weatherhead,flow,water,0.0077,0.457,13790.0,1682,0.0484,,,,,2300.0
Zhao2020,Weatherhead,flow,water,0.0077,0.457,13790.0,1655,0.0929,,,,,1900.0
Zhao2020,Weatherhead,flow,water,0.0077,0.457,13790.0,1614,0.134,,,,,1600.0
Zhao2020,Weatherhead,flow,water,0.0077,0.457,13790.0,1668,-0.2365,,,,,5200.0
Zhao2020,Weatherhead,flow,water,0.0077,0.457,13790.0,1655,-0.1689,,,,,4500.0
Zhao2020,Weatherhead,flow,water,0.0077,0.457,13790.0,1668,-0.1272,,,,,4100.0
Zhao2020,Weatherhead,flow,water,0.0077,0.457,13790.0,1668,-0.077,,,,,3600.0
Zhao2020,Weatherhead,flow,water,0.0077,0.457,13790.0,1682,-0.0276,,,,,3200.0
Zhao2020,Weatherhead,flow,water,0.0077,0.457,13790.0,1682,0.0145,,,,,2600.0
Zhao2020,Weatherhead,flow,water,0.0077,0.457,13790.0,1682,0.0593,,,,,2300.0
Zhao2020,Weatherhead,flow,water,0.0077,0.457,13790.0,1655,0.0948,,,,,1800.0
Zhao2020,Weatherhead,flow,water,0.0077,0.457,13790.0,1600,0.1305,,,,,1500.0
Zhao2020,Weatherhead,flow,water,0.0077,0.457,13790.0,1627,0.1524,,,,,1400.0
Zhao2020,Weatherhead,flow,water,0.0077,0.457,13790.0,1336,-0.159,,,,,3600.0
Zhao2020,Weatherhead,flow,water,0.0077,0.457,13790.0,1290,0.0142,,,,,2700.0
Zhao2020,Weatherhead,flow,water,0.0077,0.457,13790.0,1397,-0.2653,,,,,4500.0
Zhao2020,Weatherhead,flow,water,0.0077,0.457,13790.0,1351,-0.1184,,,,,3600.0
Zhao2020,Weatherhead,flow,water,0.0077,0.457,13790.0,1302,0.0249,,,,,2700.0
Zhao2020,Weatherhead,flow,water,0.0077,0.457,13790.0,1318,0.0884,,,,,2300.0
Zhao2020,Weatherhead,flow,water,0.0077,0.457,13790.0,1343,0.1113,,,,,1800.0
Zhao2020,Weatherhead,flow,water,0.0077,0.457,13790.0,1356,0.1818,,,,,1400.0
Zhao2020,Weatherhead,flow,water,0.0077,0.457,13790.0,1465,-0.2834,,,,,5000.0
Zhao2020,Weatherhead,flow,water,0.0077,0.457,13790.0,1383,-0.1775,,,,,4100.0
Zhao2020,Weatherhead,flow,water,0.0077,0.457,13790.0,1410,-0.0568,,,,,3200.0
Zhao2020,Weatherhead,flow,water,0.0077,0.457,13790.0,1370,0.0111,,,,,2700.0
Zhao2020,Weatherhead,flow,water,0.0077,0.457,13790.0,1383,0.0876,,,,,2300.0
Zhao2020,Weatherhead,flow,water,0.0077,0.457,13790.0,1356,0.1323,,,,,1800.0
Zhao2020,Weatherhead,flow,water,0.0077,0.457,13790.0,1383,0.1503,,,,,1500.0
Zhao2020,Weatherhead,flow,water,0.0077,0.457,13790.0,1339,0.1786,,,,,1300.0
Zhao2020,Weatherhead,flow,water,0.0077,0.457,13790.0,1370,-0.3469,,,,,5300.0
Zhao2020,Weatherhead,flow,water,0.0077,0.457,13790.0,1356,-0.2201,,,,,4500.0
Zhao2020,Weatherhead,flow,water,0.0077,0.457,13790.0,1356,-0.3201,,,,,5000.0
Zhao2020,Weatherhead,flow,water,0.0077,0.457,13790.0,1370,-0.2599,,,,,4500.0
Zhao2020,Weatherhead,flow,water,0.0077,0.457,13790.0,1356,-0.1965,,,,,4100.0
Zhao2020,Weatherhead,flow,water,0.0077,0.457,13790.0,1354,-0.0576,,,,,3200.0
Zhao2020,Weatherhead,flow,water,0.0077,0.457,13790.0,1383,0.0027,,,,,2700.0
Zhao2020,Weatherhead,flow,water,0.0077,0.457,13790.0,1383,0.0552,,,,,2300.0
Zhao2020,Weatherhead,flow,water,0.0077,0.457,13790.0,1356,0.0852,,,,,1800.0
Zhao2020,Weatherhead,flow,water,0.0077,0.457,13790.0,1221,0.1936,,,,,1400.0
Zhao2020,Weatherhead,flow,water,0.0077,0.457,13790.0,963,-0.2585,,,,,4000.0
Zhao2020,Weatherhead,flow,water,0.0077,0.457,13790.0,956,-0.1341,,,,,3200.0
Zhao2020,Weatherhead,flow,water,0.0077,0.457,13790.0,932,-0.0071,,,,,2700.0
Zhao2020,Weatherhead,flow,water,0.0077,0.457,13790.0,926,0.0808,,,,,2300.0
Zhao2020,Weatherhead,flow,water,0.0077,0.457,13790.0,913,0.1679,,,,,1700.0
Zhao2020,Weatherhead,flow,water,0.0077,0.457,13790.0,936,-0.2364,,,,,4100.0
Zhao2020,Weatherhead,flow,water,0.0077,0.457,13790.0,956,-0.2253,,,,,3600.0
Zhao2020,Weatherhead,flow,water,0.0077,0.457,13790.0,943,-0.1303,,,,,3200.0
Zhao2020,Weatherhead,flow,water,0.0077,0.457,13790.0,929,-0.0202,,,,,2700.0
Zhao2020,Weatherhead,flow,water,0.0077,0.457,13790.0,925,0.0747,,,,,2200.0
Zhao2020,Weatherhead,flow,water,0.0077,0.457,13790.0,929,0.1693,,,,,1800.0
Zhao2020,Weatherhead,flow,water,0.0077,0.457,13790.0,694,-0.0573,,,,,3600.0
Zhao2020,Weatherhead,flow,water,0.0077,0.457,13790.0,734,-0.1702,,,,,3200.0
Zhao2020,Weatherhead,flow,water,0.0077,0.457,13790.0,693,0.0145,,,,,2700.0
Zhao2020,Weatherhead,flow,water,0.0077,0.457,13790.0,671,0.1476,,,,,2200.0
Zhao2020,Weatherhead,flow,water,0.0077,0.457,13790.0,739,-0.1756,,,,,3500.0
Zhao2020,Weatherhead,flow,water,0.0077,0.457,13790.0,705,-0.1331,,,,,3400.0
Zhao2020,Weatherhead,flow,water,0.0077,0.457,13790.0,666,0.0324,,,,,3100.0
Zhao2020,Weatherhead,flow,water,0.0077,0.457,13790.0,678,0.0334,,,,,2700.0
Zhao2020,Weatherhead,flow,water,0.0077,0.457,13790.0,658,0.1802,,,,,2300.0
Zhao2020,Weatherhead,flow,water,0.0077,0.457,13790.0,689,-0.1377,,,,,3200.0
Zhao2020,Weatherhead,flow,water,0.0077,0.457,13790.0,705,0.0818,,,,,2300.0
Zhao2020,Weatherhead,flow,water,0.0077,0.457,13790.0,678,0.1698,,,,,1800.0
Zhao2020,Weatherhead,flow,water,0.0111,0.457,13790.0,1994,-0.0123,,,,,2600.0
Zhao2020,Weatherhead,flow,water,0.0111,0.457,13790.0,1994,0.0101,,,,,2300.0
Zhao2020,Weatherhead,flow,water,0.0111,0.457,13790.0,1967,0.0229,,,,,2000.0
Zhao2020,Weatherhead,flow,water,0.0111,0.457,13790.0,1831,0.0928,,,,,1800.0
Zhao2020,Weatherhead,flow,water,0.0111,0.457,13790.0,1926,-0.2295,,,,,3900.0
Zhao2020,Weatherhead,flow,water,0.0111,0.457,13790.0,1953,-0.1431,,,,,3600.0
Zhao2020,Weatherhead,flow,water,0.0111,0.457,13790.0,2007,-0.0766,,,,,3100.0
Zhao2020,Weatherhead,flow,water,0.0111,0.457,13790.0,1994,-0.0443,,,,,2800.0
Zhao2020,Weatherhead,flow,water,0.0111,0.457,13790.0,1994,-0.0179,,,,,2500.0
Zhao2020,Weatherhead,flow,water,0.0111,0.457,13790.0,1953,0.0243,,,,,2200.0
Zhao2020,Weatherhead,flow,water,0.0111,0.457,13790.0,1899,0.0636,,,,,1800.0
Zhao2020,Weatherhead,flow,water,0.0111,0.457,13790.0,1804,0.0897,,,,,1700.0
Zhao2020,Weatherhead,flow,water,0.0111,0.457,13790.0,2007,-0.2107,,,,,4200.0
Zhao2020,Weatherhead,flow,water,0.0111,0.457,13790.0,2061,-0.1386,,,,,3800.0
Zhao2020,Weatherhead,flow,water,0.0111,0.457,13790.0,2034,-0.094,,,,,3400.0
Zhao2020,Weatherhead,flow,water,0.0111,0.457,13790.0,2034,-0.0898,,,,,3400.0
Zhao2020,Weatherhead,flow,water,0.0111,0.457,13790.0,2034,-0.0797,,,,,3100.0
Zhao2020,Weatherhead,flow,water,0.0111,0.457,13790.0,2021,-0.0428,,,,,2800.0
Zhao2020,Weatherhead,flow,water,0.0111,0.457,13790.0,2048,-0.0111,,,,,2500.0
Zhao2020,Weatherhead,flow,water,0.0111,0.457,13790.0,2048,0.0295,,,,,2200.0
Zhao2020,Weatherhead,flow,water,0.0111,0.457,13790.0,1953,0.0615,,,,,1900.0
Zhao2020,Weatherhead,flow,water,0.0111,0.457,13790.0,1763,0.1169,,,,,1600.0
Zhao2020,Weatherhead,flow,water,0.0111,0.457,13790.0,1344,-0.3176,,,,,3900.0
Zhao2020,Weatherhead,flow,water,0.0111,0.457,13790.0,1326,-0.2383,,,,,3600.0
Zhao2020,Weatherhead,flow,water,0.0111,0.457,13790.0,1349,-0.1897,,,,,3200.0
Zhao2020,Weatherhead,flow,water,0.0111,0.457,13790.0,1356,-0.1084,,,,,3000.0
Zhao2020,Weatherhead,flow,water,0.0111,0.457,13790.0,1345,-0.0715,,,,,2600.0
Zhao2020,Weatherhead,flow,water,0.0111,0.457,13790.0,1343,-0.0124,,,,,2300.0
Zhao2020,Weatherhead,flow,water,0.0111,0.457,13790.0,1344,0.0384,,,,,2000.0
Zhao2020,Weatherhead,flow,water,0.0111,0.457,13790.0,1344,0.0976,,,,,1600.0
Zhao2020,Weatherhead,flow,water,0.0111,0.457,13790.0,1200,0.1597,,,,,1400.0
Zhao2020,Weatherhead,flow,water,0.0111,0.457,13790.0,1344,-0.3121,,,,,4100.0
Zhao2020,Weatherhead,flow,water,0.0111,0.457,13790.0,1329,-0.2323,,,,,3700.0
Zhao2020,Weatherhead,flow,water,0.0111,0.457,13790.0,1370,-0.2389,,,,,3500.0
Zhao2020,Weatherhead,flow,water,0.0111,0.457,13790.0,1356,-0.17,,,,,3200.0
Zhao2020,Weatherhead,flow,water,0.0111,0.457,13790.0,1356,-0.1204,,,,,2800.0
Zhao2020,Weatherhead,flow,water,0.0111,0.457,13790.0,1370,-0.0665,,,,,2500.0
Zhao2020,Weatherhead,flow,water,0.0111,0.457,13790.0,1410,-0.0142,,,,,2200.0
Zhao2020,Weatherhead,flow,water,0.0111,0.457,13790.0,1397,0.0392,,,,,1800.0
Zhao2020,Weatherhead,flow,water,0.0111,0.457,13790.0,1370,0.0971,,,,,1600.0
Zhao2020,Weatherhead,flow,water,0.0111,0.457,13790.0,1078,0.1698,,,,,1300.0
Zhao2020,Weatherhead,flow,water,0.0111,0.457,13790.0,697,-0.297,,,,,3800.0
Zhao2020,Weatherhead,flow,water,0.0111,0.457,13790.0,686,-0.1825,,,,,3500.0
Zhao2020,Weatherhead,flow,water,0.0111,0.457,13790.0,673,-0.0544,,,,,3200.0
Zhao2020,Weatherhead,flow,water,0.0111,0.457,13790.0,686,-0.0446,,,,,2900.0
Zhao2020,Weatherhead,flow,water,0.0111,0.457,13790.0,681,-0.0103,,,,,2800.0
Zhao2020,Weatherhead,flow,water,0.0111,0.457,13790.0,685,-0.0034,,,,,2500.0
Zhao2020,Weatherhead,flow,water,0.0111,0.457,13790.0,686,0.0088,,,,,2200.0
Zhao2020,Weatherhead,flow,water,0.0111,0.457,13790.0,674,0.0808,,,,,1900.0
Zhao2020,Weatherhead,flow,water,0.0111,0.457,13790.0,696,0.162,,,,,1600.0
Zhao2020,Weatherhead,flow,water,0.0111,0.457,13790.0,678,-0.15,,,,,3900.0
Zhao2020,Weatherhead,flow,water,0.0111,0.457,13790.0,690,-0.4854,,,,,3600.0
Zhao2020,Weatherhead,flow,water,0.0111,0.457,13790.0,690,-0.3487,,,,,3800.0
Zhao2020,Weatherhead,flow,water,0.0111,0.457,13790.0,688,-0.3183,,,,,3500.0
Zhao2020,Weatherhead,flow,water,0.0111,0.457,13790.0,673,-0.1568,,,,,3300.0
Zhao2020,Weatherhead,flow,water,0.0111,0.457,13790.0,666,-0.1356,,,,,3000.0
Zhao2020,Weatherhead,flow,water,0.0111,0.457,13790.0,660,-0.0916,,,,,2800.0
Zhao2020,Weatherhead,flow,water,0.0111,0.457,13790.0,673,-0.0514,,,,,2500.0
Zhao2020,Weatherhead,flow,water,0.0111,0.457,13790.0,689,0.0196,,,,,2200.0
Zhao2020,Weatherhead,flow,water,0.0111,0.457,13790.0,682,0.0823,,,,,1900.0
Zhao2020,Weatherhead,flow,water,0.0111,0.457,13790.0,689,0.1797,,,,,1600.0
Zhao2020,Weatherhead,flow,water,0.0111,0.457,13790.0,332,0.1583,,,,,2600.0
Zhao2020,Weatherhead,flow,water,0.0111,0.457,13790.0,340,0.1629,,,,,2400.0
Zhao2020,Weatherhead,flow,water,0.0111,0.457,13790.0,340,0.0799,,,,,2700.0
Zhao2020,Weatherhead,flow,water,0.0111,0.457,13790.0,339,0.1252,,,,,2500.0
Zhao2020,Weatherhead,flow,water,0.0111,0.457,13790.0,339,0.1562,,,,,2200.0
Zhao2020,Weatherhead,flow,water,0.0111,0.457,13790.0,350,-0.0744,,,,,2800.0
Zhao2020,Weatherhead,flow,water,0.0111,0.457,13790.0,346,0.0033,,,,,2500.0
Zhao2020,Williams,flow,water,0.0095,1.836,5520.0,4008,0.1512,,,,,2900.0
Zhao2020,Williams,flow,water,0.0095,1.836,8270.0,2710,0.1378,,,,,2300.0
Zhao2020,Williams,flow,water,0.0095,1.836,8270.0,4096,0.0482,,,,,2800.0
Zhao2020,Williams,flow,water,0.0095,1.836,8270.0,4036,0.0537,,,,,2800.0
Zhao2020,Williams,flow,water,0.0095,1.836,8270.0,4027,0.1282,,,,,2000.0
Zhao2020,Williams,flow,water,0.0095,1.836,11030.0,1335,0.1694,,,,,2200.0
Zhao2020,Williams,flow,water,0.0095,1.836,11030.0,2680,0.0912,,,,,2400.0
Zhao2020,Williams,flow,water,0.0095,1.836,11030.0,4092,0.023,,,,,3200.0
Zhao2020,Williams,flow,water,0.0095,1.836,11030.0,2679,0.1083,,,,,1600.0
Zhao2020,Williams,flow,water,0.0095,1.836,11030.0,4054,0.0595,,,,,2100.0
Zhao2020,Williams,flow,water,0.0095,1.836,11030.0,2723,0.149,,,,,1300.0
Zhao2020,Williams,flow,water,0.0095,1.836,11030.0,2684,0.1533,,,,,1300.0
Zhao2020,Williams,flow,water,0.0095,1.836,11030.0,4071,0.097,,,,,1600.0
Zhao2020,Williams,flow,water,0.0095,1.836,13790.0,1333,0.0438,,,,,2100.0
Zhao2020,Williams,flow,water,0.0095,1.836,13790.0,1396,0.0627,,,,,1800.0
Zhao2020,Williams,flow,water,0.0095,1.836,13790.0,2704,-0.0154,,,,,3200.0
Zhao2020,Williams,flow,water,0.0095,1.836,13790.0,2700,0.0147,,,,,3300.0
Zhao2020,Williams,flow,water,0.0095,1.836,13790.0,2773,-0.0278,,,,,3200.0
Zhao2020,Williams,flow,water,0.0095,1.836,13790.0,1339,0.1114,,,,,1400.0
Zhao2020,Williams,flow,water,0.0095,1.836,13790.0,1359,0.151,,,,,1500.0
Zhao2020,Williams,flow,water,0.0095,1.836,13790.0,2042,0.0621,,,,,2000.0
Zhao2020,Williams,flow,water,0.0095,1.836,13790.0,2666,0.0322,,,,,2500.0
Zhao2020,Williams,flow,water,0.0095,1.836,13790.0,2725,0.0177,,,,,2500.0
Zhao2020,Williams,flow,water,0.0095,1.836,13790.0,3404,0.015,,,,,3100.0
Zhao2020,Williams,flow,water,0.0095,1.836,13790.0,3997,-0.0122,,,,,3500.0
Zhao2020,Williams,flow,water,0.0095,1.836,13790.0,4684,-0.0124,,,,,4100.0
Zhao2020,Williams,flow,water,0.0095,1.836,13790.0,1390,0.1643,,,,,1100.0
Zhao2020,Williams,flow,water,0.0095,1.836,13790.0,2721,0.0714,,,,,1800.0
Zhao2020,Williams,flow,water,0.0095,1.836,13790.0,2772,0.0863,,,,,1900.0
Zhao2020,Williams,flow,water,0.0095,1.836,13790.0,4062,0.0588,,,,,2600.0
Zhao2020,Williams,flow,water,0.0095,1.836,13790.0,2680,0.1275,,,,,1500.0
Zhao2020,Williams,flow,water,0.0095,1.836,13790.0,2698,0.1195,,,,,1500.0
Zhao2020,Williams,flow,water,0.0095,1.836,13790.0,4039,0.099,,,,,2100.0
Zhao2020,Williams,flow,water,0.0095,1.836,13790.0,2731,0.1583,,,,,1100.0
Zhao2020,Williams,flow,water,0.0095,1.836,13790.0,2748,0.1565,,,,,1100.0
Zhao2020,Williams,flow,water,0.0095,1.836,13790.0,2776,0.1476,,,,,1100.0
Zhao2020,Williams,flow,water,0.0095,1.836,13790.0,4073,0.1512,,,,,1600.0
Zhao2020,Williams,flow,water,0.0095,1.836,15170.0,670,0.1651,,,,,1200.0
Zhao2020,Williams,flow,water,0.0095,1.836,15170.0,1335,-0.0053,,,,,2100.0
Zhao2020,Williams,flow,water,0.0095,1.836,15170.0,1332,0.1282,,,,,1500.0
Zhao2020,Williams,flow,water,0.0095,1.836,15170.0,2676,0.0047,,,,,2600.0
Zhao2020,Williams,flow,water,0.0095,1.836,15170.0,1345,0.14,,,,,1100.0
Zhao2020,Williams,flow,water,0.0095,1.836,15170.0,2691,0.0526,,,,,1900.0
Zhao2020,Williams,flow,water,0.0095,1.836,15170.0,4069,0.0415,,,,,2800.0
Zhao2020,Williams,flow,water,0.0095,1.836,15170.0,4059,0.0375,,,,,2800.0
Zhao2020,Williams,flow,water,0.0095,1.836,15170.0,1340,0.1712,,,,,900.0
Zhao2020,Williams,flow,water,0.0095,1.836,15170.0,2685,0.1093,,,,,1600.0
Zhao2020,Williams,flow,water,0.0095,1.836,15170.0,2699,0.1038,,,,,1600.0
Zhao2020,Williams,flow,water,0.0095,1.836,15170.0,4136,0.0782,,,,,2300.0
Zhao2020,Williams,flow,water,0.0095,1.836,15170.0,2661,0.1601,,,,,1200.0
Zhao2020,Williams,flow,water,0.0095,1.836,15170.0,3998,0.1464,,,,,1800.0
Zhao2020,Beus,flow,water,0.0056,2.134,15510.0,3673,0.0856,,,,,1900.0
Zhao2020,Beus,flow,water,0.0056,2.134,15510.0,2710,0.1232,,,,,1600.0
Zhao2020,Beus,flow,water,0.0056,2.134,15510.0,1351,0.2201,,,,,1000.0
Zhao2020,Beus,flow,water,0.0056,2.134,15510.0,1349,0.2195,,,,,1000.0
Zhao2020,Beus,flow,water,0.0056,2.134,15510.0,3682,0.0253,,,,,2500.0
Zhao2020,Beus,flow,water,0.0056,2.134,15510.0,2717,0.0537,,,,,2000.0
Zhao2020,Beus,flow,water,0.0056,2.134,15510.0,1355,0.1439,,,,,1200.0
Zhao2020,Beus,flow,water,0.0056,2.134,15510.0,1354,0.1274,,,,,1500.0
Zhao2020,Beus,flow,water,0.0056,2.134,13790.0,3701,0.0515,,,,,2300.0
Zhao2020,Beus,flow,water,0.0056,2.134,13790.0,2729,0.0908,,,,,1900.0
Zhao2020,Beus,flow,water,0.0056,2.134,13790.0,2723,0.0721,,,,,1800.0
Zhao2020,Beus,flow,water,0.0056,2.134,13790.0,1364,0.1867,,,,,1200.0
Zhao2020,Beus,flow,water,0.0056,2.134,13790.0,3662,0.0124,,,,,2900.0
Zhao2020,Beus,flow,water,0.0056,2.134,13790.0,2722,0.0409,,,,,2300.0
Zhao2020,Beus,flow,water,0.0056,2.134,11030.0,3701,0.0833,,,,,1900.0
Zhao2020,Beus,flow,water,0.0056,2.134,11030.0,2740,0.1162,,,,,1600.0
Zhao2020,Beus,flow,water,0.0056,2.134,11030.0,1359,0.1867,,,,,1000.0
Zhao2020,Beus,flow,water,0.0056,2.134,11030.0,1358,0.1891,,,,,1000.0
Zhao2020,Beus,flow,water,0.0056,2.134,11030.0,3677,0.0481,,,,,2500.0
Zhao2020,Beus,flow,water,0.0056,2.134,11030.0,2730,0.0901,,,,,2100.0
Zhao2020,Beus,flow,water,0.0056,2.134,8270.0,1360,0.1715,,,,,1700.0
Zhao2020,Beus,flow,water,0.0056,2.134,15510.0,3669,0.0707,,,,,1800.0
Zhao2020,Beus,flow,water,0.0056,2.134,15510.0,2707,0.107,,,,,1500.0
Zhao2020,Beus,flow,water,0.0056,2.134,15510.0,1356,0.1622,,,,,900.0
Zhao2020,Beus,flow,water,0.0056,2.134,15510.0,1352,0.1712,,,,,900.0
Zhao2020,Beus,flow,water,0.0056,2.134,15510.0,3670,-0.0279,,,,,2200.0
Zhao2020,Beus,flow,water,0.0056,2.134,15510.0,2729,0.0098,,,,,1800.0
Zhao2020,Beus,flow,water,0.0056,2.134,15510.0,1355,0.1015,,,,,1100.0
Zhao2020,Beus,flow,water,0.0056,2.134,15510.0,3690,-0.0943,,,,,2700.0
Zhao2020,Beus,flow,water,0.0056,2.134,15510.0,2733,-0.0517,,,,,2200.0
Zhao2020,Beus,flow,water,0.0056,2.134,15510.0,1355,0.0426,,,,,1300.0
Zhao2020,Beus,flow,water,0.0056,2.134,15510.0,3674,-0.3137,,,,,3300.0
Zhao2020,Beus,flow,water,0.0056,2.134,15510.0,2704,-0.201,,,,,2700.0
Zhao2020,Beus,flow,water,0.0056,2.134,15510.0,1344,-0.0425,,,,,1700.0
Zhao2020,Beus,flow,water,0.0056,2.134,15510.0,671,0.1771,,,,,1100.0
Zhao2020,Beus,flow,water,0.0056,2.134,13790.0,3673,0.0847,,,,,1500.0
Zhao2020,Beus,flow,water,0.0056,2.134,13790.0,2717,0.1233,,,,,1300.0
Zhao2020,Beus,flow,water,0.0056,2.134,13790.0,1364,0.2147,,,,,900.0
Zhao2020,Beus,flow,water,0.0056,2.134,13790.0,1354,0.1817,,,,,800.0
Zhao2020,Beus,flow,water,0.0056,2.134,13790.0,3721,0.0238,,,,,2100.0
Zhao2020,Beus,flow,water,0.0056,2.134,13790.0,2729,0.0537,,,,,1700.0
Zhao2020,Beus,flow,water,0.0056,2.134,13790.0,1355,0.1538,,,,,1100.0
Zhao2020,Beus,flow,water,0.0056,2.134,13790.0,3679,-0.0394,,,,,2600.0
Zhao2020,Beus,flow,water,0.0056,2.134,13790.0,2721,-0.0185,,,,,2000.0
Zhao2020,Beus,flow,water,0.0056,2.134,13790.0,2719,-0.015,,,,,2000.0
Zhao2020,Beus,flow,water,0.0056,2.134,13790.0,1351,0.1385,,,,,1400.0
Zhao2020,Beus,flow,water,0.0056,2.134,13790.0,2726,-0.1197,,,,,2700.0
Zhao2020,Beus,flow,water,0.0056,2.134,13790.0,1409,-0.082,,,,,1500.0
Zhao2020,Beus,flow,water,0.0056,2.134,13790.0,1354,0.0568,,,,,1800.0
Zhao2020,Beus,flow,water,0.0056,2.134,13790.0,1340,-0.0135,,,,,1600.0
Zhao2020,Beus,flow,water,0.0056,2.134,13790.0,1345,0.0224,,,,,1700.0
Zhao2020,Beus,flow,water,0.0056,2.134,13790.0,1349,-0.1462,,,,,2400.0
Zhao2020,Beus,flow,water,0.0056,2.134,13790.0,675,0.1556,,,,,1600.0
Zhao2020,Beus,flow,water,0.0056,2.134,11030.0,3684,0.0718,,,,,1800.0
Zhao2020,Beus,flow,water,0.0056,2.134,11030.0,3677,0.0765,,,,,1800.0
Zhao2020,Beus,flow,water,0.0056,2.134,11030.0,2741,0.1006,,,,,1500.0
Zhao2020,Beus,flow,water,0.0056,2.134,11030.0,1355,0.1847,,,,,1000.0
Zhao2020,Beus,flow,water,0.0056,2.134,11030.0,3665,0.0259,,,,,2300.0
Zhao2020,Beus,flow,water,0.0056,2.134,11030.0,2712,0.0747,,,,,2000.0
Zhao2020,Beus,flow,water,0.0056,2.134,11030.0,1345,0.1459,,,,,1200.0
Zhao2020,Beus,flow,water,0.0056,2.134,11030.0,3665,-0.0719,,,,,3200.0
Zhao2020,Beus,flow,water,0.0056,2.134,11030.0,2693,-0.027,,,,,2600.0
Zhao2020,Beus,flow,water,0.0056,2.134,11030.0,1364,0.1326,,,,,1800.0
Zhao2020,Beus,flow,water,0.0056,2.134,11030.0,1358,0.0179,,,,,2600.0
Zhao2020,Beus,flow,water,0.0056,2.134,11030.0,671,0.232,,,,,1600.0
Zhao2020,Beus,flow,water,0.0056,2.134,8270.0,3670,0.087,,,,,2100.0
Zhao2020,Beus,flow,water,0.0056,2.134,8270.0,2731,0.1219,,,,,1800.0
Zhao2020,Beus,flow,water,0.0056,2.134,8270.0,2710,0.1219,,,,,1800.0
Zhao2020,Beus,flow,water,0.0056,2.134,8270.0,1348,0.1848,,,,,1100.0
Zhao2020,Beus,flow,water,0.0056,2.134,8270.0,1355,0.1461,,,,,1600.0
Zhao2020,Beus,flow,water,0.0056,2.134,8270.0,1345,0.1499,,,,,1600.0
Zhao2020,Beus,flow,water,0.0056,2.134,8270.0,3678,0.0202,,,,,3200.0
Zhao2020,Beus,flow,water,0.0056,2.134,8270.0,2730,0.0539,,,,,2600.0
Zhao2020,Beus,flow,water,0.0056,2.134,8270.0,1354,0.0749,,,,,2500.0
Zhao2020,Beus,flow,water,0.0056,2.134,5520.0,2741,0.1119,,,,,2400.0
Zhao2020,Beus,flow,water,0.0056,2.134,5520.0,1354,0.1926,,,,,1500.0
Zhao2020,Beus,flow,water,0.0056,2.134,5520.0,1337,0.1716,,,,,1400.0
Zhao2020,Janssen,flow,water,0.0085,2.591,6870.0,1546,0.1465,,,,,2800.0
Zhao2020,Janssen,flow,water,0.0085,2.591,6850.0,1614,0.129,,,,,2600.0
Zhao2020,Janssen,flow,water,0.0085,2.591,6980.0,1587,0.1824,,,,,2400.0
Zhao2020,Janssen,flow,water,0.0085,2.591,6720.0,1750,0.1215,,,,,3000.0
Zhao2020,Janssen,flow,water,0.0085,2.591,7080.0,1250,0.1857,,,,,2100.0
Zhao2020,Janssen,flow,water,0.0085,2.591,6900.0,1668,-0.0867,,,,,1900.0
Zhao2020,Janssen,flow,water,0.0085,2.591,7050.0,1546,0.1745,,,,,1700.0
Zhao2020,Janssen,flow,water,0.0085,2.591,6790.0,1132,0.1894,,,,,1800.0
Zhao2020,Janssen,flow,water,0.0085,2.743,6890.0,1533,0.2043,,,,,2000.0
Zhao2020,Janssen,flow,water,0.0085,2.743,6890.0,1519,0.1998,,,,,2200.0
Zhao2020,Janssen,flow,water,0.0085,2.743,6890.0,1519,0.1975,,,,,2500.0
Zhao2020,Janssen,flow,water,0.0085,2.743,6890.0,1519,0.1979,,,,,2800.0
Zhao2020,Janssen,flow,water,0.0085,2.743,6890.0,1519,0.139,,,,,3200.0
Zhao2020,Janssen,flow,water,0.0085,2.743,6860.0,1533,0.2138,,,,,1900.0
Zhao2020,Janssen,flow,water,0.0085,2.743,6960.0,1533,0.1913,,,,,2000.0
Zhao2020,Janssen,flow,water,0.0085,2.743,6890.0,1533,0.2047,,,,,2200.0
Zhao2020,Janssen,flow,water,0.0085,2.743,6910.0,1533,0.2085,,,,,2600.0
Zhao2020,Janssen,flow,water,0.0085,2.743,6920.0,1519,0.1616,,,,,2600.0
Zhao2020,Janssen,flow,water,0.0085,2.743,6850.0,1533,0.1579,,,,,2900.0
Zhao2020,Janssen,flow,water,0.0085,2.743,6860.0,1519,0.1388,,,,,3000.0
Zhao2020,Janssen,flow,water,0.0085,2.743,6870.0,1505,0.1537,,,,,3200.0
Zhao2020,Janssen,flow,water,0.0085,2.743,6890.0,1519,0.1001,,,,,3400.0
Zhao2020,Janssen,flow,water,0.0085,2.743,6890.0,2265,0.1933,,,,,1600.0
Zhao2020,Janssen,flow,water,0.0085,2.743,6890.0,2278,0.1832,,,,,1900.0
Zhao2020,Janssen,flow,water,0.0085,2.743,6910.0,2278,0.1671,,,,,2200.0
Zhao2020,Janssen,flow,water,0.0085,2.743,6920.0,2238,0.1703,,,,,2500.0
Zhao2020,Janssen,flow,water,0.0085,2.743,6890.0,2278,0.1415,,,,,2700.0
Zhao2020,Janssen,flow,water,0.0085,2.743,6890.0,2265,0.1247,,,,,3100.0
Zhao2020,Janssen,flow,water,0.0085,2.743,6850.0,2265,0.1017,,,,,3300.0
Zhao2020,Janssen,flow,water,0.0085,2.743,6850.0,2265,0.08,,,,,3600.0
Zhao2020,Janssen,flow,water,0.0085,2.743,6920.0,2265,0.1498,,,,,2800.0
Zhao2020,Janssen,flow,water,0.0085,2.743,6890.0,2278,0.1946,,,,,1500.0
Zhao2020,Janssen,flow,water,0.0085,1.829,6890.0,1533,0.1969,,,,,1800.0
Zhao2020,Janssen,flow,water,0.0085,1.829,6920.0,1533,0.1762,,,,,2300.0
Zhao2020,Janssen,flow,water,0.0085,1.829,6960.0,1533,0.1482,,,,,2900.0
Zhao2020,Janssen,flow,water,0.0085,1.829,6830.0,1533,0.1192,,,,,3500.0
Zhao2020,Janssen,flow,water,0.0085,1.829,6870.0,1533,0.2039,,,,,1900.0
Zhao2020,Janssen,flow,water,0.0085,1.829,6890.0,1519,0.1932,,,,,2200.0
Zhao2020,Janssen,flow,water,0.0085,1.829,6890.0,1519,0.1819,,,,,2500.0
Zhao2020,Janssen,flow,water,0.0085,1.829,6890.0,1519,0.1356,,,,,3000.0
Zhao2020,Janssen,flow,water,0.0085,1.829,6890.0,2346,0.1549,,,,,2000.0
Zhao2020,Janssen,flow,water,0.0085,1.829,6890.0,1533,0.2057,,,,,1900.0
Zhao2020,Janssen,flow,water,0.0085,1.829,6890.0,1533,0.188,,,,,2100.0
Zhao2020,Janssen,flow,water,0.0085,1.829,6890.0,1533,0.186,,,,,2100.0
Zhao2020,Janssen,flow,water,0.0085,1.829,6890.0,1533,0.206,,,,,1900.0
Zhao2020,Janssen,flow,water,0.0085,1.829,6850.0,2360,0.1352,,,,,2000.0
Zhao2020,Janssen,flow,water,0.0085,1.829,6910.0,2346,0.1162,,,,,2500.0
Zhao2020,Janssen,flow,water,0.0085,1.829,6890.0,2319,0.1074,,,,,3200.0
Zhao2020,Janssen,flow,water,0.0085,1.829,6650.0,2292,0.0942,,,,,3900.0
Zhao2020,Janssen,flow,water,0.0085,1.829,6890.0,1926,0.2011,,,,,2200.0
Zhao2020,Janssen,flow,water,0.0127,2.711,6850.0,1519,0.1641,,,,,1900.0
Zhao2020,Janssen,flow,water,0.0127,2.711,6890.0,1533,0.1341,,,,,2200.0
Zhao2020,Janssen,flow,water,0.0127,2.711,6890.0,1546,0.1225,,,,,2500.0
Zhao2020,Janssen,flow,water,0.0127,2.711,6920.0,1519,0.1064,,,,,3200.0
Zhao2020,Janssen,flow,water,0.0127,2.743,6890.0,1519,0.1671,,,,,1900.0
Zhao2020,Janssen,flow,water,0.0127,2.743,6870.0,1519,0.1481,,,,,2200.0
Zhao2020,Janssen,flow,water,0.0127,2.743,6890.0,1519,0.1271,,,,,2600.0
Zhao2020,Janssen,flow,water,0.0127,2.743,6890.0,1519,0.123,,,,,2900.0
Zhao2020,Janssen,flow,water,0.0127,2.743,6930.0,1519,0.1104,,,,,3400.0
Zhao2020,Janssen,flow,water,0.0127,2.743,6890.0,1546,0.0967,,,,,3400.0
Zhao2020,Janssen,flow,water,0.0127,2.743,6890.0,1533,0.0897,,,,,3500.0
Zhao2020,Janssen,flow,water,0.0127,2.743,6890.0,1519,0.081,,,,,3700.0
Zhao2020,Janssen,flow,water,0.0127,2.743,6920.0,1546,0.0935,,,,,3300.0
Zhao2020,Janssen,flow,water,0.0127,2.743,6890.0,1519,0.1205,,,,,2700.0
Zhao2020,Janssen,flow,water,0.0127,2.743,6890.0,1519,0.1681,,,,,1900.0
Zhao2020,Janssen,flow,water,0.0127,2.743,6890.0,2292,0.1206,,,,,2100.0
Zhao2020,Janssen,flow,water,0.0127,2.743,6890.0,2292,0.1018,,,,,2500.0
Zhao2020,Janssen,flow,water,0.0127,2.743,6890.0,2292,0.0847,,,,,2800.0
Zhao2020,Janssen,flow,water,0.0127,2.743,6920.0,2278,0.0632,,,,,3100.0
Zhao2020,Janssen,flow,water,0.0127,2.743,6890.0,2292,0.0611,,,,,3500.0
Zhao2020,Janssen,flow,water,0.0127,2.743,6890.0,2292,0.0423,,,,,3700.0
Zhao2020,Janssen,flow,water,0.0127,2.743,6780.0,2292,0.0474,,,,,3900.0
Zhao2020,Janssen,flow,water,0.0127,2.743,6960.0,2265,0.0629,,,,,3500.0
Zhao2020,Janssen,flow,water,0.0127,2.743,6890.0,2292,0.0866,,,,,2800.0
Zhao2020,Janssen,flow,water,0.0127,2.743,6880.0,2292,0.1263,,,,,2200.0
Zhao2020,Janssen,flow,water,0.0127,2.743,6890.0,1165,0.2085,,,,,1800.0
Zhao2020,Janssen,flow,water,0.0127,2.743,6820.0,1166,0.1743,,,,,2100.0
Zhao2020,Janssen,flow,water,0.0127,2.743,6920.0,1162,0.1498,,,,,2500.0
Zhao2020,Janssen,flow,water,0.0127,2.743,6850.0,1165,0.1396,,,,,2900.0
Zhao2020,Janssen,flow,water,0.0127,2.743,6890.0,1161,0.1396,,,,,3400.0
Zhao2020,Janssen,flow,water,0.0127,1.778,6890.0,1519,0.159,,,,,2700.0
Zhao2020,Janssen,flow,water,0.0127,1.778,6890.0,1519,0.1309,,,,,2900.0
Zhao2020,Janssen,flow,water,0.0127,1.778,6890.0,1519,0.1088,,,,,3300.0
Zhao2020,Janssen,flow,water,0.0127,1.778,6890.0,1519,0.0752,,,,,3600.0
Zhao2020,Janssen,flow,water,0.0127,1.778,6890.0,1505,0.0642,,,,,3800.0
Zhao2020,Janssen,flow,water,0.0127,1.778,6890.0,1519,0.0557,,,,,3900.0
Zhao2020,Janssen,flow,water,0.0127,1.778,6890.0,1519,0.0479,,,,,4100.0
Zhao2020,Janssen,flow,water,0.0127,1.778,6890.0,1519,0.0233,,,,,4300.0
Zhao2020,Janssen,flow,water,0.0127,1.778,6900.0,1519,0.0036,,,,,4600.0
Zhao2020,Janssen,flow,water,0.0127,1.778,6890.0,2292,0.1086,,,,,2900.0
Zhao2020,Janssen,flow,water,0.0127,1.778,6890.0,2292,0.0797,,,,,3400.0
Zhao2020,Janssen,flow,water,0.0127,1.778,6890.0,2265,0.0384,,,,,3800.0
Zhao2020,Janssen,flow,water,0.0127,1.778,6890.0,2278,0.0109,,,,,4200.0
Zhao2020,Janssen,flow,water,0.0127,1.778,6920.0,2292,-0.0262,,,,,4700.0
Zhao2020,Janssen,flow,water,0.0127,1.778,6920.0,2292,-0.0336,,,,,4900.0
Zhao2020,Janssen,flow,water,0.0127,1.778,6920.0,2292,0.0197,,,,,4000.0
Zhao2020,Janssen,flow,water,0.0127,1.778,6890.0,2292,0.0448,,,,,3900.0
Zhao2020,Janssen,flow,water,0.0127,1.778,6890.0,2292,0.1106,,,,,2900.0
Zhao2020,Janssen,flow,water,0.0127,1.778,6890.0,1519,-0.0184,,,,,4900.0
Zhao2020,Janssen,flow,water,0.0127,1.778,6910.0,1519,-0.0361,,,,,5100.0
Zhao2020,Janssen,flow,water,0.0127,1.778,4130.0,1492,0.1517,,,,,2900.0
Zhao2020,Janssen,flow,water,0.0127,1.778,4130.0,1519,0.1272,,,,,3200.0
Zhao2020,Janssen,flow,water,0.0127,1.778,4130.0,1533,0.1056,,,,,3400.0
Zhao2020,Janssen,flow,water,0.0127,1.778,4130.0,1505,0.0945,,,,,3600.0
Zhao2020,Janssen,flow,water,0.0127,1.778,4130.0,1519,0.0694,,,,,4100.0
Zhao2020,Janssen,flow,water,0.0127,1.778,4130.0,1519,0.0459,,,,,4600.0
Zhao2020,Janssen,flow,water,0.0127,1.778,4130.0,2292,0.1124,,,,,3100.0
Zhao2020,Janssen,flow,water,0.0127,1.778,4130.0,2265,0.0721,,,,,4100.0
Zhao2020,Janssen,flow,water,0.0127,1.778,4160.0,2278,0.0547,,,,,4300.0
Zhao2020,Janssen,flow,water,0.0127,1.778,4130.0,2278,0.0486,,,,,4500.0
Zhao2020,Janssen,flow,water,0.0127,1.778,4130.0,753,0.175,,,,,3400.0
Zhao2020,Janssen,flow,water,0.0127,1.778,4130.0,746,0.1467,,,,,3700.0
Zhao2020,Janssen,flow,water,0.0127,1.778,4160.0,746,0.1997,,,,,2900.0
Zhao2020,Janssen,flow,water,0.0127,1.778,4160.0,749,0.1329,,,,,3500.0
Zhao2020,Janssen,flow,water,0.0127,1.778,5540.0,1519,0.1055,,,,,3200.0
Zhao2020,Janssen,flow,water,0.0127,1.778,5540.0,1519,0.0886,,,,,4000.0
Zhao2020,Janssen,flow,water,0.0127,1.778,5580.0,1505,0.0622,,,,,4400.0
Zhao2020,Janssen,flow,water,0.0127,1.778,5580.0,1519,0.0382,,,,,4700.0
Zhao2020,Janssen,flow,water,0.0127,1.778,5510.0,1519,0.1487,,,,,2700.0
Zhao2020,Janssen,flow,water,0.0127,1.778,5510.0,1478,0.0196,,,,,4300.0
Zhao2020,Janssen,flow,water,0.0127,1.778,5510.0,1519,0.0126,,,,,4600.0
Zhao2020,Janssen,flow,water,0.0127,1.778,5510.0,1519,0.0084,,,,,5000.0
Zhao2020,Janssen,flow,water,0.0127,1.778,5510.0,1519,0.0032,,,,,5500.0
Zhao2020,Janssen,flow,water,0.0127,1.778,8270.0,1519,0.1353,,,,,2400.0
Zhao2020,Janssen,flow,water,0.0127,1.778,8270.0,1519,0.0522,,,,,3700.0
Zhao2020,Janssen,flow,water,0.0127,1.778,8270.0,1519,0.0235,,,,,4100.0
Zhao2020,Janssen,flow,water,0.0127,1.778,8300.0,1519,0.0052,,,,,4300.0
Zhao2020,Janssen,flow,water,0.0127,1.778,8300.0,1519,0.0245,,,,,4000.0
Zhao2020,Janssen,flow,water,0.0127,1.778,8270.0,1519,0.0091,,,,,4300.0
Zhao2020,Janssen,flow,water,0.0127,1.778,9650.0,1519,0.0667,,,,,3000.0
Zhao2020,Janssen,flow,water,0.0127,1.778,9680.0,1519,0.031,,,,,3600.0
Zhao2020,Janssen,flow,water,0.0127,1.778,9650.0,1519,-0.0022,,,,,3800.0
Zhao2020,Janssen,flow,water,0.0127,1.778,9650.0,1519,-0.0158,,,,,3900.0
Zhao2020,Janssen,flow,water,0.0127,1.778,9510.0,2292,-0.025,,,,,3900.0
Zhao2020,Janssen,flow,water,0.0127,1.778,9680.0,2292,0.004,,,,,3500.0
Zhao2020,Janssen,flow,water,0.0127,1.778,9680.0,2319,0.0301,,,,,3500.0
Zhao2020,Janssen,flow,water,0.0127,1.778,9710.0,2292,0.0509,,,,,3200.0
Zhao2020,Janssen,flow,water,0.0127,1.778,9710.0,2292,0.0896,,,,,2800.0
Zhao2020,Janssen,flow,water,0.0127,1.778,9680.0,2278,0.1007,,,,,2600.0
Zhao2020,Janssen,flow,water,0.0127,1.778,9680.0,2292,0.0297,,,,,3500.0
Zhao2020,Janssen,flow,water,0.0127,1.778,9680.0,2292,0.0113,,,,,3700.0
Zhao2020,Janssen,flow,water,0.0085,1.778,6920.0,3038,0.0182,,,,,4100.0
Zhao2020,Janssen,flow,water,0.0085,1.778,6890.0,3052,-0.0097,,,,,4600.0
Zhao2020,Janssen,flow,water,0.0222,1.778,6850.0,770,0.1212,,,,,2500.0
Zhao2020,Janssen,flow,water,0.0222,1.778,6920.0,765,0.0324,,,,,4100.0
Zhao2020,Janssen,flow,water,0.0222,1.778,6820.0,762,0.0161,,,,,4500.0
Zhao2020,Janssen,flow,water,0.0222,1.778,6920.0,385,0.1917,,,,,2000.0
Zhao2020,Janssen,flow,water,0.0222,1.778,6780.0,388,0.2032,,,,,2300.0
Zhao2020,Janssen,flow,water,0.0222,1.778,6920.0,381,0.1594,,,,,2900.0
Zhao2020,Janssen,flow,water,0.0222,1.778,6890.0,385,0.1989,,,,,2000.0
Zhao2020,Janssen,flow,water,0.0222,1.778,6990.0,382,0.1759,,,,,2600.0
Zhao2020,Janssen,flow,water,0.0222,1.778,6870.0,381,0.1505,,,,,2800.0
Zhao2020,Janssen,flow,water,0.0222,1.778,6920.0,381,0.1363,,,,,3300.0
Zhao2020,Janssen,flow,water,0.0222,1.778,6920.0,385,0.1124,,,,,3500.0
Zhao2020,Janssen,flow,water,0.0222,1.778,6890.0,388,0.1077,,,,,4100.0
Zhao2020,Janssen,flow,water,0.0222,1.778,6920.0,382,0.0768,,,,,4200.0
Zhao2020,Janssen,flow,water,0.0222,1.778,6920.0,1519,0.0314,,,,,3700.0
Zhao2020,Janssen,flow,water,0.0085,1.778,6890.0,3052,0.1321,,,,,2500.0
Zhao2020,Janssen,flow,water,0.0085,1.778,6890.0,3079,0.1129,,,,,2900.0
Zhao2020,Janssen,flow,water,0.0085,1.778,6920.0,3065,0.0892,,,,,3000.0
Zhao2020,Janssen,flow,water,0.0085,1.778,6920.0,3092,0.057,,,,,3400.0
Zhao2020,Janssen,flow,water,0.0085,1.778,6920.0,3065,0.0288,,,,,3800.0
Zhao2020,Janssen,flow,water,0.0085,1.778,6870.0,3038,0.0035,,,,,4100.0
Zhao2020,Janssen,flow,water,0.0085,1.778,6780.0,3052,-0.0265,,,,,4600.0
Zhao2020,Janssen,flow,water,0.0085,1.778,6890.0,2306,0.1551,,,,,2300.0
Zhao2020,Janssen,flow,water,0.0085,1.778,6890.0,2278,0.1204,,,,,2900.0
Zhao2020,Janssen,flow,water,0.0085,1.778,6890.0,2278,0.0886,,,,,3300.0
Zhao2020,Janssen,flow,water,0.0085,1.778,6960.0,2278,0.0582,,,,,3800.0
Zhao2020,Janssen,flow,water,0.0085,1.778,6990.0,2306,0.018,,,,,4100.0
Zhao2020,Janssen,flow,water,0.0085,1.778,6920.0,2292,0.0025,,,,,4500.0
Zhao2020,Janssen,flow,water,0.0085,1.778,6920.0,2278,0.0545,,,,,3800.0
Zhao2020,Janssen,flow,water,0.0085,1.778,6920.0,2278,0.1145,,,,,2900.0
Zhao2020,Janssen,flow,water,0.0085,1.778,6920.0,2292,0.1517,,,,,2300.0
Zhao2020,Janssen,flow,water,0.0085,1.778,6920.0,1519,0.1988,,,,,2000.0
Zhao2020,Janssen,flow,water,0.0085,1.778,6920.0,1533,0.1784,,,,,2300.0
Zhao2020,Janssen,flow,water,0.0085,1.778,6920.0,1519,0.1494,,,,,2600.0
Zhao2020,Janssen,flow,water,0.0085,1.778,6890.0,1533,0.1157,,,,,2900.0
Zhao2020,Janssen,flow,water,0.0085,1.778,6890.0,1533,0.0972,,,,,3100.0
Zhao2020,Janssen,flow,water,0.0085,1.778,6890.0,1519,0.0865,,,,,3400.0
Zhao2020,Janssen,flow,water,0.0085,1.778,6850.0,1533,0.0635,,,,,3600.0
Zhao2020,Janssen,flow,water,0.0046,1.778,6890.0,3024,0.1334,,,,,2000.0
Zhao2020,Janssen,flow,water,0.0046,1.778,6890.0,3065,0.1116,,,,,2000.0
Zhao2020,Janssen,flow,water,0.0046,1.778,6890.0,3038,0.0893,,,,,2200.0
Zhao2020,Janssen,flow,water,0.0046,1.778,6890.0,3052,0.061,,,,,2500.0
Zhao2020,Janssen,flow,water,0.0046,1.778,6860.0,3052,0.0318,,,,,2700.0
Zhao2020,Janssen,flow,water,0.0046,1.778,6890.0,3079,0.0088,,,,,3300.0
Zhao2020,Janssen,flow,water,0.0046,1.778,6890.0,2306,0.1717,,,,,1400.0
Zhao2020,Janssen,flow,water,0.0046,1.778,6890.0,2306,0.1011,,,,,1900.0
Zhao2020,Janssen,flow,water,0.0046,1.778,6890.0,2319,0.0824,,,,,2200.0
Zhao2020,Janssen,flow,water,0.0046,1.778,6900.0,2306,0.067,,,,,2400.0
Zhao2020,Janssen,flow,water,0.0046,1.778,6920.0,2292,0.0497,,,,,2600.0
Zhao2020,Janssen,flow,water,0.0046,1.778,6870.0,2306,0.0496,,,,,2800.0
Zhao2020,Janssen,flow,water,0.0046,1.778,6920.0,2278,0.0321,,,,,3000.0
Zhao2020,Janssen,flow,water,0.0127,0.737,6890.0,5913,0.0211,,,,,3500.0
Zhao2020,Janssen,flow,water,0.0127,0.737,6920.0,2740,0.0416,,,,,3300.0
Zhao2020,Janssen,flow,water,0.0127,0.737,6920.0,2767,0.0208,,,,,3600.0
Zhao2020,Janssen,flow,water,0.0127,0.737,6750.0,2780,-0.0021,,,,,3500.0
Zhao2020,Janssen,flow,water,0.0127,0.914,6920.0,2767,0.0523,,,,,3000.0
Zhao2020,Janssen,flow,water,0.0127,0.914,6890.0,2780,0.0364,,,,,3300.0
Zhao2020,Janssen,flow,water,0.0127,0.914,6890.0,2767,0.0108,,,,,3600.0
Zhao2020,Janssen,flow,water,0.0127,0.914,6890.0,2767,0.0022,,,,,3800.0
Zhao2020,Janssen,flow,water,0.0127,0.914,6890.0,2767,-0.0136,,,,,4000.0
Zhao2020,Janssen,flow,water,0.0127,0.914,6890.0,2767,-0.0342,,,,,4300.0
Zhao2020,Janssen,flow,water,0.0127,0.914,6890.0,2767,-0.0512,,,,,4500.0
Zhao2020,Janssen,flow,water,0.0127,0.914,6890.0,2767,-0.0672,,,,,4600.0
Zhao2020,Janssen,flow,water,0.0127,0.914,6920.0,2767,-0.0924,,,,,4900.0
Zhao2020,Janssen,flow,water,0.0127,0.914,6850.0,2333,0.0674,,,,,3000.0
Zhao2020,Janssen,flow,water,0.0127,0.914,6850.0,2319,0.0412,,,,,3400.0
Zhao2020,Janssen,flow,water,0.0127,0.914,6850.0,2319,0.0085,,,,,3900.0
Zhao2020,Janssen,flow,water,0.0127,0.914,6890.0,2319,-0.008,,,,,4200.0
Zhao2020,Janssen,flow,water,0.0127,0.914,6890.0,2319,-0.0202,,,,,4400.0
Zhao2020,Janssen,flow,water,0.0127,0.914,6890.0,2319,-0.0456,,,,,4800.0
Zhao2020,Janssen,flow,water,0.0064,0.914,6890.0,5588,0.064,,,,,3000.0
Zhao2020,Janssen,flow,water,0.0064,0.914,6890.0,5588,0.0381,,,,,3500.0
Zhao2020,Janssen,flow,water,0.0064,0.914,6890.0,5615,0.003,,,,,4000.0
Zhao2020,Janssen,flow,water,0.0064,0.914,6890.0,5588,-0.0408,,,,,4300.0
Zhao2020,Janssen,flow,water,0.0064,0.914,6890.0,5642,-0.0742,,,,,4700.0
Zhao2020,Janssen,flow,water,0.0064,0.914,6850.0,2807,0.1136,,,,,2800.0
Zhao2020,Janssen,flow,water,0.0064,0.914,6840.0,2821,0.0893,,,,,3100.0
Zhao2020,Janssen,flow,water,0.0064,0.914,6940.0,2807,0.0625,,,,,3200.0
Zhao2020,Janssen,flow,water,0.0064,0.914,6890.0,2807,0.0476,,,,,3400.0
Zhao2020,Janssen,flow,water,0.0064,0.914,6900.0,2807,0.0291,,,,,3600.0
Zhao2020,Janssen,flow,water,0.0064,0.914,6890.0,2807,0.0135,,,,,3900.0
Zhao2020,Janssen,flow,water,0.0064,0.914,6890.0,2794,-0.0007,,,,,4000.0
Zhao2020,Janssen,flow,water,0.0064,0.914,6890.0,2794,-0.0117,,,,,4200.0
Zhao2020,Janssen,flow,water,0.0064,0.914,6890.0,2807,-0.0329,,,,,4300.0
Zhao2020,Janssen,flow,water,0.0064,0.914,6890.0,2807,-0.046,,,,,4400.0
Zhao2020,Janssen,flow,water,0.0064,0.914,6890.0,2794,-0.0644,,,,,4600.0
Zhao2020,Janssen,flow,water,0.0064,0.914,9690.0,5669,0.0511,,,,,2500.0
Zhao2020,Janssen,flow,water,0.0064,0.914,9680.0,5655,0.0329,,,,,2600.0
Zhao2020,Janssen,flow,water,0.0064,0.914,9690.0,5615,0.0145,,,,,2900.0
Zhao2020,Janssen,flow,water,0.0064,0.914,9680.0,5615,-0.0058,,,,,3100.0
Zhao2020,Janssen,flow,water,0.0064,0.914,9680.0,5601,-0.0249,,,,,3400.0
Zhao2020,Janssen,flow,water,0.0064,0.914,9650.0,5601,-0.0593,,,,,3700.0
Zhao2020,Janssen,flow,water,0.0064,0.914,9650.0,5615,-0.0801,,,,,4100.0
Zhao2020,Janssen,flow,water,0.0064,0.914,9610.0,5615,-0.0945,,,,,4300.0
Zhao2020,Janssen,flow,water,0.0064,0.914,9650.0,5615,-0.1167,,,,,4700.0
Zhao2020,Janssen,flow,water,0.0127,0.914,6890.0,5533,0.0344,,,,,3400.0
Zhao2020,Janssen,flow,water,0.0127,0.914,6910.0,5533,0.0063,,,,,3800.0
Zhao2020,Janssen,flow,water,0.0127,0.914,6890.0,5547,-0.0042,,,,,3900.0
Zhao2020,Janssen,flow,water,0.0127,0.914,6920.0,5520,-0.0251,,,,,4300.0
Zhao2020,Janssen,flow,water,0.0127,0.914,6890.0,5520,-0.0383,,,,,4600.0
Zhao2020,Janssen,flow,water,0.0127,0.914,9680.0,5615,0.0183,,,,,3200.0
Zhao2020,Janssen,flow,water,0.0127,0.914,9650.0,5547,-0.0037,,,,,3500.0
Zhao2020,Janssen,flow,water,0.0127,0.914,9710.0,5561,-0.0298,,,,,3900.0
Zhao2020,Janssen,flow,water,0.0127,0.914,9680.0,5547,-0.0404,,,,,4300.0
Zhao2020,Janssen,flow,water,0.0127,0.914,9720.0,5520,-0.0512,,,,,4500.0
Zhao2020,Janssen,flow,water,0.0127,0.914,9650.0,5561,0.0275,,,,,3100.0
Zhao2020,Janssen,flow,water,0.0127,0.737,6890.0,549,0.1723,,,,,2700.0
Zhao2020,Janssen,flow,water,0.0127,0.737,6960.0,553,0.1005,,,,,3300.0
Zhao2020,Janssen,flow,water,0.0127,0.737,6980.0,553,0.1058,,,,,4100.0
Zhao2020,Janssen,flow,water,0.0127,0.737,6890.0,549,0.1695,,,,,2600.0
Zhao2020,Janssen,flow,water,0.0127,0.737,6890.0,549,0.1695,,,,,2600.0
Zhao2020,Janssen,flow,water,0.0127,0.737,6890.0,553,0.1253,,,,,3100.0
Zhao2020,Janssen,flow,water,0.0127,0.737,6900.0,549,0.172,,,,,2700.0
Zhao2020,Janssen,flow,water,0.0127,0.737,6920.0,553,0.1406,,,,,3100.0
Zhao2020,Janssen,flow,water,0.0127,0.737,6890.0,553,0.1167,,,,,3700.0
Zhao2020,Janssen,flow,water,0.0127,0.737,6920.0,555,0.0886,,,,,4300.0
Zhao2020,Janssen,flow,water,0.0127,0.737,6890.0,825,0.1234,,,,,2900.0
Zhao2020,Janssen,flow,water,0.0127,0.737,6890.0,830,0.1045,,,,,3200.0
Zhao2020,Janssen,flow,water,0.0127,0.737,6890.0,827,0.0668,,,,,3900.0
Zhao2020,Janssen,flow,water,0.0127,0.737,6890.0,833,0.0403,,,,,4500.0
Zhao2020,Janssen,flow,water,0.0127,0.737,6890.0,829,-0.0078,,,,,4500.0
Zhao2020,Janssen,flow,water,0.0127,0.737,6890.0,833,-0.0762,,,,,4800.0
Zhao2020,Janssen,flow,water,0.0127,0.737,6890.0,833,-0.0657,,,,,5300.0
Zhao2020,Janssen,flow,water,0.0127,0.737,6890.0,826,-0.0813,,,,,5500.0
Zhao2020,Janssen,flow,water,0.0127,0.737,6890.0,815,-0.0943,,,,,5800.0
Zhao2020,Janssen,flow,water,0.0127,0.737,6890.0,834,-0.1332,,,,,6000.0
Zhao2020,Janssen,flow,water,0.0127,0.737,6960.0,551,0.1674,,,,,2700.0
Zhao2020,Janssen,flow,water,0.0085,1.778,6890.0,3065,0.1204,,,,,2500.0
Zhao2020,Janssen,flow,water,0.0085,1.778,6850.0,3038,0.0254,,,,,3900.0
Zhao2020,Janssen,flow,water,0.0085,1.778,6850.0,3052,0.0176,,,,,4200.0
Zhao2020,Janssen,flow,water,0.0085,1.778,6890.0,3052,0.0611,,,,,3400.0
Zhao2020,Janssen,flow,water,0.0085,1.778,6890.0,3038,0.0175,,,,,4300.0
Zhao2020,Janssen,flow,water,0.0085,1.778,6990.0,2278,0.047,,,,,3700.0
Zhao2020,Janssen,flow,water,0.0085,1.778,6850.0,2292,0.033,,,,,4000.0
Zhao2020,Janssen,flow,water,0.0085,1.778,6890.0,2306,0.1504,,,,,2500.0
Zhao2020,Janssen,flow,water,0.0085,1.778,6890.0,1533,0.2072,,,,,2200.0
Zhao2020,Janssen,flow,water,0.0085,1.778,6920.0,1546,0.1917,,,,,2100.0
Zhao2020,Janssen,flow,water,0.0085,1.778,6920.0,1533,0.1161,,,,,2600.0
Zhao2020,Janssen,flow,water,0.0085,1.778,6920.0,1519,0.1016,,,,,3100.0
Zhao2020,Janssen,flow,water,0.0085,1.778,6890.0,766,0.209,,,,,3300.0
Zhao2020,Mortimore,flow,water,0.005,2.134,13790.0,677,0.0692,,,,,1300.0
Zhao2020,Mortimore,flow,water,0.005,2.134,13790.0,1344,-0.1005,,,,,2200.0
Zhao2020,Mortimore,flow,water,0.005,2.134,13790.0,1356,0.0643,,,,,1600.0
Zhao2020,Mortimore,flow,water,0.005,2.134,13790.0,2698,-0.1257,,,,,2300.0
Zhao2020,Mortimore,flow,water,0.005,2.134,13790.0,1356,0.1743,,,,,1300.0
Zhao2020,Mortimore,flow,water,0.005,2.134,13790.0,2699,0.0446,,,,,2000.0
Zhao2020,Mortimore,flow,water,0.005,2.134,13790.0,3637,-0.0345,,,,,2200.0
Zhao2020,Mortimore,flow,water,0.005,2.134,13790.0,2693,0.1404,,,,,1200.0
Zhao2020,Mortimore,flow,water,0.005,2.134,13790.0,3467,0.1184,,,,,1400.0
Zhao2020,Mortimore,flow,water,0.005,2.134,11030.0,679,0.2225,,,,,900.0
Zhao2020,Mortimore,flow,water,0.005,2.134,11030.0,1370,0.1031,,,,,1500.0
Zhao2020,Mortimore,flow,water,0.005,2.134,11030.0,2717,-0.0233,,,,,2300.0
Zhao2020,Mortimore,flow,water,0.005,2.134,11030.0,1352,0.1628,,,,,1100.0
Zhao2020,Mortimore,flow,water,0.005,2.134,11030.0,2698,0.0886,,,,,1800.0
Zhao2020,Mortimore,flow,water,0.005,2.134,8270.0,679,0.2073,,,,,1300.0
Zhao2020,Mortimore,flow,water,0.005,2.134,8270.0,1249,0.1869,,,,,1400.0
Zhao2020,Mortimore,flow,water,0.005,2.134,8270.0,1339,0.1869,,,,,1500.0
Zhao2020,Mortimore,flow,water,0.005,2.134,8270.0,2726,0.0627,,,,,2300.0
Zhao2020,Mortimore,flow,water,0.005,2.134,8270.0,2731,0.1601,,,,,1800.0
Zhao2020,Kossolapov,flow,water,0.015,0.01,100.0,0,-0.1392,,,,,8100.0
Zhao2020,Kossolapov,flow,water,0.015,0.01,100.0,1484,-0.1392,,,,,12900.0
Zhao2020,Kossolapov,flow,water,0.015,0.01,100.0,2078,-0.1392,,,,,14700.0
Zhao2020,Kossolapov,flow,water,0.015,0.01,100.0,310,-0.0929,,,,,7500.0
Zhao2020,Kossolapov,flow,water,0.015,0.01,100.0,912,-0.0929,,,,,8800.0
Zhao2020,Kossolapov,flow,water,0.015,0.01,100.0,1277,-0.0929,,,,,9300.0
Zhao2020,Kossolapov,flow,water,0.015,0.01,100.0,340,-0.0466,,,,,4300.0
Zhao2020,Kossolapov,flow,water,0.015,0.01,100.0,630,-0.0466,,,,,4500.0
Zhao2020,Kossolapov,flow,water,0.015,0.01,100.0,882,-0.0466,,,,,5200.0
Zhao2020,Kossolapov,flow,water,0.015,0.01,100.0,336,-0.0187,,,,,2100.0
Zhao2020,Kossolapov,flow,water,0.015,0.01,100.0,524,-0.0187,,,,,2300.0
Zhao2020,Kossolapov,flow,water,0.015,0.01,100.0,734,-0.0187,,,,,2400.0
Zhao2020,Richenderfer,flow,water,0.015,0.01,100.0,1000,-0.0093,,,,,3500.0
Zhao2020,Richenderfer,flow,water,0.015,0.01,100.0,1000,-0.0187,,,,,3800.0
Zhao2020,Richenderfer,flow,water,0.015,0.01,100.0,1000,-0.0373,,,,,4300.0
Zhao2020,Richenderfer,flow,water,0.015,0.01,100.0,1500,-0.0093,,,,,3700.0
Zhao2020,Richenderfer,flow,water,0.015,0.01,100.0,1500,-0.0187,,,,,4900.0
Zhao2020,Richenderfer,flow,water,0.015,0.01,100.0,1500,-0.0373,,,,,5400.0
Zhao2020,Richenderfer,flow,water,0.015,0.01,100.0,2000,-0.0093,,,,,4300.0
Zhao2020,Richenderfer,flow,water,0.015,0.01,100.0,2000,-0.0187,,,,,5200.0
Zhao2020,Richenderfer,flow,water,0.015,0.01,100.0,2000,-0.0373,,,,,6100.0
Zhao2020,Richenderfer,flow,water,0.015,0.01,200.0,1000,-0.0096,,,,,4000.0
Zhao2020,Richenderfer,flow,water,0.015,0.01,200.0,1000,-0.0193,,,,,4900.0
Zhao2020,Richenderfer,flow,water,0.015,0.01,200.0,1000,-0.0385,,,,,5200.0
Zhao2020,Richenderfer,flow,water,0.015,0.01,200.0,1500,-0.0096,,,,,5100.0
Zhao2020,Richenderfer,flow,water,0.015,0.01,200.0,1500,-0.0193,,,,,5700.0
Zhao2020,Richenderfer,flow,water,0.015,0.01,200.0,1500,-0.0385,,,,,6200.0
Zhao2020,Richenderfer,flow,water,0.015,0.01,200.0,2000,-0.0096,,,,,4900.0
Zhao2020,Richenderfer,flow,water,0.015,0.01,200.0,2000,-0.0193,,,,,6100.0
Zhao2020,Richenderfer,flow,water,0.015,0.01,200.0,2000,-0.0385,,,,,7200.0
Zhao2020,Richenderfer,flow,water,0.015,0.01,510.0,1000,-0.0102,,,,,6000.0
Zhao2020,Richenderfer,flow,water,0.015,0.01,510.0,1000,-0.0204,,,,,6200.0
Zhao2020,Richenderfer,flow,water,0.015,0.01,510.0,1000,-0.0407,,,,,7200.0
Zhao2020,Richenderfer,flow,water,0.015,0.01,510.0,1500,-0.0102,,,,,7200.0
Zhao2020,Richenderfer,flow,water,0.015,0.01,510.0,1500,-0.0204,,,,,7300.0
Zhao2020,Richenderfer,flow,water,0.015,0.01,510.0,1500,-0.0407,,,,,7700.0
Zhao2020,Richenderfer,flow,water,0.015,0.01,510.0,2000,-0.0102,,,,,7700.0
Zhao2020,Richenderfer,flow,water,0.015,0.01,510.0,2000,-0.0204,,,,,8000.0
Zhao2020,Richenderfer,flow,water,0.015,0.01,510.0,2000,-0.0407,,,,,9000.0
Zhao2020,Richenderfer,flow,water,0.015,0.01,1010.0,1000,-0.0109,,,,,7700.0
Zhao2020,Richenderfer,flow,water,0.015,0.01,1010.0,1000,-0.0218,,,,,8100.0
Zhao2020,Richenderfer,flow,water,0.015,0.01,1010.0,1000,-0.0434,,,,,9000.0
Zhao2020,Richenderfer,flow,water,0.015,0.01,1010.0,1500,-0.0109,,,,,9100.0
Zhao2020,Richenderfer,flow,water,0.015,0.01,1010.0,1500,-0.0218,,,,,9400.0
Zhao2020,Richenderfer,flow,water,0.015,0.01,1010.0,1500,-0.0434,,,,,10400.0
Zhao2020,Richenderfer,flow,water,0.015,0.01,1010.0,2000,-0.0109,,,,,10800.0
Zhao2020,Richenderfer,flow,water,0.015,0.01,1010.0,2000,-0.0218,,,,,10900.0
Zhao2020,Richenderfer,flow,water,0.015,0.01,1010.0,2000,-0.0434,,,,,11500.0
