row_id,y_true,y_pred_ANN,y_pred_RandomForest,y_pred_HistGB,y_pred_PINN,y_pred_GPR,y_pred_Proposed_Hierarchy
helical_coil_r123__142,101.6,119.33855166867778,96.60529821308883,89.30250600307023,95.46044340984557,152.33541752685696,91.74555900826282
helical_coil_r123__144,114.1,136.3549706640448,104.83914649599896,100.46168334586076,107.61060550571982,179.09647768564946,102.89117852640649
helical_coil_r123__145,131.3,155.41373600680214,118.57120224697175,115.93105124407951,119.40393707765658,205.21967209145052,118.35709383988006
helical_coil_r123__146,151.3,185.78126290359302,128.05807224597305,134.49012856761348,138.12617467852442,267.3120099609223,136.9119956882088
helical_coil_r123__147,123.2,149.8008754989911,100.61614500792747,109.20583762494549,129.66028264720015,190.38074248066675,111.63778999247184
helical_coil_r123__148,168.2,193.85371929897784,128.54844693289797,147.12444319059674,164.46147315258855,241.2279378631037,149.5386457815429
helical_coil_r123__149,210.0,237.97498424567218,150.34758119006142,177.072280990646,196.7156158405083,295.0101227742256,179.47782782075467
helical_coil_r123__150,234.1,293.0468138500633,160.26445886897457,198.40151229567581,231.4024198652051,374.4069753437385,200.80607116934195
helical_coil_r123__151,247.8,319.6928916728005,160.99891758954175,218.69243404612308,248.2954431002977,407.0831328149964,221.09888315910564
helical_coil_r123__152,267.9,347.7605835019032,145.73193777770604,219.33342560684076,269.2878499549722,437.9075583873671,221.74411653517052
helical_coil_r123__157,165.7,205.48396503034115,179.598957764267,176.52174369552895,178.50223351916867,256.81202342668956,178.95005709215184
helical_coil_r123__158,223.1,266.53398801988067,224.04606062717045,211.18869480061213,227.09362318818188,322.0554196540677,213.60023082795024
helical_coil_r123__159,237.8,283.87703171805634,248.32479894374737,231.08222724146438,236.14957357009212,341.1801383856531,233.49642983241054
helical_coil_r123__160,254.0,309.57153386822057,277.68607080111764,253.28475787500247,253.13770016836725,359.8879158948917,255.69512513151054
helical_coil_r123__161,281.8,340.9927595456907,237.08102188450223,229.1059331575442,275.6275891393062,386.1899958530666,231.51304362434217
helical_coil_r123__167,254.6,272.57030953581244,280.9667127246873,269.4566615906353,226.74420132267275,247.91937911208126,271.90124777433397
helical_coil_r123__168,276.8,302.6254131746037,304.91499569156497,310.3514692276447,248.02419735373954,263.14933414117314,312.7915538180629
helical_coil_r123__175,219.8,332.1464742042464,205.31205096219915,230.963951458354,237.59873400417192,441.536790245972,233.40119727070422
helical_coil_r123__182,329.6,414.221434089209,236.8061358242953,267.3546718464065,319.2364067333734,462.89742267409827,269.7644950908456
helical_coil_r123__183,333.6,433.930727591143,199.9649808729326,260.78961342885543,339.35080103959734,445.4652440109319,263.20778345283196
helical_coil_r123__194,121.9,197.74389045181115,138.97057287084678,122.6399190300058,167.32124892157253,220.4018885766445,125.07187139753215
helical_coil_r123__195,156.8,247.2184297515032,164.58444730332002,143.8872028678017,194.5999578001912,275.3153700600134,146.31215609768617
helical_coil_r123__196,187.2,306.96554286225216,140.25777468109732,114.67135662537262,236.5498800543133,364.58820956105114,117.07666399218047
helical_coil_r123__198,211.4,337.09669054615387,87.91508706167389,76.72010572886684,242.72446120084342,369.963797498643,79.12483698908422
helical_coil_r123__199,237.5,416.3435098124132,126.96298883376812,82.01007149104089,301.64022043095656,501.9732252122884,84.41941182420322
helical_coil_r123__200,180.2,237.33433267232365,187.87625977367736,176.83467730398343,214.80403856784386,238.88603033647848,179.2747618944016
helical_coil_r123__201,224.9,310.8622971442888,234.71186174779092,231.8752265587621,268.9631263272979,323.74760605101017,234.28272464662942
helical_coil_r123__202,230.7,309.6951134429972,235.0163261136316,210.10284882662285,268.41748533863324,316.1764525893242,212.50995929342082
helical_coil_r123__203,274.9,424.0321334442882,188.95731053300293,198.87814213717064,343.3260601298605,460.56757856648574,201.28404070273518
helical_coil_r123__204,292.7,463.41457830355057,185.80429186120014,263.2834488628776,361.10033199517994,503.1147479719157,265.68934742844215
helical_coil_r123__205,306.1,515.6152394965084,202.34343898590234,205.28359639070067,388.5896562357845,539.8264202996834,207.69135730480266
helical_coil_r123__208,324.8,352.240272831664,282.5646366869529,319.3578167351215,310.9016758930463,362.8880301432024,321.80086974031406
helical_coil_r123__210,380.9,446.10296524112516,343.9962062691068,347.022985302391,370.6511927226845,386.5444490298737,349.46913749617636
helical_coil_r123__211,396.2,475.3007032337932,336.8298026520438,384.7827026945398,401.8778259571957,370.9434603253958,387.22885488832515
helical_coil_r123__217,207.3,273.44047719126155,166.384201790364,137.67075745894303,209.74205471731588,350.1865740793357,140.09165592721993
helical_coil_r123__218,213.6,307.76028212674044,145.81946623052087,223.10623009163686,226.45732831191148,406.474956116012,225.5211691053581
helical_coil_r123__219,217.9,343.5218991706113,168.12938181740535,207.1173659922914,240.71732540076962,453.4737017899338,209.53086028263735
helical_coil_r123__225,298.1,384.24232946920847,216.86142394353635,236.52047416464163,292.7699569890332,440.4773584970014,238.966626358427
helical_coil_r123__226,313.4,410.1883419433876,198.407791595913,231.28194763976921,311.21909497932387,439.5362368461415,233.72809983355458
helical_coil_r123__236,168.4,278.20170185939526,182.1086694283651,120.71951853618188,215.37719158825044,329.74748793106255,123.13522230128548
helical_coil_r123__237,168.0,279.7950791099077,183.05760156096136,120.97326252808182,216.0393629859539,337.0642213228049,123.39143255205836
helical_coil_r123__238,180.7,307.8680305697713,131.39678429279715,136.34665870365282,234.68547165062074,379.71174308976333,138.75547357310774
helical_coil_r123__239,190.3,340.11150164626,130.59011617186184,158.0127770986757,254.2384894333249,428.90840099235663,160.41786887459548
helical_coil_r123__242,228.2,337.9675032555242,262.6116148148599,263.1038187236853,271.11277886783114,380.2908738638054,265.533313904231
helical_coil_r123__243,261.6,396.0725432296924,185.7494586469538,196.06108149335222,308.9988249482583,443.47954311958955,198.46989636280713
helical_coil_r123__245,303.4,463.7434856528171,190.18195271177447,192.50085474744813,337.5139824305955,509.6744082673396,194.90876595808936
helical_coil_r123__246,312.0,494.649815850795,192.31917160727173,233.08004798832377,353.0830306613168,531.9146665711902,235.48559481843245
helical_coil_r123__247,347.4,563.8505597510864,196.75759004116108,190.16884926778806,389.55255584755895,571.1087653543203,192.57307649965952
helical_coil_r123__248,369.0,640.4585671342265,209.1614953295634,174.48581202928335,448.0320626193588,586.5224740587189,176.8947332915688
helical_coil_r123__252,295.9,373.9600481502561,301.28561492919397,308.5394265766045,322.16628890047105,350.3197366772276,310.9677399732274
helical_coil_r123__253,295.9,386.7239310772642,298.29741890352545,305.81546469099106,338.2505788244648,353.2902602561187,308.2264028025342
helical_coil_r123__255,352.7,447.3025112100704,317.76696339914446,309.78891647496727,376.13964805086346,361.6026420242779,312.21841165551297
helical_coil_r123__256,389.2,492.152434201667,339.01405462329,346.2346110394461,425.54140871644597,374.1612085641424,348.65110808890836
kaeri_nonuniform__0,665.7,2494.2931478638966,1966.9059041890584,2052.949638377987,1787.1673916566806,2378.2093316862133,2052.949638377987
kaeri_nonuniform__1,738.3,2784.290859905665,2022.688010243266,2042.4334194630412,1927.301685130266,2837.872617268469,2042.4334194630412
kaeri_nonuniform__2,662.6,2483.4344469054204,1976.4768136849966,2062.357599157765,1781.7037165042839,2362.601738337605,2062.357599157765
kaeri_nonuniform__3,637.3,2368.1158844479646,1269.9470967468962,1669.0685864459301,1692.9497025750604,2499.9719273785204,1669.0685864459301
kaeri_nonuniform__4,747.7,2502.2160121449947,1269.9470967468962,1630.9910411278524,1749.5320961878447,2862.4699340118505,1630.9910411278524
kaeri_nonuniform__5,791.9,2518.403585839037,1269.9470967468962,1647.5467105166479,1757.7495142352059,3037.1397043377738,1647.5467105166479
kaeri_nonuniform__6,880.2,2542.5782354369358,1269.9470967468962,1682.0085363359206,1742.860064358933,3221.9339583794285,1682.0085363359206
kaeri_nonuniform__7,993.8,2509.8882196136187,1269.9470967468962,1782.5158500598318,1693.967937729504,3350.46531344365,1782.5158500598318
kaeri_nonuniform__8,694.1,2569.7854847991225,1656.7896941683475,2342.2687215994724,1833.1960890916055,2316.7637401057336,2342.2687215994724
kaeri_nonuniform__9,839.2,2928.806895766455,1701.6478223459908,2512.7857741435296,2020.0486202355178,2773.680785216696,2512.7857741435296
kaeri_nonuniform__10,943.3,3011.62326256937,1701.821175114134,2542.790667370308,2069.701807093751,2906.4143314461503,2542.790667370308
kaeri_nonuniform__11,1085.3,3092.889511523031,1699.267989358164,2593.5608605951206,2176.486278832768,3213.8768601001484,2593.5608605951206
kaeri_nonuniform__12,646.8,2508.845308138243,1962.534923738073,2086.191861117044,1794.3905872264727,2399.0391082740584,2086.191861117044
kaeri_nonuniform__13,791.9,2778.1184112653377,2022.612288137684,2042.4334194630412,1924.686034250882,2827.832812497452,2042.4334194630412
kaeri_nonuniform__14,845.5,2824.360568945093,2020.4758381220827,2052.464430222204,1962.0220577223379,2980.371865988479,2052.464430222204
kaeri_nonuniform__15,921.3,2841.7892908942085,2018.257938461265,2060.0337582314614,1996.3739086328842,3146.815865093347,2060.0337582314614
kaeri_nonuniform__16,545.8,1940.2000835726358,968.3036256796009,1255.7699930124502,1493.3968493898344,2319.995369644174,1255.7699930124502
kaeri_nonuniform__17,590.0,2025.2954689106239,968.3036256796009,1146.8046730894966,1509.971937187779,2463.455045155697,1146.8046730894966
kaeri_nonuniform__18,713.0,2069.743988036192,968.3036256796009,1217.5155891149748,1505.3393129143976,2774.0750676535913,1217.5155891149748
kaeri_nonuniform__19,997.0,1807.3665895903043,968.3036256796009,1314.6477086918526,1260.0993069566264,2965.3600303023554,1314.6477086918526
kaeri_nonuniform__20,1088.5,1595.6769169350487,968.3036256796009,1314.6477086918526,1125.6662826799286,2800.6716932405125,1314.6477086918526
kaeri_nonuniform__21,713.0,2559.7673282668197,1912.8122626307604,2124.7451167741783,1826.0807220474442,2550.225520089622,2124.7451167741783
kaeri_nonuniform__22,817.1,2809.904904521925,2027.5010903024418,2123.304703319673,1954.5004619576437,3019.234199012765,2123.304703319673
kaeri_nonuniform__23,889.7,2822.8995376019175,2024.8471546790665,2130.9809728832465,1987.078802275848,3167.511997429583,2130.9809728832465
kaeri_nonuniform__24,933.9,2839.8339145628247,2020.6326240873525,2138.839863750112,2021.0626433405373,3349.8749871242876,2138.839863750112
kaeri_nonuniform__25,735.1,2673.193668480171,1646.0840728939022,2423.021245317672,1876.4758364633346,2485.808745443298,2423.021245317672
kaeri_nonuniform__26,858.2,2943.558866287157,1699.532139739566,2482.9209549605393,2002.1458548396772,2816.847626603164,2482.9209549605393
kaeri_nonuniform__27,949.7,3123.3252271375823,1702.5783273242469,2623.41116854395,2109.272558909006,3126.9988548342667,2623.41116854395
kaeri_nonuniform__28,1056.9,3159.4163252257194,1699.6982204074868,2663.5509894715683,2200.0881108049944,3417.0226333680334,2663.5509894715683
kaeri_nonuniform__29,624.7,2338.659102632274,1252.4720516044101,1692.1783919065244,1699.2005151464396,2557.5153087815515,1692.1783919065244
kaeri_nonuniform__30,735.1,2485.056785553436,1252.4720516044101,1675.3686490822165,1771.3920261279522,3049.529031412621,1675.3686490822165
kaeri_nonuniform__31,798.2,2503.9995406179764,1252.4720516044101,1703.7191615622316,1777.225560534937,3261.6822143474324,1703.7191615622316
kaeri_nonuniform__32,886.6,2530.884199483688,1252.4720516044101,1727.7742784639656,1754.8719191089663,3472.545795559807,1727.7742784639656
kaeri_nonuniform__33,987.5,2530.1882731327437,1252.4720516044101,1826.696638739281,1716.9387782263361,3578.103214776413,1826.696638739281
kaeri_nonuniform__34,590.0,1956.1482281994709,979.270708654424,1271.483488784113,1510.9110863914234,2434.8448105812313,1271.483488784113
kaeri_nonuniform__35,596.3,2026.441679704335,979.270708654424,1175.2381262508193,1525.6146997544943,2577.969364914167,1175.2381262508193
kaeri_nonuniform__36,675.2,2053.5942245202646,979.270708654424,1250.642950412256,1521.7016633722978,2920.7549621408643,1250.642950412256
kaeri_nonuniform__37,918.1,1741.6471644186083,979.270708654424,1347.232088013746,1222.176615652844,3119.412678533191,1347.232088013746
kaeri_nonuniform__38,987.5,1577.1993949722053,979.270708654424,1347.232088013746,1121.9650453415695,2973.8638240039763,1347.232088013746
kaeri_nonuniform__39,571.1,2495.417508459029,1962.9519481872155,2045.866594532057,1786.7898275450063,2368.5463021411456,2045.866594532057
kaeri_nonuniform__40,694.1,2764.006673795175,2022.612288137684,2042.4334194630412,1919.221164815258,2795.791712190625,2042.4334194630412
kaeri_nonuniform__41,719.3,2824.4380891192395,2020.4758381220827,2052.464430222204,1957.8613455707796,2950.6645674188653,2052.464430222204
kaeri_nonuniform__42,747.7,2839.6055623809116,2016.27040601828,2060.0337582314614,1988.9074205085292,3096.663818138415,2060.0337582314614
kaeri_nonuniform__43,561.6,2365.7383759531645,1269.9470967468962,1667.3935327801844,1689.7551480188545,2480.3217364654556,1667.3935327801844
kaeri_nonuniform__44,615.2,2505.9887822506416,1269.9470967468962,1630.9910411278524,1747.4144154748967,2848.30364451403,1630.9910411278524
kaeri_nonuniform__45,678.3,2522.4326581725336,1269.9470967468962,1658.5905977338678,1754.6660268492594,3018.3219574630943,1658.5905977338678
kaeri_nonuniform__46,738.3,2540.088694840283,1269.9470967468962,1682.0085363359206,1737.10129129451,3203.7398995042945,1682.0085363359206
kaeri_nonuniform__47,801.4,2494.3468950602,1269.9470967468962,1782.5158500598318,1685.6998826066697,3321.6582544602866,1782.5158500598318
kaeri_nonuniform__48,605.8,2514.1010428846776,1653.8518986253673,2316.5067095923746,1805.686642605164,2244.8057481140518,2316.5067095923746
kaeri_nonuniform__49,700.4,2841.305322118813,1700.482700393962,2504.1162132926606,1976.5729154666205,2647.9767527413833,2504.1162132926606
kaeri_nonuniform__50,788.8,3018.19503444424,1701.5162840674543,2542.790667370308,2083.17129976226,2926.4570854630897,2542.790667370308
kaeri_nonuniform__51,896.0,3082.239828468359,1699.267989358164,2593.5608605951206,2171.2784919787678,3178.1831706344606,2593.5608605951206
kaeri_nonuniform__52,504.8,1953.010822892244,968.3036256796009,1237.2260622992912,1493.9572681244342,2324.8061425703395,1237.2260622992912
kaeri_nonuniform__53,526.9,2026.301960557151,968.3036256796009,1156.3047068299325,1508.3297482260566,2455.0256750805647,1156.3047068299325
kaeri_nonuniform__54,599.5,2071.87808425778,968.3036256796009,1217.5155891149748,1503.4506079491757,2747.6940541484487,1217.5155891149748
kaeri_nonuniform__55,804.5,1753.5802512047887,968.3036256796009,1314.6477086918526,1228.9485552783963,2907.930972148474,1314.6477086918526
kaeri_nonuniform__56,848.7,1613.620299410605,968.3036256796009,1314.6477086918526,1138.3830964743088,2793.2479318413234,1314.6477086918526
kaeri_nonuniform__57,719.3,2495.2594809335806,1950.11152831789,2063.2423889058714,1788.1936433308347,2376.926130211188,2063.2423889058714
kaeri_nonuniform__58,747.7,2776.2261966712836,2037.334146555768,2052.673445454598,1925.5490481346544,2822.6036487352644,2052.673445454598
kaeri_nonuniform__59,930.7,2829.0745082268136,2035.1821460983745,2062.754748091046,1970.1051627892332,3004.598156004456,2062.754748091046
kaeri_nonuniform__60,1019.1,2842.883660425233,2030.9340812141509,2079.87615634892,2004.3672395172705,3174.0474660642763,2079.87615634892
kaeri_nonuniform__242,1401.9,1191.8125993554381,1574.1133852448936,1509.563487820057,1201.7106174171527,1401.0449805307057,1509.563487820057
kaeri_nonuniform__245,1520.3,1555.5711381959366,1600.8025145728946,1512.301453985203,1695.4840817737227,1661.1836491872386,1512.301453985203
kaeri_nonuniform__247,1712.6,1570.043932746368,1574.4433737860095,1718.0815392775487,1555.1040191753111,1573.166527568711,1718.0815392775487
kaeri_nonuniform__251,1339.5,1766.6322810542706,1510.2979516386265,1511.2570685204096,1920.6161613187721,1469.4534510730493,1511.2570685204096
kaeri_nonuniform__252,1575.7,1706.3798329242077,1669.1920417933568,1625.1206388563326,1960.5798272126829,1472.7684372802057,1625.1206388563326
kaeri_nonuniform__253,1916.5,1782.5418140691797,1501.3393644898235,1486.851572347027,1899.2923092942783,1463.1937874242772,1486.851572347027
kaeri_nonuniform__263,1476.8,1192.413396362678,1570.552028098281,1536.0456376165062,1185.0964806910376,1380.6777800749076,1536.0456376165062
kaeri_nonuniform__265,1498.4,1551.801661418784,1535.7434013289592,1500.777738455677,1707.3953234198889,1653.9571848195696,1500.777738455677
kaeri_nonuniform__267,1258.4,1619.9458448315143,1246.3068239253653,1318.1655635971022,1907.7203493455693,1616.7979014727366,1318.1655635971022
kaeri_nonuniform__284,1318.9,1543.2156704675617,1475.1917476938463,1530.8901298851658,1690.41926811935,1671.5733781581955,1530.8901298851658
kaeri_nonuniform__290,1160.4,1771.1163292873675,1580.1025132609038,1454.497253899957,1909.741474016811,1462.1808685769045,1454.497253899957
kaeri_nonuniform__291,1179.6,1775.5656750679098,1455.2163860079227,1451.70970011474,1906.988908942864,1457.5903052330427,1451.70970011474
kaeri_nonuniform__351,2726.9,2479.7356383442066,2614.5176767064368,2889.5981879148635,2728.675692124484,2447.505862550331,2889.5981879148635
kaeri_nonuniform__353,2378.2,2784.6403872647916,2231.9800150622505,2326.9685412252006,2689.7668664676553,2528.6817201947183,2326.9685412252006
kaeri_nonuniform__354,2288.1,2772.026180244754,2236.8067457418574,2330.065382886154,2682.7964367127815,2526.8904120356838,2330.065382886154
kaeri_nonuniform__359,2222.0,2752.597133879539,2236.9481046282995,2337.5477112546273,2657.6391688508193,2512.2227340895074,2337.5477112546273
kaeri_nonuniform__360,2222.0,2758.3011347784686,2235.1459485148252,2331.9192731274366,2658.1605286219433,2508.9748007065305,2331.9192731274366
kaeri_nonuniform__363,2218.0,2296.9169037330785,2025.3071543935189,2109.2727363614267,2451.2860572621835,2322.058997354402,2109.2727363614267
kaeri_nonuniform__369,2099.8,2400.639044852014,2157.6513986135446,2187.5405997149796,2537.295117246697,2263.027363667902,2187.5405997149796
kaeri_nonuniform__376,1891.4,2292.1245713477642,2094.639792268785,2159.093786615771,2443.2927604257707,2308.762046522288,2159.093786615771
kaeri_nonuniform__381,2552.6,2808.965211335015,2572.0035877681516,2631.342498483959,2948.3048730319183,2726.8860849712833,2631.342498483959
kaeri_nonuniform__382,2564.6,2808.965211335015,2572.0035877681516,2631.342498483959,2948.3048730319183,2726.8860849712833,2631.342498483959
kaeri_nonuniform__468,249.0,354.8505116821132,222.96012551036088,239.8894739675739,232.65543223734764,625.0087550624626,239.8894739675739
kaeri_nonuniform__469,299.0,522.6843729551364,342.33689504332784,361.50376232638314,392.51880360323617,786.2370079087658,361.50376232638314
kaeri_nonuniform__470,402.0,571.4223453378571,437.58638294026287,444.0438106697898,520.6182187063953,820.6366008310355,444.0438106697898
kaeri_nonuniform__471,497.0,671.3272460635877,650.9132361394016,506.6719383230796,646.0610587860219,846.6338927224908,506.6719383230796
kaeri_nonuniform__472,631.0,797.9109445352553,641.8081024634872,621.4588760053923,777.946125902342,892.5169783142688,621.4588760053923
kaeri_nonuniform__473,773.0,1046.1773299616004,687.9576490576912,719.5219865650166,960.5526224595164,993.5096389789262,719.5219865650166
kaeri_nonuniform__474,201.0,238.01536606668128,196.78429630242238,203.93121890862477,452.4394483316294,610.5886694470948,203.93121890862477
kaeri_nonuniform__475,346.0,391.4065485337329,292.56618998493855,299.9907328810173,702.0631934463239,848.5757281767052,299.9907328810173
kaeri_nonuniform__476,400.0,503.4238361229301,383.4850257725778,381.03228100975514,863.5376410716774,970.9346494076261,381.03228100975514
kaeri_nonuniform__477,547.0,640.9830999001964,553.327119080787,447.46712187603237,1027.5173943600328,1068.8235667519632,447.46712187603237
kaeri_nonuniform__478,676.0,807.2362028644781,528.3849497675718,552.0174623404822,1198.0669937771263,1211.828533380957,552.0174623404822
kaeri_nonuniform__479,827.0,951.7604727401989,601.8469725957515,631.5898422354576,1421.7551910996528,1437.6637930216966,631.5898422354576
kaeri_nonuniform__521,200.0,353.6203627404617,223.76077997654045,244.39055617461764,231.25039077252393,623.3070700259346,244.39055617461764
kaeri_nonuniform__522,299.0,521.9310828110556,331.3174648619078,351.074013344353,391.328776757628,785.6392675503159,351.074013344353
kaeri_nonuniform__523,399.0,568.6420053902572,441.7656276362513,455.29618979588776,520.091999101132,819.1519507620309,455.29618979588776
kaeri_nonuniform__524,475.0,671.351565673951,622.690077491327,520.488867165715,646.2962001137649,846.7866610666488,520.488867165715
kaeri_nonuniform__525,546.0,803.4404765564395,613.2407530341588,625.0411325060684,782.1335335710576,893.8867561154098,625.0411325060684
kaeri_nonuniform__526,675.0,1032.319870892308,690.9173498466986,706.910109011168,948.8125243382161,986.6491313549948,706.910109011168
kaeri_nonuniform__527,197.0,238.00472911086788,194.7001790823043,202.87993161723625,448.5764618617492,616.3290319188706,202.87993161723625
kaeri_nonuniform__528,299.0,396.16302639031784,288.0378622021009,297.21410454129267,694.4140769256167,853.5050999138074,297.21410454129267
kaeri_nonuniform__529,373.0,500.74179147543447,391.3630910871243,379.2644982344594,869.3951535056062,966.8239527871522,379.2644982344594
kaeri_nonuniform__530,834.0,640.31794404113,564.8109296725848,435.3701180770866,1015.9700274125034,1066.4042998943846,435.3701180770866
kaeri_nonuniform__531,598.0,800.8497013670126,542.4270799666161,547.1629755974499,1189.8632393386551,1203.466264242632,547.1629755974499
kaeri_nonuniform__532,745.0,947.274323270216,601.6668245012899,629.1305865918124,1421.6174381829424,1429.3661626234475,629.1305865918124
kaeri_nonuniform__575,199.0,356.14655999789346,222.99783548347995,240.42504469212466,233.86309400484512,623.7400121797218,240.42504469212466
kaeri_nonuniform__576,299.0,521.8018039675727,329.5361013902211,350.34048329430516,390.969396123111,787.526509596794,350.34048329430516
kaeri_nonuniform__577,350.0,572.2052425866694,449.04572370242545,451.5752141841265,520.6642700078296,826.4374884482065,451.5752141841265
kaeri_nonuniform__578,449.0,670.9823420591714,611.7565026322703,521.9821098309084,645.8936027282779,847.3322716996969,521.9821098309084
kaeri_nonuniform__579,550.0,805.0556409099636,640.6671323308927,625.4185722570058,783.644509419331,896.8484642284734,625.4185722570058
kaeri_nonuniform__580,603.0,1037.425997636266,687.9967439422613,717.4035530509852,954.2097753034656,989.3607074632362,717.4035530509852
kaeri_nonuniform__581,201.0,238.97705095444323,197.58355953360723,204.49321127856223,449.90629824010307,621.2166177076945,204.49321127856223
kaeri_nonuniform__582,299.0,389.5540273826589,288.05636619949,299.6354740402936,709.4197197489391,845.691274491709,299.6354740402936
kaeri_nonuniform__583,348.0,503.3957867981232,383.15768789595415,380.7789687633718,862.5019809094744,967.2877021571129,380.7789687633718
kaeri_nonuniform__584,447.0,640.1396223844874,565.3918798987506,435.21740256162565,1015.7507439941289,1066.2421358694885,435.21740256162565
kaeri_nonuniform__585,549.0,800.5613867335554,535.979711066988,546.9938023093887,1199.738823505006,1210.6812574209869,546.9938023093887
kaeri_nonuniform__586,647.0,956.0346140573586,603.1620843104688,646.8238025442406,1436.6009632480784,1453.1810536424623,646.8238025442406
kaeri_nonuniform__627,198.0,355.34771512055045,224.29825838280203,247.40583123628068,232.52419384453427,620.387092838614,247.40583123628068
kaeri_nonuniform__628,299.0,523.987961671099,343.96476929691084,361.35475053263684,393.56843864793535,787.8334916699705,361.35475053263684
kaeri_nonuniform__629,400.0,571.2637266066687,445.0655689037174,444.5181847747986,520.506806822184,821.8989955199103,444.5181847747986
kaeri_nonuniform__630,554.0,664.163107521928,643.2020512252593,509.5540795272687,640.1137096802169,836.0930568139939,509.5540795272687
kaeri_nonuniform__631,606.0,813.0845451911239,602.0998415644136,624.6572638456886,788.6727713311379,894.2995883149479,624.6572638456886
kaeri_nonuniform__632,725.0,1035.8967809919352,684.769203032333,715.4166622029842,953.9412363133235,991.2174823021537,715.4166622029842
kaeri_nonuniform__633,199.0,239.37348143483356,196.14548088926944,203.4806869669543,447.47767557105925,617.1746992308963,203.4806869669543
kaeri_nonuniform__634,299.0,392.9603850468281,287.85949540469767,297.42971955304455,694.6030198635453,852.564236162746,297.42971955304455
kaeri_nonuniform__635,400.0,499.3689896096208,376.86247046430833,381.7445113634039,868.500495022297,967.7560686623166,381.7445113634039
kaeri_nonuniform__636,553.0,642.5968538535305,559.0494514901314,447.3457387389989,1021.0818470260964,1074.0979051958811,447.3457387389989
kaeri_nonuniform__637,704.0,798.8677549291285,575.1872150003256,545.8267755289345,1186.074856003573,1199.1789953527189,545.8267755289345
kaeri_nonuniform__638,799.0,957.4548226136359,605.4738122221571,636.2177178076878,1435.4005778671888,1452.3612262061154,636.2177178076878
kaeri_nonuniform__681,199.0,356.85783400207885,239.46745347229407,242.98514402113582,234.57592876820814,629.977975088368,242.98514402113582
kaeri_nonuniform__682,302.0,521.4286323206313,337.0088543134157,361.18545661602866,391.43615921139946,783.9189966279861,361.18545661602866
kaeri_nonuniform__683,372.0,570.004290462563,442.16410896692935,455.5017883874189,521.5152081664471,820.7120764733378,455.5017883874189
kaeri_nonuniform__684,449.0,670.5979911752572,609.4505806436987,527.61052632375,646.4951723269245,843.1537757007612,527.61052632375
kaeri_nonuniform__685,552.0,804.9677058831427,643.4712250888575,624.3589862080294,783.6728680244709,897.9728069864243,624.3589862080294
kaeri_nonuniform__686,651.0,1022.0286183133964,693.8386334522738,707.2199929103625,943.075532228366,977.273325813618,707.2199929103625
kaeri_nonuniform__687,200.0,238.1722764153391,208.4991165862815,204.9092084404621,455.99888075006885,613.4411049855132,204.9092084404621
kaeri_nonuniform__688,275.0,394.99003586657216,301.71546857062685,305.7727508190664,702.5405527382887,850.1522323254123,305.7727508190664
kaeri_nonuniform__689,347.0,504.8572084005241,391.1327208627306,378.2490238158908,876.5960553443641,963.6647823182319,378.2490238158908
kaeri_nonuniform__690,472.0,642.9831985067513,579.6812415745253,435.4341418452047,1007.1893085347443,1063.1141102185873,435.4341418452047
kaeri_nonuniform__691,599.0,801.3395055452097,530.7940533663882,547.4527263944263,1200.559399159361,1211.437661123689,547.4527263944263
kaeri_nonuniform__692,680.0,952.5370455599561,602.8191975093393,631.6526640758048,1424.1751946145957,1440.2089844484683,631.6526640758048
kaeri_nonuniform__788,2853.6,3591.5992405068832,2383.4712055417554,2666.7693935768025,2659.8705194201902,3145.4864392720388,2666.7693935768025
kaeri_nonuniform__789,2604.2,3857.6674691753024,2383.4712055417554,2666.7693935768025,2993.6045616050424,3633.6603686201147,2666.7693935768025
kaeri_nonuniform__790,2366.1,4145.1119452277735,2383.4712055417554,2666.7693935768025,3313.7239240430545,4074.802582155232,2666.7693935768025
kaeri_nonuniform__791,2265.5,4526.330519842211,2383.4712055417554,2666.7693935768025,3631.3963994220207,4463.258047868759,2666.7693935768025
kaeri_nonuniform__792,1939.7,4511.718937395179,2383.4712055417554,2666.7693935768025,3846.0791557291827,4672.910650890431,2666.7693935768025
kaeri_nonuniform__793,1874.7,4450.982734195706,2330.9333273472575,2666.7693935768025,4067.2271633261907,4752.112369774338,2666.7693935768025
kaeri_nonuniform__794,1655.5,4137.737167570319,2200.930914452772,2666.7693935768025,4095.2251693621074,4551.929615982152,2666.7693935768025
kaeri_nonuniform__795,1505.1,3715.0572942552167,2054.1350328451695,2334.519008669796,3968.7968088230036,4140.702610629681,2334.519008669796
kaeri_nonuniform__796,1308.5,3136.164149867912,1971.2795463629798,2179.0854430380014,3616.588744571277,3433.739175467239,2179.0854430380014
kaeri_nonuniform__797,4183.3,5941.264996428677,4453.271853023833,3546.005581902144,4743.039702546461,4006.4811089323016,3546.005581902144
kaeri_nonuniform__798,4098.7,6295.722734082778,2989.1085643533547,3724.6510886421024,5110.174471816185,4686.669526909743,3724.6510886421024
kaeri_nonuniform__799,3454.6,6601.5410872525645,4372.74171135236,3673.517193638114,5479.395273035613,5311.398474997592,3673.517193638114
kaeri_nonuniform__800,3317.0,6900.153511090095,4287.72390300437,3668.4097661878,5734.84859844111,5856.760222156344,3668.4097661878
kaeri_nonuniform__801,3128.8,6903.812580175491,4253.632750095401,3667.495505956954,5866.266594039236,6237.443415281585,3667.495505956954
kaeri_nonuniform__802,2739.5,6771.754640063331,4214.026177371974,3650.24227879786,5824.206577294878,6324.445156645834,3650.24227879786
kaeri_nonuniform__803,2520.3,6244.263583638546,4184.153685530626,3650.24227879786,5610.143391150003,6113.278087881464,3650.24227879786
kaeri_nonuniform__804,2298.8,5557.517130499258,2631.5828525042043,3628.5727968130514,5180.724689378045,5543.187096339582,3628.5727968130514
kaeri_nonuniform__805,1844.5,4851.4065611231745,2431.3971684336243,3111.2505758082593,4534.793914830692,4621.318347523834,3111.2505758082593
kaeri_nonuniform__806,1785.5,4303.101188594128,3940.9798619989665,3041.1190030152884,4090.7541133378604,3987.753821540414,3041.1190030152884
kaeri_nonuniform__807,2078.8,1521.2574007627102,1698.5322466360492,1823.8456988951928,30000.0,252.52511969504877,1823.8456988951928
kaeri_nonuniform__808,1927.6,1500.640100228793,1698.5322466360492,1823.8456988951928,30000.0,241.4044272694549,1823.8456988951928
kaeri_nonuniform__809,1765.1,1545.4711113124365,1698.5322466360492,1823.8456988951928,30000.0,231.50482425597468,1823.8456988951928
kaeri_nonuniform__810,1589.0,1609.2026775939983,1698.5322466360492,1823.8456988951928,30000.0,222.01592827771654,1823.8456988951928
kaeri_nonuniform__811,1415.1,1581.7339225388937,1699.8344062949377,1834.9007373664272,30000.0,214.24727645626788,1834.9007373664272
kaeri_nonuniform__812,1304.7,1442.8037263533674,1699.8344062949377,1834.9007373664272,30000.0,206.6272714476749,1834.9007373664272
kaeri_nonuniform__813,1118.8,1149.6210764325776,1659.1159971534653,1834.9007373664272,30000.0,198.95936435020087,1834.9007373664272
kaeri_nonuniform__814,963.1,675.8647646969744,1513.6433757637021,1597.8745700242393,23611.314734909658,191.654372957311,1597.8745700242393
kaeri_nonuniform__815,3716.2,3670.6088152608995,2178.9941313969384,2647.812318706461,30000.0,579.4519070253602,2647.812318706461
kaeri_nonuniform__816,3687.4,3384.5785641114467,2297.854432466756,2656.874910198872,30000.0,558.4460423549856,2656.874910198872
kaeri_nonuniform__817,3416.8,3180.703559535603,2383.228033883856,2678.7974296779526,30000.0,544.1678423761869,2678.7974296779526
kaeri_nonuniform__818,3023.0,3052.181974381465,2383.228033883856,2678.7974296779526,30000.0,533.9099214711345,2678.7974296779526
kaeri_nonuniform__819,2679.8,2933.852331118767,3078.3054436884995,2594.9159376396096,30000.0,529.2891382723303,2594.9159376396096
kaeri_nonuniform__820,2559.6,2719.277604678162,2178.9941313969384,2647.812318706461,30000.0,520.0051902768746,2647.812318706461
kaeri_nonuniform__821,2087.1,2441.045277329049,2297.854432466756,2656.874910198872,30000.0,511.8236291745803,2656.874910198872
kaeri_nonuniform__822,1927.6,1962.6383436617189,2430.4610341199145,2671.41005208909,30000.0,500.1355069735641,2671.41005208909
kaeri_nonuniform__823,1666.1,1417.2874732380822,3043.0779960662994,2607.1810616262824,30000.0,496.71965458835354,2607.1810616262824
kaeri_nonuniform__824,1551.2,1141.3181801797548,3022.6164140508745,2607.1810616262824,30000.0,490.78548669625246,2607.1810616262824
kaeri_uniform__0,586.8,800.5712798272427,674.5650659115415,639.8156832555228,790.6396037699566,834.2608922219207,639.8156832555228
kaeri_uniform__1,672.0,780.5101350072841,785.0569368508525,748.6696289373606,962.6653829132168,918.6108824528164,748.6696289373606
kaeri_uniform__2,760.4,795.6017959355371,785.4803354010791,745.7637578723131,1046.222646526027,930.5912633766843,745.7637578723131
kaeri_uniform__3,823.5,750.468142845753,857.8803022952452,755.4183698381628,1081.138657959233,948.8698716543,755.4183698381628
kaeri_uniform__4,930.7,849.090814962152,902.2060932246292,857.3855650426365,1142.4638969125158,1038.6741028347813,857.3855650426365
kaeri_uniform__5,987.5,981.1061748602631,906.4540287147187,922.0822038494474,1211.0147183290098,1144.6082696865215,922.0822038494474
kaeri_uniform__6,1063.2,1062.5350022249947,1016.680688908216,955.3885009762583,1249.9552347803103,1207.4086436987695,955.3885009762583
kaeri_uniform__7,886.6,941.6563087971472,886.2877977094792,884.6095378265316,1191.2316712868835,1113.4473523423567,884.6095378265316
kaeri_uniform__8,946.5,1021.9589149705401,860.257133364272,870.1716267681023,1185.3847934526987,1133.4669437199905,870.1716267681023
kaeri_uniform__9,883.4,995.9971417110348,857.0568881982059,861.8743385872333,1170.732473762373,1110.7354189421058,861.8743385872333
kaeri_uniform__10,826.6,988.7749406660351,846.1350382165906,843.2507227628427,1166.5647665233414,1104.331198359028,843.2507227628427
kaeri_uniform__11,946.5,1034.9754990729741,979.8539204209332,928.821334073711,1115.3245810394826,1125.8221470661108,928.821334073711
kaeri_uniform__12,883.4,950.7184539807427,893.8925208980422,853.4921136580109,1068.0767262381535,1057.2201870967608,853.4921136580109
kaeri_uniform__13,820.3,901.2231750439423,870.7441155080787,833.6589438617741,1038.8743009273742,1016.9310009951862,833.6589438617741
kaeri_uniform__14,760.4,873.320749669072,831.8848177182033,810.3550591551949,1021.913508039294,994.2493047244518,810.3550591551949
kaeri_uniform__15,631.0,799.867507193392,679.7559424388928,639.8156832555228,789.1179432210181,833.380815467997,639.8156832555228
kaeri_uniform__16,694.1,851.2977543685644,701.4648996658638,715.3255517434285,838.8224787986405,883.5240282116969,715.3255517434285
kaeri_uniform__17,946.5,987.1303075190345,871.61208070577,846.6734645911947,970.7163882392907,1041.844331543616,846.6734645911947
kaeri_uniform__18,883.4,975.8155309420752,871.61208070577,842.0668655437182,963.4244619156988,1032.097438613659,842.0668655437182
kaeri_uniform__19,817.1,932.5848078028253,849.8990512294906,867.8184613238124,1186.4386442888024,1106.0381558191928,867.8184613238124
kaeri_uniform__20,810.8,887.2506241443206,858.45160452473,864.6577290230978,1162.859657378159,1069.8232951647203,864.6577290230978
kaeri_uniform__21,965.4,1099.2766714973804,1032.800472248152,1024.5642855154526,1266.4430480366664,1234.0223597888362,1024.5642855154526
kaeri_uniform__22,814.0,984.9798123144086,840.6028909567341,829.8818850193821,1164.4551505084967,1101.6513591084342,829.8818850193821
kaeri_uniform__23,814.0,953.413126212111,888.678111144133,832.9139804373126,1069.8684904912755,1061.0464718408277,832.9139804373126
kaeri_uniform__24,943.3,1105.2904465156014,1002.4096219497457,978.9625398515332,1152.6469719127504,1184.0427569916378,978.9625398515332
kaeri_uniform__204,1677.8,1477.9982497488652,1650.1264727972414,1515.8109804611943,933.2583466102732,1524.5703626482232,1515.8109804611943
kaeri_uniform__206,1858.7,1527.1722872171167,1647.6519847144377,1543.275531605844,958.0798094363021,1511.3281827456344,1543.275531605844
kaeri_uniform__210,2184.7,1859.011314967574,2074.60460096104,1845.8272333973437,1502.1430006982102,1685.3030174837752,1845.8272333973437
kaeri_uniform__213,2537.5,1873.2724354922627,2040.8602981033573,1830.8250852957674,1486.5140810252904,1655.872356173586,1830.8250852957674
kaeri_uniform__214,2516.2,1879.6546227572471,1998.0182221015846,1869.1990378455218,1485.9799556054693,1657.5472449112228,1869.1990378455218
kaeri_uniform__229,1763.4,1675.9638920998773,1942.3173724680307,1733.9811751875095,1781.419418707406,1570.1491663274535,1733.9811751875095
kaeri_uniform__273,1685.3,1895.7785917700373,2258.182018322005,1945.6491040974715,2216.7842648157816,1929.0387440507623,1945.6491040974715
kaeri_uniform__274,1643.3,1923.7007544818252,2303.226407493986,1943.155911554025,2233.502705511203,1945.682591180418,1943.155911554025
kaeri_uniform__275,1632.3,1932.7788225593372,2303.817959958644,1943.155911554025,2238.918569659513,1951.0238297178016,1943.155911554025
kaeri_uniform__276,1873.1,2118.075931620055,2312.842549036977,2068.9763448658728,2346.2691567840675,2062.408222333754,2068.9763448658728
kaeri_uniform__277,2104.3,2209.097746457819,2374.8084954792425,2186.9614357735372,2452.804204520727,2187.0179963449705,2186.9614357735372
kaeri_uniform__278,2100.0,2211.1951555830965,2378.5789938653224,2189.6260730057443,2455.082508449577,2189.863866818111,2189.6260730057443
kaeri_uniform__279,2310.9,2360.9631404922397,2434.964887835636,2414.558982633439,2540.4172236660174,2304.7383763237513,2414.558982633439
kaeri_uniform__280,2640.7,2449.394218580883,2654.944287227859,2487.758143526659,2542.1917209532317,2243.3126696283075,2487.758143526659
kaeri_uniform__281,2588.7,2458.0641981149615,2660.682877394309,2494.822000946854,2557.7822879686382,2262.481702454257,2494.822000946854
kaeri_uniform__282,2656.8,2440.774294874587,2706.756430475835,2485.761054736622,2536.2694620715893,2236.077740829407,2485.761054736622
kaeri_uniform__283,3198.3,2552.9499585302747,2841.5881686225644,2565.8483249296714,2724.6772796471146,2457.3530163835285,2565.8483249296714
kaeri_uniform__284,1989.9,1848.4885335856734,2260.887424785253,2177.498735425987,2118.199570751224,1782.3156457022258,2177.498735425987
kaeri_uniform__285,1981.7,1887.1490764663038,2271.463675214544,2190.439965971299,2138.94638925232,1818.8141310942872,2190.439965971299
kaeri_uniform__286,2466.2,2185.7293207048842,2483.6138333542017,2551.96216858627,2289.9046871887144,1977.7757841444836,2551.96216858627
kaeri_uniform__287,2873.7,2473.681035803098,2781.049416995981,2658.764398919086,2483.010867961552,2188.3401012291215,2658.764398919086
kaeri_uniform__288,2842.4,2485.2398840905435,2811.093429072909,2663.6170649099226,2490.984675811385,2197.1900297023676,2663.6170649099226
kaeri_uniform__289,3314.0,2594.7482175894793,3193.123291331568,2559.887579409308,2636.778502995033,2361.149409538648,2559.887579409308
kaeri_uniform__290,2618.7,2183.1350918116723,2532.5135531561623,2372.24968332865,2151.2239350729246,2135.467537640212,2372.24968332865
kaeri_uniform__291,2891.9,2285.8401981701436,2666.7515715811633,2586.874523030982,2244.6504145347726,2230.9815845757935,2586.874523030982
kaeri_uniform__292,3149.8,2374.4970822206888,2803.5755939767573,2897.5722075550075,2322.597267708427,2313.118678945295,2897.5722075550075
kaeri_uniform__293,3125.6,2382.0856832163417,2811.1380817019626,2897.5722075550075,2329.1951433448844,2320.0874816993187,2897.5722075550075
kaeri_uniform__351,1243.4,1666.9058120472919,1389.5746522994793,1529.7630823961715,1835.2058569006074,1733.1080746511316,1529.7630823961715
kaeri_uniform__352,1246.8,1662.109337235339,1388.892032368933,1469.9780763796273,1832.9040711381904,1730.6819768006526,1469.9780763796273
kaeri_uniform__353,1457.6,1809.6182727997568,1595.677232295039,1605.5606782997813,1907.9462764447023,1813.7628374684418,1605.5606782997813
kaeri_uniform__354,1680.7,1902.4835909978913,1679.6626152404237,1670.1321312793664,1953.2516126382784,1866.7944037625589,1670.1321312793664
kaeri_uniform__355,1849.4,2014.112769099128,1793.301055289259,1752.6208045863405,2019.4380830498094,1951.5596473648015,1752.6208045863405
kaeri_uniform__356,2161.6,2021.870450168987,2217.9872450031066,2132.428725192018,2041.346046014505,1904.5613736795756,2132.428725192018
kaeri_uniform__357,2161.6,2021.870450168987,2217.9872450031066,2132.428725192018,2041.346046014505,1904.5613736795756,2132.428725192018
kaeri_uniform__358,2638.6,2228.3834873739715,2454.6461823363156,2426.6336730517355,2165.826697496989,2070.4650973242688,2426.6336730517355
kaeri_uniform__359,2648.4,2219.7566302599594,2452.9877028404667,2426.6336730517355,2160.7123677258537,2063.373528444879,2426.6336730517355
kaeri_uniform__360,1618.6,1531.0332162094717,1676.3439579701653,1702.983159945292,1759.1723620873256,1576.2278388531552,1702.983159945292
kaeri_uniform__361,1645.5,1512.5122357574278,1659.4836534270598,1678.628157230537,1749.1651024744372,1565.07359775318,1678.628157230537
kaeri_uniform__362,2000.6,1737.9399124227439,2038.9728960128562,1891.8428102842781,1865.3163663924884,1695.9659566221412,1891.8428102842781
kaeri_uniform__363,2000.6,1737.9399124227439,2038.9728960128562,1891.8428102842781,1865.3163663924884,1695.9659566221412,1891.8428102842781
kaeri_uniform__364,2060.7,1730.789089929172,2057.207557716466,1971.0115005407843,1859.394001349413,1683.9565897038394,1971.0115005407843
kaeri_uniform__365,2078.0,1721.6094659200753,2077.0656893232667,1963.8381156611736,1855.8782676807512,1685.6599352265323,1963.8381156611736
kaeri_uniform__366,2436.5,1946.677898273561,2425.243582356383,2190.0052261446754,1959.3548204213014,1805.255167080665,2190.0052261446754
kaeri_uniform__367,2422.6,1962.5372515691784,2427.5679468316553,2225.569824372882,1966.0941171828451,1813.1855283955388,2225.569824372882
kaeri_uniform__368,2642.3,2223.395860073805,2699.4507376905563,2602.867150575403,2125.8428255558856,2005.117005727096,2602.867150575403
kaeri_uniform__369,2658.3,2213.05484808778,2688.674182275535,2597.880311359299,2119.203375097231,1996.9961906009287,2597.880311359299
kaeri_uniform__370,2679.7,2202.7619321384595,2697.492121380913,2597.880311359299,2112.5514891407556,1988.878076076135,2597.880311359299
kaeri_uniform__371,2064.3,1923.8166985498426,2101.3705444027732,2111.337955597115,1852.6219303499279,1886.5892523669477,2111.337955597115
kaeri_uniform__372,2109.3,1880.738955320531,2084.8725615544845,1943.9764006205987,1822.01080595542,1844.220276299651,1943.9764006205987
kaeri_uniform__373,2105.0,1887.859996919414,2085.598918671635,2062.7342044945444,1827.2632404434564,1850.0989855707815,2062.7342044945444
kaeri_uniform__374,2274.4,2024.0771229574532,2316.2262073553106,2305.2151061425716,1925.9218616396633,1963.5957455668492,2305.2151061425716
kaeri_uniform__375,2343.8,1983.911797953132,2313.964465867467,2245.156947748328,1897.2054187599622,1929.1820467187974,2245.156947748328
kaeri_uniform__376,2561.0,2046.4649589525886,2449.5715297849215,2303.3130574326265,1941.975847400689,1980.6515547768252,2303.3130574326265
kaeri_uniform__377,2580.4,2038.7456566064732,2436.099500143137,2303.3130574326265,1936.463927935684,1974.5442129391733,2303.3130574326265
kaeri_uniform__466,1882.2,1896.5892880905437,2664.319625255505,2394.7483165891445,2544.363285364887,1859.480843593285,2394.7483165891445
kaeri_uniform__467,1614.6,1678.7485819097358,2436.0773928870663,1997.3679657107075,2310.248053108746,1632.1630034733466,1997.3679657107075
kaeri_uniform__468,5267.6,4836.624805626235,3421.4429010740023,4568.0453300420295,4546.3773975021395,4385.4161706250225,4568.0453300420295
kaeri_uniform__469,5267.6,4807.739988793882,4461.532735468291,4587.4688564102125,4525.030312168382,4356.910123450735,4587.4688564102125
kaeri_uniform__470,4674.9,4676.773107513959,3398.685270392511,4518.0715410312905,4428.997807926569,4226.967633664157,4518.0715410312905
kaeri_uniform__471,4551.9,4713.267546323614,3461.9428658322763,4617.785749660368,4457.508883394874,4264.634260665074,4617.785749660368
kaeri_uniform__472,4307.7,4253.618969108398,3274.1550975973287,4488.301549627165,4095.4249869051378,3779.5231126023914,4488.301549627165
kaeri_uniform__473,4188.2,4336.157813060562,3371.2488985350014,4514.944709556331,4162.271490205977,3869.123643411214,4514.944709556331
kaeri_uniform__474,3794.9,3955.1687113121125,3389.8791895817367,3800.1472540931877,3858.951549215765,3466.598756498368,3800.1472540931877
kaeri_uniform__475,3773.3,3926.387665812086,3718.8849347641008,3863.705164265607,3837.236871819515,3437.5099312327093,3863.705164265607
kaeri_uniform__476,3464.4,3576.047157885026,3707.8940684834092,3522.1583181653737,3496.7589037202542,2998.069105987244,3522.1583181653737
kaeri_uniform__477,3294.7,3599.3067130985037,3892.415479648845,3539.0526448250266,3520.1218004756856,3025.7195873903875,3539.0526448250266
kaeri_uniform__478,2907.7,3093.2790765638783,3363.132923280468,3131.8722576924197,3195.670283037276,2622.27322403627,3131.8722576924197
kaeri_uniform__479,2907.7,3024.963876060367,3666.832783488179,3127.4149126790176,3162.5730370774454,2580.987648039495,3127.4149126790176
kaeri_uniform__480,2542.2,2355.942049219337,3139.8488016959473,2559.037150338809,2800.585209842175,2150.36850669858,2559.037150338809
kaeri_uniform__481,2433.5,2469.2113524274323,3687.744783935331,2893.142534878238,2869.504574204863,2227.5876852279353,2893.142534878238
kaeri_uniform__482,2052.8,1821.203278545444,3076.127412627924,2151.9089342247817,2453.5327139440637,1757.0598676325355,2151.9089342247817
kaeri_uniform__483,5508.3,5012.070171288557,4341.376789815659,5138.545102306488,4455.994528472462,4493.71023946827,5138.545102306488
kaeri_uniform__484,4876.1,4670.715910154093,4077.5391221455966,4730.736511477955,4047.431365344754,3969.093302248347,4730.736511477955
kaeri_uniform__485,4355.2,4031.3419758477326,3898.643139932913,4417.982289087857,3581.772055262086,3374.2037176707354,4417.982289087857
kaeri_uniform__486,3683.5,3421.236782755475,3653.447195114363,3993.2538725591135,3254.0899824094026,2957.59368899818,3993.2538725591135
kaeri_uniform__487,2986.7,2785.4498990755847,3146.2385594290085,3469.435622809588,2878.4793322584146,2484.6870066247293,3469.435622809588
kaeri_uniform__488,2452.4,2267.1130752026597,2620.390670933369,2768.5764119471182,2538.460635627292,2069.129870770707,2768.5764119471182
kaeri_uniform__489,3507.5,1341.8630874178255,2641.9435541178677,2761.7703826908487,30000.0,199.5092914096796,2761.7703826908487
kaeri_uniform__490,3273.2,1251.10348089569,2560.3019630807794,2778.510547633452,30000.0,198.02505483353437,2778.510547633452
kaeri_uniform__491,2907.7,935.2227905511616,2262.755920139161,2621.1952608821557,29005.255334764424,195.21515175554802,2621.1952608821557
kaeri_uniform__492,2730.8,752.6889525913958,2398.432751081986,2388.5309172734137,25460.531449456124,191.25663925898462,2388.5309172734137
kaeri_uniform__493,2470.4,676.378308897684,2302.9268654313364,2308.9641364848912,23182.901997743324,189.9236148296821,2308.9641364848912
kaeri_uniform__494,2170.4,616.6490577034334,2108.0452413759667,2209.1488125633687,21471.002006543313,189.59015206063725,2209.1488125633687
kaeri_uniform__495,2052.8,527.2015329519675,2035.031538358217,2176.1836413572355,18595.64675172157,190.0939121466309,2176.1836413572355
kaeri_uniform__496,1803.2,472.92683481803545,2034.4508056402951,2021.5409066864333,16514.340807561388,189.7378426101672,2021.5409066864333
kaeri_uniform__497,1540.9,405.62174190770895,2066.4943951868427,1768.8361561770778,13971.606843643938,188.75537870034503,1768.8361561770778
kaeri_uniform__498,1189.8,368.1286260617911,2105.0255015440516,1696.4062699466033,12529.843794476908,190.0706777772747,1696.4062699466033
kaeri_uniform__499,3104.3,1555.2231580585644,2560.4839253914606,2778.510547633452,30000.0,205.8104898769233,2778.510547633452
kaeri_uniform__500,3059.4,1383.7573672311228,2560.4839253914606,2778.510547633452,30000.0,201.0239882958607,2778.510547633452
kaeri_uniform__501,3059.4,1156.4701228384451,2557.2112111042325,2778.510547633452,30000.0,196.1055658603665,2778.510547633452
kaeri_uniform__502,4322.0,1506.2080236694164,3446.724591067278,3902.628431149173,30000.0,495.8574305082743,3902.628431149173
kaeri_uniform__503,4021.2,1195.6230827628178,3422.0990097133113,3892.1434504287977,30000.0,489.03138899887693,3892.1434504287977
kaeri_uniform__504,3528.2,1012.5444235807761,3371.980679266901,3498.1406253809396,30000.0,481.6203178149213,3498.1406253809396
kaeri_uniform__505,3209.4,754.5541311349896,2477.8040571273873,3238.1569293599105,24911.84701833826,472.6759686559394,3238.1569293599105
kaeri_uniform__506,2747.8,621.5486512755098,2483.771703268785,2812.570618390974,21421.477175711036,464.2784593611401,2812.570618390974
kaeri_uniform__507,2212.6,478.5317612506083,2966.4984724350247,2448.840098066326,17782.50346759391,451.612710873263,2448.840098066326
kaeri_uniform__508,2102.2,413.68186815350975,2624.965810470682,2203.4345036423533,16039.636773680584,452.0417915054955,2203.4345036423533
kaeri_uniform__536,3229.7,3455.9643036856796,3031.6767802000504,3342.919645800086,3826.9660720501042,3699.3414605697367,3342.919645800086
kaeri_uniform__537,3094.0,3254.5430455479736,3014.07050305546,3120.4207982169696,3715.976391632206,3501.2942798494996,3120.4207982169696
kaeri_uniform__538,3052.2,2908.963117024687,3151.831790384608,3050.5788061271996,3493.4140650931745,3141.5961897515535,3050.5788061271996
kaeri_uniform__539,2849.1,2599.853768129051,2721.8359077638984,3014.867207168464,3264.765860294369,2800.792182483023,3014.867207168464
kaeri_uniform__540,2617.1,2514.666700603238,2709.128440032953,2954.9364951782477,3154.671610567538,2650.238859135259,2954.9364951782477
kaeri_uniform__541,2562.5,2231.923943493281,2660.557107347302,2638.255817598159,2829.847312417629,2239.3271421462377,2638.255817598159
kaeri_uniform__542,2243.0,2167.4743877425826,3220.0239167258173,2733.86985254556,2763.419074005784,2164.7078560452287,2733.86985254556
kaeri_uniform__543,2035.1,1931.2130986969146,3378.6347762681903,2562.994665944048,2534.8778905468316,1908.4717205183067,2562.994665944048
kaeri_uniform__544,1773.4,1780.7851349042885,2936.0125975996516,2276.192599033999,2380.8919537340084,1747.5726085086358,2276.192599033999
kaeri_uniform__545,1601.6,1523.954672482007,2223.6389715046967,1840.0211799670456,2122.4846070588446,1494.903656492042,1840.0211799670456
kaeri_uniform__546,5377.2,3467.62611467119,3455.859828613226,3416.5694082988566,3704.2441924221953,3321.2748452765604,3416.5694082988566
kaeri_uniform__547,5229.4,3553.652599415243,3505.758878441462,3474.561568406518,3779.099521721729,3428.571314696482,3474.561568406518
kaeri_uniform__548,4667.5,3606.493812615838,3502.4863815926074,3474.561568406518,3818.7707119615566,3486.0246973837516,3474.561568406518
kaeri_uniform__549,4975.0,3247.5881522910804,3645.3714029772473,3255.7108970107383,3522.475540991708,3067.0649281560254,3255.7108970107383
kaeri_uniform__550,3823.7,4013.248122726093,3568.861025740505,4007.2945627748177,4100.439133556662,3906.741318515933,4007.2945627748177
kaeri_uniform__551,3776.4,4005.5330778222306,3771.4015878593627,3985.324455851618,4098.876583511696,3905.582645870235,3985.324455851618
kaeri_uniform__552,3699.3,3546.736532022596,3486.0749726200443,3474.561568406518,3773.4183482476597,3420.378802831174,3474.561568406518
kaeri_uniform__553,3525.9,3691.8943755034325,3708.3656215938163,3564.5996808412833,3885.9659255634288,3584.863530489365,3564.5996808412833
kaeri_uniform__554,3247.3,3401.597191227784,3636.3234150858084,3464.4112196544265,3654.467158390165,3250.8889897696044,3464.4112196544265
kaeri_uniform__555,3269.0,3410.590106656843,3455.8378522752632,3462.9359324312463,3659.196187552214,3257.5354336993846,3462.9359324312463
kaeri_uniform__556,3073.1,3077.775252632662,3655.5137049427663,3083.230563795406,3368.1911184551586,2858.104852884348,3083.230563795406
kaeri_uniform__557,2983.2,3182.9142954730773,3469.620005565544,3287.309880717616,3446.26406081492,2963.366892088083,3287.309880717616
kaeri_uniform__558,2742.4,2761.4481251242883,3422.32094013639,2877.6735312539718,3126.0148416779457,2543.8401368193245,2877.6735312539718
kaeri_uniform__559,2866.0,2561.8606821801322,3585.868348103247,2753.911930792936,3001.0411611761992,2387.027303831975,2753.911930792936
kaeri_uniform__560,2578.6,2220.497615616846,3247.6356081212234,2550.774153415282,2768.36262576854,2107.6665887156846,2550.774153415282
kaeri_uniform__561,2392.3,2439.166811820119,3288.2701759729316,2691.939456305975,2914.1815690408193,2281.607203581169,2691.939456305975
kaeri_uniform__562,2224.6,1856.5059839981184,2400.199325964824,2045.9277428528017,2528.5198818647646,1836.543533679843,2045.9277428528017
kaeri_uniform__563,2105.7,1959.6659686282817,2763.690973078152,2218.607702465976,2611.392315415225,1928.0469559575272,2218.607702465976
kaeri_uniform__564,1722.0,1682.8528455721957,2516.1428608074248,1955.7149630375827,2371.111541267313,1667.2799219656827,1955.7149630375827
kaeri_uniform__565,2404.4,1069.783257239526,2425.8007884765507,2773.1087501233264,30000.0,196.60254517280373,2773.1087501233264
kaeri_uniform__566,2355.4,769.8631292480624,2323.347562233284,2394.3289760769558,25796.467415615964,192.6786275156802,2394.3289760769558
kaeri_uniform__567,2159.5,676.0881916912009,2247.381938988097,2325.449321691688,23437.6651004749,191.09425279749982,2325.449321691688
kaeri_uniform__568,2003.8,573.9526377843862,2197.1908334467835,2131.048852854421,20387.95688637692,189.258658867914,2131.048852854421
kaeri_uniform__569,1758.1,530.7635362173687,2042.6155077392566,2112.802099812812,18704.7044395799,188.99806592169568,2112.802099812812
kaeri_uniform__570,1580.7,463.5707943946641,2032.2803113216687,1997.835334429832,16127.822413905084,188.24464561669652,1997.835334429832
kaeri_uniform__571,1368.8,405.0618687961313,2018.2483031483023,1875.1278559390064,13952.885666835007,188.48332369479223,1875.1278559390064
kaeri_uniform__572,1115.1,346.49613061223477,2030.2773255472205,1668.2696150763934,11711.075225915783,190.40717458518583,1668.2696150763934
kaeri_uniform__573,4053.3,1927.1725236387256,2691.239031249247,3308.0649622516034,30000.0,341.2861409542151,3308.0649622516034
kaeri_uniform__574,3965.0,1760.8516365722935,2679.779750106258,3301.935267397322,30000.0,333.51318742366857,3301.935267397322
kaeri_uniform__575,3607.0,1681.1369485488099,2678.6914816286403,3301.935267397322,30000.0,330.95750576934864,3301.935267397322
kaeri_uniform__576,3423.1,1475.9365439369205,2821.8451216518442,3296.0244902164077,30000.0,325.11154557685563,3296.0244902164077
kaeri_uniform__577,3147.0,1191.5755541365197,2781.269209380099,3296.0244902164077,30000.0,320.2924196947111,3296.0244902164077
kaeri_uniform__578,2882.9,988.5676065418728,2597.5835992670936,2954.4292583480956,30000.0,317.3009678640724,2954.4292583480956
kaeri_uniform__579,2629.2,775.0098164564656,2728.8816125229346,2803.5997396777343,25966.283286118414,312.04558297085435,2803.5997396777343
kaeri_uniform__580,2324.1,624.8977085009259,2751.2369426221017,2721.892152788545,22670.34738924459,305.14185362544356,2721.892152788545
kaeri_uniform__581,2080.9,501.5772619956848,2475.7503953044097,2227.3246963978604,18992.738133860883,304.50586424325,2227.3246963978604
kaeri_uniform__582,1823.2,426.09231519128264,2469.8578514890464,1928.1119593777182,16020.323849623559,302.73228272512665,1928.1119593777182
nrc_groeneveld_24579pt__345,2950.0,4529.0737105341495,4596.036588585129,4844.565075399274,4472.653599004298,5472.15336132056,4844.565075399274
nrc_groeneveld_24579pt__346,2280.0,2180.7067247661203,2148.0262631381293,2154.2028585328753,2411.335183620422,2352.9127307184117,2154.2028585328753
nrc_groeneveld_24579pt__347,2080.0,2136.2067070502326,2102.98877415245,2108.4045944934805,2371.1203860738697,2294.5111991211743,2108.4045944934805
nrc_groeneveld_24579pt__348,1939.0,1934.8609955827949,1919.2805896850948,2003.2691156008384,2194.6236671760857,2041.6657999053614,2003.2691156008384
nrc_groeneveld_24579pt__349,1839.0,1705.6754314703362,1825.6279630270515,1840.5158358587905,1984.1895436761151,1748.9393386121,1840.5158358587905
nrc_groeneveld_24579pt__350,1639.0,1549.1573765546007,1632.2988305176934,1738.6207945771712,1836.8831479338912,1550.8679740268612,1738.6207945771712
nrc_groeneveld_24579pt__351,1480.0,1385.9426278842861,1494.1183517693084,1651.6236232382348,1683.861749911959,1352.1637471625506,1651.6236232382348
nrc_groeneveld_24579pt__352,2339.0,2330.36415024449,2226.7415546822344,2285.6721860551756,2530.277024028184,2699.247118779835,2285.6721860551756
nrc_groeneveld_24579pt__353,2189.0,2119.116246183328,2064.560149140329,2185.9750803671323,2283.595742445487,2344.4522569474043,2185.9750803671323
nrc_groeneveld_24579pt__354,2000.0,1883.4232966273817,1914.1052611715897,1955.7773541330087,2008.5143827568002,1960.394722376534,1955.7773541330087
nrc_groeneveld_24579pt__355,1820.0,1748.8830941369972,1839.5608752928983,1895.6852828604242,1853.3588581997976,1748.981380700803,1895.6852828604242
nrc_groeneveld_24579pt__356,1800.0,1499.2002806131222,1672.4661754115364,1645.840043319224,1604.6444355682534,1614.5344517137348,1645.840043319224
nrc_groeneveld_24579pt__357,1700.0,1438.8042394518852,1601.544117355168,1512.3879430173831,1541.5578863796152,1511.0514745831758,1512.3879430173831
nrc_groeneveld_24579pt__358,1589.0,1246.2125767304963,1447.5914999935483,1439.6552880568559,1376.225866751755,1250.3634302245714,1439.6552880568559
nrc_groeneveld_24579pt__359,1520.0,1116.1698408045656,1370.4382093377515,1309.6213570549337,1268.6217408668003,1087.4249014739805,1309.6213570549337
nrc_groeneveld_24579pt__360,1400.0,1098.9980617001788,1314.7598802234231,1313.1605076389121,1247.5476793709706,1061.5688762702305,1313.1605076389121
nrc_groeneveld_24579pt__361,1230.0,1113.4945822421737,1315.0146494365154,1308.8575707782452,1260.0679773568145,1079.6709848075554,1308.8575707782452
nrc_groeneveld_24579pt__362,1130.0,1047.440252902472,1143.113559611243,1149.3100532621888,1202.7471799785394,997.6960041450535,1149.3100532621888
nrc_groeneveld_24579pt__363,1019.0,947.0380426185164,1038.7139806043717,1054.962128962747,1116.6863924192753,876.8912708341506,1054.962128962747
nrc_groeneveld_24579pt__364,919.0,861.8975456870425,1015.3615798466905,970.3959342414669,1038.6341707742577,774.4788703127739,970.3959342414669
nrc_groeneveld_24579pt__365,662.0,746.9249273132987,740.3476298749227,853.6529706879912,958.8889053986613,815.5237111004847,853.6529706879912
nrc_groeneveld_24579pt__366,662.0,696.4126654451794,740.398168735621,840.7440783011515,903.7933082206463,737.1251079867857,840.7440783011515
nrc_groeneveld_24579pt__367,1163.0,787.7405431681282,854.692282481522,849.5109564481251,940.2892854763822,816.0217274928037,849.5109564481251
nrc_groeneveld_24579pt__368,709.0,702.680790078343,850.274844985587,789.3040724926594,875.0610364200924,736.031694075939,789.3040724926594
nrc_groeneveld_24579pt__369,1163.0,1048.847600429022,1056.0339007002572,1108.9882913774313,1063.3227380987873,1073.3474814185524,1108.9882913774313
nrc_groeneveld_24579pt__370,1163.0,1171.354544595437,1173.210827078206,1275.2949709000495,1133.213576891062,1226.0781760440113,1275.2949709000495
nrc_groeneveld_24579pt__371,686.0,734.0265146655064,895.3818730997579,859.1386618776081,834.4950062974511,700.4811908900346,859.1386618776081
nrc_groeneveld_24579pt__372,2200.0,2207.525126612369,2123.1987398048336,2135.991822682015,3069.129468932395,2362.2596751632755,2135.991822682015
nrc_groeneveld_24579pt__373,1860.0,1757.4776502281622,1821.5979680769412,1820.0440727008843,2654.2541870791524,1892.9147444069667,1820.0440727008843
nrc_groeneveld_24579pt__374,1610.0,1478.4231310477753,1519.7141413343259,1412.0931192158591,2339.353885148318,1560.0955335190206,1412.0931192158591
nrc_groeneveld_24579pt__375,1370.0,1392.281077822505,1408.4641212781685,1359.7584009242291,2225.5993016558996,1445.6852160269912,1359.7584009242291
nrc_groeneveld_24579pt__376,1119.0,1254.0867710220198,1174.6508879218609,1132.6265803380688,2062.1655007864974,1287.3339224606912,1132.6265803380688
nrc_groeneveld_24579pt__377,2450.0,2805.54468604894,2507.174425158741,2726.332238298985,3180.5028247886717,2674.7526814078606,2726.332238298985
nrc_groeneveld_24579pt__378,1960.0,1886.9516006020408,2015.8109318350982,2025.3780956920652,2434.038424686539,1786.4294447900722,2025.3780956920652
nrc_groeneveld_24579pt__379,1360.0,1377.9333431003581,1407.6762885520607,1323.9536818973186,2041.4602361940572,1356.3668186366692,1323.9536818973186
nrc_groeneveld_24579pt__380,1250.0,1114.7720367786353,1245.6520449327365,1160.3602100718124,1828.0588692862489,1140.4011765278528,1160.3602100718124
nrc_groeneveld_24579pt__381,3200.0,3433.1764574829153,3189.851518217829,3091.055192088209,3461.173672865382,3266.6028513368574,3091.055192088209
nrc_groeneveld_24579pt__382,2800.0,2815.6589240035028,2874.745433968166,3000.3985609855804,2992.556673706262,2660.630807217475,3000.3985609855804
nrc_groeneveld_24579pt__383,2520.0,2409.1724267282602,2546.9337522737,2472.8044597087605,2684.500091922637,2274.00837466607,2472.8044597087605
nrc_groeneveld_24579pt__384,1689.0,1721.9373139427719,1772.061303970276,1735.9234181754464,2158.5123121204892,1627.1680295249798,1735.9234181754464
nrc_groeneveld_24579pt__385,1380.0,1266.0194184081436,1409.2349909530467,1473.859546152018,1809.2445769374951,1239.1058386550467,1473.859546152018
nrc_groeneveld_24579pt__386,3261.0,3725.395744510908,3394.795572085665,3433.0123413268134,3631.350297217542,3781.4394293337673,3433.0123413268134
nrc_groeneveld_24579pt__387,2660.0,2736.6795532031,2628.567935950657,2695.069643944452,2849.7773956171154,2711.554607777847,2695.069643944452
nrc_groeneveld_24579pt__388,1870.0,2104.36747120394,1949.7738738686176,1925.2307896957225,2328.66378079311,2021.7889432351726,1925.2307896957225
nrc_groeneveld_24579pt__389,1420.0,1469.4511298161433,1431.384303138762,1570.6246729777474,1860.7184984223784,1436.3109184311263,1570.6246729777474
nrc_groeneveld_24579pt__390,3261.0,3528.869369813998,3344.1127945238936,3766.717967823707,3564.598315026006,4164.056783537764,3766.717967823707
nrc_groeneveld_24579pt__391,2700.0,2702.970803254567,2665.783213450919,2828.8236343592544,2780.734254569271,3025.2589696026967,2828.8236343592544
nrc_groeneveld_24579pt__392,1930.0,2220.284822824612,1861.663941990007,1929.6884255732446,2223.9076387001405,2220.083417237953,1929.6884255732446
nrc_groeneveld_24579pt__393,1739.0,1857.5541207319404,1714.9685710737429,1804.4841647575483,1914.1712953360484,1786.0972159093199,1804.4841647575483
nrc_groeneveld_24579pt__394,3411.0,3692.4434126162764,3455.4450047007967,3813.8193262806226,3694.043873950132,4721.7736484184215,3813.8193262806226
nrc_groeneveld_24579pt__395,2940.0,3062.8551111169454,2830.056722939963,2981.059118512419,2992.276006940662,3694.2582091233944,2981.059118512419
nrc_groeneveld_24579pt__396,2060.0,2316.363597441025,1916.8083731711736,2007.5861377875958,2185.9262820074905,2490.787398486558,2007.5861377875958
nrc_groeneveld_24579pt__397,744.0,460.54862178582096,586.309308046226,546.4249756444609,714.4608782779227,546.3362581806276,546.4249756444609
nrc_groeneveld_24579pt__398,755.0,580.5851317976835,589.5176008113425,619.4550994138136,829.3106615309617,663.8271238385761,619.4550994138136
nrc_groeneveld_24579pt__399,1128.0,668.1830840491373,637.7212469029779,734.2633448851184,892.5707485128687,753.0898082356051,734.2633448851184
nrc_groeneveld_24579pt__400,558.0,532.8848919047275,594.604875587448,557.7658962292224,795.2687481393455,611.0892768620065,557.7658962292224
nrc_groeneveld_24579pt__401,755.0,677.2237030747732,918.0488328926075,909.6888136403105,908.7621345273457,766.1962096601483,909.6888136403105
nrc_groeneveld_24579pt__402,1104.0,813.5429169822796,970.8608470872001,994.2343269772806,1005.8141648446854,927.1787077507533,994.2343269772806
nrc_groeneveld_24579pt__403,558.0,597.4911262342845,693.0577737552221,729.3459692150617,853.9959369282519,680.5411321927304,729.3459692150617
nrc_groeneveld_24579pt__404,1488.0,934.4886385102124,1056.7264013697732,1076.0919858023067,1085.7288737810936,1075.5734898024093,1076.0919858023067
nrc_groeneveld_24579pt__405,1093.0,873.74462451623,1160.9832276799912,1055.9559429923781,1050.9883811304528,1008.8030602641782,1055.9559429923781
nrc_groeneveld_24579pt__406,1442.0,1145.086721905194,1307.8715329038396,1267.789769112603,1172.7406657819665,1252.775865978228,1267.789769112603
nrc_groeneveld_24579pt__407,779.0,900.3953324755392,1039.8597594197013,1017.0343390638411,1033.795294163661,989.6013783359665,1017.0343390638411
nrc_groeneveld_24579pt__408,1918.0,1729.1140627083496,1838.3712158863154,1764.9162894525407,1375.2841593847709,1727.9462311625423,1764.9162894525407
nrc_groeneveld_24579pt__409,1488.0,1558.7245380065324,1549.4884570900583,1630.6127079324617,1297.2716953980007,1547.7826130053004,1630.6127079324617
nrc_groeneveld_24579pt__410,755.0,937.2344191821021,1028.223872918868,1080.931025782765,1026.2987088179557,1008.0964702576185,1080.931025782765
nrc_groeneveld_24579pt__411,1884.0,1806.002441618295,1850.4210507278203,1903.601419948673,1392.5553079833876,1774.8374753996538,1903.601419948673
nrc_groeneveld_24579pt__412,1128.0,1179.6972853709565,1169.1043230411956,1321.167214964573,1137.1355629437169,1222.6120165383172,1321.167214964573
nrc_groeneveld_24579pt__413,1500.0,1463.6003145260943,1449.5905381397688,1480.7754959530741,1250.915429707913,1460.2530109399834,1480.7754959530741
nrc_groeneveld_24579pt__414,1488.0,1594.1767897215652,1562.7946617379466,1537.6164557311995,1303.7292353423172,1590.2103741401977,1537.6164557311995
nrc_groeneveld_24579pt__415,1884.0,1818.3017445236517,1763.962707366145,1704.4065810345303,1397.2407642789785,1796.595368471613,1704.4065810345303
nrc_groeneveld_24579pt__416,767.0,780.72622314877,898.2483967083365,933.4919296698654,917.4714237726967,848.5656106887786,933.4919296698654
nrc_groeneveld_24579pt__417,767.0,771.7758979176018,937.2281727418604,827.5336631854028,878.2620304407501,801.4055262150481,827.5336631854028
nrc_groeneveld_24579pt__418,1488.0,1511.8179158304024,1411.1381942546893,1470.1215381166228,1270.957390524968,1537.4069031226684,1470.1215381166228
nrc_groeneveld_24579pt__419,1093.0,1090.0326588700884,1124.4599476046176,1122.26215579714,1057.064222927739,1128.227233120207,1122.26215579714
nrc_groeneveld_24579pt__420,1511.0,1546.5635266206252,1499.504781389609,1549.8595864859947,1299.1419336358308,1613.5417181290031,1549.8595864859947
nrc_groeneveld_24579pt__421,1523.0,1521.1207884755063,1466.7237300258594,1560.199800957332,1270.7494135739162,1571.298223471149,1560.199800957332
nrc_groeneveld_24579pt__422,1116.0,1112.5182249350617,1153.7874721433343,1217.209345104464,1030.0152005652712,1111.3724613189033,1217.209345104464
nrc_groeneveld_24579pt__423,1907.0,1773.243363057397,1598.2189911980672,1758.426608746243,1432.3760686375754,1910.5236334804997,1758.426608746243
nrc_groeneveld_24579pt__424,1488.0,1502.7757746080906,1396.6455353186018,1534.0930008358498,1252.3804483863428,1549.2230877897669,1534.0930008358498
nrc_groeneveld_24579pt__425,1546.0,1577.5296917459893,1264.7492820503378,1433.6184228984234,1271.4460172609874,1639.916271128928,1433.6184228984234
nrc_groeneveld_24579pt__426,1511.0,1690.916425675773,1362.7733413318026,1551.7727711287134,1373.73979457276,1867.94950846525,1551.7727711287134
nrc_groeneveld_24579pt__427,1523.0,1657.531744809232,1367.4692900070438,1509.9596830368482,1363.0959796306092,1856.4059388268392,1509.9596830368482
nrc_groeneveld_24579pt__428,1907.0,1975.848119354901,1732.6626076598593,1998.1323884456897,1711.886609407312,2552.7236714448345,1998.1323884456897
nrc_groeneveld_24579pt__429,1500.0,1642.0575316665102,1366.2600823056287,1606.2623745196731,1384.520830810811,1928.9006813471299,1606.2623745196731
nrc_groeneveld_24579pt__430,1500.0,1618.7985077895873,1391.4508783760996,1634.8685321880823,1374.7279313242773,1927.796570367439,1634.8685321880823
nrc_groeneveld_24579pt__431,1884.0,1979.835579290622,1539.4978768365488,2010.388652823094,1813.3743964370424,2748.9315600385694,2010.388652823094
nrc_groeneveld_24579pt__432,1523.0,1632.0080859220416,1402.647031815328,1676.367217705273,1400.855706201205,1986.4044794288263,1676.367217705273
nrc_groeneveld_24579pt__433,1930.0,1983.2158291629087,1544.437177381311,1983.2488216556922,1902.8608941018679,2875.1229821212924,1983.2488216556922
nrc_groeneveld_24579pt__434,1510.0,1619.2643740783349,1483.8408071786637,1377.0351844992983,2521.8336934704557,1732.5244648686153,1377.0351844992983
nrc_groeneveld_24579pt__435,1269.0,1449.5405764823565,1395.2410909768125,1313.9345331911413,2293.819400867953,1525.914640436535,1313.9345331911413
nrc_groeneveld_24579pt__436,1100.0,1311.80540752696,1249.6877661660549,1116.5442606483039,2104.7917199093804,1367.3434661578285,1116.5442606483039
nrc_groeneveld_24579pt__437,2170.0,2308.8569554302417,1800.6269416228645,1683.2230148591814,3438.7477649578905,2658.9284025842776,1683.2230148591814
nrc_groeneveld_24579pt__438,1950.0,2174.539152370015,1963.6410465674235,1829.9438465340927,3232.7821855459347,2439.2920870448934,1829.9438465340927
nrc_groeneveld_24579pt__439,1720.0,1871.683452697272,1731.4501596618154,1606.5769903959265,2829.909160805239,2028.1325825667914,1606.5769903959265
nrc_groeneveld_24579pt__440,2580.0,2889.5292696914275,2594.56792735959,2485.108749615052,3681.634125940418,2893.052311766781,2485.108749615052
nrc_groeneveld_24579pt__441,2300.0,2656.8470470977404,2301.1984941981827,2387.782028641816,3329.981117455809,2513.49948009155,2387.782028641816
nrc_groeneveld_24579pt__442,1989.0,2141.380774911036,2047.2957557018135,2166.2459481983938,2919.9853251965765,2092.456841110085,2166.2459481983938
nrc_groeneveld_24579pt__443,1620.0,1761.903185516625,1723.0446196562123,1783.1590040117235,2571.5068975659738,1749.1098372388783,1783.1590040117235
nrc_groeneveld_24579pt__444,1260.0,1395.3139599750762,1444.7821321718056,1275.856303683587,2181.314080518415,1384.1771990079317,1275.856303683587
nrc_groeneveld_24579pt__445,969.0,1012.0584585186074,998.6357088783068,940.7392535745806,1384.837238780625,1098.6060494902588,940.7392535745806
nrc_groeneveld_24579pt__446,880.0,907.8180002809703,880.8537806244831,830.3100277284711,1294.184624057464,995.5385884115213,830.3100277284711
nrc_groeneveld_24579pt__447,750.0,869.7766217526556,857.6674600201308,810.3441832540689,1264.3199359660048,962.21019152987,810.3441832540689
nrc_groeneveld_24579pt__448,1989.0,1989.4530692421242,2149.808495263795,1898.0874612214275,2111.3743108153303,2102.1758532831896,1898.0874612214275
nrc_groeneveld_24579pt__449,1789.0,1693.649079144163,1895.6616441515928,1769.5869378423245,1914.084528725268,1781.9432417374746,1769.5869378423245
nrc_groeneveld_24579pt__450,1610.0,1437.5159748797962,1555.1351930062829,1537.2188476046088,1744.0139763307284,1523.6614233863213,1537.2188476046088
nrc_groeneveld_24579pt__451,1370.0,1303.2218455767695,1432.045954770286,1451.25188669912,1664.4601555976283,1409.0495914264634,1451.25188669912
nrc_groeneveld_24579pt__452,1110.0,1204.3149372704565,1240.154731976345,1270.787932591021,1600.880292187074,1320.3508623575606,1270.787932591021
nrc_groeneveld_24579pt__453,889.0,983.8015809244463,992.4054011596761,999.4624251847554,1428.0783244829538,1092.8675587269786,999.4624251847554
nrc_groeneveld_24579pt__454,750.0,791.8842287148317,801.6872454171152,854.2006280052551,1282.9639601245399,917.9800641113347,854.2006280052551
nrc_groeneveld_24579pt__455,2239.0,2362.546705254576,2357.948836705179,2063.4251726817515,2129.0692427533877,2205.9434021930447,2063.4251726817515
nrc_groeneveld_24579pt__456,1980.0,2097.090484868159,2057.4126145634837,1898.3110122918483,1956.3133206477476,1927.9322267817017,1898.3110122918483
nrc_groeneveld_24579pt__457,1700.0,1831.9739762755246,1803.154017274982,1778.9044151988678,1798.8824063644788,1682.968175834769,1778.9044151988678
nrc_groeneveld_24579pt__458,1430.0,1453.5983590339772,1428.6329202729353,1303.6210889501187,1605.2411385109292,1396.3478995559726,1303.6210889501187
nrc_groeneveld_24579pt__459,1169.0,1418.7584015407745,1413.3320179225298,1306.533072460369,1584.1918194002837,1368.1984650258667,1306.533072460369
nrc_groeneveld_24579pt__460,860.0,926.5199248243092,937.4444360560974,953.8146741947443,1305.7524202779903,990.940111783618,953.8146741947443
nrc_groeneveld_24579pt__461,2720.0,2651.89215143319,2694.7807881941703,2596.4904124198224,2213.1376752003075,2465.669483958121,2596.4904124198224
nrc_groeneveld_24579pt__462,2350.0,2390.9570891428475,2438.267618862358,2394.2857462376837,2059.886534440213,2219.6226363612795,2394.2857462376837
nrc_groeneveld_24579pt__463,2130.0,2115.2761835545357,2121.693169097704,2208.968071818302,1899.153605412281,1957.4930645015838,2208.968071818302
nrc_groeneveld_24579pt__464,686.0,550.3980738237559,576.1099795157614,529.5375752085583,699.0515747346618,625.0661389078111,529.5375752085583
nrc_groeneveld_24579pt__465,752.0,605.7976071096506,732.2405628881331,635.6270712416132,733.3959492373253,674.2214125335299,635.6270712416132
nrc_groeneveld_24579pt__466,614.0,524.6281396626874,570.4961855589373,547.8057293495278,682.3584161244142,602.3240445013902,547.8057293495278
nrc_groeneveld_24579pt__467,534.0,470.4918101693188,525.0604046013568,496.7916869174408,643.1983132948964,552.427195839755,496.7916869174408
nrc_groeneveld_24579pt__468,434.0,438.10706985765046,536.9260969779607,433.61629850570046,596.615037026729,498.5831723409841,433.61629850570046
nrc_groeneveld_24579pt__469,337.0,294.2009254141332,409.61467957711704,341.7630976266251,306.27663432068647,305.9063055114658,341.7630976266251
nrc_groeneveld_24579pt__470,383.0,350.08798126798075,495.69935100983747,356.3454908181469,425.9581316821228,401.9150208224617,356.3454908181469
nrc_groeneveld_24579pt__471,337.0,352.2342976510669,510.9230569248783,348.7578444665198,438.1382796266149,410.05523790098135,348.7578444665198
nrc_groeneveld_24579pt__472,500.0,409.5052077076804,426.1952177250846,362.1195252848504,511.31278229452477,488.2898097441716,362.1195252848504
nrc_groeneveld_24579pt__473,488.0,520.7473272576431,592.1551149517644,478.9042258332018,607.2084232593786,590.8028871184014,478.9042258332018
nrc_groeneveld_24579pt__474,1081.0,851.2032314320251,962.6228134735351,931.9945177840407,774.3602659822619,921.9968114144515,931.9945177840407
nrc_groeneveld_24579pt__475,755.0,732.6192922092972,867.5769328975439,802.5759523344518,727.0952804169799,804.8613982847694,802.5759523344518
nrc_groeneveld_24579pt__476,744.0,785.5430060643668,968.8404110099726,941.146799744611,770.4859669199985,856.630054891789,941.146799744611
nrc_groeneveld_24579pt__477,1058.0,1028.0982581951023,987.0022986997473,1022.9924105064154,852.3121303057271,1063.151679622619,1022.9924105064154
nrc_groeneveld_24579pt__478,744.0,936.9745339196671,821.2806256508638,951.0689722125862,829.7343454208916,954.7970285709433,951.0689722125862
nrc_groeneveld_24579pt__479,1069.0,1061.0877357174222,930.8180144686914,975.0313500426084,867.9417269243208,1049.1877519934374,975.0313500426084
nrc_groeneveld_24579pt__480,709.0,913.5215070724731,831.6529259659195,970.3397993515529,822.1778019354423,933.8515161249403,970.3397993515529
nrc_groeneveld_24579pt__481,744.0,787.2760621782263,868.2668335541321,982.2796073685255,774.1940387670611,814.4855514171272,982.2796073685255
nrc_groeneveld_24579pt__482,744.0,805.9542618516894,957.6575014875523,957.977313191648,782.2281189134413,830.6329872943004,957.977313191648
nrc_groeneveld_24579pt__483,1058.0,1133.5809803659067,1016.5738387681196,1068.0703987282993,900.963941377082,1087.4691979125685,1068.0703987282993
nrc_groeneveld_24579pt__484,1465.0,1460.113783683223,1029.6935467140183,1067.7860320748114,1001.2368016770113,1331.655792688603,1067.7860320748114
nrc_groeneveld_24579pt__485,1884.0,1813.1816074476062,1043.6291856112512,1056.7002769005978,1109.2779102560887,1618.5331604909084,1056.7002769005978
nrc_groeneveld_24579pt__486,1465.0,1495.1687035595232,1054.5655553256156,1172.4428449347809,1028.7534734300464,1375.4026289011188,1172.4428449347809
nrc_groeneveld_24579pt__487,767.0,817.4677751752823,922.4186164460893,1044.8729207368976,772.6705733736463,820.833479517584,1044.8729207368976
nrc_groeneveld_24579pt__488,1895.0,1994.4022775937985,983.1679095498291,1137.3455244898844,1231.8593251315033,1840.320964848862,1137.3455244898844
nrc_groeneveld_24579pt__489,1058.0,1063.043059087277,973.1680856229881,1132.436791182149,896.455309695935,1067.7931576461192,1132.436791182149
nrc_groeneveld_24579pt__490,755.0,800.2643949506582,872.9391400251045,985.1695130359594,759.8563273923705,801.8050540437597,985.1695130359594
nrc_groeneveld_24579pt__491,744.0,769.1582814730758,854.5910964637662,934.1333658954624,741.7053110325123,769.9536803368653,934.1333658954624
nrc_groeneveld_24579pt__492,1860.0,1915.8176737576916,1234.4099804891148,1356.029294142104,1305.448806502583,1940.3278973816293,1356.029294142104
nrc_groeneveld_24579pt__493,1058.0,1089.139126594102,1072.304144423447,1255.3911310697974,891.3861262754884,1077.1256057359496,1255.3911310697974
nrc_groeneveld_24579pt__494,1488.0,1479.0222653967019,1242.5928047340062,1403.6193410903743,1076.8537950765078,1451.8119889314742,1403.6193410903743
nrc_groeneveld_24579pt__495,885.0,985.9568888573195,813.7686505184411,895.954915039718,819.146347095559,948.1406459075579,895.954915039718
nrc_groeneveld_24579pt__496,783.0,878.2910138221681,791.3686968590679,871.4338429081971,783.1115248804718,867.8545124312976,871.4338429081971
nrc_groeneveld_24579pt__497,689.0,723.8286128095958,707.6678161339444,728.0956659522637,725.8334570383773,749.3318584786772,728.0956659522637
nrc_groeneveld_24579pt__498,598.0,587.7066105684709,636.0148352158177,565.8332261491869,667.184931535993,638.4925987990215,565.8332261491869
nrc_groeneveld_24579pt__499,1197.0,1049.3843270157593,899.4540077130321,1073.5810293162817,866.8556811497755,1031.9787053968396,1073.5810293162817
nrc_groeneveld_24579pt__500,1031.0,979.4546274169314,850.25872005397,1058.478082965079,833.3676312655234,963.8607522996119,1058.478082965079
nrc_groeneveld_24579pt__501,1031.0,979.4546274169314,850.25872005397,1058.478082965079,833.3676312655234,963.8607522996119,1058.478082965079
nrc_groeneveld_24579pt__502,721.0,263.0097025224437,446.3197963211033,353.28038968978336,364.16842245922123,227.0411188553019,353.28038968978336
nrc_groeneveld_24579pt__503,709.0,258.5629495463216,463.88086918482276,362.14464467764805,349.8823527546315,219.69500197577375,362.14464467764805
nrc_groeneveld_24579pt__504,709.0,398.75352272728395,444.9621555405208,379.6408359824076,641.0089390795098,420.752421844163,379.6408359824076
nrc_groeneveld_24579pt__505,721.0,472.9927163717619,600.76732537052,566.6255321860466,731.8162840431778,500.1235645312907,566.6255321860466
nrc_groeneveld_24579pt__506,721.0,623.7526750951208,930.1300712011318,907.1109787732025,874.8236040985969,666.0231665578925,907.1109787732025
nrc_groeneveld_24579pt__507,721.0,685.3215103360466,743.0119517467432,898.3926734836625,930.0329157240235,751.8295454889322,898.3926734836625
nrc_groeneveld_24579pt__508,697.0,668.3012408104157,767.313961483415,900.4173713792491,904.5952842549623,737.8833252161198,900.4173713792491
nrc_groeneveld_24579pt__509,721.0,552.7241998690953,618.6531634901421,623.1085887023205,788.1682066152821,606.0756356609904,623.1085887023205
nrc_groeneveld_24579pt__510,721.0,628.260361745426,714.5603651464394,828.9657237099959,852.1306455891247,698.3713934308155,828.9657237099959
nrc_groeneveld_24579pt__511,732.0,619.1813470617041,790.2019467974347,673.6800200463148,771.1373907838249,644.4254258837498,673.6800200463148
nrc_groeneveld_24579pt__512,721.0,673.3998271473939,777.3899596705522,750.1577284910251,745.9043235972343,703.9222280253741,750.1577284910251
nrc_groeneveld_24579pt__513,1395.0,1041.871400694359,1000.7498629099454,1092.0857714476797,1124.1102614692984,1218.8471928388553,1092.0857714476797
nrc_groeneveld_24579pt__514,1372.0,1098.0327855720643,1055.5805651091925,1103.3875375596751,1147.382463020087,1396.002185662763,1103.3875375596751
nrc_groeneveld_24579pt__515,1360.0,1110.0699145639587,1154.6299778648345,1320.7131069286072,1095.69265090776,1488.7535540819629,1320.7131069286072
nrc_groeneveld_24579pt__516,2210.0,1059.2711546941584,1955.410591847333,2241.552748459091,7392.037875174632,3424.378913209516,2241.552748459091
nrc_groeneveld_24579pt__517,2080.0,925.9140693825411,1708.4125992401448,1844.776417170122,6651.854070440447,3331.7718257276,1844.776417170122
nrc_groeneveld_24579pt__518,1780.0,729.1988279531834,1453.1372187533764,1479.6885577901521,5530.881522057466,3150.554477589548,1479.6885577901521
nrc_groeneveld_24579pt__519,1489.0,524.416838759635,1146.9917952345434,1095.45635106378,4313.292124350974,2880.76992091971,1095.45635106378
nrc_groeneveld_24579pt__520,2339.0,1036.2028359704632,1751.8548864087331,1841.9511737109915,5358.933085885856,6964.597565917277,1841.9511737109915
nrc_groeneveld_24579pt__521,1789.0,706.4059590483668,1386.5734723309972,1282.107230631012,3818.9208290386846,6146.7148174028125,1282.107230631012
nrc_groeneveld_24579pt__522,1232.0,278.2722357796344,808.343481452306,774.9646619988478,3494.61362612488,512.6098923201604,774.9646619988478
nrc_groeneveld_24579pt__523,686.0,196.89245038282525,583.033699287545,531.0284818058979,2709.1279924605883,458.24245000213654,531.0284818058979
nrc_groeneveld_24579pt__524,686.0,191.3617203359617,552.8163717562496,520.7565731194167,2600.204782642635,458.0814652227999,520.7565731194167
nrc_groeneveld_24579pt__525,697.0,205.10257356761846,583.0128846935428,560.9634518512578,2466.5044172498774,550.3922312005155,560.9634518512578
nrc_groeneveld_24579pt__526,674.0,202.5640412814202,664.4836580573804,551.7877125786503,2203.824702722356,605.014398062073,551.7877125786503
nrc_groeneveld_24579pt__527,1744.0,398.0370721902835,889.9272251208091,929.8400400214387,3215.7017648989595,1184.2618211927017,929.8400400214387
nrc_groeneveld_24579pt__528,1174.0,271.25043249670017,630.9793463500162,583.2516308379015,2350.3689375925346,973.8781961289546,583.2516308379015
nrc_groeneveld_24579pt__529,1756.0,437.41662593221497,904.3210300026628,964.632091590874,2888.7262648919423,1633.8662758533198,964.632091590874
nrc_groeneveld_24579pt__530,1174.0,356.40957795949913,703.3756109145179,703.9607879558092,2277.890500666349,1594.5325724705158,703.9607879558092
nrc_groeneveld_24579pt__531,1767.0,467.491626589386,875.8693521624014,926.2319662847831,2402.3642937376135,2545.538256791758,926.2319662847831
nrc_groeneveld_24579pt__532,1767.0,619.9848537619729,984.7136341262442,1107.7371223846799,2701.8858709215456,4025.6096419244855,1107.7371223846799
nrc_groeneveld_24579pt__533,1791.0,628.9855592621573,1012.8226952566858,1076.2985961654185,2494.627074422299,5007.469559256127,1076.2985961654185
nrc_groeneveld_24579pt__534,686.0,167.38215659650163,522.9250755065407,570.8564404231553,1990.7255154247707,250.9351174959146,570.8564404231553
nrc_groeneveld_24579pt__535,697.0,185.07815603366092,587.2895174832234,613.6804361527047,2009.7977501044493,311.73685319104663,613.6804361527047
nrc_groeneveld_24579pt__536,697.0,207.67307849792888,492.9534076455626,479.48527544259514,1795.6231453429305,444.43461658379374,479.48527544259514
nrc_groeneveld_24579pt__537,1174.0,300.3105628923514,722.7478075844853,861.83518510394,2348.8850834479344,612.6442275742286,861.83518510394
nrc_groeneveld_24579pt__538,709.0,231.6530316638299,554.7517709507199,519.3887340406412,1753.3321686991333,538.4904656332048,519.3887340406412
nrc_groeneveld_24579pt__539,709.0,254.46543830616142,532.8474092911174,552.648412299442,1722.1815936353096,634.9181587422246,552.648412299442
nrc_groeneveld_24579pt__540,1163.0,331.27084832691486,731.1974120194966,862.868357316653,2184.387501341952,785.7930124233383,862.868357316653
nrc_groeneveld_24579pt__541,1163.0,349.09040804808564,803.8653543548373,907.1165758186013,2078.151413656441,911.4212358875385,907.1165758186013
nrc_groeneveld_24579pt__542,1163.0,375.19483374647035,793.3111578989282,911.7057046348568,1962.8137161926472,1088.8015162682825,911.7057046348568
nrc_groeneveld_24579pt__543,1163.0,389.19338915941495,868.6183886673512,943.9697243445562,2008.0465544987892,1133.030015544528,943.9697243445562
nrc_groeneveld_24579pt__544,1174.0,415.47674723477843,827.7107723427192,912.1194475363146,1921.3126012608627,1342.7650374625453,912.1194475363146
nrc_groeneveld_24579pt__545,2035.0,670.6223238934117,1095.3636118206693,1145.438615326769,3092.208508100726,1882.5486715322272,1145.438615326769
nrc_groeneveld_24579pt__546,686.0,300.8731394441173,470.9945967974733,541.4702513293929,1423.571403756536,1100.322398322339,541.4702513293929
nrc_groeneveld_24579pt__547,2046.0,742.8471186959049,1110.3179052545777,1150.6764059280824,3358.3787157477864,2029.9391480477268,1150.6764059280824
nrc_groeneveld_24579pt__548,1174.0,437.5662035705009,856.2901017490472,900.7419384819937,1847.5314693760085,1631.6789013314853,900.7419384819937
nrc_groeneveld_24579pt__549,2046.0,750.3802497820096,1169.067474935824,1247.2401939201507,3079.5502967385164,2424.6059715937536,1247.2401939201507
nrc_groeneveld_24579pt__550,2035.0,810.0886954451088,1226.7130522471502,1327.3223497026509,3081.12022312026,2922.1153714252673,1327.3223497026509
nrc_groeneveld_24579pt__551,1174.0,457.8825163145525,851.8149435587973,922.7892152336156,1760.5992391447362,2051.700257288015,922.7892152336156
nrc_groeneveld_24579pt__552,2046.0,833.4143914735859,1300.7172706940717,1347.8209211683327,2992.8146818988594,3505.3818397317577,1347.8209211683327
nrc_groeneveld_24579pt__553,1163.0,463.76141232315393,678.3173715536469,778.4101939218351,1650.3929903255712,2534.254705247468,778.4101939218351
nrc_groeneveld_24579pt__554,1174.0,482.0902251917899,706.838883836453,798.2295615862455,1639.4593874391087,2955.8590459924867,798.2295615862455
nrc_groeneveld_24579pt__555,2070.0,880.8199881294039,1377.6689610755132,1396.071716100126,2998.8694503507704,4354.85813263495,1396.071716100126
nrc_groeneveld_24579pt__556,2046.0,1017.9236489555838,1490.8329118164017,1529.533660015406,3288.1756481585408,5932.4633337717005,1529.533660015406
nrc_groeneveld_24579pt__557,2070.0,1038.9531463242022,1504.780544525444,1508.427660904338,3202.4105357144663,7763.215362933617,1508.427660904338
nrc_groeneveld_24579pt__558,2046.0,1059.3758778466204,1556.6723256248818,1580.123653658322,3219.5133466974057,8769.450377092671,1580.123653658322
nrc_groeneveld_24579pt__559,2058.0,1183.1804481449524,1640.8833678065555,1659.706484573774,3605.241278314888,10560.024838070454,1659.706484573774
nrc_groeneveld_24579pt__560,2046.0,1073.5222969117879,1581.9794878019384,1639.1745358079045,3214.475017415371,10088.720318798598,1639.1745358079045
nrc_groeneveld_24579pt__561,2058.0,1230.779853150613,1708.6705328410117,1732.5381333324985,3764.3609913339014,12422.533224409344,1732.5381333324985
nrc_groeneveld_24579pt__562,2011.0,1138.5723123780404,1701.4084464604668,1792.865175751183,3444.1585295764057,13319.624559802374,1792.865175751183
nrc_groeneveld_24579pt__563,2035.0,1187.5829428872898,1762.7468768353497,1788.553914180131,3640.976997418848,14926.894275926936,1788.553914180131
nrc_groeneveld_24579pt__564,2046.0,1362.2603380503724,1867.55395881263,1824.9175429827433,4321.919926858368,17035.032266777183,1824.9175429827433
nrc_groeneveld_24579pt__565,830.0,286.3792740559113,975.2510646391804,795.1990943942839,4799.80906898402,207.56732578289726,795.1990943942839
nrc_groeneveld_24579pt__566,950.0,324.8947432437705,991.0976995711638,878.1224293622815,5496.388526130975,218.37083999671614,878.1224293622815
nrc_groeneveld_24579pt__567,1189.0,393.40760623875224,1011.9400843326856,1039.5491158427417,6858.399317180111,234.42795198841182,1039.5491158427417
nrc_groeneveld_24579pt__568,1060.0,369.31144575568135,997.5947713708402,1011.6497465184416,6403.619561044389,229.49208863043563,1011.6497465184416
nrc_groeneveld_24579pt__569,1420.0,474.06888838946844,1090.701489783521,1150.5222484709925,8434.132527291855,251.65311632267333,1150.5222484709925
nrc_groeneveld_24579pt__570,1320.0,427.4029089482348,1066.0512276229133,1116.8932094291426,7518.297056793805,243.68654633394215,1116.8932094291426
nrc_groeneveld_24579pt__571,1470.0,548.3211104934251,1014.276325106051,1115.315266040828,9846.062430758791,266.92062490924866,1115.315266040828
nrc_groeneveld_24579pt__572,1800.0,452.92184721108543,1562.6621513772109,1512.2434382245804,7636.550852619632,405.7040166692943,1512.2434382245804
nrc_groeneveld_24579pt__573,1430.0,388.01237372803314,1401.8200858766481,1422.190001987408,6565.3684649056995,383.57826226982064,1422.190001987408
nrc_groeneveld_24579pt__574,1639.0,440.1539647445789,1262.7082688231942,1430.562110114264,7440.068112357468,405.42681384501543,1430.562110114264
nrc_groeneveld_24579pt__575,1230.0,363.0796920804344,1314.7372544083867,1335.6822138152363,6168.776743446984,368.5037673845988,1335.6822138152363
nrc_groeneveld_24579pt__576,1089.0,324.3060050805813,1077.5449486706113,1053.542194861308,5530.662609562048,353.81423811048376,1053.542194861308
nrc_groeneveld_24579pt__577,919.0,297.47370972367344,932.0610360686052,873.3818637403698,5174.519181429992,345.25676576106196,873.3818637403698
nrc_groeneveld_24579pt__578,769.0,257.90281043053824,685.8206672896998,689.1320575108314,4570.762865563325,330.2641048122491,689.1320575108314
nrc_groeneveld_24579pt__579,669.0,241.3155226110975,627.2995105359959,643.409861825803,4245.0906747841855,322.0105309937429,643.409861825803
nrc_groeneveld_24579pt__580,1850.0,528.4053098671852,1705.750969481775,1553.9915048710964,6851.629037156601,616.9122050635187,1553.9915048710964
nrc_groeneveld_24579pt__581,1570.0,432.62099866866197,1418.1780384543952,1413.2432792229015,5865.529391793752,595.7363894482331,1413.2432792229015
nrc_groeneveld_24579pt__582,1410.0,383.3175437258745,1127.8359234658083,1037.99845428706,5265.368846479822,571.8196529850846,1037.99845428706
nrc_groeneveld_24579pt__583,1180.0,338.2260894773845,808.6547765248023,844.2039489485551,4728.239221140239,546.2381618282318,844.2039489485551
nrc_groeneveld_24579pt__584,2050.0,622.8403710381624,1874.6578407663428,1786.9550470799368,6114.683277562467,921.8025848644577,1786.9550470799368
nrc_groeneveld_24579pt__585,1850.0,529.2574284618248,1471.7893831224872,1549.269649244163,5261.590423013071,861.446536194731,1549.269649244163
nrc_groeneveld_24579pt__586,1600.0,470.70298978517957,1107.6398325062573,1146.5564723868326,4759.926976669206,828.0150063719792,1146.5564723868326
nrc_groeneveld_24579pt__587,1210.0,364.98129265260445,808.9219805349749,820.0901734426236,3872.7890704537112,753.5970757960292,820.0901734426236
nrc_groeneveld_24579pt__588,1069.0,319.8952172370295,728.9208749182537,681.7458158758938,3498.1494789295757,718.7242691231926,681.7458158758938
nrc_groeneveld_24579pt__589,2300.0,879.6988581361941,2200.6849495813444,2093.317084286449,6227.0265071798785,1480.5048931400006,2093.317084286449
nrc_groeneveld_24579pt__590,1810.0,641.2495606273998,1324.3901537007514,1361.0145867172341,4664.605924321689,1315.5235425550516,1361.0145867172341
nrc_groeneveld_24579pt__591,2100.0,745.8123049078177,1691.4754559857383,1678.47766691711,5275.992271770363,1401.0705615833208,1678.47766691711
nrc_groeneveld_24579pt__592,1389.0,464.2529962212687,897.1512124977022,899.4413333198919,3618.7675446906283,1181.2700283943732,899.4413333198919
nrc_groeneveld_24579pt__593,2800.0,1238.4792696157435,2412.5420693978,2258.3935407489735,5881.1695092557065,2968.5967876876193,2258.3935407489735
nrc_groeneveld_24579pt__594,2580.0,985.5097799545345,2026.4654571567746,2018.4797797066835,4867.505111084205,2782.7320003784653,2018.4797797066835
nrc_groeneveld_24579pt__595,2220.0,861.3020635988435,1592.3789537859477,1643.3711280329185,4339.373945287312,2715.3187624411876,1643.3711280329185
nrc_groeneveld_24579pt__596,1739.0,572.3447899109893,1163.4259729077914,1083.4630143657578,3180.8876873352424,2314.315630761742,1083.4630143657578
nrc_groeneveld_24579pt__597,1850.0,537.8342564098199,1913.5585879555956,1721.1965872033545,9194.629747285848,606.3206460590371,1721.1965872033545
nrc_groeneveld_24579pt__598,2200.0,729.6381016304709,2653.873960295416,2316.8097265747674,11473.668131062173,639.6568511137891,2316.8097265747674
nrc_groeneveld_24579pt__599,2510.0,877.0891408988165,2777.788736350886,2538.941220172689,13110.105690301592,663.143972752531,2538.941220172689
nrc_groeneveld_24579pt__600,2860.0,941.7503869236701,2985.700133699482,2698.668753093149,11405.598727076615,945.0000169058386,2698.668753093149
nrc_groeneveld_24579pt__601,2480.0,797.9941359630561,2519.7972576685124,2323.9970697709277,9872.255008024726,925.0751354627156,2323.9970697709277
nrc_groeneveld_24579pt__602,3400.0,1274.9567335292033,2944.8485758587835,3065.719850144487,11345.199518912908,1473.6416940491295,3065.719850144487
nrc_groeneveld_24579pt__603,2380.0,851.7688154810901,1943.5154548151613,2089.909141385719,7585.484003464908,1337.905790112426,2089.909141385719
nrc_groeneveld_24579pt__604,686.0,95.06518523712381,346.57384369606507,270.220930247387,1105.5846116922353,78.77716915782459,270.220930247387
nrc_groeneveld_24579pt__605,697.0,101.10794315897706,379.3085675534908,261.2013965813803,1299.8752702457655,87.19316418055253,261.2013965813803
nrc_groeneveld_24579pt__606,744.0,101.42826955989494,383.2565867902492,254.00358934496325,1255.5768045554332,87.33562928810642,254.00358934496325
nrc_groeneveld_24579pt__607,709.0,122.45039725893822,396.1835249212868,412.70134346093715,1711.8460412318743,114.46343650838438,412.70134346093715
nrc_groeneveld_24579pt__608,744.0,135.71832301911897,451.13117352934233,475.84090060581264,1870.4930576876384,125.72264687174444,475.84090060581264
nrc_groeneveld_24579pt__609,744.0,156.50191296220154,579.3914263712354,618.5242503241109,2083.6234547432596,144.76075069587466,618.5242503241109
nrc_groeneveld_24579pt__610,744.0,149.62214933071863,543.1050866396432,550.405651708412,2009.4483479573887,141.10461206531753,550.405651708412
nrc_groeneveld_24579pt__611,744.0,174.333972506156,598.2286796402102,623.7046105366913,2273.7865577079283,155.75977458713248,623.7046105366913
nrc_groeneveld_24579pt__612,697.0,195.52615012890945,693.3193517358529,736.6532865437379,2444.084744839224,176.63060269683345,736.6532865437379
nrc_groeneveld_24579pt__613,744.0,203.58682274058526,725.9242889231544,741.0138770015111,2496.4659098369343,187.61596020646928,741.0138770015111
nrc_groeneveld_24579pt__614,709.0,212.43018063328978,802.2486877341432,812.3651191348143,2516.5169126707688,218.3408679917034,812.3651191348143
nrc_groeneveld_24579pt__615,697.0,206.213164950318,802.2486877341432,807.9811559698338,2464.484590804626,214.9478704606697,807.9811559698338
nrc_groeneveld_24579pt__616,744.0,211.40206767564848,812.9673931476568,809.0294747815688,2492.969825060231,222.5959685972762,809.0294747815688
nrc_groeneveld_24579pt__617,686.0,210.05641545359506,835.9540680728032,824.3232851016389,2415.8318599187082,241.29889854600697,824.3232851016389
nrc_groeneveld_24579pt__618,1081.0,278.1670047495019,798.0509022020926,802.7819406683113,2734.2607096806837,323.6389969921899,802.7819406683113
nrc_groeneveld_24579pt__619,1407.0,376.6317405684251,807.8664059146299,803.2849604635703,3226.365179607907,373.67877568287304,803.2849604635703
nrc_groeneveld_24579pt__620,1116.0,264.3100619201293,817.2996164120846,832.7404739931964,2624.789501875058,324.1318339427279,832.7404739931964
nrc_groeneveld_24579pt__621,732.0,207.80020455878554,556.6729440956356,481.3612925610834,1722.3889299845523,336.79205768714945,481.3612925610834
nrc_groeneveld_24579pt__622,1872.0,451.3171349386697,795.5584752506717,818.8195877324669,3142.188726244911,569.5913774659375,818.8195877324669
nrc_groeneveld_24579pt__623,1430.0,359.87879063666594,818.6340880256517,858.2759967452902,2595.024749692907,508.325578106975,858.2759967452902
nrc_groeneveld_24579pt__624,1860.0,450.4353485142555,813.4960214991568,830.2592407116801,3116.679557344195,581.9085176365462,830.2592407116801
nrc_groeneveld_24579pt__625,686.0,209.29994578060015,541.9787516688717,458.43796603081563,1518.0309315444485,379.08673481556133,458.43796603081563
nrc_groeneveld_24579pt__626,1872.0,523.3770210726206,751.7537432311855,899.141614559813,2920.735640230256,850.499481763995,899.141614559813
nrc_groeneveld_24579pt__627,1465.0,424.4905185678927,881.3469735186525,965.7121739417495,2292.186186334891,818.5737881826175,965.7121739417495
nrc_groeneveld_24579pt__628,1081.0,380.12529886405207,800.2591575480005,872.6994027525107,1674.3161990802753,951.4415779940903,872.6994027525107
nrc_groeneveld_24579pt__629,1814.0,627.1389110936192,1004.3773761650652,1065.6262036461096,2746.7985350752197,1365.3180681526217,1065.6262036461096
nrc_groeneveld_24579pt__630,1465.0,474.7967194140312,922.8594037048633,1060.3543162156075,2051.2328651076073,1155.1348878165832,1060.3543162156075
nrc_groeneveld_24579pt__631,1360.0,461.6333844187781,899.0606654334382,1050.8505918389062,1936.9044617149987,1166.6067090689464,1050.8505918389062
nrc_groeneveld_24579pt__632,1058.0,387.52891364871084,752.2991948156294,810.7768417454131,1581.5984891173619,1062.9744307224464,810.7768417454131
nrc_groeneveld_24579pt__633,709.0,22.42547076537535,326.0115945970117,332.8779700891237,30000.0,322.0021104938666,332.8779700891237
nrc_groeneveld_24579pt__634,686.0,23.670718953914665,378.35875417418225,416.08771570280317,30000.0,328.7350580814389,416.08771570280317
nrc_groeneveld_24579pt__635,686.0,28.44534556612938,541.4992098671962,578.4362428151791,30000.0,426.30210329898034,578.4362428151791
nrc_groeneveld_24579pt__636,686.0,28.60084453822802,548.959625163373,581.1392658908427,30000.0,426.32386933581745,581.1392658908427
nrc_groeneveld_24579pt__637,755.0,29.677392221394527,574.8273643289521,579.9365051458312,30000.0,458.4824766039615,579.9365051458312
nrc_groeneveld_24579pt__638,697.0,31.419510407489682,625.1949791388611,608.7518711504443,30000.0,506.7884343699943,608.7518711504443
nrc_groeneveld_24579pt__639,697.0,32.75369231744732,445.5494588018152,407.0466869019566,30000.0,636.1946771975493,407.0466869019566
nrc_groeneveld_24579pt__640,697.0,33.53828002790251,406.89319027716823,355.09787065839083,30000.0,739.0555537032562,355.09787065839083
nrc_groeneveld_24579pt__641,697.0,35.447247373000984,385.51588023657706,318.22979755795524,30000.0,829.0938941695966,318.22979755795524
nrc_groeneveld_24579pt__642,1395.0,52.69645535330807,649.2251438197089,652.9038990501571,30000.0,855.5945067978852,652.9038990501571
nrc_groeneveld_24579pt__643,686.0,34.866967728366596,373.06483621850657,328.2384410556068,30000.0,851.4007633410268,328.2384410556068
nrc_groeneveld_24579pt__644,697.0,38.106843833827064,376.0492707874303,367.50139296620097,30000.0,860.0067256694784,367.50139296620097
nrc_groeneveld_24579pt__645,1477.0,61.84484629898519,616.7261247376131,669.1176170364098,30000.0,966.7633286259245,669.1176170364098
nrc_groeneveld_24579pt__646,1104.0,48.487007963909726,625.8041933562032,657.505543457394,30000.0,962.8271242290353,657.505543457394
nrc_groeneveld_24579pt__647,709.0,38.97459853787474,445.7720864749998,328.3380880150855,30000.0,991.310028313615,328.3380880150855
nrc_groeneveld_24579pt__648,721.0,42.738803544992855,390.53422770848584,373.35117120898883,30000.0,1050.870571684021,373.35117120898883
nrc_groeneveld_24579pt__649,1069.0,50.944886019255534,592.9862102503971,663.838793215688,30000.0,1099.0950718347124,663.838793215688
nrc_groeneveld_24579pt__650,1395.0,74.41322297461463,580.3012248431892,701.6377522194362,30000.0,1203.1355586850434,701.6377522194362
nrc_groeneveld_24579pt__651,1069.0,52.478754069038054,528.4565291768254,649.8110653549749,30000.0,1219.2741410276324,649.8110653549749
nrc_groeneveld_24579pt__652,1477.0,73.66527391919318,604.4362172033642,708.2038917338338,30000.0,1226.519134018285,708.2038917338338
nrc_groeneveld_24579pt__653,1035.0,55.84562587016415,615.4241391873632,685.088511353825,30000.0,1309.1246502886165,685.088511353825
nrc_groeneveld_24579pt__654,1395.0,82.35414977578154,719.6768435975704,738.6090035846964,30000.0,1340.435746431937,738.6090035846964
nrc_groeneveld_24579pt__655,1046.0,60.990460065846996,612.2811941575418,662.8992325303653,30000.0,1461.0436768171128,662.8992325303653
nrc_groeneveld_24579pt__656,1395.0,84.55026140719119,779.5030543687614,812.5440182643664,30000.0,1478.665762191936,812.5440182643664
nrc_groeneveld_24579pt__657,1721.0,105.59899428502843,785.6694548206259,805.7331035273991,30000.0,1494.5369344324038,805.7331035273991
nrc_groeneveld_24579pt__658,1418.0,95.33637768708475,787.2309202706982,866.8170466161853,30000.0,1591.0829652099608,866.8170466161853
nrc_groeneveld_24579pt__659,393.0,18.28694795342663,388.12658891710157,328.4756710665762,30000.0,208.65474657393278,328.4756710665762
nrc_groeneveld_24579pt__660,351.0,18.18331747902068,388.12658891710157,330.1600387518655,30000.0,208.66856462505518,330.1600387518655
nrc_groeneveld_24579pt__661,317.0,17.03295062513573,386.3969733423972,274.63948001581764,30000.0,208.86248428095217,274.63948001581764
nrc_groeneveld_24579pt__662,269.0,16.768823453876045,386.12732381539894,269.87652696832566,30000.0,208.9183434227154,269.87652696832566
nrc_groeneveld_24579pt__663,230.0,15.409581698132289,386.42457268042443,259.9098357695453,30000.0,209.25869430901886,259.9098357695453
nrc_groeneveld_24579pt__664,679.0,35.06759950700853,674.613430109034,655.4941271833153,30000.0,419.9588067843132,655.4941271833153
nrc_groeneveld_24579pt__665,617.0,33.92972020797675,663.3799833994584,591.3019838464428,30000.0,419.7497477286043,591.3019838464428
nrc_groeneveld_24579pt__666,557.0,32.81315252618318,660.588040970903,582.5063940994929,30000.0,419.6999797832091,582.5063940994929
nrc_groeneveld_24579pt__667,483.0,30.09543228397205,567.9871960726617,516.4418826727886,30000.0,422.3657320151701,516.4418826727886
nrc_groeneveld_24579pt__668,408.0,27.614780356620546,493.439223411312,447.38030327250925,30000.0,422.58721349272014,447.38030327250925
nrc_groeneveld_24579pt__669,972.0,46.27544759419798,758.9758223662715,776.836054500163,30000.0,644.510284322387,776.836054500163
nrc_groeneveld_24579pt__670,887.0,43.7088236464454,667.6614344701239,703.1749593357713,30000.0,643.8535338555515,703.1749593357713
nrc_groeneveld_24579pt__671,782.0,42.00938388498058,705.9193024343357,637.6713773834271,30000.0,640.4042066110161,637.6713773834271
nrc_groeneveld_24579pt__672,694.0,38.552699686772606,578.3638274210592,575.7824059920852,30000.0,640.1493449329391,575.7824059920852
nrc_groeneveld_24579pt__673,1245.0,54.80389600958262,991.4313577299062,868.7606533263933,30000.0,868.3351945257394,868.7606533263933
nrc_groeneveld_24579pt__674,1135.0,51.23689034923009,950.1616475802451,803.2714611978578,30000.0,867.2224312745096,803.2714611978578
nrc_groeneveld_24579pt__675,995.0,48.42681364302772,839.0240066437448,733.8156140397152,30000.0,866.6415101164429,733.8156140397152
nrc_groeneveld_24579pt__676,861.0,44.08227478188437,608.5197900681238,587.594231641724,30000.0,865.9737331734541,587.594231641724
nrc_groeneveld_24579pt__3961,1260.0,410.20893909521175,1005.6196981762591,875.1588651556524,675.1777109357571,427.910696024034,875.1588651556524
nrc_groeneveld_24579pt__3962,1264.0,572.6274146008169,1115.417562402296,993.707051016968,935.7702638797917,469.3476159558983,993.707051016968
nrc_groeneveld_24579pt__3963,1423.0,536.8578502496111,1228.098315035798,1112.6111161659505,877.89370586261,470.72426411149604,1112.6111161659505
nrc_groeneveld_24579pt__3964,1439.0,728.6266328794504,1282.4706679626402,1099.1539285353842,1169.6991161162296,538.7197959907235,1099.1539285353842
nrc_groeneveld_24579pt__3965,1504.0,628.2979072203967,1298.5531607331043,1064.1924917854938,1045.6022468719625,510.1764845080467,1064.1924917854938
nrc_groeneveld_24579pt__3966,1588.0,926.4314124972556,1386.5857330965985,1268.141896840719,1433.5492273878363,618.6502099585582,1268.141896840719
nrc_groeneveld_24579pt__3967,1632.0,889.431210762334,1380.945613701328,1315.8505466343615,1396.2440500128123,608.9873746267339,1315.8505466343615
nrc_groeneveld_24579pt__3968,1792.0,1042.2317304479766,1559.4716184291387,1467.5128349660658,1677.8444033922744,695.9351061756088,1467.5128349660658
nrc_groeneveld_24579pt__3969,1761.0,1125.856004578503,1555.1735390445008,1396.5460458419132,1816.2598391522602,739.4229398167619,1396.5460458419132
nrc_groeneveld_24579pt__3970,1743.0,1154.6541882570684,1568.4666664562337,1415.872252193727,1876.3646120455708,758.7701950192627,1415.872252193727
nrc_groeneveld_24579pt__3971,1756.0,1165.6449508564563,1580.0880109158331,1437.884078672922,1903.0939485167537,767.4380890177563,1437.884078672922
nrc_groeneveld_24579pt__3972,1860.0,1300.553986873682,1685.2538416056382,1584.0097318011344,2203.1493016557342,865.4537248032485,1584.0097318011344
nrc_groeneveld_24579pt__3973,1902.0,1251.6867616168784,1696.406512875738,1608.0224701651696,2120.4922890126004,838.3600982924498,1608.0224701651696
nrc_groeneveld_24579pt__3974,2048.0,1274.439496128577,1774.4045108094015,1616.4181837593317,2248.7480169663204,880.4233874174364,1616.4181837593317
nrc_groeneveld_24579pt__3975,2130.0,1299.136604644194,1755.0930174268685,1547.2552310786498,2356.8971581086303,916.3057390398104,1547.2552310786498
nrc_groeneveld_24579pt__3976,2245.0,1241.0822940243465,1724.0648577026896,1512.6704551469522,2272.816894461834,887.3755051851816,1512.6704551469522
nrc_groeneveld_24579pt__3977,2302.0,1206.741525753781,1762.7222534645678,1519.3616245000173,2217.4977940874555,868.3055529486357,1519.3616245000173
nrc_groeneveld_24579pt__3978,2227.0,1338.0003725698407,1823.1769954957485,1613.8150878931792,2557.765739505,984.1340423261175,1613.8150878931792
nrc_groeneveld_24579pt__3979,2326.0,1324.4658050914288,1829.5593340097473,1680.3969099721794,2613.8513085552327,1003.2462346684791,1680.3969099721794
nrc_groeneveld_24579pt__3980,2733.0,1241.1406998841767,2136.4568473688396,1845.1089623765665,2677.949848152076,1025.4443342019172,1845.1089623765665
nrc_groeneveld_24579pt__3981,2479.0,1200.8199994504514,1788.1741503473233,1635.1718809335139,2352.216584199632,911.7838139516083,1635.1718809335139
nrc_groeneveld_24579pt__3982,2459.0,1264.5433679282498,1832.230707779096,1672.3520219092798,2530.2938438046813,973.8242513981813,1672.3520219092798
nrc_groeneveld_24579pt__3983,2600.0,1158.0280717768012,1753.0814233741714,1667.3732226842822,2311.0645981801495,896.3132792463348,1667.3732226842822
nrc_groeneveld_24579pt__3984,2520.0,1312.9355262212903,2075.1975690050776,1854.7760911945177,2803.4575460495385,1069.6181677435723,1854.7760911945177
nrc_groeneveld_24579pt__3985,2679.0,1346.772576496335,2008.9461430400015,2075.845723330642,3158.8350533953444,1196.6721327006164,2075.845723330642
nrc_groeneveld_24579pt__3986,2679.0,1381.0714971764735,1990.4578158926108,2098.666106246156,3231.7730626657876,1221.9992713265174,2098.666106246156
nrc_groeneveld_24579pt__3987,2699.0,1215.6248042788652,2186.925982177728,1895.708758306383,2745.589689779579,1050.1144352729948,1895.708758306383
nrc_groeneveld_24579pt__3988,2785.0,1227.5522046142776,2250.7683948154563,2072.366586321087,2904.3714465362546,1108.3867264386822,2072.366586321087
nrc_groeneveld_24579pt__3989,2902.0,1422.4555290972082,2101.721740047597,2010.3224995887122,3321.5496728348207,1267.240116738942,2010.3224995887122
nrc_groeneveld_24579pt__3990,2910.0,1575.9771359722495,2174.363911992715,2066.193350402669,3546.5095332285478,1351.8961129113409,2066.193350402669
nrc_groeneveld_24579pt__3991,2906.0,1657.0363474787355,2051.975702763422,2191.577868828049,3653.564715836585,1390.66008406057,2191.577868828049
nrc_groeneveld_24579pt__3992,3104.0,1645.1266442200495,2242.7379622841127,2296.281196640505,3621.7911897120493,1387.4157107387039,2296.281196640505
nrc_groeneveld_24579pt__3993,2987.0,1782.5891626960888,1983.5924917535847,2205.6615001554724,3860.4832270952597,1475.281351335687,2205.6615001554724
nrc_groeneveld_24579pt__3994,3050.0,1780.5753365337716,1987.9063337138848,2213.106771042073,3847.5586184892695,1471.5183000432658,2213.106771042073
nrc_groeneveld_24579pt__3995,3023.0,1940.2554321306986,2126.4556277660263,2479.182494857332,4237.891742261493,1619.2988244947926,2479.182494857332
nrc_groeneveld_24579pt__3996,3275.0,1891.5525536349428,2224.543019493843,2542.073726959784,4022.8512854782716,1555.9064161456513,2542.073726959784
nrc_groeneveld_24579pt__3997,3224.0,1937.6100452215792,2314.441874406472,2526.6259299776284,4132.612294102726,1599.9938385252435,2526.6259299776284
nrc_groeneveld_24579pt__3998,3468.0,2022.2978727600039,2545.7772522152327,2652.4402844145607,4220.631400068346,1650.656170824911,2652.4402844145607
nrc_groeneveld_24579pt__3999,3436.0,2224.0536210737223,2567.6486196776677,2823.623233706055,4560.251714226725,1796.7282396368237,2823.623233706055
nrc_groeneveld_24579pt__4000,3679.0,2461.6613633114093,2922.7473862440893,3001.29834734757,4845.001318170395,1957.807235198831,3001.29834734757
nrc_groeneveld_24579pt__4001,1686.0,1354.5335316104156,1866.1930555083052,1761.7619658753504,2817.259370965528,1073.8236701280898,1761.7619658753504
nrc_groeneveld_24579pt__4002,1948.0,1180.1918470173382,1883.852549752683,1711.110039859336,2379.4178843401014,920.0995440860898,1711.110039859336
nrc_groeneveld_24579pt__4003,1914.0,1241.6217170746208,2031.7949385330626,1729.872011815229,2564.9369140265017,985.4744496820209,1729.872011815229
nrc_groeneveld_24579pt__4004,2042.0,1228.856112339349,2171.355593073976,1875.5297315844173,2755.9298581594235,1053.6961287805452,1875.5297315844173
nrc_groeneveld_24579pt__4005,2245.0,1548.632384540896,2273.54169868835,2172.6169964667797,3497.2890702678274,1339.0132102100238,2172.6169964667797
nrc_groeneveld_24579pt__4006,2225.0,1599.451440649393,2467.208734737742,2369.4042401406323,3537.148546056827,1366.978052728128,2369.4042401406323
nrc_groeneveld_24579pt__4007,2327.0,1677.8741986895034,2504.8602105508653,2405.909573972622,3600.7358055835357,1416.1049700278706,2405.909573972622
nrc_groeneveld_24579pt__4008,2432.0,1686.815638167231,2681.4746076444844,2576.939069786544,3588.1251945458007,1424.746688850678,2576.939069786544
nrc_groeneveld_24579pt__4009,2630.0,1956.9395235744926,2502.2161719400947,2763.7784537488583,3830.5522278811427,1562.01022555665,2763.7784537488583
nrc_groeneveld_24579pt__4010,643.0,354.27470922019967,597.2689266023068,585.0630861600353,527.2350135616623,334.8710092925144,585.0630861600353
nrc_groeneveld_24579pt__4011,698.0,348.68826170315646,640.348636872518,562.2032405936603,484.342909747902,325.20874731609894,562.2032405936603
nrc_groeneveld_24579pt__4012,712.0,428.3215568032498,686.1748476260656,676.8111778952663,668.0836712559973,395.54299076665046,676.8111778952663
nrc_groeneveld_24579pt__4013,752.0,472.29498190308163,748.615386411022,679.9510283448222,754.154223769325,435.12158714715906,679.9510283448222
nrc_groeneveld_24579pt__4014,868.0,631.0038578693565,855.2665626312055,892.1592031699341,970.361546535132,541.0654688975462,892.1592031699341
nrc_groeneveld_24579pt__4015,1044.0,668.7143659135838,978.3549188575084,931.111905732906,1045.171884597095,573.7429719056101,931.111905732906
nrc_groeneveld_24579pt__4016,1146.0,830.0311714619077,934.7806330140663,1039.2945254689596,1361.3752859745982,755.4429356403913,1039.2945254689596
nrc_groeneveld_24579pt__4017,1181.0,843.5256911942329,1142.9209523317843,1122.1937487575851,1441.873407491027,801.410197182587,1122.1937487575851
nrc_groeneveld_24579pt__4018,1274.0,892.709744018808,1285.5229344038453,1234.5601435161323,1601.817215501651,903.3343502262862,1234.5601435161323
nrc_groeneveld_24579pt__4019,1385.0,944.93898251627,1316.7466602629856,1259.716119892247,1673.487322267098,947.8614065491529,1259.716119892247
nrc_groeneveld_24579pt__4020,1504.0,995.1294234296802,1417.1904969583852,1412.2605296380727,1752.038324831472,999.235080826685,1412.2605296380727
nrc_groeneveld_24579pt__4021,1654.0,1120.177826020072,1576.7599707010454,1562.9663244023964,1957.7540849691516,1160.0685624139471,1562.9663244023964
nrc_groeneveld_24579pt__4022,1789.0,1293.558058263422,1835.8528739665887,1806.7694633727722,2164.8433838542546,1338.6672071225119,1806.7694633727722
nrc_groeneveld_24579pt__4023,1882.0,1261.7940192255412,1795.3651655730632,1727.2199073468116,2114.2314959362357,1307.979420822418,1727.2199073468116
nrc_groeneveld_24579pt__4024,1925.0,1212.701608228093,1811.9609470160262,1696.9016951486,2034.8250558375005,1255.035769749688,1696.9016951486
nrc_groeneveld_24579pt__4025,2002.0,1414.070353472457,2000.387107289896,2125.8946696145954,2206.4316608615327,1421.5524508057335,2125.8946696145954
nrc_groeneveld_24579pt__4026,2077.0,1417.5314505163003,1914.9150884347603,1913.7736433566715,2182.0982766106545,1415.7112989954146,1913.7736433566715
nrc_groeneveld_24579pt__4027,2173.0,1441.697111639223,2051.88318731035,2093.2362655867146,2172.467475698355,1428.493385065338,2093.2362655867146
nrc_groeneveld_24579pt__4028,2371.0,1560.8558039317043,2150.7972502548814,2299.3651648967057,2231.990001587034,1531.2711354014575,2299.3651648967057
nrc_groeneveld_24579pt__4029,2430.0,1605.2601793892763,2106.9226889131687,2317.4428596370867,2247.5648267482466,1572.1333956380352,2317.4428596370867
nrc_groeneveld_24579pt__4030,2500.0,1714.6004092841042,2184.2715214018526,2269.4266446120196,2313.625855639899,1670.6621953989472,2269.4266446120196
nrc_groeneveld_24579pt__4031,2636.0,1833.1640992132407,2437.904557209273,2467.765414781464,2384.004625292071,1791.4374418638588,2467.765414781464
nrc_groeneveld_24579pt__4032,2740.0,1824.4289849762079,2499.510615466455,2550.5016610452817,2356.694906333734,1805.6565378412715,2550.5016610452817
nrc_groeneveld_24579pt__4033,2867.0,1787.903818292267,2620.9362242818306,2636.9987338323303,2300.017197885356,1810.8812618170966,2636.9987338323303
nrc_groeneveld_24579pt__4034,2940.0,1975.45666124246,2668.6877133511666,2787.353815312351,2449.8582978956097,2033.8933551963512,2787.353815312351
nrc_groeneveld_24579pt__4035,3055.0,2049.628527623735,2866.540267546693,2854.523046123271,2473.4087026280768,2152.0663756611266,2854.523046123271
nrc_groeneveld_24579pt__4036,467.0,223.70741385293599,359.9059686216167,301.53351193442063,294.8742151983545,254.5089666921174,301.53351193442063
nrc_groeneveld_24579pt__4037,646.0,430.7503339713858,701.2910112166079,689.546872102973,672.8638843532616,397.67475340068506,689.546872102973
nrc_groeneveld_24579pt__4038,698.0,463.547007516893,772.6019955798253,694.1726525295666,745.7672065648051,429.8291737696147,694.1726525295666
nrc_groeneveld_24579pt__4039,752.0,543.4085482691411,850.5159740503107,800.6911639845233,865.7262941572379,485.9737076529613,800.6911639845233
nrc_groeneveld_24579pt__4040,767.0,583.7653699705346,929.2976477465747,804.3438653630993,936.1960092383904,517.351622116261,804.3438653630993
nrc_groeneveld_24579pt__4041,858.0,694.1224404078127,1059.1831023244406,1015.0079364743624,1108.7415835332774,603.7511834088201,1015.0079364743624
nrc_groeneveld_24579pt__4042,889.0,712.9289451933748,1082.5300820649752,1050.900828061697,1148.963609009958,624.959624334745,1050.900828061697
nrc_groeneveld_24579pt__4043,929.0,708.1213972872104,931.1900041948783,983.3178053482976,1174.7909562506925,634.2246979554209,983.3178053482976
nrc_groeneveld_24579pt__4044,1019.0,751.8441291724513,1249.1876464556467,1165.0278666676475,1349.7602873300675,728.7480120793496,1165.0278666676475
nrc_groeneveld_24579pt__4045,1073.0,771.4296751143066,1281.6293954563876,1218.644802886233,1422.155837174028,773.9003838426742,1218.644802886233
nrc_groeneveld_24579pt__4046,1107.0,738.3718337149884,1216.7822296824759,1165.4240467019852,1383.3994789758804,744.963708799572,1165.4240467019852
nrc_groeneveld_24579pt__4047,1189.0,723.1169110032478,1285.202827124326,1170.8363029233183,1398.5917564288616,751.3292522047768,1170.8363029233183
nrc_groeneveld_24579pt__4048,1197.0,805.2316884771025,1257.2811190844466,1183.8280695115432,1514.2680043298028,829.9892209442917,1183.8280695115432
nrc_groeneveld_24579pt__4049,1232.0,755.8688767832193,1227.9658955347097,1204.0326749052565,1455.2696136525537,787.3868890264526,1204.0326749052565
nrc_groeneveld_24579pt__4050,1301.0,821.365745225832,1124.007167928048,1061.1196469347185,1544.2958723605373,844.5566470641828,1061.1196469347185
nrc_groeneveld_24579pt__4051,1403.0,968.6778389987223,1550.1826818559553,1399.9049581403956,1760.1254732411066,1012.3026669584382,1399.9049581403956
nrc_groeneveld_24579pt__4052,1490.0,1070.1647733964435,1635.6237562763808,1668.0217008116317,1871.5949330393735,1127.9491306467291,1668.0217008116317
nrc_groeneveld_24579pt__4053,1538.0,1168.7427860990304,1814.1746268428565,1653.9185305715246,1986.1324969519037,1215.5091945191298,1653.9185305715246
nrc_groeneveld_24579pt__4054,629.0,491.32984424600016,839.5820572753995,874.753356077348,1126.0064526674662,561.5924821541224,874.753356077348
nrc_groeneveld_24579pt__4055,755.0,584.8875197487166,728.434069815013,732.1930068726343,1216.820817917754,647.861729277893,732.1930068726343
nrc_groeneveld_24579pt__4056,869.0,688.4021433698217,840.7640660638879,918.72642842163,1217.43989529993,732.8056789051628,918.72642842163
nrc_groeneveld_24579pt__4057,989.0,642.8978822182551,773.2103484324105,786.2455587876757,1126.2039195575428,669.1230716380156,786.2455587876757
nrc_groeneveld_24579pt__4058,1123.0,731.1567785371341,819.6695201008139,831.3250874702729,1060.3356306668936,723.6457566795409,831.3250874702729
nrc_groeneveld_24579pt__4059,1246.0,806.6349697364565,975.502201104407,866.5923835466083,1024.264319976666,823.3565291543957,866.5923835466083
nrc_groeneveld_24579pt__4060,1396.0,948.5452543248797,1119.0527989269215,1130.1000700425795,1085.2314894778474,1059.773920423454,1130.1000700425795
nrc_groeneveld_24579pt__4061,1388.0,928.894305993626,1105.8983430092212,1069.8308236269352,1057.676343837677,1043.2036582286264,1069.8308236269352
nrc_groeneveld_24579pt__4062,1547.0,1038.8874689212814,1257.6506015304199,1226.0173396149478,1093.372941432027,1367.308014190201,1226.0173396149478
nrc_groeneveld_24579pt__4063,1667.0,1248.6534287984023,1475.0410026197778,1399.1292473203744,1255.6816183282594,2024.4582703598821,1399.1292473203744
nrc_groeneveld_24579pt__4064,1810.0,1308.9431701055548,1544.6632773287051,1544.1228568435029,1286.5396827910802,2365.99886975845,1544.1228568435029
nrc_groeneveld_24579pt__4065,2017.0,1499.3405447080675,1711.46715029944,1676.443737151421,1589.6789171616442,3755.801595394642,1676.443737151421
nrc_groeneveld_24579pt__4066,2174.0,1530.8448383758555,1814.4810146531745,1801.219659882451,1704.1264811062165,4412.337117444739,1801.219659882451
nrc_groeneveld_24579pt__4067,396.0,315.9354987545157,372.38076318246266,370.2407347605383,485.0075205861677,307.73529759766893,370.2407347605383
nrc_groeneveld_24579pt__4068,409.0,329.9248597117084,509.19912865549935,359.68944155845793,513.6843289208707,323.72036411384954,359.68944155845793
nrc_groeneveld_24579pt__4069,432.0,345.3099970825944,569.1621810020009,375.40505076714174,546.8067498997416,342.21452511594356,375.40505076714174
nrc_groeneveld_24579pt__4070,439.0,344.6483295765941,566.0523766676705,380.834462658402,545.9353797606612,340.6719991928621,380.834462658402
nrc_groeneveld_24579pt__4071,481.0,351.07556896628193,570.3257068118318,365.80356353276727,563.2616196551406,346.7630610362147,365.80356353276727
nrc_groeneveld_24579pt__4072,531.0,405.78991185302135,573.4958280446837,408.94815681407744,661.175828375667,403.69890511069013,408.94815681407744
nrc_groeneveld_24579pt__4073,559.0,395.9506549886709,568.86543573415,423.30517917942313,655.7784416877244,396.11659748339025,423.30517917942313
nrc_groeneveld_24579pt__4074,586.0,440.7834727780435,579.8396469551722,408.51037099293063,737.1347167478175,450.2840147910295,408.51037099293063
nrc_groeneveld_24579pt__4075,625.0,420.4496134481255,439.4831035040516,387.2761142316491,722.9963736083454,432.5627594057892,387.2761142316491
nrc_groeneveld_24579pt__4076,678.0,515.2916879801612,622.9994666609119,589.6191568842362,880.1889871195369,548.5694372279655,589.6191568842362
nrc_groeneveld_24579pt__4077,735.0,571.2177425383315,751.5150755118101,761.7356687459344,952.9510953748497,608.754642205271,761.7356687459344
nrc_groeneveld_24579pt__4078,810.0,642.6065867745621,952.5431437496685,927.0126502506673,1030.7376135998923,681.1319427475748,927.0126502506673
nrc_groeneveld_24579pt__4079,843.0,691.0753348294694,879.401738763162,992.2634223117609,1081.6031767425227,736.3359752341867,992.2634223117609
nrc_groeneveld_24579pt__4080,908.0,701.3933085416552,903.6712902193989,938.3557764812783,1092.8525508985936,749.4637996265478,938.3557764812783
nrc_groeneveld_24579pt__4081,964.0,735.5399372306418,836.2345146767078,1052.2467179842952,1140.806874192021,817.9828995040809,1052.2467179842952
nrc_groeneveld_24579pt__4082,1046.0,691.654625306297,995.1357044514324,947.5723124213187,1101.4277307669624,780.4258224219673,947.5723124213187
nrc_groeneveld_24579pt__4083,1110.0,743.2531995213262,997.9674506001915,988.1292054496912,1141.4829187072135,853.4339267442222,988.1292054496912
nrc_groeneveld_24579pt__4084,1179.0,920.2650189295729,1113.4026287512195,1125.08526843049,1244.630513073264,1022.9461721509977,1125.08526843049
nrc_groeneveld_24579pt__4085,1247.0,839.5942720511124,1077.5431690749122,1036.7884361330118,1181.445347457686,943.7411919876695,1036.7884361330118
nrc_groeneveld_24579pt__4086,1454.0,936.8187873482095,1099.996024360102,1321.8238317793655,1198.0655747624176,1107.0613390613482,1321.8238317793655
nrc_groeneveld_24579pt__4087,1686.0,1100.147523905161,1406.761402341042,1263.6726001575764,1251.8290187627751,1330.6348250653025,1263.6726001575764
nrc_groeneveld_24579pt__4088,1989.0,1327.879744349639,1652.3343877642253,1625.4111120291209,1364.136579888228,1731.2460095382587,1625.4111120291209
nrc_groeneveld_24579pt__4089,2229.0,1347.214204542917,1538.100217243344,1662.9885880039235,1331.5491532210144,1926.5130824506903,1662.9885880039235
nrc_groeneveld_24579pt__4090,2466.0,1613.6442287772318,2021.1356802930889,1979.3916944776547,1598.907380142452,2915.548007808804,1979.3916944776547
nrc_groeneveld_24579pt__4091,2690.0,1802.010828645016,2210.124741465075,2240.4150129747527,1859.5160732666081,3770.153348878336,2240.4150129747527
nrc_groeneveld_24579pt__4092,2991.0,1918.823763966209,2438.9159485276396,2477.6291667111027,2203.7556237180834,5122.277218056355,2477.6291667111027
nrc_groeneveld_24579pt__4093,3261.0,2310.6401308242157,2921.4817808243893,2875.057397945779,3304.4151076335406,8148.878838085113,2875.057397945779
nrc_groeneveld_24579pt__4094,3535.0,2428.2905893074553,3229.9710485811474,3181.933098235609,4003.6511158766953,9322.326859881277,3181.933098235609
nrc_groeneveld_24579pt__4095,257.0,274.26004588910524,343.5730162395453,332.92725440862023,365.67104403925543,246.10940611985936,332.92725440862023
nrc_groeneveld_24579pt__4096,284.0,302.91801839801565,334.9340047716225,330.8868149740645,413.37240841517007,267.8171274282474,330.8868149740645
nrc_groeneveld_24579pt__4097,304.0,305.0790019440401,352.49180669115515,348.7937402303916,416.89855267093697,269.10328535461065,348.7937402303916
nrc_groeneveld_24579pt__4098,330.0,347.69094946376464,462.67336572789725,427.2161137713475,544.5853571650335,329.6590805214931,427.2161137713475
nrc_groeneveld_24579pt__4099,352.0,348.8823441090476,470.4993772031501,419.04062415710524,528.8446270034891,319.1792808523199,419.04062415710524
nrc_groeneveld_24579pt__4100,370.0,363.2634133717357,560.9682528378529,369.2442570547136,610.5940321233293,359.8282138607597,369.2442570547136
nrc_groeneveld_24579pt__4101,403.0,399.2093243032979,468.83346180245496,426.2768229298192,706.2312023694082,413.34734206447155,426.2768229298192
nrc_groeneveld_24579pt__4102,433.0,384.06178175218554,510.8965625682765,427.6634996150695,691.6444969170994,395.79763097776527,427.6634996150695
nrc_groeneveld_24579pt__4103,469.0,485.00496891232615,687.7454044078372,649.4396877442207,855.4081433035743,513.3831488440834,649.4396877442207
nrc_groeneveld_24579pt__4104,501.0,463.7367389216626,686.2696712223495,630.4034938189188,835.9399391632979,492.6841347034004,630.4034938189188
nrc_groeneveld_24579pt__4105,561.0,538.652843851915,668.5572939422784,657.9422539017311,927.8001514962542,590.4864806872577,657.9422539017311
nrc_groeneveld_24579pt__4106,639.0,508.8004476161937,598.5824439949139,600.9937463233448,894.8600435155911,574.7998605325247,600.9937463233448
nrc_groeneveld_24579pt__4107,735.0,517.9734309564027,573.3758401586692,548.52840059647,880.5619683309637,582.9901024309463,548.52840059647
nrc_groeneveld_24579pt__4108,815.0,551.0838546019651,677.3697465287403,539.8394922436961,835.2378383880209,579.2144647000106,539.8394922436961
nrc_groeneveld_24579pt__4109,897.0,625.5993008413396,740.6364208272162,642.6380419767779,854.8881071793452,647.9117934414334,642.6380419767779
nrc_groeneveld_24579pt__4110,1039.0,691.8958219601062,714.8203626108518,702.1762869314318,843.7754991134861,722.2106687805785,702.1762869314318
nrc_groeneveld_24579pt__4111,1239.0,801.5271953554595,881.12964518957,852.7234260609666,862.2577288882235,905.3261837498026,852.7234260609666
nrc_groeneveld_24579pt__4112,1306.0,847.0733914821727,944.4548774666688,940.1115133544901,882.7929731602793,1009.3673586255393,940.1115133544901
nrc_groeneveld_24579pt__4113,1427.0,927.1304321778948,1053.9169411265675,1137.8941915644923,931.1802120946188,1227.6384651800583,1137.8941915644923
nrc_groeneveld_24579pt__4114,1691.0,1171.1462492345424,1259.8426823569491,1400.8456000180638,1111.7403775719115,2146.42995775655,1400.8456000180638
nrc_groeneveld_24579pt__4115,1960.0,1309.211086389551,1549.2199641165298,1700.3479865218999,1453.690487251522,3988.231518559833,1700.3479865218999
nrc_groeneveld_24579pt__4116,245.0,151.3643234976944,182.34875785197,180.25298095483132,180.7631539451665,130.20571403835058,180.25298095483132
nrc_groeneveld_24579pt__4117,270.0,190.28755983873373,248.37900869491202,221.8031004206608,253.73733996916778,170.23448092207718,221.8031004206608
nrc_groeneveld_24579pt__4118,287.0,188.93219923244254,256.351790633336,231.08038392503656,236.63282039199186,159.03547503007508,231.08038392503656
nrc_groeneveld_24579pt__4119,303.0,205.09902856426157,255.83061720887852,231.5728073723777,267.22719797236095,176.01629312727863,231.5728073723777
nrc_groeneveld_24579pt__4120,338.0,233.71744014928638,234.303060535243,236.194881174191,343.18405707584697,224.89559758977214,236.194881174191
nrc_groeneveld_24579pt__4121,348.0,238.06051543676801,238.20653696296569,239.25759914177536,346.4399242907264,225.83726961629623,239.25759914177536
nrc_groeneveld_24579pt__4122,381.0,259.0916339502965,279.87172078132767,256.4484757357612,383.17772631256946,249.53546770062349,256.4484757357612
nrc_groeneveld_24579pt__4123,403.0,280.06889177757466,259.0244527329963,267.9628063118846,416.735171636606,273.94765790886055,267.9628063118846
nrc_groeneveld_24579pt__4124,423.0,296.8340897377966,240.86540739779898,251.4022118857734,445.07868343787885,296.7744232239172,251.4022118857734
nrc_groeneveld_24579pt__4125,458.0,340.94005696233523,292.2045043528594,265.3415656161603,516.8233318502852,362.74726493301733,265.3415656161603
nrc_groeneveld_24579pt__4126,508.0,366.2870030503345,325.5387911369575,347.59811610477584,553.4052340949107,398.90856655754067,347.59811610477584
nrc_groeneveld_24579pt__4127,564.0,420.6804139854541,493.43160476711716,619.6315292297357,634.409320708322,501.4059857772701,619.6315292297357
nrc_groeneveld_24579pt__4128,630.0,478.4404756882216,668.4360558608668,611.8091534070812,691.8810658650648,589.9215521047515,611.8091534070812
nrc_groeneveld_24579pt__4129,690.0,487.30953213811233,635.4104042669624,558.5162038932893,691.3237431633703,593.6492775355371,558.5162038932893
nrc_groeneveld_24579pt__4130,788.0,510.6976519553882,687.6816449470024,615.8840047974583,690.3512742070707,610.9005059983826,615.8840047974583
nrc_groeneveld_24579pt__4131,888.0,524.4820131208135,558.7861759160141,582.9302541507724,673.2666752118391,601.5657646482608,582.9302541507724
nrc_groeneveld_24579pt__4132,999.0,599.9192746594508,744.9203182738526,742.8386094931543,701.2478293132616,683.3651641165874,742.8386094931543
nrc_groeneveld_24579pt__4133,1126.0,654.5003742601041,791.4316132135756,850.5416649463886,710.0408704381267,743.946966123525,850.5416649463886
nrc_groeneveld_24579pt__4134,1240.0,714.893112853425,860.4528006861711,903.3516515305031,737.1469584266955,842.7060450489806,903.3516515305031
nrc_groeneveld_24579pt__4135,1368.0,795.164719289598,997.2671479869246,1062.6154905747535,803.8085652501177,1046.9750310896266,1062.6154905747535
nrc_groeneveld_24579pt__4136,1503.0,813.5950685781457,1035.1721171106233,1107.6079950747617,829.5471260790307,1173.6046498802523,1107.6079950747617
nrc_groeneveld_24579pt__4137,1632.0,953.9712994839108,1207.722168604645,1369.3665903171782,982.5757729283015,1664.053364169464,1369.3665903171782
nrc_groeneveld_24579pt__4138,1827.0,1075.7604072209865,1371.0190086966454,1530.4698114215696,1153.9180745842514,2346.3734824968674,1530.4698114215696
nrc_groeneveld_24579pt__4139,2219.0,1363.0728228709063,1856.7101579992775,1911.9686063413378,1807.4354351703978,4890.6087474416645,1911.9686063413378
nrc_groeneveld_24579pt__4140,165.0,178.9706725349821,231.2256808707833,208.5159603442082,239.28826893458273,162.65546282529317,208.5159603442082
nrc_groeneveld_24579pt__4141,184.0,196.2682505489885,260.28355120531074,228.56990957060282,265.87589175973847,177.24485683192097,228.56990957060282
nrc_groeneveld_24579pt__4142,201.0,208.9393194832353,260.06490884462227,235.8647226441685,279.4352671643396,183.3807951191267,235.8647226441685
nrc_groeneveld_24579pt__4143,220.0,218.34253197765315,281.4242932314375,261.64802065972543,283.1372019354507,183.29043010448848,261.64802065972543
nrc_groeneveld_24579pt__4144,245.0,233.22531035803723,310.59560588353867,282.9083037706987,296.13592255946213,188.27816337811967,282.9083037706987
nrc_groeneveld_24579pt__4145,254.0,249.44721017925036,342.85480500186975,310.2590701777413,331.9102528149294,209.39935080887057,310.2590701777413
nrc_groeneveld_24579pt__4146,282.0,300.7717008930796,284.1623129501732,299.4169696134589,434.74090589176257,279.52564119648423,299.4169696134589
nrc_groeneveld_24579pt__4147,301.0,299.8862947071652,358.5221873483803,306.12581946167563,428.37758523927056,272.2276346055375,306.12581946167563
nrc_groeneveld_24579pt__4148,281.0,314.9692910255478,281.3038732024792,280.528188296374,463.87166842758074,306.1302752308226,280.528188296374
nrc_groeneveld_24579pt__4149,322.0,333.07652744471454,393.3160501227556,326.4025718866744,486.4912638158005,319.3361383189636,326.4025718866744
nrc_groeneveld_24579pt__4150,345.0,357.5474326206411,339.7489156537198,357.51126587565335,549.0436268052978,384.7176673062643,357.51126587565335
nrc_groeneveld_24579pt__4151,366.0,359.2696066115952,370.1836830255246,377.55509369938164,556.6042506120403,393.9454279350312,377.55509369938164
nrc_groeneveld_24579pt__4152,394.0,371.2300572372465,396.48515600122533,424.0503012599752,572.3734017401889,418.03089064997386,424.0503012599752
nrc_groeneveld_24579pt__4153,419.0,380.78957321985865,454.9461041435472,450.02272423158144,581.9371345798013,438.10959461523885,450.02272423158144
nrc_groeneveld_24579pt__4154,453.0,399.79617229773504,454.0287918146026,434.851593670957,588.390682412663,454.99658481836906,434.851593670957
nrc_groeneveld_24579pt__4155,483.0,422.4984343325647,431.42499345551266,449.4921348583025,580.2174394148146,456.75129545519,449.4921348583025
nrc_groeneveld_24579pt__4156,560.0,465.52651002117693,456.3989928650849,458.8535632575988,580.3796185698192,481.1548470779813,458.8535632575988
nrc_groeneveld_24579pt__4157,622.0,507.94322855580754,526.8242771473323,520.9323035831765,586.7108168595668,517.3156130284536,520.9323035831765
nrc_groeneveld_24579pt__4158,674.0,555.6318076306527,566.108966472913,531.1104127871,584.559556320007,553.895533732284,531.1104127871
nrc_groeneveld_24579pt__4159,748.0,631.2020087418625,660.1799022011141,629.9913379474207,620.3630529579933,676.0486165008556,629.9913379474207
nrc_groeneveld_24579pt__4160,816.0,641.2087199094289,679.2929889171465,684.2445416729097,604.8923601992459,701.2980753264645,684.2445416729097
nrc_groeneveld_24579pt__4161,881.0,642.694789882913,698.2797850563213,693.2999082557732,603.5754208069359,717.8858804007396,693.2999082557732
nrc_groeneveld_24579pt__4162,987.0,710.5110095124401,784.2336097030307,811.3770341447545,661.1910825050426,933.2523242245965,811.3770341447545
nrc_groeneveld_24579pt__4163,1114.0,836.3682316450439,931.0472604457506,953.519080161659,783.4159563847929,1444.4882952640316,953.519080161659
nrc_groeneveld_24579pt__4164,1240.0,945.7068486711346,1050.8510431993795,1081.2664704131766,918.2585866361586,2100.902648254053,1081.2664704131766
nrc_groeneveld_24579pt__4165,1370.0,1001.8482879081486,1149.103249039105,1172.5679978451888,1024.8696566937826,2772.8515501510815,1172.5679978451888
nrc_groeneveld_24579pt__4166,1496.0,1075.7743812064123,1274.3323485709934,1303.5355758626122,1186.93922737669,3713.4457496762975,1303.5355758626122
nrc_groeneveld_24579pt__4167,1478.0,176.87233038524715,1101.953521224629,948.0287485060298,3071.2324635341547,88.03530826687036,948.0287485060298
nrc_groeneveld_24579pt__4168,1856.0,490.2678063153739,1104.3244687197744,1403.8171592456226,8699.250555206387,139.84963482504594,1403.8171592456226
nrc_groeneveld_24579pt__4169,714.0,125.97068981928096,585.8720077428076,602.7697308134124,2037.0946054879419,74.18058602313343,602.7697308134124
nrc_groeneveld_24579pt__4170,772.0,151.46681585298123,633.1860607457493,639.1571447821605,2424.0228546293947,82.92636848828843,639.1571447821605
nrc_groeneveld_24579pt__4171,845.0,182.16208546049452,709.9286368293243,728.4596404934564,2853.642850771475,93.97881284295514,728.4596404934564
nrc_groeneveld_24579pt__4172,923.0,211.74882003330399,781.5717576791506,781.8603292771799,3321.1021170977256,106.88119316433047,781.8603292771799
nrc_groeneveld_24579pt__4173,974.0,227.542519951971,832.2598082631331,813.4320892213352,3604.5292848604504,115.34966353606214,813.4320892213352
nrc_groeneveld_24579pt__4174,1099.0,283.3418305603055,955.9052202196208,1017.6157045237205,4679.983416605048,143.69879572089124,1017.6157045237205
nrc_groeneveld_24579pt__4175,1179.0,309.07903380994344,975.0705191073775,1021.6933185764415,5137.994553447197,159.3410244228403,1021.6933185764415
nrc_groeneveld_24579pt__4176,1286.0,302.39331798192825,1051.3699495095998,1051.8499153003595,5028.209673729367,166.96411841136864,1051.8499153003595
nrc_groeneveld_24579pt__4177,1353.0,347.9483598973004,1058.0839497361608,1199.9288465411707,5833.638798516213,190.9122489972653,1199.9288465411707
nrc_groeneveld_24579pt__4178,650.0,129.78889326368977,615.4802781453955,653.7693642653454,2111.0703745218084,79.46219452669479,653.7693642653454
nrc_groeneveld_24579pt__4179,697.0,146.7968515149894,676.1548382200766,695.2112567307396,2392.326403846328,88.41135603325597,695.2112567307396
nrc_groeneveld_24579pt__4180,772.0,183.8194655750934,773.688287701396,791.4162272251793,2943.6735421615845,103.2034404794279,791.4162272251793
nrc_groeneveld_24579pt__4181,825.0,198.21795981608687,803.7929978186443,820.7306321739006,3149.5453342791625,108.64036508968182,820.7306321739006
nrc_groeneveld_24579pt__4182,919.0,240.54163720945743,924.0583909650362,880.4403212963578,3869.27784127691,127.8213564864825,880.4403212963578
nrc_groeneveld_24579pt__4183,990.0,250.41560060763592,841.5779110449935,935.0072866979941,4089.0714821928736,139.06337465061475,935.0072866979941
nrc_groeneveld_24579pt__4184,1061.0,270.12162024871776,968.3718150480928,988.6235031798918,4473.774507536806,149.70849331339727,988.6235031798918
nrc_groeneveld_24579pt__4185,1099.0,265.8439665466517,969.7148518581843,993.5674774017305,4398.799464413621,149.3229516725302,993.5674774017305
nrc_groeneveld_24579pt__4186,1182.0,276.5175130548753,1038.5049668335694,1022.7465292458005,4593.021295146825,159.28637379877992,1022.7465292458005
nrc_groeneveld_24579pt__4187,1253.0,259.94796798739634,1073.5278621803013,1030.7311438193422,4323.050082492286,160.2811690622693,1030.7311438193422
nrc_groeneveld_24579pt__4188,1332.0,308.2984588631869,1119.6780195283936,1124.2451624140972,5142.020853810412,186.24830540880063,1124.2451624140972
nrc_groeneveld_24579pt__4189,1375.0,335.5638213103053,1104.2586869877243,1257.8738945618238,5637.183375465331,202.95239199606715,1257.8738945618238
nrc_groeneveld_24579pt__4190,1479.0,367.3511379986088,1291.3097741357947,1389.2048852456712,6268.0911525503125,232.2572269806347,1389.2048852456712
nrc_groeneveld_24579pt__4191,1546.0,420.16797501156714,1410.0251110272463,1487.2091088630589,7171.689393072593,268.79886307693073,1487.2091088630589
nrc_groeneveld_24579pt__4192,1682.0,412.05173687547347,1572.514345077716,1632.999424706232,6889.704615977739,290.602233790841,1632.999424706232
nrc_groeneveld_24579pt__4193,1797.0,443.7965891030463,1545.3741618792847,1730.0639223659791,7019.836898421405,321.36358006894034,1730.0639223659791
nrc_groeneveld_24579pt__4194,1863.0,501.7753170050409,1727.0690059795315,1816.4138154790664,7447.763340881872,351.61977664379475,1816.4138154790664
nrc_groeneveld_24579pt__4195,1889.0,512.7234832263231,1696.983825304414,1842.5224329500184,7511.247851511101,359.03020290557816,1842.5224329500184
nrc_groeneveld_24579pt__4196,2021.0,474.19497299296523,1591.295397116995,1920.7684357565047,6996.7000297876575,365.4458103310704,1920.7684357565047
nrc_groeneveld_24579pt__4197,2102.0,569.5039296092891,1586.3188118379999,1773.2967601760326,7626.889287377062,423.682653882692,1773.2967601760326
nrc_groeneveld_24579pt__4198,2152.0,537.7094644341981,1625.14587634646,1815.41505830085,7267.7341079709,420.83184380988655,1815.41505830085
nrc_groeneveld_24579pt__4199,2200.0,609.9146605848,1682.6070555651215,1948.6560136041178,7742.306471088691,455.71749026434486,1948.6560136041178
nrc_groeneveld_24579pt__4200,2334.0,630.2799615316476,1731.8523702757077,2061.084118322223,7598.032414851539,491.9583264392865,2061.084118322223
nrc_groeneveld_24579pt__4201,2437.0,640.632901578679,1751.2389614903927,2058.448792782162,7446.7919552249095,520.205969886594,2058.448792782162
nrc_groeneveld_24579pt__4202,2577.0,775.5588463465158,2112.729370201294,2184.784594082848,7999.854901183558,621.8026725649191,2184.784594082848
nrc_groeneveld_24579pt__4203,2680.0,815.6882951450385,2192.7955536130667,2286.06429049203,8014.330500552637,674.0411975498415,2286.06429049203
nrc_groeneveld_24579pt__4204,2791.0,896.4758046641111,2265.9056272568673,2414.4407512985076,8228.547597063929,756.5680657181102,2414.4407512985076
nrc_groeneveld_24579pt__4205,2879.0,976.030526709756,2321.325655496536,2466.2688580338727,8421.076681937036,840.3036901269747,2466.2688580338727
nrc_groeneveld_24579pt__4206,2987.0,1078.1265398684932,2257.3874506548887,2564.5315112327226,8600.234389225187,952.6895595750651,2564.5315112327226
nrc_groeneveld_24579pt__4207,466.0,166.7562452738558,709.46531202423,623.335283979198,2666.8549252498574,134.93538434861088,623.335283979198
nrc_groeneveld_24579pt__4208,610.0,183.72602591784542,683.794846204987,697.9031253950568,3070.36945665399,184.46629066521123,697.9031253950568
nrc_groeneveld_24579pt__4209,847.0,221.13054235955684,685.9963805273271,586.2033173573027,2891.1969193063333,340.91528526967136,586.2033173573027
nrc_groeneveld_24579pt__4210,992.0,256.67801235158095,670.4892324289145,625.1771757462914,2771.8179874376774,462.6215402732462,625.1771757462914
nrc_groeneveld_24579pt__4211,1125.0,296.50131599140474,687.022422375611,655.5514286354764,2646.5935603038783,627.8028692073551,655.5514286354764
nrc_groeneveld_24579pt__4212,1252.0,339.9806237839812,788.009013550133,677.0336065431972,2538.419873934708,819.5005217404796,677.0336065431972
nrc_groeneveld_24579pt__4213,1396.0,415.4675106646154,903.5453662605402,852.5252333982814,2415.1528859340374,1260.8217673162922,852.5252333982814
nrc_groeneveld_24579pt__4214,1584.0,497.6272785376234,1022.4910243680114,952.1152204430512,2271.39922725691,2051.998614639799,952.1152204430512
nrc_groeneveld_24579pt__4215,1696.0,549.3153493684943,1103.5447739129013,999.4046810895363,2236.2722199271034,2707.1857342040084,999.4046810895363
nrc_groeneveld_24579pt__4216,1966.0,798.9930941649583,1379.1521876772463,1328.1162867442013,2379.3401098209706,7434.364125733392,1328.1162867442013
nrc_groeneveld_24579pt__4217,330.0,81.32102364750698,268.8694200564142,269.4472482798717,1027.4790371119504,59.665026573721384,269.4472482798717
nrc_groeneveld_24579pt__4218,350.0,84.01140053933227,283.56119115846445,284.6647030518654,1064.1727709433271,61.960763069168664,284.6647030518654
nrc_groeneveld_24579pt__4219,381.0,91.86438546271299,323.82362688679865,287.7815163258079,1194.8289134349059,68.77788694681236,287.7815163258079
nrc_groeneveld_24579pt__4220,410.0,102.16764623243469,485.65001966892396,322.6535261503843,1421.5016067341387,78.0021909826608,322.6535261503843
nrc_groeneveld_24579pt__4221,437.0,105.77216102754531,496.23131533645284,310.64602511011503,1484.6375204089284,81.47716479321566,310.64602511011503
nrc_groeneveld_24579pt__4222,473.0,112.74221624685198,526.9991087362631,346.27947589826687,1604.583135034223,88.95755050353557,346.27947589826687
nrc_groeneveld_24579pt__4223,555.0,134.48160215799467,478.9356094367542,431.3682595595338,2099.7983124935513,117.89942628860813,431.3682595595338
nrc_groeneveld_24579pt__4224,579.0,142.87391911777522,481.7328067895154,534.0374205155804,2261.1730642991142,127.81073678449665,534.0374205155804
nrc_groeneveld_24579pt__4225,625.0,155.42693250563212,578.0833124502385,609.094333914194,2462.8125810956803,143.60005448404593,609.094333914194
nrc_groeneveld_24579pt__4226,667.0,193.2533665606848,760.0428092589295,801.4226696802842,2878.742662597018,176.4303443576603,801.4226696802842
nrc_groeneveld_24579pt__4227,726.0,208.03607788473585,806.8213550288085,824.5946275626268,3023.0098733824284,195.55599626378103,824.5946275626268
nrc_groeneveld_24579pt__4228,781.0,203.37856251121966,787.935361653232,870.4961215270375,2951.272230756972,209.71328523998636,870.4961215270375
nrc_groeneveld_24579pt__4229,853.0,216.7783039054148,768.2122453408416,866.9936438656581,3006.465691539897,242.98835699181322,866.9936438656581
nrc_groeneveld_24579pt__4230,892.0,222.49161859016544,770.0576385517385,892.3149313954934,3016.524023334004,254.09209699316006,892.3149313954934
nrc_groeneveld_24579pt__4231,965.0,229.91367019702784,895.5560896755246,841.9921735994214,3022.7449180650146,270.7468290004773,841.9921735994214
nrc_groeneveld_24579pt__4232,1035.0,236.37091321216602,933.0408918995826,779.5064609261307,2875.010316503436,301.8921571753788,779.5064609261307
nrc_groeneveld_24579pt__4233,1094.0,241.18639861853063,834.9772634829809,744.7726243056719,2801.5937101815352,320.33060661625683,744.7726243056719
nrc_groeneveld_24579pt__4234,1160.0,258.79434784513785,846.3458342133368,829.0169644483728,2875.871709430571,354.0404651782286,829.0169644483728
nrc_groeneveld_24579pt__4235,1236.0,276.8556346770893,823.4500505872589,895.1257253018988,2851.12538824532,398.25370403703573,895.1257253018988
nrc_groeneveld_24579pt__4236,1453.0,363.74425848499635,926.0118969101401,1095.7772006102211,2944.5985126325204,562.4494081290343,1095.7772006102211
nrc_groeneveld_24579pt__4237,1657.0,426.89793388107773,1002.5968927409779,1070.7775516647134,2830.794449154837,769.0195741376089,1070.7775516647134
nrc_groeneveld_24579pt__4238,1898.0,579.5822914720442,1347.5482906073967,1289.2291583322797,2953.214022432392,1217.2262272381972,1289.2291583322797
nrc_groeneveld_24579pt__4239,2153.0,657.793122065675,1515.4817312281805,1428.1072334939547,2755.3260505410067,1793.9573720823355,1428.1072334939547
nrc_groeneveld_24579pt__4240,2388.0,814.4620677798489,1652.8236583023827,1684.6014214300621,2907.118205600583,2943.758803948179,1684.6014214300621
nrc_groeneveld_24579pt__4241,2657.0,1015.6597951513352,1870.439284926688,1913.946382111233,3227.0722566083923,4760.405826395818,1913.946382111233
nrc_groeneveld_24579pt__4242,2921.0,1380.0699518915053,2235.084055813928,2245.7432905894634,4054.755629394498,9089.362211044123,2245.7432905894634
nrc_groeneveld_24579pt__4243,3187.0,1685.9454928812495,2480.7324522284193,2573.64067185301,4989.24374884674,13911.662917896354,2573.64067185301
nrc_groeneveld_24579pt__4244,3463.0,1935.7858388417758,2716.656783640591,2715.2291630772484,5941.223078252194,18434.94106986172,2715.2291630772484
nrc_groeneveld_24579pt__4245,288.0,105.2216932331786,355.63275785974787,329.9508599550006,1335.219067098395,82.7894838204116,329.9508599550006
nrc_groeneveld_24579pt__4246,314.0,109.96586778023408,378.7997847104836,361.281529186212,1373.4337641640386,88.65939515173659,361.281529186212
nrc_groeneveld_24579pt__4247,340.0,117.64620564208276,465.5739752852982,337.8692750400069,1510.8883265463996,98.92262329477565,337.8692750400069
nrc_groeneveld_24579pt__4248,340.0,117.64620564208276,465.5739752852982,337.8692750400069,1510.8883265463996,98.92262329477565,337.8692750400069
nrc_groeneveld_24579pt__4249,365.0,128.8451115198502,407.9448544010882,365.7540838072624,1793.99063119591,118.12720065849702,365.7540838072624
nrc_groeneveld_24579pt__4250,402.0,138.62586228654317,458.3780398810616,415.85785329035804,2060.9062567107135,141.48448762328374,415.85785329035804
nrc_groeneveld_24579pt__4251,380.0,137.16163374161547,448.1422354329114,369.8981266321475,2001.37518777903,140.2875875242709,369.8981266321475
nrc_groeneveld_24579pt__4252,438.0,154.04508939605037,622.5495775715162,591.6564978995333,2217.2508515262516,170.0623155716475,591.6564978995333
nrc_groeneveld_24579pt__4253,525.0,159.16327516510697,563.6747486715329,490.54655566675905,2170.907380972288,191.31682365199893,490.54655566675905
nrc_groeneveld_24579pt__4254,487.0,165.05155123102188,593.0857461976279,488.06657780190915,2258.0541009137323,201.6150444919834,488.06657780190915
nrc_groeneveld_24579pt__4255,546.0,161.9926048879447,589.7193854636765,497.36117637012495,2145.4752295533835,206.5369215952634,497.36117637012495
nrc_groeneveld_24579pt__4256,582.0,174.94140705325,515.44797582945,415.25590591470007,2142.1440414845824,240.72043945908393,415.25590591470007
nrc_groeneveld_24579pt__4257,681.0,197.81839198464579,472.4799074858435,420.6958474095402,2051.3280727507895,312.93016193528865,420.6958474095402
nrc_groeneveld_24579pt__4258,650.0,217.4088433350899,482.02496746736955,479.96221776102203,2210.5879996527556,342.7186167356892,479.96221776102203
nrc_groeneveld_24579pt__4259,744.0,204.65868621763045,494.85982561765377,425.64042933869854,1971.0362306361183,346.7957638499108,425.64042933869854
nrc_groeneveld_24579pt__4260,798.0,208.52033347303907,577.0269517652534,425.7663226787441,1906.0788630884913,370.4181074569328,425.7663226787441
nrc_groeneveld_24579pt__4261,875.0,229.16397590485604,590.1971823351975,466.50953245482617,1850.0612830086843,475.4055298447671,466.50953245482617
nrc_groeneveld_24579pt__4262,929.0,236.2517789853363,594.4160462347103,497.8540714610669,1849.4910443445365,496.8955966307111,497.8540714610669
nrc_groeneveld_24579pt__4263,985.0,260.7022116158877,582.9563397549409,523.3110208467627,1801.5472890837807,589.1814158719318,523.3110208467627
nrc_groeneveld_24579pt__4264,1044.0,275.65733136970914,594.2887146322004,495.7564128124359,1734.3364760000952,661.3609970289605,495.7564128124359
nrc_groeneveld_24579pt__4265,1115.0,299.4920121228226,619.7883088429771,537.0564711707495,1671.684815505806,797.8690137428828,537.0564711707495
nrc_groeneveld_24579pt__4266,1183.0,336.1336728074434,664.8523027569804,614.4793754946319,1652.8371869891805,1007.7185940197779,614.4793754946319
nrc_groeneveld_24579pt__4267,1420.0,442.7098839073728,800.8641259035771,752.9061354769511,1638.8204193503761,1977.3669812800465,752.9061354769511
nrc_groeneveld_24579pt__4268,1632.0,583.5439515012052,981.2555150968572,939.1527874509403,1740.379015166548,4090.483969511566,939.1527874509403
nrc_groeneveld_24579pt__4269,1902.0,743.6989180636185,1119.105471683056,1104.31848405623,1987.8933446389096,8230.05805481472,1104.31848405623
nrc_groeneveld_24579pt__4270,2010.0,831.0266020289571,1270.6269736943595,1239.4155625967837,2218.0786879616394,12932.02613306237,1239.4155625967837
nrc_groeneveld_24579pt__4271,231.0,54.312208865832645,180.37269940637955,172.25435817416295,525.4328829773862,45.527962853740796,172.25435817416295
nrc_groeneveld_24579pt__4272,251.0,58.14385381612752,203.95331596817385,184.29373502233642,541.5886784307805,48.50244055519806,184.29373502233642
nrc_groeneveld_24579pt__4273,267.0,61.92689235016559,218.30533040266104,192.25014483779654,597.7745326428854,52.708403196203456,192.25014483779654
nrc_groeneveld_24579pt__4274,310.0,75.97590771078453,179.948980910887,193.06059895868785,765.3661818525103,66.42655295969989,193.06059895868785
nrc_groeneveld_24579pt__4275,330.0,81.68678605944484,200.95262031545332,209.00791624019496,834.3962402565537,72.97353654883096,209.00791624019496
nrc_groeneveld_24579pt__4276,351.0,87.60594785001504,236.53379907082652,209.84493805427027,916.2948811483021,80.60723621531248,209.84493805427027
nrc_groeneveld_24579pt__4277,373.0,96.42259120619458,213.40792348524604,220.41025358656643,1044.8475631626184,93.93651541743071,220.41025358656643
nrc_groeneveld_24579pt__4278,394.0,104.19644467127819,214.53874386597292,223.40929053623043,1150.1107885039494,105.29966177398009,223.40929053623043
nrc_groeneveld_24579pt__4279,444.0,132.09024097830417,343.1656314828996,425.21848750061235,1404.446977929432,142.82281769702118,425.21848750061235
nrc_groeneveld_24579pt__4280,508.0,142.67113632264886,401.8561175943798,477.9917046345195,1426.5881312449853,164.1641035473335,477.9917046345195
nrc_groeneveld_24579pt__4281,561.0,145.64070900787272,427.1853789112435,462.3437323724785,1372.1649858320995,175.31225459847658,462.3437323724785
nrc_groeneveld_24579pt__4282,610.0,164.80570276279033,432.4706148570639,532.2043046621511,1520.6191698073633,212.14092296262328,532.2043046621511
nrc_groeneveld_24579pt__4283,682.0,165.284172558554,434.20665061776845,451.4787511671604,1388.6487113789105,219.23153175200648,451.4787511671604
nrc_groeneveld_24579pt__4284,776.0,177.99963200689854,454.7931949149908,420.47121308559696,1326.3407754190794,258.77863241683974,420.47121308559696
nrc_groeneveld_24579pt__4285,876.0,200.15164291653429,420.0545882685739,424.6448078341584,1350.323629690481,320.95964131931976,424.6448078341584
nrc_groeneveld_24579pt__4286,988.0,230.10744269389562,430.6256875315902,463.80240863150004,1291.1514269236252,402.3202725275662,463.80240863150004
nrc_groeneveld_24579pt__4287,1116.0,261.68776812247347,475.59430748005025,533.6928367410496,1273.4806969467263,513.0212096059307,533.6928367410496
nrc_groeneveld_24579pt__4288,1238.0,300.9839431526172,641.1662968146701,645.1006065389079,1282.9935724240436,665.4023935367112,645.1006065389079
nrc_groeneveld_24579pt__4289,1366.0,361.0105810566883,773.0636793882123,835.9246211483701,1336.008303086733,944.232225161533,835.9246211483701
nrc_groeneveld_24579pt__4290,1483.0,386.8432184695491,781.4806380076046,830.9213456046878,1313.8190642752118,1178.7208789050549,830.9213456046878
nrc_groeneveld_24579pt__4291,1631.0,459.28594695221346,917.1521266374498,945.5004672618603,1406.1218986923143,1808.2739765594806,945.5004672618603
nrc_groeneveld_24579pt__4292,1813.0,552.4041584375092,1088.000924711836,1167.8790305743282,1596.5734209549748,2910.172857031005,1167.8790305743282
nrc_groeneveld_24579pt__4293,2003.0,633.7162117318003,1170.9046973777413,1242.405809321991,1777.3323197774514,4504.635612909936,1242.405809321991
nrc_groeneveld_24579pt__4294,2222.0,858.6546988546944,1515.9419001419217,1579.5178141160588,2472.6619669533566,8290.54959424591,1579.5178141160588
nrc_groeneveld_24579pt__4295,155.0,54.09135905779544,161.36062366347673,168.19083848025113,455.1983428815552,43.51757848056689,168.19083848025113
nrc_groeneveld_24579pt__4296,172.0,63.815023930104466,206.89677069604707,187.13153170194119,610.5885989143555,54.53027240462155,187.13153170194119
nrc_groeneveld_24579pt__4297,190.0,74.16817195692147,248.51451770931666,226.7610980551859,724.8213852135684,64.52568232058243,226.7610980551859
nrc_groeneveld_24579pt__4298,205.0,81.40740176928746,260.75445602302045,228.779602944581,800.8587853622798,72.53646549967377,228.779602944581
nrc_groeneveld_24579pt__4299,225.0,84.0867222564802,265.1620325073846,242.06288344962837,809.8474431682357,75.75994492368665,242.06288344962837
nrc_groeneveld_24579pt__4300,241.0,98.92670286787356,217.9472651138972,218.93277434403007,990.5591234898445,97.12306659219966,218.93277434403007
nrc_groeneveld_24579pt__4301,262.0,118.90885798162569,265.9102334785687,254.29947543409406,1178.3430534140873,128.93448316706116,254.29947543409406
nrc_groeneveld_24579pt__4302,287.0,121.20099865928539,272.5499222769902,262.4594446058613,1164.7340564069218,133.69700463442098,262.4594446058613
nrc_groeneveld_24579pt__4303,304.0,124.3137890185683,289.0749536859622,280.7167417149148,1176.2815897973348,139.73495242880108,280.7167417149148
nrc_groeneveld_24579pt__4304,323.0,134.78770343813972,281.0114517343754,301.44830689228826,1219.9044162548118,157.832592913127,301.44830689228826
nrc_groeneveld_24579pt__4305,348.0,140.06988668053205,301.3806672749824,309.6488310531257,1202.0436253288801,170.6322258940185,309.6488310531257
nrc_groeneveld_24579pt__4306,368.0,136.52069103339772,334.6221901687733,315.92430414782757,1129.167981041998,166.5507452908551,315.92430414782757
nrc_groeneveld_24579pt__4307,388.0,139.38150360258572,321.5392316036077,295.74398286051695,1105.270470991928,175.2986685973886,295.74398286051695
nrc_groeneveld_24579pt__4308,414.0,146.66297968556,360.8444952804314,313.6551656342958,1099.2852482361338,191.2094986286851,313.6551656342958
nrc_groeneveld_24579pt__4309,441.0,154.3962345706934,402.347491712992,330.0879811564824,1101.5210150715034,210.0920749573753,330.0879811564824
nrc_groeneveld_24579pt__4310,495.0,165.72338227698177,368.5520450826569,355.0572607369835,1065.2718738017265,248.32023044414754,355.0572607369835
nrc_groeneveld_24579pt__4311,550.0,182.22546878960216,400.39415838075297,364.9735912993678,1043.7635883676198,316.21757183129097,364.9735912993678
nrc_groeneveld_24579pt__4312,615.0,205.21559343292716,472.88803595261675,401.1934621584414,1017.4227649622659,395.991835580953,401.1934621584414
nrc_groeneveld_24579pt__4313,674.0,221.47526222570497,477.197215254834,442.97817132338423,982.7695784233748,474.457899666452,442.97817132338423
nrc_groeneveld_24579pt__4314,730.0,240.6666615160877,513.034776059154,447.81997337831217,971.861940229268,579.8320742662963,447.81997337831217
nrc_groeneveld_24579pt__4315,803.0,223.60110928610183,524.2655271812826,448.35301920572635,869.289523527579,585.034041525708,448.35301920572635
nrc_groeneveld_24579pt__4316,867.0,236.5032381718422,560.5358995474033,502.8077872632261,866.8627372062382,712.9244202225528,502.8077872632261
nrc_groeneveld_24579pt__4317,983.0,298.6618272238003,658.4408122204242,618.4909338786526,935.8567061793348,1238.4462177815126,618.4909338786526
nrc_groeneveld_24579pt__4318,1103.0,368.4964698866528,750.2955834005135,682.6279740872577,1023.1600741813901,2068.3659559231564,682.6279740872577
nrc_groeneveld_24579pt__4319,1214.0,458.22309846809657,864.611862817653,791.6621514272467,1169.3433145859399,3832.3737660739043,791.6621514272467
nrc_groeneveld_24579pt__4320,1332.0,528.3500490615481,949.4729623369623,868.8671184698318,1319.3740808796092,5610.978171200772,868.8671184698318
nrc_groeneveld_24579pt__4321,1461.0,683.6442941281628,1045.0656901505133,1053.5210043894754,1766.9218756110567,9205.889858786702,1053.5210043894754
nrc_groeneveld_24579pt__4322,1307.0,32.39593291466009,819.3709174280473,726.9771466092342,30000.0,156.31825898385802,726.9771466092342
nrc_groeneveld_24579pt__4323,1251.0,40.91130466688369,822.6259359608018,751.5521256815499,30000.0,158.17739098122752,751.5521256815499
nrc_groeneveld_24579pt__4324,643.0,33.914315908131684,501.23858504296055,550.431139781266,30000.0,169.7286046027884,550.431139781266
nrc_groeneveld_24579pt__4325,724.0,29.674749968432703,523.7943844654711,575.1564497019986,30000.0,179.57734627715277,575.1564497019986
nrc_groeneveld_24579pt__4326,753.0,31.99465446554328,556.1485644338484,594.4729008098827,30000.0,190.3292221656722,594.4729008098827
nrc_groeneveld_24579pt__4327,822.0,39.43302960170483,615.4127222929864,666.8227396053597,30000.0,217.66130145671292,666.8227396053597
nrc_groeneveld_24579pt__4328,842.0,51.38806356785839,660.5433613855661,760.6441258951264,30000.0,241.77144783967128,760.6441258951264
nrc_groeneveld_24579pt__4329,892.0,58.23351843682149,710.3562935214787,835.1186553894898,30000.0,262.1960272210747,835.1186553894898
nrc_groeneveld_24579pt__4330,912.0,53.18010876125423,718.2360228007752,809.894867185688,30000.0,264.4233213991554,809.894867185688
nrc_groeneveld_24579pt__4331,1047.0,63.07781436493465,756.044709471455,829.1574743064508,30000.0,311.3319047541567,829.1574743064508
nrc_groeneveld_24579pt__4332,543.0,19.46634456999653,472.21814697717446,501.4031113156378,30000.0,159.7455465834998,501.4031113156378
nrc_groeneveld_24579pt__4333,582.0,27.878948492640312,542.9803354019615,555.3984468450869,30000.0,186.91872523305145,555.3984468450869
nrc_groeneveld_24579pt__4334,673.0,30.90621989643574,638.5510234527271,643.0431770435757,30000.0,224.24314412200692,643.0431770435757
nrc_groeneveld_24579pt__4335,719.0,31.3007596880533,644.6170369934789,667.0315893963736,30000.0,233.15319505270392,667.0315893963736
nrc_groeneveld_24579pt__4336,760.0,37.49196355633068,676.166730908665,730.5823403147178,30000.0,245.9605188458689,730.5823403147178
nrc_groeneveld_24579pt__4337,829.0,41.74744230411041,731.9931843339518,793.3543288394359,30000.0,274.707809112542,793.3543288394359
nrc_groeneveld_24579pt__4338,836.0,44.32631776277869,714.8182614240831,802.4370464969319,30000.0,285.1645618553675,802.4370464969319
nrc_groeneveld_24579pt__4339,965.0,52.37825955643633,818.5739508988455,824.8406928500746,30000.0,334.5405255836606,824.8406928500746
nrc_groeneveld_24579pt__4340,1045.0,60.31225855477893,829.6480663716974,916.0546131115004,30000.0,370.21840817621967,916.0546131115004
nrc_groeneveld_24579pt__4341,1168.0,75.28732690558141,996.658306701028,1095.162371695876,30000.0,447.572872305827,1095.162371695876
nrc_groeneveld_24579pt__4342,291.0,12.20105871832048,287.24564389965667,219.02620720548575,26212.52187620843,157.65517678213632,219.02620720548575
nrc_groeneveld_24579pt__4343,320.0,14.427610161017917,319.1608487978741,230.37472778992284,30000.0,175.06288048628704,230.37472778992284
nrc_groeneveld_24579pt__4344,310.0,14.461908564235406,322.45735890290916,233.19707083080323,30000.0,176.7638905964835,233.19707083080323
nrc_groeneveld_24579pt__4345,341.0,16.525939984342074,361.94447420397137,280.07322927636244,30000.0,197.26224454723564,280.07322927636244
nrc_groeneveld_24579pt__4346,360.0,17.813649026791282,383.5813401773485,306.63166257633725,30000.0,208.97765473948974,306.63166257633725
nrc_groeneveld_24579pt__4347,402.0,20.602489272188883,417.7001905344906,363.473430687858,30000.0,240.1073462319238,363.473430687858
nrc_groeneveld_24579pt__4348,682.0,35.201713980874516,613.1505533433241,631.8189804875815,30000.0,444.92034574447007,631.8189804875815
nrc_groeneveld_24579pt__4349,709.0,38.189717482975134,650.864349329395,745.5751456293281,30000.0,486.73426868534614,745.5751456293281
nrc_groeneveld_24579pt__4350,804.0,38.39730553204958,624.1105838818712,680.0670659052574,30000.0,530.8373003700234,680.0670659052574
nrc_groeneveld_24579pt__4351,867.0,40.1169105872726,590.7470020289688,661.5215973427077,30000.0,578.6074504992655,661.5215973427077
nrc_groeneveld_24579pt__4352,931.0,42.26870025230305,599.1697421210305,731.4577051193917,30000.0,627.2941678352925,731.4577051193917
nrc_groeneveld_24579pt__4353,989.0,43.27163542791026,704.4663375710155,695.1014081477263,30000.0,681.9036428499701,695.1014081477263
nrc_groeneveld_24579pt__4354,1051.0,44.54846258519151,730.7909746582366,684.1331101874612,30000.0,713.7704344739705,684.1331101874612
nrc_groeneveld_24579pt__4355,1128.0,46.00814585292606,764.5652118803517,732.0722930727239,30000.0,776.074946267099,732.0722930727239
nrc_groeneveld_24579pt__4356,1183.0,49.860530950338074,939.0857063896757,857.577825702578,30000.0,852.1836812388664,857.577825702578
nrc_groeneveld_24579pt__4357,1417.0,60.82636043920659,897.721882164434,997.5722573616732,30000.0,1078.7557741619294,997.5722573616732
nrc_groeneveld_24579pt__4358,1634.0,86.01565792627727,999.9903251292542,923.2135769009301,30000.0,1315.346989346968,923.2135769009301
nrc_groeneveld_24579pt__4359,1902.0,128.7009994373516,1196.1849197512288,1226.837624360221,30000.0,1611.2437165983372,1226.837624360221
nrc_groeneveld_24579pt__4360,2156.0,185.1276919447514,1302.9784452073927,1299.0527350646373,30000.0,1920.09485077127,1299.0527350646373
nrc_groeneveld_24579pt__4361,2405.0,274.7217262552678,1503.967961776439,1448.2151572786163,30000.0,2271.026498666579,1448.2151572786163
nrc_groeneveld_24579pt__4362,2672.0,387.90870616746855,1710.2942942743978,1706.8109908255838,30000.0,2676.362102914082,1706.8109908255838
nrc_groeneveld_24579pt__4363,2916.0,522.8712583428052,1892.809705391279,1783.72732055518,30000.0,3054.283061585977,1783.72732055518
nrc_groeneveld_24579pt__4364,3133.0,630.7124400891374,2030.2779870725299,1864.6497119008886,30000.0,3325.633169022345,1864.6497119008886
nrc_groeneveld_24579pt__4365,3130.0,775.2153954756654,2154.5051928892244,2006.40678099362,30000.0,3556.53759333318,2006.40678099362
nrc_groeneveld_24579pt__4366,247.0,12.965525312076961,271.64375311099633,250.28141112278652,29089.69730317573,224.32129031936717,250.28141112278652
nrc_groeneveld_24579pt__4367,260.0,12.832184912155707,254.21476733870443,250.8668283764653,29008.26776785407,232.2327044175278,250.8668283764653
nrc_groeneveld_24579pt__4368,281.0,18.10165631592009,378.13105906087384,265.3969649448623,30000.0,290.75696208062664,265.3969649448623
nrc_groeneveld_24579pt__4369,294.0,19.921400377193716,294.61366329265303,253.94288170810742,30000.0,320.3101785300129,253.94288170810742
nrc_groeneveld_24579pt__4370,317.0,20.57083039731878,310.800649168582,272.1723737387758,30000.0,348.99466415275407,272.1723737387758
nrc_groeneveld_24579pt__4371,339.0,20.630251761295806,319.1306151632108,276.2752766220593,30000.0,358.4763611763809,276.2752766220593
nrc_groeneveld_24579pt__4372,357.0,20.337560500855957,340.62174379664873,289.0277280154659,30000.0,373.72617586909786,289.0277280154659
nrc_groeneveld_24579pt__4373,382.0,22.588705285319545,333.8153132848968,299.7506408014978,30000.0,435.89908930058374,299.7506408014978
nrc_groeneveld_24579pt__4374,402.0,24.826805607444793,346.99438838582955,315.4074402385117,30000.0,461.41569039228165,315.4074402385117
nrc_groeneveld_24579pt__4375,421.0,25.49598669062,355.9887844190447,339.6644763390047,30000.0,484.3627456315674,339.6644763390047
nrc_groeneveld_24579pt__4376,432.0,26.58242345463148,354.7583574472895,366.41541209985866,30000.0,505.5198802564656,366.41541209985866
nrc_groeneveld_24579pt__4377,493.0,28.166776061876877,385.0486535311973,326.36534127866895,30000.0,571.8752886236009,326.36534127866895
nrc_groeneveld_24579pt__4378,540.0,29.442248740738865,415.19415652522144,333.9679935519475,30000.0,625.9630027813166,333.9679935519475
nrc_groeneveld_24579pt__4379,515.0,30.56465816308379,430.76517898784374,358.2799497268665,30000.0,633.737911172495,358.2799497268665
nrc_groeneveld_24579pt__4380,579.0,27.65147390998373,337.9226522059324,288.46850786425864,30000.0,649.9345050204837,288.46850786425864
nrc_groeneveld_24579pt__4381,632.0,29.772259807969466,345.61107569716955,316.8032138129358,30000.0,747.5077821318519,316.8032138129358
nrc_groeneveld_24579pt__4382,686.0,30.802019355112584,335.1998073957474,302.4137974559661,30000.0,800.2530459670139,302.4137974559661
nrc_groeneveld_24579pt__4383,737.0,32.4063621197573,360.4569105588064,318.8945501804721,30000.0,890.1794379177792,318.8945501804721
nrc_groeneveld_24579pt__4384,864.0,38.54367035469554,467.64118508799606,333.6690776915937,30000.0,1117.5312323708827,333.6690776915937
nrc_groeneveld_24579pt__4385,912.0,41.27476963396082,482.73091729815457,356.89263980357146,30000.0,1209.3456781323819,356.89263980357146
nrc_groeneveld_24579pt__4386,987.0,46.00788163204173,454.0022514972625,371.4954340157484,30000.0,1359.4004893563776,371.4954340157484
nrc_groeneveld_24579pt__4387,1046.0,48.538601394482114,469.05357838097297,399.15248480000633,30000.0,1462.8518180265742,399.15248480000633
nrc_groeneveld_24579pt__4388,1123.0,49.93435215321804,489.45201598958397,431.75690873549314,30000.0,1560.3363294247292,431.75690873549314
nrc_groeneveld_24579pt__4389,1180.0,50.93515854384383,493.32002476086194,449.03489623980124,30000.0,1573.289616988254,449.03489623980124
nrc_groeneveld_24579pt__4390,1385.0,78.6078816775813,646.7809340407613,597.4800651623608,30000.0,2021.9678681465477,597.4800651623608
nrc_groeneveld_24579pt__4391,1638.0,137.56987928009602,891.1826813244558,894.7076895211802,30000.0,2664.897836029467,894.7076895211802
nrc_groeneveld_24579pt__4392,239.0,7.928766799237406,163.38886852845246,138.5241221644571,11605.57184384697,189.77286020271376,138.5241221644571
nrc_groeneveld_24579pt__4393,258.0,11.900522389415215,115.55054122430747,127.7058836223555,16603.236233276257,231.55915089825567,127.7058836223555
nrc_groeneveld_24579pt__4394,280.0,11.568657509780019,129.0673612919157,131.18336557192066,15588.058803629787,242.08080091565327,131.18336557192066
nrc_groeneveld_24579pt__4395,302.0,13.028146274749117,129.450074994164,137.81020257722946,17459.157849161256,265.6794676821272,137.81020257722946
nrc_groeneveld_24579pt__4396,326.0,15.264302004278338,154.1167943729422,150.7904747595822,20324.65909389282,305.3058085739164,150.7904747595822
nrc_groeneveld_24579pt__4397,347.0,15.540918796558998,159.09443909998922,156.8642214849919,20288.237630736723,318.87278567894265,156.8642214849919
nrc_groeneveld_24579pt__4398,367.0,16.304880473819974,164.03060106548168,172.93529817901347,21042.48345116522,338.24912516439673,172.93529817901347
nrc_groeneveld_24579pt__4399,388.0,16.875902592641417,167.2887521455539,171.92527554216747,21547.790803887015,354.72112176529606,171.92527554216747
nrc_groeneveld_24579pt__4400,439.0,18.72889866103777,195.03685510934983,190.8721274317002,23313.492115429402,406.7914930669916,190.8721274317002
nrc_groeneveld_24579pt__4401,497.0,21.967689537936188,233.05548633692075,250.00468907854972,25330.66019325735,485.2794896482326,250.00468907854972
nrc_groeneveld_24579pt__4402,543.0,24.007000555390857,328.37481290690306,301.4652296583609,26321.487610657096,529.1173459151462,301.4652296583609
nrc_groeneveld_24579pt__4403,604.0,26.325290796365046,344.2140465408694,295.97122059261426,26870.372013575674,588.8460102085054,295.97122059261426
nrc_groeneveld_24579pt__4404,669.0,28.964991229627884,265.2750993510658,285.2840470900124,27325.05291938279,658.2693347199641,285.2840470900124
nrc_groeneveld_24579pt__4405,769.0,33.78920353116951,367.0375883904758,339.306323176528,28190.283671692006,780.0963384313023,339.306323176528
nrc_groeneveld_24579pt__4406,880.0,36.91586370713948,286.6698585600641,281.80505314691885,27017.83404531468,900.9606596419933,281.80505314691885
nrc_groeneveld_24579pt__4407,981.0,43.51640734803722,339.7657016622187,356.875273220913,28273.675959549957,1064.6117225382345,356.875273220913
nrc_groeneveld_24579pt__4408,1094.0,47.44453983313633,461.4081794627594,463.05091828423997,27918.861948185655,1185.2049502576556,463.05091828423997
nrc_groeneveld_24579pt__4409,1232.0,59.76789845518089,607.926355702619,633.18707741503,27212.85838016921,1429.5783579469917,633.18707741503
nrc_groeneveld_24579pt__4410,1367.0,67.0654075181284,655.330579031099,691.8859197092971,25253.645296743955,1590.2982751618326,691.8859197092971
nrc_groeneveld_24579pt__4411,1481.0,82.84720656133977,790.2997080599866,862.1538385356171,24525.755069511106,1808.0881170193215,862.1538385356171
nrc_groeneveld_24579pt__4412,1607.0,109.87993807836845,909.9842427406116,976.8351603662406,25084.388092484984,2007.0511392699373,976.8351603662406
nrc_groeneveld_24579pt__4413,1818.0,160.01332368201042,1056.046122270328,1125.5932605131582,22348.270412714657,2483.8241773830146,1125.5932605131582
nrc_groeneveld_24579pt__4414,1995.0,235.6362578333609,1209.6801320583083,1236.3781015615132,23960.237312247078,2858.099489954764,1236.3781015615132
nrc_groeneveld_24579pt__4415,2181.0,302.4759424532116,1296.7484480538326,1314.237358870255,24302.44321811852,3228.6912404705313,1314.237358870255
nrc_groeneveld_24579pt__4416,2412.0,425.8528568830532,1380.0633873781314,1594.081402020354,26899.13000492828,3729.6516256667287,1594.081402020354
nrc_groeneveld_24579pt__4417,143.0,6.76873128727249,159.935149588585,149.71936042403576,10015.288082312949,183.72178907619306,149.71936042403576
nrc_groeneveld_24579pt__4418,134.0,7.745105549786802,162.25617224082546,140.31823594414462,11366.375168655597,188.6462283070982,140.31823594414462
nrc_groeneveld_24579pt__4419,162.0,11.119157754275449,145.2493458385883,151.26853607108256,14851.111325027727,251.81613365949318,151.26853607108256
nrc_groeneveld_24579pt__4420,176.0,12.142449226608212,163.04210628650657,160.91209802152727,15811.852901860879,269.2853525506687,160.91209802152727
nrc_groeneveld_24579pt__4421,200.0,14.465048495670677,203.30659579476776,175.73573462774542,18224.239152721577,324.127209906214,175.73573462774542
nrc_groeneveld_24579pt__4422,215.0,17.546578890158447,180.22949672655832,180.88920836660813,21943.885299716323,381.4412335781705,180.88920836660813
nrc_groeneveld_24579pt__4423,241.0,17.71873669468083,245.39934746606863,197.6524108227918,21178.464585254937,419.1555708369992,197.6524108227918
nrc_groeneveld_24579pt__4424,252.0,18.106836783897663,242.48855642038822,229.16256229044825,21562.06493907573,429.74441482957303,229.16256229044825
nrc_groeneveld_24579pt__4425,277.0,18.789542620676087,247.34224893735455,231.0467583099802,21752.988753423175,458.39017217957587,231.0467583099802
nrc_groeneveld_24579pt__4426,294.0,21.775464736134907,235.21510333623738,230.17579681469758,23284.47208806343,525.1213328634384,230.17579681469758
nrc_groeneveld_24579pt__4427,317.0,22.351765678066236,264.397425396544,260.6327361741082,23147.540108943846,547.6096332919101,260.6327361741082
nrc_groeneveld_24579pt__4428,340.0,25.61187755978639,249.3912075440313,256.9804130345666,24421.873537119263,622.5351847443202,256.9804130345666
nrc_groeneveld_24579pt__4429,358.0,26.53631284150912,249.6013262517663,241.79630085719162,24274.28870556794,655.3539785165802,241.79630085719162
nrc_groeneveld_24579pt__4430,386.0,28.473316369446334,282.69851869867864,256.8838891752577,24348.058210049294,714.312577339999,256.8838891752577
nrc_groeneveld_24579pt__4431,433.0,30.69032366613356,309.52907456295753,265.5661478205436,23491.917774870748,806.953058648632,265.5661478205436
nrc_groeneveld_24579pt__4432,480.0,33.44372147737155,299.0128202148309,269.70506517978987,23158.605574031568,904.0431167145597,269.70506517978987
nrc_groeneveld_24579pt__4433,541.0,37.99515045727105,323.8481350929989,296.28337021715976,22743.021643417236,1073.4809577189894,296.28337021715976
nrc_groeneveld_24579pt__4434,601.0,39.186066279564685,367.90686948439964,309.1504477443955,22072.924202857317,1143.6956342840117,309.1504477443955
nrc_groeneveld_24579pt__4435,661.0,41.252251451149306,368.1000812094945,316.3218988302503,20661.56829191467,1280.3615577818377,316.3218988302503
nrc_groeneveld_24579pt__4436,728.0,40.89339986521708,377.7094332661634,336.3714885373783,18998.537379103283,1359.843663345762,336.3714885373783
nrc_groeneveld_24579pt__4437,804.0,44.459134920164516,438.14246544506835,381.3209465084404,17737.52085740994,1571.4636352251237,381.3209465084404
nrc_groeneveld_24579pt__4438,867.0,52.85096235075804,495.41576646668665,450.56524461924937,16504.76461841116,1809.55403851341,450.56524461924937
nrc_groeneveld_24579pt__4439,975.0,63.47534273122791,550.961398358538,502.74800558583405,15345.667892078567,2040.7523410239357,502.74800558583405
nrc_groeneveld_24579pt__4440,1082.0,80.28902691688482,628.5161625120356,616.5911425995547,13864.127699766483,2381.398169598285,616.5911425995547
nrc_groeneveld_24579pt__4441,1208.0,107.0959800978932,733.4907783796915,684.2709583399411,12332.385809550047,2855.0056207918133,684.2709583399411
nrc_groeneveld_24579pt__4442,1330.0,145.5291091432808,792.0054655296256,784.0399471863776,13040.582989112472,3172.572591568905,784.0399471863776
nrc_groeneveld_24579pt__7766,347.403,104.36777829026346,395.1350543572226,354.8840956290555,2829.447816591141,137.21236092254213,354.8840956290555
nrc_groeneveld_24579pt__7767,343.936,103.03125891316269,366.1724878453862,343.68819705186456,2789.0166395004385,133.6778738045302,343.68819705186456
nrc_groeneveld_24579pt__7768,404.779,106.06462540328486,444.7672249492401,406.4403765592526,2978.4966716133767,135.95652668542058,406.4403765592526
nrc_groeneveld_24579pt__7769,401.311,114.0211014856256,481.26756580188606,433.97495264382457,2842.671108710704,139.57271337528715,433.97495264382457
nrc_groeneveld_24579pt__7770,465.621,109.61165264927507,519.4413671506146,466.5790615849773,3125.156454698957,138.9040038439663,466.5790615849773
nrc_groeneveld_24579pt__7771,465.621,121.44165567542086,506.35807457652896,464.75875828450734,2695.685591719697,141.82376262022424,464.75875828450734
nrc_groeneveld_24579pt__7772,526.464,114.5239687497668,607.4196067634376,622.4567329133852,3344.7876605379997,140.78377432477288,622.4567329133852
nrc_groeneveld_24579pt__7773,530.247,115.32536137562636,623.3763463444062,625.5058512941109,3364.8892297983134,142.1600552391083,625.5058512941109
nrc_groeneveld_24579pt__7774,591.09,118.71498242038813,626.1085424253704,630.2277114070165,3527.382809686396,143.31597689668072,630.2277114070165
nrc_groeneveld_24579pt__7775,598.341,118.3662793498868,630.8240323173618,624.0727994705338,3497.0512507320927,144.01012070851,624.0727994705338
nrc_groeneveld_24579pt__7776,609.059,148.74003265129616,436.52565450608284,416.2995112567178,2694.511378738387,313.56836391256525,416.2995112567178
nrc_groeneveld_24579pt__7777,609.059,141.7875484284937,433.7050957823542,413.4415968734013,2925.088068370047,317.601593735932,413.4415968734013
nrc_groeneveld_24579pt__7778,658.238,164.89197683486907,435.49893394804457,441.7033560440005,2591.2803891191193,316.5343840334791,441.7033560440005
nrc_groeneveld_24579pt__7779,662.652,152.38841444645917,443.6176910313189,444.31189591717646,3052.474145308701,326.04905634965166,444.31189591717646
nrc_groeneveld_24579pt__7780,759.433,125.7279572413889,432.53388501934234,424.9049216387794,3908.8488453090745,349.08828606909617,424.9049216387794
nrc_groeneveld_24579pt__7781,730.745,173.1417821072953,458.7495012174186,453.4826146530558,2532.5620999323673,333.4106861449677,453.4826146530558
nrc_groeneveld_24579pt__7782,859.682,159.94654067213685,460.14349315414995,488.4215027723263,3030.0285388635116,333.7568836260297,488.4215027723263
nrc_groeneveld_24579pt__7783,845.495,168.69056156212605,468.6078240372717,497.3398907404594,2859.604813141676,331.2041363476568,497.3398907404594
nrc_groeneveld_24579pt__7784,981.367,171.78649522290405,529.2454083781718,539.2241422114098,3330.4048726470146,353.07448050308824,539.2241422114098
nrc_groeneveld_24579pt__7785,981.367,172.81835763638978,528.6364164175216,546.7527500877734,3352.5534989111597,354.0966755977908,546.7527500877734
nrc_groeneveld_24579pt__7786,1081.616,187.54957191908184,661.0542241390756,680.1818322563873,3701.7149557539515,364.54243122750245,680.1818322563873
nrc_groeneveld_24579pt__7787,1096.118,177.94087390056714,661.069732903909,680.8641071666759,3983.1954501805412,368.73113619213615,680.8641071666759
nrc_groeneveld_24579pt__7788,1755.301,423.5613355868284,860.473646914978,994.7297572612263,2566.8401177022924,2120.8377635332317,994.7297572612263
nrc_groeneveld_24579pt__7789,1002.804,244.12394741206597,556.6712091903856,523.7145028038412,2176.793440638473,741.9933945021396,523.7145028038412
nrc_groeneveld_24579pt__7790,1002.804,246.07082535984566,566.069458666414,538.0767734541664,2248.9868311415544,778.5068522297252,538.0767734541664
nrc_groeneveld_24579pt__7791,1119.446,190.3030156850596,551.4476517154658,563.3982584217479,3817.0954401553136,841.1516828921034,563.3982584217479
nrc_groeneveld_24579pt__7792,1217.803,228.2455838836127,577.0086713021311,594.7500961600767,3179.9918786197154,831.793644850073,594.7500961600767
nrc_groeneveld_24579pt__7793,1217.803,228.2455838836127,577.0086713021311,594.7500961600767,3179.9918786197154,831.793644850073,594.7500961600767
nrc_groeneveld_24579pt__7794,1379.21,274.5216056831509,731.0604155060178,752.9954729411373,3054.937113878403,819.0486282220247,752.9954729411373
nrc_groeneveld_24579pt__7795,1396.864,267.3977423992836,687.2012892377758,744.3735577767924,2980.074438451828,809.7659694322665,744.3735577767924
nrc_groeneveld_24579pt__7796,1575.925,280.37989027098024,784.6113872602632,842.068178603729,3920.454139397215,888.0681917489916,842.068178603729
nrc_groeneveld_24579pt__7797,1593.894,246.07811618999798,764.622738868336,826.0878180850983,4568.339902460368,883.632904247209,826.0878180850983
nrc_groeneveld_24579pt__7798,1495.537,380.58164766249587,802.9428750350005,825.4766881935906,2536.3381623611344,1919.2398093346633,825.4766881935906
nrc_groeneveld_24579pt__7799,1504.364,423.04144099245747,836.7864011363748,913.2445065944253,2195.643129089873,1949.792267280601,913.2445065944253
nrc_groeneveld_24579pt__7800,1499.95,431.42614013468057,838.0372142193048,897.4647153620285,2328.0671921504436,1984.7780127955973,897.4647153620285
nrc_groeneveld_24579pt__7801,1647.802,410.0223930319034,937.0721296184261,1030.1730829244548,2873.197124585148,2013.009582109459,1030.1730829244548
nrc_groeneveld_24579pt__7802,1737.332,435.99045615426326,908.4014423257129,1036.9027089048673,2643.6822317946144,2148.4957348531916,1036.9027089048673
nrc_groeneveld_24579pt__7803,1826.863,440.06936434812604,943.8208912867284,1049.156583293329,2714.53595716033,2103.155309884555,1049.156583293329
nrc_groeneveld_24579pt__7804,1898.424,456.90697333455967,942.0897385845036,1053.5063896196514,2650.5877234182094,2352.2455816772012,1053.5063896196514
nrc_groeneveld_24579pt__7805,1844.832,437.6962404447595,948.3849572764132,1071.9643987059605,3185.420514654711,2330.1252168172437,1071.9643987059605
nrc_groeneveld_24579pt__7806,1898.424,461.73766670407116,960.5917794480615,1056.3500553042966,2679.457058253468,2363.2273628296657,1056.3500553042966
nrc_groeneveld_24579pt__10927,2555.0,2290.410657992394,2203.8542070601784,2301.35881925483,2981.812995216801,2618.9749114997417,2301.35881925483
nrc_groeneveld_24579pt__10928,2434.0,2127.377352978694,2158.7576411239947,2211.5150673691624,2854.4956257810095,2440.9389550353158,2211.5150673691624
nrc_groeneveld_24579pt__10929,2306.0,1957.0089743881754,2077.7218702648656,2121.5053813463246,2714.0837024478005,2249.9168288601313,2121.5053813463246
nrc_groeneveld_24579pt__10930,2121.0,1925.845014740117,2053.3896555033366,2125.398996102502,2687.551589074765,2214.472825614178,2125.398996102502
nrc_groeneveld_24579pt__10931,2011.0,1737.816190492054,1904.7023900200622,1985.8649331093081,2521.657929076856,1997.7513978367635,1985.8649331093081
nrc_groeneveld_24579pt__10932,1845.0,1661.436262457644,1855.8819253326828,1836.4191309412483,2451.3214935706974,1908.5007659197663,1836.4191309412483
nrc_groeneveld_24579pt__10933,1718.0,1569.6417380059868,1715.32747868768,1636.674780843356,2338.904485811692,1769.2543369904022,1636.674780843356
nrc_groeneveld_24579pt__10934,1609.0,1415.2371649230863,1515.0111894598424,1439.6555271252107,2148.5541898885,1543.509777470022,1439.6555271252107
nrc_groeneveld_24579pt__10935,1424.0,1365.8486624572388,1355.8297385654196,1309.323959362238,2086.5791161002408,1472.865981403726,1309.323959362238
nrc_groeneveld_24579pt__10936,1315.0,1224.6747086782682,1193.666367445303,1193.3542861312494,1905.9684342000892,1275.4528811463751,1193.3542861312494
nrc_groeneveld_24579pt__10937,1104.0,1179.10829197904,1182.1200082795792,1174.7730070101447,1858.1795869668,1225.411912371961,1174.7730070101447
nrc_groeneveld_24579pt__10938,971.0,978.2678465959493,1095.8481240511082,1089.4122613691536,1678.2259022587284,1045.6936852213669,1089.4122613691536
nrc_groeneveld_24579pt__10939,5188.0,4344.278632196579,4508.336651039979,4477.003497125417,3824.3526869267776,4575.90570218956,4477.003497125417
nrc_groeneveld_24579pt__10940,4900.0,4027.5625192699426,4148.423875001155,4286.66089680968,3599.519344578053,4234.588639497946,4286.66089680968
nrc_groeneveld_24579pt__10941,4555.0,3801.844773025112,3942.621511858665,3938.249619771427,3435.4586789464947,3983.7933987558504,3938.249619771427
nrc_groeneveld_24579pt__10942,4274.0,3499.3550643805065,3649.320287961082,3741.75720569943,3210.5305758790755,3638.5800077161066,3741.75720569943
nrc_groeneveld_24579pt__10943,3942.0,3266.470622626385,3592.865395684683,3658.136512020595,3043.3718717930487,3381.77503216289,3658.136512020595
nrc_groeneveld_24579pt__10944,3635.0,2963.481975164017,3154.0642323032957,3362.2048358127267,2823.8648383280993,3045.4761708241413,3362.2048358127267
nrc_groeneveld_24579pt__10945,3322.0,2741.454970308247,2911.076319032877,2977.661344167114,2658.6057283130494,2793.9208511562683,2977.661344167114
nrc_groeneveld_24579pt__10946,2970.0,2458.2807151777592,2594.743092564062,2640.942702678323,2442.139996317636,2468.091902231659,2640.942702678323
nrc_groeneveld_24579pt__10947,2683.0,2212.956567078551,2214.5122228589744,2224.664358675479,2249.1966219667825,2182.7438473725815,2224.664358675479
nrc_groeneveld_24579pt__10948,2344.0,1936.2829577104446,1848.0332489856185,1931.3603717221433,2027.0279271384966,1862.452767303686,1931.3603717221433
nrc_groeneveld_24579pt__10949,2044.0,1542.0970119856256,1461.364373019601,1735.9295121819534,1787.7340194861035,1530.7345607462885,1735.9295121819534
nrc_groeneveld_24579pt__10950,1622.0,1310.254605465478,1418.620900893484,1524.7225849464044,1606.096833153798,1290.7559747225182,1524.7225849464044
nrc_groeneveld_24579pt__10951,7105.0,5116.228402504295,6347.1884351237895,6447.709660909876,5492.382710425342,7377.320482753783,6447.709660909876
nrc_groeneveld_24579pt__10952,6594.0,4907.835147740091,6313.839361144112,6208.283972012861,5241.680651219348,7058.328409245747,6208.283972012861
nrc_groeneveld_24579pt__10953,6089.0,4622.141829198532,5869.923936982055,5891.817428855937,4823.6177117623365,6507.040444661478,5891.817428855937
nrc_groeneveld_24579pt__10954,5546.0,4509.592944146194,5319.096852345108,5635.7465824137425,4668.589990454443,6296.553092227736,5635.7465824137425
nrc_groeneveld_24579pt__10955,5200.0,4066.466010421642,4589.855318421378,4951.597977447558,4094.0129715506923,5488.961814030657,4951.597977447558
nrc_groeneveld_24579pt__10956,4639.0,3879.4923270619197,4369.260214512718,4824.958707405264,3860.8285553726846,5149.514751162889,4824.958707405264
nrc_groeneveld_24579pt__10957,4242.0,3438.934728691486,3463.477490273188,3849.8734902167857,3369.7070966108076,4415.104406678289,3849.8734902167857
nrc_groeneveld_24579pt__10958,3776.0,3084.6667741723472,2925.3978837625637,3333.4339579577595,2977.0899816798697,3809.124986139059,3333.4339579577595
nrc_groeneveld_24579pt__10959,3123.0,2964.544121074798,2636.835903651351,2976.781144759685,2848.5273826546095,3609.1288009153823,2976.781144759685
nrc_groeneveld_24579pt__10960,2741.0,2521.920493387118,2022.184074979623,2337.5286722979945,2387.6677274771732,2888.258275583151,2337.5286722979945
nrc_groeneveld_24579pt__10961,2216.0,2145.3831399412793,1947.5212016373794,2055.1156169925503,2002.5013121845245,2288.9569925206865,2055.1156169925503
nrc_groeneveld_24579pt__10962,1424.0,1389.591197461222,1441.2892821252326,1509.977455712663,1583.6394351375984,1649.2326646454449,1509.977455712663
nrc_groeneveld_24579pt__10963,1354.0,1313.082282257265,1298.749201028027,1349.3597407410698,1520.7788519806259,1522.0033270331494,1349.3597407410698
nrc_groeneveld_24579pt__10964,1280.0,1274.8105069353896,1300.293759717153,1339.858696804801,1488.5026340167717,1459.0128225883323,1339.858696804801
nrc_groeneveld_24579pt__10965,1219.0,1139.510138904121,1260.9484263209088,1077.7777312508263,1397.2984199398998,1289.5029847530946,1077.7777312508263
nrc_groeneveld_24579pt__10966,1149.0,1052.5785767053142,1226.6060519932764,1069.9417008082276,1339.738018113108,1188.8748175098747,1069.9417008082276
nrc_groeneveld_24579pt__10967,1088.0,954.0809496001829,1152.6920787561687,1021.4069969182677,1271.0806718790377,1075.2096567541341,1021.4069969182677
nrc_groeneveld_24579pt__10968,999.0,915.2354368485466,1124.605622956045,1014.1927296142591,1242.9222175513034,1030.5708084023204,1014.1927296142591
nrc_groeneveld_24579pt__10969,940.0,801.8504583912563,1095.6151351129922,972.2246083262605,1156.8708590524923,901.2457924096659,972.2246083262605
nrc_groeneveld_24579pt__10970,842.0,792.8116089296318,1089.05283134446,962.8162461692933,1149.7475437007397,891.0151140519355,962.8162461692933
nrc_groeneveld_24579pt__10971,774.0,702.5123063811875,841.5161023411829,792.4761463525573,1076.2233063148053,789.6498548890614,792.4761463525573
nrc_groeneveld_24579pt__10972,662.0,673.9094391222342,827.3760681086501,768.0336169315843,1051.9826355408911,757.9120616466666,768.0336169315843
nrc_groeneveld_24579pt__10973,601.0,563.3506495897894,711.6178863715041,624.660276752332,954.240597443646,638.346912139679,624.660276752332
nrc_groeneveld_24579pt__10974,2927.0,2965.058529774208,2723.391262789837,2882.0580085465754,2228.775330138545,3230.677387206437,2882.0580085465754
nrc_groeneveld_24579pt__10975,2770.0,2769.889156296772,2519.481849454383,2719.185467778599,2125.6326733549754,3003.4701849519233,2719.185467778599
nrc_groeneveld_24579pt__10976,2620.0,2507.585603183353,2376.8267846422973,2528.724643394012,1984.578112270334,2697.5636429270367,2528.724643394012
nrc_groeneveld_24579pt__10977,2488.0,2199.3617561289343,2080.4936170881524,2225.298577664948,1824.0809517896985,2357.8901817625874,2225.298577664948
nrc_groeneveld_24579pt__10978,2260.0,2178.8541595468687,2068.0098925738844,2225.7764472705353,1813.0782702598322,2334.983826623758,2225.7764472705353
nrc_groeneveld_24579pt__10979,2116.0,1893.217700144672,1642.3996012653865,1888.2818685358516,1655.2059812358066,2012.514967903937,1888.2818685358516
nrc_groeneveld_24579pt__10980,1924.0,1823.5871695652652,1630.9583505742971,1888.2818685358516,1615.3265470030035,1933.0612121036836,1888.2818685358516
nrc_groeneveld_24579pt__10981,1725.0,1732.0073837173504,1581.3757362195754,1785.9340170934443,1561.9772808893051,1828.1622547366615,1785.9340170934443
nrc_groeneveld_24579pt__10982,1559.0,1555.1128428941015,1457.814604026345,1615.378267334974,1455.8237241141583,1624.5766593868834,1615.378267334974
nrc_groeneveld_24579pt__10983,1440.0,1187.226008044836,1169.9940398970161,1303.7579243070568,1229.7953851332059,1217.3507943743998,1303.7579243070568
nrc_groeneveld_24579pt__10984,1223.0,1134.1063891319586,1138.1640471981411,1257.9274141418168,1192.6362313677719,1154.2918323408392,1257.9274141418168
nrc_groeneveld_24579pt__10985,1040.0,914.5756920753355,1034.157271363896,1056.1632758955452,1032.7442132637302,897.3665816026814,1056.1632758955452
nrc_groeneveld_24579pt__10986,3582.0,3300.6103259908273,3494.868247587352,3543.815668475185,3226.7172944756758,4974.383748581845,3543.815668475185
nrc_groeneveld_24579pt__10987,3395.0,2988.009096944872,3072.00263946932,3193.0001758365615,2879.344334426289,4351.505496075587,3193.0001758365615
nrc_groeneveld_24579pt__10988,3148.0,2790.0757448365353,2882.0387839011696,3001.5462471467135,2668.169497017306,3961.400053946858,3001.5462471467135
nrc_groeneveld_24579pt__10989,2883.0,2674.172821877404,2695.9033301379095,2762.499164618263,2544.9874775128865,3732.5345915127537,2762.499164618263
nrc_groeneveld_24579pt__10990,2684.0,2516.779440012332,2439.1414188410954,2568.514135612925,2394.969260538054,3443.4810019064885,2568.514135612925
nrc_groeneveld_24579pt__10991,2443.0,2285.9972181159337,2104.616117794183,2218.6270007510207,2145.610533262531,2982.6344837324514,2218.6270007510207
nrc_groeneveld_24579pt__10992,2235.0,2078.9142372811084,1824.9187004490161,1978.967765874734,1936.632093842729,2595.2449042059793,1978.967765874734
nrc_groeneveld_24579pt__10993,1988.0,1866.9447814272442,1764.6462116289952,1825.5963079068988,1714.2979151472275,2194.8488281416153,1825.5963079068988
nrc_groeneveld_24579pt__10994,1742.0,1687.4848921367388,1622.7694060196309,1655.6358676044672,1535.907247377996,1879.0674730523085,1655.6358676044672
nrc_groeneveld_24579pt__10995,1492.0,1382.684582692676,1538.0159508357842,1471.2855630007905,1270.8249641798095,1426.7865225280264,1471.2855630007905
nrc_groeneveld_24579pt__10996,1010.0,991.9633914393627,913.4475827393404,908.989582588633,1011.4185019055775,1089.0499055330752,908.989582588633
nrc_groeneveld_24579pt__10997,964.0,958.7944283900113,911.3909522149409,910.8602130214257,994.4514861197549,1048.1470640762554,910.8602130214257
nrc_groeneveld_24579pt__10998,897.0,958.7944283900113,911.3909522149409,910.8602130214257,994.4514861197549,1048.1470640762554,910.8602130214257
nrc_groeneveld_24579pt__10999,845.0,916.2879548480021,909.4047632231918,903.1901270988177,972.0934292589122,995.975034476141,903.1901270988177
nrc_groeneveld_24579pt__11000,790.0,878.9811881117687,898.6636493463992,882.5164332933612,951.8746983316826,950.4482303117561,882.5164332933612
nrc_groeneveld_24579pt__11001,753.0,778.8673813186855,838.6838602580493,839.4228345430524,894.6569042256752,829.7802836627936,839.4228345430524
nrc_groeneveld_24579pt__11002,694.0,761.4068051880823,832.0373966161892,835.5746611555262,884.2051969722363,808.999706777008,835.5746611555262
nrc_groeneveld_24579pt__11003,648.0,682.37651383655,721.2761177413854,700.4953165917952,834.975082483278,716.1359519106117,700.4953165917952
nrc_groeneveld_24579pt__11004,604.0,604.6554984265094,594.9415089170744,559.0457529091174,783.1965515997958,627.0531164422417,559.0457529091174
nrc_groeneveld_24579pt__11005,548.0,554.3219616927672,510.79743463857244,518.559112545158,747.668175276267,570.7821571170981,518.559112545158
nrc_groeneveld_24579pt__11006,484.0,535.717748254492,446.0164255564985,478.4702525098587,734.1529433578053,550.3784392784703,478.4702525098587
nrc_groeneveld_24579pt__11007,2049.0,1869.058929044073,1841.2369616022477,1786.175191699733,1422.5955179897585,2069.7893316425398,1786.175191699733
nrc_groeneveld_24579pt__11008,1938.0,1783.3365002556513,1761.5274320625656,1735.7928834077784,1382.2414001689,1966.6954047200916,1735.7928834077784
nrc_groeneveld_24579pt__11009,1859.0,1506.0188011719042,1427.5376426806702,1549.549720466043,1245.0819514744967,1630.3456656326498,1549.549720466043
nrc_groeneveld_24579pt__11010,1704.0,1600.7997145557354,1459.6149432664013,1640.7735719948269,1293.1606751215002,1745.6751742498886,1640.7735719948269
nrc_groeneveld_24579pt__11011,1564.0,1608.3329808064398,1461.4332000871623,1640.7735719948269,1296.9269934486374,1754.828723042878,1640.7735719948269
nrc_groeneveld_24579pt__11012,1470.0,1371.0427671921223,1258.3152941644978,1434.2877507303647,1174.2526533659468,1465.8218938276775,1434.2877507303647
nrc_groeneveld_24579pt__11013,1344.0,1339.2330367217448,1255.1235484406773,1345.7507385450758,1157.1301714847789,1427.0494509035284,1345.7507385450758
nrc_groeneveld_24579pt__11014,1235.0,1189.644215801188,1180.4181071625676,1205.4379006144325,1078.1196601129154,1253.4290465695085,1205.4379006144325
nrc_groeneveld_24579pt__11015,1119.0,1012.5125147037276,1106.9570788133133,1098.4357973828053,992.3875546117738,1075.3742227585174,1098.4357973828053
nrc_groeneveld_24579pt__11016,989.0,953.2863399616685,1008.5174245377676,1018.1097686995848,957.6894485597767,1006.5356615840122,1018.1097686995848
nrc_groeneveld_24579pt__11017,847.0,901.836254896835,942.102522976898,921.046710766237,924.1789970646466,941.8839196644543,921.046710766237
nrc_groeneveld_24579pt__11018,711.0,767.0940701857226,697.6385727611538,830.1299012385499,832.9322578129171,775.3534393402813,830.1299012385499
nrc_groeneveld_24579pt__11019,553.0,628.7902144557638,642.6406028942204,674.8801849040555,733.1852642167216,610.1059448514488,674.8801849040555
nrc_groeneveld_24579pt__11020,2988.0,2302.168747712123,2503.737224356866,2548.3496408911624,2317.545612732144,3677.445433809328,2548.3496408911624
nrc_groeneveld_24579pt__11021,2826.0,2318.2088719557983,2524.5425718715537,2557.6930437592996,2359.8442175580994,3739.0440238054866,2557.6930437592996
nrc_groeneveld_24579pt__11022,2698.0,2122.6680977359815,2360.083037952124,2450.666089746351,2140.3551751924406,3297.467260732847,2450.666089746351
nrc_groeneveld_24579pt__11023,2570.0,1831.9078520635464,1951.447130865921,2171.3113332391567,1807.7522054281253,2635.1254946078716,2171.3113332391567
nrc_groeneveld_24579pt__11024,2337.0,1934.4914373119182,1975.6205400946528,2217.288058359988,1923.0038726149132,2866.288133104101,2217.288058359988
nrc_groeneveld_24579pt__11025,2209.0,1730.1374903757605,1749.8211788611402,1943.0822023010135,1680.8070137931663,2382.5755952882723,1943.0822023010135
nrc_groeneveld_24579pt__11026,2035.0,1681.3925290008606,1683.7050022874216,1831.470335270487,1620.6780589161594,2263.96399189683,1831.470335270487
nrc_groeneveld_24579pt__11027,1846.0,1597.086383191045,1587.9225158809243,1705.398611534017,1517.7948698842322,2062.9266455748284,1705.398611534017
nrc_groeneveld_24579pt__11028,1660.0,1517.007403910588,1520.1631915220103,1682.3058956502698,1421.4657933666572,1877.3461161109035,1682.3058956502698
nrc_groeneveld_24579pt__11029,1518.0,1353.1367398951381,1352.0823188193074,1367.4739923960487,1229.0035127630879,1516.5852312792474,1367.4739923960487
nrc_groeneveld_24579pt__11030,1294.0,1307.5186183397336,1275.3913078870419,1286.959519464596,1176.6364508665072,1421.2719780749674,1286.959519464596
nrc_groeneveld_24579pt__11031,1160.0,1098.6251505345847,1066.7112403066678,1204.0058810436756,971.6035493699977,1063.2662273264432,1204.0058810436756
nrc_groeneveld_24579pt__11032,831.0,596.0749648101225,550.4032772745521,533.2747040403203,664.0782013723995,605.2779308702137,533.2747040403203
nrc_groeneveld_24579pt__11033,772.0,659.5580374071652,744.425819137008,733.0311509176132,698.4070611576507,681.8067977533301,733.0311509176132
nrc_groeneveld_24579pt__11034,715.0,702.953477413374,786.6351464770141,769.4896994159066,720.4975014926824,735.1827373887296,769.4896994159066
nrc_groeneveld_24579pt__11035,673.0,682.1874550677459,766.4464334310462,747.3840500548619,710.0588823292196,709.5416233554375,747.3840500548619
nrc_groeneveld_24579pt__11036,637.0,625.8395731033846,651.860377558579,627.0567664119009,680.4840851978213,640.9124370289117,627.0567664119009
nrc_groeneveld_24579pt__11037,593.0,611.9217357778099,584.5733667699203,572.6554537838394,672.8830940448819,624.1932567465101,572.6554537838394
nrc_groeneveld_24579pt__11038,552.0,593.8448916519442,550.4032772745521,533.2747040403203,662.8254389129415,602.626673568485,533.2747040403203
nrc_groeneveld_24579pt__11039,514.0,538.7021968076592,445.5908723197881,428.3230671287421,630.7855228129395,537.96108123614,428.3230671287421
nrc_groeneveld_24579pt__11040,465.0,522.7883387559003,465.1290511243427,416.9877504607193,621.1352201800712,519.6386721478949,416.9877504607193
nrc_groeneveld_24579pt__11041,432.0,460.2340627682646,342.5916791779504,386.28751697249055,581.2795116912743,449.26923499777007,386.28751697249055
nrc_groeneveld_24579pt__11042,379.0,444.96724900521286,376.479107712052,390.5464704878123,571.0540472656917,432.52760719648546,390.5464704878123
nrc_groeneveld_24579pt__11043,348.0,532.678509672032,447.0538107256496,422.49485844596256,627.1544607781146,531.0068640721075,422.49485844596256
nrc_groeneveld_24579pt__11044,326.0,412.8296767422412,557.720866073134,419.2150896756577,548.8325100918719,397.8925702457691,419.2150896756577
nrc_groeneveld_24579pt__11045,286.0,530.6856193201679,447.1078498081839,424.92138225252387,625.9474442624022,528.711135817602,424.92138225252387
nrc_groeneveld_24579pt__11046,1623.0,1387.7892924267437,1432.8299500733763,1435.1706031544286,1082.276527059188,1519.2677618271766,1435.1706031544286
nrc_groeneveld_24579pt__11047,1522.0,1356.5628393399206,1412.8589201883933,1419.1366251975019,1067.385072496198,1479.66379331978,1419.1366251975019
nrc_groeneveld_24579pt__11048,1431.0,1278.6230052203869,1332.162681597915,1392.7774987129162,1029.450849824973,1380.8419002246019,1392.7774987129162
nrc_groeneveld_24579pt__11049,1322.0,1320.0171591988103,1373.3062501167274,1411.1999314484174,1049.7379524986786,1433.3164467362153,1411.1999314484174
nrc_groeneveld_24579pt__11050,1247.0,1172.6941875237453,1252.782417202345,1332.661423845395,976.0392953952764,1246.8222386310545,1332.661423845395
nrc_groeneveld_24579pt__11051,1158.0,1125.6263821629914,1200.3062652871429,1323.0740124177867,951.574454261938,1187.4804514003836,1323.0740124177867
nrc_groeneveld_24579pt__11052,1066.0,1060.9547495911863,1082.5583833398825,1253.4659330289344,917.1769029480824,1106.2604749313507,1253.4659330289344
nrc_groeneveld_24579pt__11053,966.0,1010.3009258892357,1001.3929359732136,1151.2143744447767,896.7328232292551,1057.6828177001657,1151.2143744447767
nrc_groeneveld_24579pt__11054,881.0,902.9916846639277,921.5298011630225,986.5904561953163,846.7745416190578,947.2034244906345,986.5904561953163
nrc_groeneveld_24579pt__11055,794.0,776.4344375188375,714.0481059636854,782.0036053580293,774.3690241889701,797.180796757194,782.0036053580293
nrc_groeneveld_24579pt__11056,689.0,748.5716114431859,694.8428291948228,746.8652424767915,754.4603621119313,758.0755232035722,746.8652424767915
nrc_groeneveld_24579pt__11057,575.0,668.1216585718656,612.8452525507287,668.9392348100672,695.6050686379956,648.0105774825945,668.9392348100672
nrc_groeneveld_24579pt__11058,2326.0,1891.3441572288054,2048.4028430226303,1937.7694135023182,1987.1418945939279,3200.2997237886625,1937.7694135023182
nrc_groeneveld_24579pt__11059,2209.0,1806.8086306079726,2024.1878712411644,1973.1015490714606,1878.9280688136341,2970.706089466202,1973.1015490714606
nrc_groeneveld_24579pt__11060,2058.0,1771.022602540284,1987.982253328146,1954.1149049833252,1833.2948096167086,2874.1381038371414,1954.1149049833252
nrc_groeneveld_24579pt__11061,1920.0,1745.8959280640888,1956.7066090089888,1959.6287478360264,1801.3239008791454,2806.6045584138506,1959.6287478360264
nrc_groeneveld_24579pt__11062,1797.0,1672.6346783798285,1904.7778791399642,1946.6821393187497,1708.4765034346635,2611.1909253509025,1946.6821393187497
nrc_groeneveld_24579pt__11063,1697.0,1544.0056548993575,1768.7357683328005,1844.5180884173747,1547.02984046721,2274.8710717683207,1844.5180884173747
nrc_groeneveld_24579pt__11064,1578.0,1437.5406278951318,1656.5206492930545,1774.2626228095285,1415.247916620285,2004.9786084935272,1774.2626228095285
nrc_groeneveld_24579pt__11065,1456.0,1323.2038845197733,1446.187686155596,1625.4717995376468,1275.9900573021946,1726.0395353373492,1625.4717995376468
nrc_groeneveld_24579pt__11066,1360.0,1197.2545730881516,1194.153854034623,1305.4400583546785,1125.8263657907778,1434.8004876026746,1305.4400583546785
nrc_groeneveld_24579pt__11067,1221.0,1108.34622099532,1011.8558944264564,1131.1684461696334,1022.2055046392933,1241.1508540909906,1131.1684461696334
nrc_groeneveld_24579pt__11068,1072.0,1046.772820532556,957.2487084340266,1111.5534826125813,951.7413963855327,1113.5741334883176,1111.5534826125813
nrc_groeneveld_24579pt__11069,947.0,915.2049718042776,795.8651933983316,951.3589023375914,805.1651866489897,860.9320310960399,951.3589023375914
nrc_groeneveld_24579pt__11070,281.0,398.1302345087432,396.386832361205,310.58204850813667,464.6751480815278,408.49350996788155,310.58204850813667
nrc_groeneveld_24579pt__11071,238.0,398.94009413770283,395.49289653373967,310.58204850813667,465.4366756450652,410.1871712306116,310.58204850813667
nrc_groeneveld_24579pt__11072,202.0,394.90720303093474,403.152693508696,333.01398807197177,461.6322863233837,401.79633108203967,333.01398807197177
nrc_groeneveld_24579pt__11073,697.0,707.6528981397729,674.979472082264,720.3734811718914,730.1958940794225,815.535041760941,720.3734811718914
nrc_groeneveld_24579pt__11074,633.0,675.6094071317488,568.2371348569735,630.3076632927765,695.1701579224788,741.0069019257999,630.3076632927765
nrc_groeneveld_24579pt__11075,571.0,634.0985491618753,511.11253104697494,535.4283072142109,649.3010296155052,649.3704284192303,535.4283072142109
nrc_groeneveld_24579pt__11076,519.0,541.126199659173,467.84925585270986,470.19040020491633,572.5113017872249,510.8319905552367,470.19040020491633
nrc_groeneveld_24579pt__11077,479.0,549.915771632127,468.30374447035274,485.00511299396413,578.7380605475248,521.3829447138863,485.00511299396413
nrc_groeneveld_24579pt__11078,436.0,511.3004929770312,459.3253323260261,464.58013232054753,551.1629060698758,475.5696602365809,464.58013232054753
nrc_groeneveld_24579pt__11079,1313.0,1102.79391795412,1224.4114491812352,1403.316238931627,1276.71258821889,1854.7376762880954,1403.316238931627
nrc_groeneveld_24579pt__11080,1206.0,1095.3570949207597,1181.9367832316238,1403.316238931627,1264.0787838456088,1829.946905256073,1403.316238931627
nrc_groeneveld_24579pt__11081,1128.0,1026.0389474262672,1123.7637641954607,1218.2751371502866,1147.9071834208314,1604.0896711925984,1218.2751371502866
nrc_groeneveld_24579pt__11082,1065.0,921.8809468832563,927.9625050204743,1000.9820320671624,1010.7454995764081,1343.8758019962136,1000.9820320671624
nrc_groeneveld_24579pt__11083,986.0,934.2496078176988,934.368021216905,1004.7176610933968,1028.4470596907709,1380.037268094678,1004.7176610933968
nrc_groeneveld_24579pt__11084,897.0,774.6614455639233,686.8881716089298,793.3014029543135,825.3373117355993,1011.7012352414266,793.3014029543135
nrc_groeneveld_24579pt__11085,1069.0,912.0432402568763,854.14147652803,960.8930928281163,999.1401949190179,1324.0434184597068,960.8930928281163
nrc_groeneveld_24579pt__11086,999.0,821.1729137991001,756.6160671382854,861.8601009801986,883.8015544000563,1114.6028611466418,861.8601009801986
nrc_groeneveld_24579pt__11087,801.0,734.0815498529773,664.7202485345953,762.0972464970578,770.6397885954178,917.709610158956,762.0972464970578
nrc_groeneveld_24579pt__11088,710.0,686.5617684672336,635.7653326062939,767.6666359026467,671.7774920287079,754.1771759095344,767.6666359026467
nrc_groeneveld_24579pt__11089,597.0,649.6658823041527,640.1749657404059,736.7939814540593,577.432586255289,610.7547177437091,736.7939814540593
nrc_groeneveld_24579pt__11090,1744.0,2047.7297111974597,2022.0785511334977,2079.762449411478,2221.265191516645,2199.1004444312384,2079.762449411478
nrc_groeneveld_24579pt__11091,1511.0,1700.1447639140035,1754.1003171685443,1832.4167561555096,1990.3870052191069,1827.7477603972065,1832.4167561555096
nrc_groeneveld_24579pt__11092,1104.0,1286.654789316435,1254.845931841165,1301.893577601399,1684.240782871473,1382.6591447666838,1301.893577601399
nrc_groeneveld_24579pt__11093,1104.0,1344.341237909169,1429.9384636813188,1381.2259497234118,1731.943152016309,1448.6386194043841,1381.2259497234118
nrc_groeneveld_24579pt__11094,1128.0,1125.4451609191044,1151.5780468103512,1064.7251146276583,1425.719148870394,1242.183978248474,1064.7251146276583
nrc_groeneveld_24579pt__11095,1104.0,991.1002450419948,1050.1766918349658,961.3565857630854,1313.4797444006592,1091.1089901042021,961.3565857630854
nrc_groeneveld_24579pt__11096,1104.0,1011.914124521756,1060.3032122285429,971.7695554604801,1331.7113804118783,1114.7240531017105,971.7695554604801
nrc_groeneveld_24579pt__11097,1000.0,971.5939879897816,1103.967726170124,970.8821636538671,1304.2175173596142,1069.5558680555532,970.8821636538671
nrc_groeneveld_24579pt__11098,837.0,862.9153585417213,848.6780176229283,832.3386899745026,1205.0846694823433,949.0369358948483,832.3386899745026
nrc_groeneveld_24579pt__11099,674.0,826.7555888720052,838.0137380872666,808.7249362730644,1177.6995323537487,917.5644739662034,808.7249362730644
nrc_groeneveld_24579pt__11100,697.0,763.9328465410259,778.4877103842836,745.8922339066304,1128.631908093926,863.156108703283,745.8922339066304
nrc_groeneveld_24579pt__11101,1244.0,948.9257218853649,1089.5433438624045,1003.3804745692911,1358.7840993069137,1059.2042035749478,1003.3804745692911
nrc_groeneveld_24579pt__11102,1128.0,837.2781751523459,1027.9005582607442,948.4269690653202,1275.4823339445622,953.4507118518221,948.4269690653202
nrc_groeneveld_24579pt__11103,965.0,683.2200544346757,882.4627054382256,842.9657734308098,1153.4936240227437,809.6076055606566,842.9657734308098
nrc_groeneveld_24579pt__11104,1791.0,2031.1405661047443,1924.3501459630845,1637.3020167396649,1897.0898016746567,1947.2753424493437,1637.3020167396649
nrc_groeneveld_24579pt__11105,1604.0,1804.2550255692322,1399.895923956499,1662.16851297004,1763.3825293021014,1717.2930030810448,1662.16851297004
nrc_groeneveld_24579pt__11106,1663.0,1665.2975050616712,1354.9055785187008,1549.9514909045552,1694.186833417173,1604.1300256311315,1549.9514909045552
nrc_groeneveld_24579pt__11107,1349.0,1494.976868582299,1302.6529964963313,1425.6852149864078,1608.8819570177457,1468.705172786642,1425.6852149864078
nrc_groeneveld_24579pt__11108,1116.0,1182.6438911407522,1294.6158615106438,1204.3064403155065,1448.040076568089,1224.9453875789363,1204.3064403155065
nrc_groeneveld_24579pt__11109,1011.0,645.6655206294718,787.7574918328909,803.5745934274363,984.2518855136012,775.8222071650379,803.5745934274363
nrc_groeneveld_24579pt__11110,1023.0,690.4164550891971,813.795284935357,837.2892690726145,1005.2146341813374,810.2891786434778,837.2892690726145
nrc_groeneveld_24579pt__11111,6403.0,4379.486976622076,5089.8139084206205,5071.218921619241,5991.1751780502545,3484.3690192529552,5071.218921619241
nrc_groeneveld_24579pt__11112,6081.0,4204.9206989225995,4781.156295410346,5071.218921619241,5856.423877648015,3408.8673777387594,5071.218921619241
nrc_groeneveld_24579pt__11113,5512.0,4135.948953339136,4609.829339019202,5071.218921619241,5795.128889487753,3373.113918146201,5071.218921619241
nrc_groeneveld_24579pt__11114,5210.0,3884.9349184424714,4175.18627801201,4704.869692503717,5529.78756875354,3212.335511451338,4704.869692503717
nrc_groeneveld_24579pt__11115,4868.0,3727.5815046359,3881.7806749920983,4261.162395978261,5330.311101151012,3087.4152938139387,4261.162395978261
nrc_groeneveld_24579pt__11116,4356.0,3576.0371694499217,3584.0242830339603,4073.732851242361,5203.347090492164,3006.7611356444386,4073.732851242361
nrc_groeneveld_24579pt__11117,4015.0,3196.1391463454165,3257.8471901170556,3679.164344654691,4845.614811191137,2776.491824903627,3679.164344654691
nrc_groeneveld_24579pt__11118,3428.0,3095.2061496711135,3065.3948647275365,3352.134552465657,4739.891413003428,2707.899672414841,3352.134552465657
nrc_groeneveld_24579pt__11119,2822.0,2949.7515049446133,3026.2125984424315,3203.9207578039686,4579.672943182084,2603.7213457485545,3203.9207578039686
nrc_groeneveld_24579pt__11120,2443.0,2738.786653897982,2979.447910786785,3165.9749374968305,4331.101494095203,2441.9130414854694,3165.9749374968305
nrc_groeneveld_24579pt__11121,7843.0,6083.150964050245,6562.336403666557,5953.082541346781,7463.832099727536,4247.114688570103,5953.082541346781
nrc_groeneveld_24579pt__11122,6933.0,6035.604687773168,6562.336403666557,5953.082541346781,7440.872832515951,4245.697843390184,5953.082541346781
nrc_groeneveld_24579pt__11123,6517.0,5710.051803519361,6562.336403666557,5953.082541346781,7241.5974802044675,4197.334046027693,5953.082541346781
nrc_groeneveld_24579pt__11124,5910.0,5457.307774075693,6544.962421669462,5953.082541346781,7056.1859848510485,4124.790159885881,5953.082541346781
nrc_groeneveld_24579pt__11125,5342.0,5261.867832154139,6258.563154091729,5953.082541346781,6881.642976113799,4044.3150809251324,5953.082541346781
nrc_groeneveld_24579pt__11126,5000.0,4840.531864195107,5471.702839166039,5953.082541346781,6437.91740044136,3808.8774737472313,5953.082541346781
nrc_groeneveld_24579pt__11127,4717.0,4473.401155586122,5057.852473589154,4927.949987905015,5971.666182598484,3532.449120070901,4927.949987905015
nrc_groeneveld_24579pt__11128,4319.0,3931.13221077543,4439.97592639494,4711.191428412875,5439.198563599922,3194.707003287044,4711.191428412875
nrc_groeneveld_24579pt__11129,3656.0,3618.5648754360614,4144.769521062484,4412.766074711944,5106.692453176471,2975.888264077465,4412.766074711944
nrc_groeneveld_24579pt__11130,3087.0,3284.9103200162253,3486.4684653483055,3629.8032490071823,4724.353038600876,2719.3437691583704,3629.8032490071823
nrc_groeneveld_24579pt__11131,2633.0,2697.457919447874,2990.203703836239,2948.4300986011444,4145.909020882055,2325.9079605789752,2948.4300986011444
nrc_groeneveld_24579pt__11132,6915.0,6571.4281768619585,6306.128532409611,6414.033900776066,8153.485009579593,4823.933707805707,6414.033900776066
nrc_groeneveld_24579pt__11133,6383.0,6195.671547685654,6306.128532409611,6414.033900776066,7795.517665121331,4701.384826112917,6414.033900776066
nrc_groeneveld_24579pt__11134,5930.0,5748.069930024826,6120.00363863811,6414.033900776066,7253.703513920553,4459.373501645462,6414.033900776066
nrc_groeneveld_24579pt__11135,5398.0,5336.742877453723,5666.649376140699,5652.201794404938,6681.4945357071865,4153.543942684087,5652.201794404938
nrc_groeneveld_24579pt__11136,4831.0,4815.714480012424,5093.152237792612,5250.535097200393,6063.690717631904,3781.852589321223,5250.535097200393
nrc_groeneveld_24579pt__11137,4281.0,4175.591653703944,4476.017418389778,5028.459758595527,5359.480011016026,3319.4732154505336,5028.459758595527
nrc_groeneveld_24579pt__11138,3675.0,3717.1568641136037,4075.233735766852,4449.701763597896,4805.382309850478,2934.5666393883293,4449.701763597896
nrc_groeneveld_24579pt__11139,2973.0,3096.5552488673443,3484.6036104759373,3410.792227962821,4225.358288652332,2518.564518574869,3410.792227962821
nrc_groeneveld_24579pt__11140,6175.0,6110.930873526208,6147.39002670822,6541.787482368259,7069.834884096132,5281.928959780004,6541.787482368259
nrc_groeneveld_24579pt__11141,5512.0,5295.195045344665,6095.465729441333,6077.112899512729,6031.266259930397,4587.981159281413,6077.112899512729
nrc_groeneveld_24579pt__11142,4698.0,4454.910805947798,5187.217202573779,5502.956228215175,5117.480480804189,3892.2953195247032,5502.956228215175
nrc_groeneveld_24579pt__11143,1770.0,1832.2774661295373,1928.1715602962079,1933.811751980317,1759.821100835083,1732.8960886827763,1933.811751980317
nrc_groeneveld_24579pt__11144,1450.0,1362.5687759242799,1418.3200360345454,1441.7755980125137,1505.2418082422141,1357.654694093405,1441.7755980125137
nrc_groeneveld_24579pt__11145,1019.0,976.8385843590196,1059.6570542468023,1073.139091429245,1263.4688708908252,1019.7811522751041,1073.139091429245
nrc_groeneveld_24579pt__11146,2960.0,2869.8656354217333,2803.702657015872,2675.448624227023,2340.1301818548013,2819.6366439036697,2675.448624227023
nrc_groeneveld_24579pt__11147,2660.0,2681.3683746760566,2701.3882970589984,2600.9426504047437,2231.0433486076986,2638.4474585896405,2600.9426504047437
nrc_groeneveld_24579pt__11148,2280.0,2194.563112491621,2228.4537971053796,2264.4025983623183,1942.677220406272,2156.8804724213687,2264.4025983623183
nrc_groeneveld_24579pt__11149,1860.0,1860.004748984175,1828.9785802768984,1885.10854132525,1741.1546294079537,1835.3837432456578,1885.10854132525
nrc_groeneveld_24579pt__11150,1450.0,1431.6768305343219,1403.3325462337343,1405.0793764742511,1473.5743602168707,1419.8679985050835,1405.0793764742511
nrc_groeneveld_24579pt__11151,1150.0,1148.6017423927055,1192.0629448100335,1163.2945512898516,1276.1637478024136,1129.0080029261087,1163.2945512898516
nrc_groeneveld_24579pt__11152,971.0,810.1511315012953,796.8124257583185,851.7321068471438,858.8213354880446,866.5684325212613,851.7321068471438
nrc_groeneveld_24579pt__11153,921.0,782.2089523363669,784.8150220723719,806.3802655774855,846.0360470075167,840.9702240746468,806.3802655774855
nrc_groeneveld_24579pt__11154,874.0,740.6466164094633,771.0710749514824,795.9182900789114,826.3584621326429,802.8340710009861,795.9182900789114
nrc_groeneveld_24579pt__11155,824.0,706.7839771110092,761.5690749895737,749.6137482510295,809.7054485884386,771.7253346165546,749.6137482510295
nrc_groeneveld_24579pt__11156,780.0,669.2293147708515,698.1938049787977,668.8514806366146,790.542566883161,737.2053926235153,668.8514806366146
nrc_groeneveld_24579pt__11157,730.0,638.6319011164169,725.9679360045183,640.1554992980946,774.3568769804255,709.0809568319856,640.1554992980946
nrc_groeneveld_24579pt__11158,688.0,592.6928906988843,672.3490183993632,552.6598905285922,746.5875455517656,662.9621990440517,552.6598905285922
nrc_groeneveld_24579pt__11159,629.0,568.3747754394668,685.0515668682995,557.763543165033,731.0490196297199,638.296921781797,557.763543165033
nrc_groeneveld_24579pt__11160,571.0,554.6526482815177,660.3473543099788,550.8978971271604,722.0984449125691,624.4516147298932,550.8978971271604
nrc_groeneveld_24579pt__11161,530.0,499.49803623493176,593.3639807251732,498.2597956321204,684.7179565237169,569.4031782562312,498.2597956321204
nrc_groeneveld_24579pt__11162,486.0,448.2602570406968,531.2676591958333,480.6863173280587,647.794639020306,519.2770041894272,480.6863173280587
nrc_groeneveld_24579pt__11163,418.0,420.9503127127189,471.8204513672687,441.1823862305553,626.0353829227749,491.6403491263099,441.1823862305553
nrc_groeneveld_24579pt__11164,395.0,394.9580654790976,485.27556535020824,442.14171942890596,602.7589725868434,463.5960424711798,442.14171942890596
nrc_groeneveld_24579pt__11165,1329.0,1227.8118856435838,1132.397263316701,1138.6892879760512,1099.9702531348191,1330.4793165577892,1138.6892879760512
nrc_groeneveld_24579pt__11166,1249.0,1182.313707185552,1135.7750474052964,1090.7232217496735,1084.5704930041054,1290.1053141485893,1090.7232217496735
nrc_groeneveld_24579pt__11167,1178.0,1122.4937985721633,1133.5658074354774,1096.6298665984866,1063.5392545269965,1236.3881250639681,1096.6298665984866
nrc_groeneveld_24579pt__11168,1018.0,1076.1954093724778,1087.6543315909278,1093.2499132659018,1046.4640840436198,1193.962905652247,1093.2499132659018
nrc_groeneveld_24579pt__11169,1096.0,1096.3128574121245,1117.9674026671782,1094.4773062868285,1054.037656728942,1212.6505996352987,1094.4773062868285
nrc_groeneveld_24579pt__11170,946.0,982.6118904893825,1059.5144697954693,1074.344440156858,1008.997734687637,1104.4846782645673,1074.344440156858
nrc_groeneveld_24579pt__11171,885.0,895.0380482439755,911.8209673539181,969.3496857647588,966.8146772499446,1009.4891179985797,969.3496857647588
nrc_groeneveld_24579pt__11172,833.0,789.2184356795606,803.5643461890244,872.678319570515,906.4566146273236,883.6565884247036,872.678319570515
nrc_groeneveld_24579pt__11173,766.0,703.6788521361765,720.8450079159505,820.6728575938796,853.7172183637251,782.9638689724287,820.6728575938796
nrc_groeneveld_24579pt__11174,679.0,660.7731100562451,662.9440332985821,806.1347445109795,825.7849342508613,732.9859569269395,806.1347445109795
nrc_groeneveld_24579pt__11175,597.0,615.9080125045009,609.3089355705405,736.1234738138269,795.4226422496325,681.2157639744368,736.1234738138269
nrc_groeneveld_24579pt__11176,507.0,571.9685666269087,600.5125927267501,646.8819401724315,764.4592515779781,631.0946721573924,646.8819401724315
nrc_groeneveld_24579pt__11177,464.0,523.3590421972934,590.4313543834489,598.4306784782042,728.6685831367006,576.4437648885626,598.4306784782042
nrc_groeneveld_24579pt__11178,1653.0,1641.0958379988158,1458.03767728427,1476.1804216766661,1238.056321072666,1669.273408899319,1476.1804216766661
nrc_groeneveld_24579pt__11179,1557.0,1587.9853424808405,1435.7897775565186,1471.483040988222,1216.2702616992226,1609.068807276755,1471.483040988222
nrc_groeneveld_24579pt__11180,1472.0,1483.6532455351485,1367.1068758775955,1430.0758957970424,1175.6381215791587,1500.1381355459903,1430.0758957970424
nrc_groeneveld_24579pt__11181,1381.0,1397.1441725588986,1243.9386525851278,1320.106669921019,1140.4008677568715,1409.1641103835539,1320.106669921019
nrc_groeneveld_24579pt__11182,1267.0,1397.1441725588986,1243.9386525851278,1320.106669921019,1140.4008677568715,1409.1641103835539,1320.106669921019
nrc_groeneveld_24579pt__11183,1167.0,1352.685016638873,1210.967221703954,1309.3000677387324,1124.1658858673861,1368.3353582422235,1309.3000677387324
nrc_groeneveld_24579pt__11184,1076.0,1170.704960187497,1046.5961247376458,1157.4224351123767,1060.654585443233,1215.1185192960227,1157.4224351123767
nrc_groeneveld_24579pt__11185,979.0,1100.1755812758306,981.7528070995261,1130.2643308545712,1034.1718713436733,1154.2664942165454,1130.2643308545712
nrc_groeneveld_24579pt__11186,881.0,986.818884016001,914.6557065038174,1043.8091408794996,988.9475797949344,1054.4396921135572,1043.8091408794996
nrc_groeneveld_24579pt__11187,800.0,818.9946799199646,789.2240617411264,875.943244060253,914.8752152978508,901.9738970955913,875.943244060253
nrc_groeneveld_24579pt__11188,691.0,715.8344421053729,728.7152489252841,781.153258947665,864.1851223801018,805.4455210739138,781.153258947665
nrc_groeneveld_24579pt__11189,582.0,622.5830854290925,643.0337917702552,746.3589087027194,815.8892290848784,719.3169444982822,746.3589087027194
nrc_groeneveld_24579pt__11190,516.0,550.0334430506266,621.2618388609029,706.7898000284601,775.1630300628018,651.0847787673592,706.7898000284601
nrc_groeneveld_24579pt__11191,1991.0,1821.7599303393229,1612.9406687483668,1547.8142121184655,1332.9685145530852,1862.3154317294627,1547.8142121184655
nrc_groeneveld_24579pt__11192,1829.0,1779.4930559919183,1606.1645735555671,1543.5533385318747,1315.4452417921946,1820.2263225445129,1543.5533385318747
nrc_groeneveld_24579pt__11193,1697.0,1612.4191091319287,1566.400163726905,1478.8888074545948,1243.8692858109612,1651.6048239939919,1478.8888074545948
nrc_groeneveld_24579pt__11194,1536.0,1597.3496733103461,1554.560347917616,1478.155738373076,1237.223423820042,1636.2257120731633,1478.155738373076
nrc_groeneveld_24579pt__11195,1376.0,1455.1858205737408,1298.9718727976706,1430.3120300446665,1176.24639937618,1497.5341221627014,1430.3120300446665
nrc_groeneveld_24579pt__11196,1224.0,1304.3889883006132,1207.7541879676003,1299.2221642057946,1117.1271157212068,1367.2698800653238,1299.2221642057946
nrc_groeneveld_24579pt__11197,1114.0,1053.7486338296908,1069.4778009597878,1101.4276678500855,1003.9858225780172,1130.3815561213682,1101.4276678500855
nrc_groeneveld_24579pt__11198,961.0,936.89217525742,992.8262714869152,1033.3530618435311,936.8221517106192,997.7568161884294,1033.3530618435311
nrc_groeneveld_24579pt__11199,781.0,803.5671554083276,825.968303867705,847.0720120843631,857.0339796599673,848.2794285828667,847.0720120843631
nrc_groeneveld_24579pt__11200,718.0,713.7166299824551,717.911761266348,775.1794226560019,797.7184790328096,744.8295623200919,775.1794226560019
nrc_groeneveld_24579pt__11201,596.0,414.16013437594563,280.7838973785828,263.07209612506864,419.2368046712622,422.1086490130745,263.07209612506864
nrc_groeneveld_24579pt__11202,571.0,407.85526834315124,311.6429760383177,261.8209469580613,413.5221686032447,408.2400798448729,261.8209469580613
nrc_groeneveld_24579pt__11203,551.0,396.9000647925255,293.99337346492285,267.8347704117666,404.3090768640187,387.1695945439806,267.8347704117666
nrc_groeneveld_24579pt__11204,530.0,381.1230393672902,307.7890949898657,281.63557435708043,394.4514929220049,366.22207041557954,281.63557435708043
nrc_groeneveld_24579pt__11205,517.0,379.14828793572167,311.4376828795923,286.045871594165,393.2891211025596,363.85141904452183,286.045871594165
nrc_groeneveld_24579pt__11206,508.0,365.6085736010659,357.4205404010641,302.580432684213,385.13714080029575,347.78905767671546,302.580432684213
nrc_groeneveld_24579pt__11207,488.0,386.10503327053874,274.57161612802224,268.78538414625064,397.35607173845665,372.2338832822396,268.78538414625064
nrc_groeneveld_24579pt__11208,473.0,379.14828793572167,311.4376828795923,286.045871594165,393.2891211025596,363.85141904452183,286.045871594165
nrc_groeneveld_24579pt__11209,466.0,363.71420884339904,366.50380970021325,302.580432684213,383.9716519066315,345.5688907441934,302.580432684213
nrc_groeneveld_24579pt__11210,452.0,363.71420884339904,366.50380970021325,302.580432684213,383.9716519066315,345.5688907441934,302.580432684213
nrc_groeneveld_24579pt__11211,441.0,350.7256588646894,389.2463607948728,289.4941187240291,375.8118343891887,330.5308700144689,289.4941187240291
nrc_groeneveld_24579pt__11212,425.0,363.71420884339904,366.50380970021325,302.580432684213,383.9716519066315,345.5688907441934,302.580432684213
nrc_groeneveld_24579pt__11213,414.0,357.1608958649454,384.1857061241191,298.2154673786753,379.8916689318573,337.9409865735525,298.2154673786753
nrc_groeneveld_24579pt__11214,402.0,348.0033172790511,389.1354995177695,289.36503719137784,374.0636901079557,327.42043690762966,289.36503719137784
nrc_groeneveld_24579pt__11215,384.0,357.1608958649454,384.1857061241191,298.2154673786753,379.8916689318573,337.9409865735525,298.2154673786753
nrc_groeneveld_24579pt__11216,375.0,341.4114931451866,389.34012880088045,290.90040184128463,367.07835646978026,315.3604714156541,290.90040184128463
nrc_groeneveld_24579pt__11217,359.0,346.83275857006583,389.22118558697645,289.36503719137784,372.8982902735549,325.3682803466049,289.36503719137784
nrc_groeneveld_24579pt__11218,344.0,343.02891440731776,394.6109139492067,289.36503719137784,368.82320555826755,318.31902442698487,289.36503719137784
nrc_groeneveld_24579pt__11219,331.0,341.4114931451866,389.34012880088045,290.90040184128463,367.07835646978026,315.3604714156541,290.90040184128463
nrc_groeneveld_24579pt__11220,304.0,357.1608958649454,384.1857061241191,298.2154673786753,379.8916689318573,337.9409865735525,298.2154673786753
nrc_groeneveld_24579pt__11221,291.0,354.38860380418026,384.6333997943298,298.2154673786753,378.14275280367485,334.73887066433247,298.2154673786753
nrc_groeneveld_24579pt__11222,264.0,388.11601813173354,276.1225811731119,268.78538414625064,398.5165733133706,374.6730336218603,268.78538414625064
nrc_groeneveld_24579pt__11223,241.0,396.9000647925255,293.99337346492285,267.8347704117666,404.3090768640187,387.1695945439806,267.8347704117666
nrc_groeneveld_24579pt__11224,231.0,388.11601813173354,276.1225811731119,268.78538414625064,398.5165733133706,374.6730336218603,268.78538414625064
nrc_groeneveld_24579pt__11225,205.0,396.9000647925255,293.99337346492285,267.8347704117666,404.3090768640187,387.1695945439806,267.8347704117666
nrc_groeneveld_24579pt__11226,195.0,370.38776429937684,357.5553900831699,294.1181178476172,388.0500911875069,353.4200562608739,294.1181178476172
nrc_groeneveld_24579pt__11227,180.0,352.55237421319157,390.80427678207,298.2154673786753,376.9764920630612,332.6261387942317,298.2154673786753
nrc_groeneveld_24579pt__11228,842.0,554.5106240039311,602.8156832130554,615.1286289364418,542.888349718379,630.8579984255699,615.1286289364418
nrc_groeneveld_24579pt__11229,807.0,526.9233673137786,587.5592368228786,596.1481072021033,532.663449275425,597.8272998485248,596.1481072021033
nrc_groeneveld_24579pt__11230,768.0,528.8475393835382,588.4907979090169,605.7387417021029,533.3982568334616,600.1284433780097,605.7387417021029
nrc_groeneveld_24579pt__11231,728.0,521.1927550411086,581.4300848652682,596.1481072021033,530.4552213958549,590.9768161850735,596.1481072021033
nrc_groeneveld_24579pt__11232,691.0,491.7757732559337,510.9247698542967,559.6783079437837,518.5960971253073,555.7589441586524,559.6783079437837
nrc_groeneveld_24579pt__11233,657.0,468.2456640152872,461.5468023796548,480.33921466350756,507.3709200845243,524.6969616144092,480.33921466350756
nrc_groeneveld_24579pt__11234,618.0,472.50771048374355,463.8326483328547,514.0710033808073,509.62297497757794,530.7619647696706,514.0710033808073
nrc_groeneveld_24579pt__11235,578.0,454.71011594291735,391.5536144922527,472.2631671007831,499.8441789159956,504.99972104458374,472.2631671007831
nrc_groeneveld_24579pt__11236,541.0,439.7319275936312,348.43030634236584,414.0356295355108,491.5357142444553,484.23381809513006,414.0356295355108
nrc_groeneveld_24579pt__11237,505.0,423.9542208045866,342.001487826957,395.55969273551705,482.4493760424872,462.6206483322389,395.55969273551705
nrc_groeneveld_24579pt__11238,472.0,396.8559752977373,346.23056643206735,338.5636378159902,461.2304759822728,416.18759168223835,338.5636378159902
nrc_groeneveld_24579pt__11239,423.0,396.8559752977373,346.23056643206735,338.5636378159902,461.2304759822728,416.18759168223835,338.5636378159902
nrc_groeneveld_24579pt__11240,387.0,379.926419441743,393.1338305495645,396.9153293501871,448.3857139631394,390.55736638696715,396.9153293501871
nrc_groeneveld_24579pt__11241,331.0,383.23253875541064,392.63788196412844,396.9153293501871,450.64878156846777,394.94647134506397,396.9153293501871
nrc_groeneveld_24579pt__11242,276.0,377.73820049363087,395.95957358606216,420.1244350011047,446.8792107376585,387.6624574428436,420.1244350011047
nrc_groeneveld_24579pt__11243,245.0,377.73820049363087,395.95957358606216,420.1244350011047,446.8792107376585,387.6624574428436,420.1244350011047
nrc_groeneveld_24579pt__11244,964.0,720.6802151175883,725.2838537642924,739.5301965369272,645.204114010786,835.1573827049068,739.5301965369272
nrc_groeneveld_24579pt__11245,919.0,697.0589798985782,721.9854492807527,741.0868230204421,634.6906927251658,798.6291765986191,741.0868230204421
nrc_groeneveld_24579pt__11246,829.0,629.3357776221568,647.4491888393885,706.3205856715887,605.2460663646484,706.0171920158886,706.3205856715887
nrc_groeneveld_24579pt__11247,775.0,598.9941669269131,624.1929831783903,695.8561770334397,592.6582691756186,669.1551981975817,695.8561770334397
nrc_groeneveld_24579pt__11248,735.0,576.2216723078203,579.5126221979665,663.4272798064509,581.9911639892595,639.3921330525969,663.4272798064509
nrc_groeneveld_24579pt__11249,683.0,553.08043617094,551.0288754619609,536.237742378835,571.0295238772361,608.536235823912,536.237742378835
nrc_groeneveld_24579pt__11250,641.0,513.632576447274,453.58367815979534,471.37986061660536,550.6005885080311,557.6645355191494,471.37986061660536
nrc_groeneveld_24579pt__11251,584.0,497.5996911229942,404.65780871901813,422.976852931235,541.8823762963345,537.1759043143885,422.976852931235
nrc_groeneveld_24579pt__11252,529.0,483.768868146807,377.67418514668526,384.9107847187313,534.1588349361919,519.6008108674454,384.9107847187313
nrc_groeneveld_24579pt__11253,477.0,442.97690867326196,345.55918410822153,367.23282967756666,510.2241336739472,468.3767239471824,367.23282967756666
nrc_groeneveld_24579pt__11254,421.0,429.39980439363427,357.188474242131,378.1149305119789,499.8108814385965,447.52969989080793,378.1149305119789
nrc_groeneveld_24579pt__11255,346.0,415.4933694573346,356.175894327869,373.31264500492534,490.418154315201,429.4289124520028,373.31264500492534
nrc_groeneveld_24579pt__11256,300.0,412.945327125275,357.1858498438149,369.94306681171633,488.5485681099248,425.9034156161633,369.94306681171633
nrc_groeneveld_24579pt__11257,1294.0,935.4751807471497,1095.888678597563,1079.2647909691052,873.6457371831904,1255.3398630823838,1079.2647909691052
nrc_groeneveld_24579pt__11258,1236.0,900.7875361491864,1073.3081611365533,1042.2182347787073,843.9729929707715,1169.0878388845956,1042.2182347787073
nrc_groeneveld_24579pt__11259,1173.0,850.207383731672,1017.3698407028436,1019.2787711339719,799.2382383734101,1046.257950463552,1019.2787711339719
nrc_groeneveld_24579pt__11260,1101.0,840.8110891006262,1016.9820170916008,1002.2860871594416,790.7408402931102,1023.8819118053113,1002.2860871594416
nrc_groeneveld_24579pt__11261,1028.0,813.2407011801323,949.395478140602,1001.0908956028788,765.4846355258529,959.1237381008233,1001.0908956028788
nrc_groeneveld_24579pt__11262,994.0,741.0922236158453,865.0474148430794,884.2995480794715,699.1259166579188,799.5263709049541,884.2995480794715
nrc_groeneveld_24579pt__11263,898.0,745.7258154986899,868.3994672818084,884.2995480794715,702.3382694454623,806.7324339850225,884.2995480794715
nrc_groeneveld_24579pt__11264,838.0,684.8530055234409,748.3123441018099,810.3785218201264,661.258532221713,717.4750747889586,810.3785218201264
nrc_groeneveld_24579pt__11265,741.0,761.2096909400434,872.2656641616875,910.8877531884846,715.273953936843,836.1385823834023,910.8877531884846
nrc_groeneveld_24579pt__11266,662.0,640.6932160160516,654.3125495023705,629.2885238799561,630.7167865172121,655.0983020349223,629.2885238799561
nrc_groeneveld_24579pt__11267,586.0,592.489426012328,564.5977317147597,558.2114633211798,601.1446441533965,597.8626769136498,558.2114633211798
nrc_groeneveld_24579pt__11268,483.0,550.8372439061379,513.1521183709146,515.675394462003,575.3886339313784,550.4950264318286,515.675394462003
nrc_groeneveld_24579pt__11269,451.0,490.57114010991387,511.88798302641106,498.38219908698545,532.9926362698848,477.447621956497,498.38219908698545
nrc_groeneveld_24579pt__11270,594.0,433.7680111681797,278.8546123312022,310.7249151076367,454.5422885170509,438.882217447911,310.7249151076367
nrc_groeneveld_24579pt__11271,566.0,419.42362599583373,287.91573605060296,293.73699931283977,446.97276927504305,422.804468497847,293.73699931283977
nrc_groeneveld_24579pt__11272,533.0,413.0612186286388,268.98669127298393,292.31992862874563,443.5347922652868,415.7330411022099,292.31992862874563
nrc_groeneveld_24579pt__11273,508.0,394.5472461510964,263.5923364302898,288.6247419703338,433.2384356567013,395.37506291350354,288.6247419703338
nrc_groeneveld_24579pt__11274,477.0,383.14537137508955,323.49373811491233,297.34251750422266,426.3968385635853,382.4920452935568,297.34251750422266
nrc_groeneveld_24579pt__11275,445.0,382.1514672763563,321.0233504059142,297.34251750422266,425.7138119018463,381.233133464966,297.34251750422266
nrc_groeneveld_24579pt__11276,419.0,359.0560788820652,393.65540480342264,368.10719848258344,409.41102391095336,352.55623631605164,368.10719848258344
nrc_groeneveld_24579pt__11277,389.0,339.9955181389244,419.0091170591652,391.2444733427062,395.3210595544861,329.75232130678324,391.2444733427062
nrc_groeneveld_24579pt__11278,354.0,333.87444732820074,443.5367176947878,405.108736121731,388.68216223545585,319.5938957053245,405.108736121731
nrc_groeneveld_24579pt__11279,310.0,339.9955181389244,419.0091170591652,391.2444733427062,395.3210595544861,329.75232130678324,391.2444733427062
nrc_groeneveld_24579pt__11280,804.0,551.3835449051359,691.801251513612,661.6846620218707,557.2367810378591,586.8461487420451,661.6846620218707
nrc_groeneveld_24579pt__11281,757.0,548.7531629295264,693.0216471587962,661.6846620218707,556.3553128222817,584.5432117387162,661.6846620218707
nrc_groeneveld_24579pt__11282,726.0,480.9364767448421,529.5268894972068,538.4983721960073,531.7093915854028,523.7493580634149,538.4983721960073
nrc_groeneveld_24579pt__11283,672.0,489.25433575216897,633.8207137973602,594.1771085970714,535.224102650231,532.0092664190465,594.1771085970714
nrc_groeneveld_24579pt__11284,626.0,498.6962274688195,651.7937648060846,592.8870274766389,538.5643482508164,540.7045125166286,592.8870274766389
nrc_groeneveld_24579pt__11285,587.0,437.31813293034077,486.7276027782005,417.2715744995195,508.8624161116486,473.6393178386592,417.2715744995195
nrc_groeneveld_24579pt__11286,544.0,417.7788445957511,337.53081153289486,363.8731028614065,496.6574176046536,449.0471905483766,363.8731028614065
nrc_groeneveld_24579pt__11287,453.0,377.12111183913464,405.1822798882084,396.2301301759545,466.89229776967306,392.9904571472754,396.2301301759545
nrc_groeneveld_24579pt__11288,409.0,363.22440901084553,401.0574468681356,402.85841067059556,456.0398031098227,374.2694699216392,402.85841067059556
nrc_groeneveld_24579pt__11289,372.0,352.8840974500097,411.13433726084673,401.37714299989085,447.7773744777352,360.5873768486157,401.37714299989085
nrc_groeneveld_24579pt__11290,336.0,344.3740539786911,416.71759450391835,408.0223186599271,437.9681200293251,344.95691286243533,408.0223186599271
nrc_groeneveld_24579pt__11291,295.0,349.48664589245607,412.3859779007762,399.4155136963044,444.4944719103701,355.28345807636583,399.4155136963044
nrc_groeneveld_24579pt__11292,260.0,349.48664589245607,412.3859779007762,399.4155136963044,444.4944719103701,355.28345807636583,399.4155136963044
nrc_groeneveld_24579pt__11293,776.0,652.9247644137866,622.7197051438991,753.8449903926374,620.1616398089197,681.8328353610117,753.8449903926374
nrc_groeneveld_24579pt__11294,743.0,650.2987881294732,614.730161570642,744.9788376499589,619.0418780971828,678.9311487219389,744.9788376499589
nrc_groeneveld_24579pt__11295,714.0,634.7632375707931,603.0897604355577,735.09937339287,612.3294538065285,661.7690594395236,735.09937339287
nrc_groeneveld_24579pt__11296,719.0,616.4096557634138,601.2201531121748,672.0214728741612,604.5270429876689,642.2770825142159,672.0214728741612
nrc_groeneveld_24579pt__11297,694.0,577.865401460642,580.6898727676705,612.7392423495602,590.1268930540027,607.556086344402,612.7392423495602
nrc_groeneveld_24579pt__11298,662.0,563.6908994127922,562.3616794892641,606.1236991266924,584.619975843292,594.7011009102666,606.1236991266924
nrc_groeneveld_24579pt__11299,659.0,577.865401460642,580.6898727676705,612.7392423495602,590.1268930540027,607.556086344402,612.7392423495602
nrc_groeneveld_24579pt__11300,625.0,566.4977081808369,572.2517884909265,606.1236991266924,585.7204642398369,597.2502895510895,606.1236991266924
nrc_groeneveld_24579pt__11301,598.0,531.07446079673,505.3614518675645,568.1540855658077,571.4918647122905,564.9464682304205,568.1540855658077
nrc_groeneveld_24579pt__11302,602.0,533.6133516425132,494.86132763299946,539.0980064060433,572.8461378701346,567.2227562241952,539.0980064060433
nrc_groeneveld_24579pt__11303,566.0,518.0476971021109,484.6596269860852,536.4087856367895,566.0600119923271,552.9954042448869,536.4087856367895
nrc_groeneveld_24579pt__11304,573.0,490.66485198802883,434.73360025923574,451.4246342480819,553.2142366865811,525.2532518355875,451.4246342480819
nrc_groeneveld_24579pt__11305,547.0,465.01234852681694,426.211955718344,430.99959990950066,540.3964657693464,499.0146712303648,430.99959990950066
nrc_groeneveld_24579pt__11306,531.0,499.1744988107289,493.11436103397074,523.602933519968,557.1888535280839,534.6207370942476,523.602933519968
nrc_groeneveld_24579pt__11307,491.0,499.1744988107289,493.11436103397074,523.602933519968,557.1888535280839,534.6207370942476,523.602933519968
nrc_groeneveld_24579pt__11308,518.0,438.824285109543,407.571328169355,432.1223504359936,526.7400604314258,472.00189360805064,432.1223504359936
nrc_groeneveld_24579pt__11309,467.0,460.77092246129996,447.22454131849355,449.89307396006257,538.2048802755817,494.89054995399704,449.89307396006257
nrc_groeneveld_24579pt__11310,459.0,472.85343429793613,458.85083632286677,476.4973871702955,544.233980357498,508.19830210975533,476.4973871702955
nrc_groeneveld_24579pt__11311,422.0,444.03023262075976,408.0551523852959,432.9836257044721,529.4914626583893,479.0008365990671,432.9836257044721
nrc_groeneveld_24579pt__11312,434.0,428.72394934926837,426.6062142158696,435.0817241017626,521.3331253355906,462.6242635593714,435.0817241017626
nrc_groeneveld_24579pt__11313,382.0,436.0208441089399,399.4208867960623,434.7247765348576,525.2827866137189,471.12706229697136,434.7247765348576
nrc_groeneveld_24579pt__11314,337.0,424.47001800299273,406.1795555851166,438.59308766775547,519.1026513129299,459.33178755500154,438.59308766775547
nrc_groeneveld_24579pt__11315,339.0,424.7032859439378,411.0167834531233,437.9373418515752,519.187429141299,459.0057930502417,437.9373418515752
nrc_groeneveld_24579pt__11316,310.0,399.4147794671199,385.4543438549951,379.2648854470317,504.88027649353944,432.6687869570129,379.2648854470317
nrc_groeneveld_24579pt__11317,862.0,822.4446189624415,841.8823115659968,874.450598529422,707.1081582866582,868.5794848228281,874.450598529422
nrc_groeneveld_24579pt__11318,836.0,748.7780035026212,782.3990545251725,841.1985945321564,675.8799550904143,787.1997469130939,841.1985945321564
nrc_groeneveld_24579pt__11319,793.0,758.2737537416834,793.4246731799079,836.5005258015415,679.8563395801771,797.6523070200739,836.5005258015415
nrc_groeneveld_24579pt__11320,768.0,703.053455983974,737.8048530286787,793.6372237396265,656.1325667523463,736.798079158355,793.6372237396265
nrc_groeneveld_24579pt__11321,731.0,679.8198236754769,725.4889178715903,790.372088339481,645.7033299229096,711.1582899648182,790.372088339481
nrc_groeneveld_24579pt__11322,714.0,605.6882859349263,615.6029775526287,639.974009355329,616.1649789591678,642.0597489138681,639.974009355329
nrc_groeneveld_24579pt__11323,664.0,599.3304944087993,604.8459910457059,605.4244163478743,612.8732787615273,635.7583905469619,605.4244163478743
nrc_groeneveld_24579pt__11324,625.0,577.0322425293725,588.6972637560688,570.0817738029868,602.4231505882013,613.2046728697301,570.0817738029868
nrc_groeneveld_24579pt__11325,507.0,551.8313893331513,559.0289989638405,551.8411042763709,590.8768973581948,587.1224583426434,551.8411042763709
nrc_groeneveld_24579pt__11326,462.0,519.214250948581,518.4314336585253,499.4601864229963,573.8797784429462,553.3214720683909,499.4601864229963
nrc_groeneveld_24579pt__11327,361.0,493.2047507548872,425.6151148707695,432.17535041709584,557.8142393424259,521.9669114627227,432.17535041709584
nrc_groeneveld_24579pt__11328,305.0,500.9661980206732,483.0113981685178,439.5955316209033,562.828243513516,531.4633086604042,439.5955316209033
nrc_groeneveld_24579pt__11329,793.0,588.7480075955136,548.8836098208385,578.8253706504202,597.7889370334656,600.8867981631047,578.8253706504202
nrc_groeneveld_24579pt__11330,740.0,584.6469208142155,536.5973203971637,573.4582309796245,594.3689133915584,595.2537226924912,573.4582309796245
nrc_groeneveld_24579pt__11331,691.0,558.874522221589,502.61746457114486,532.0839532398069,577.7997701172995,564.1474221867567,532.0839532398069
nrc_groeneveld_24579pt__11332,660.0,590.512070445583,555.1911506551976,597.4767346663873,597.5190188452082,601.968641285285,597.4767346663873
nrc_groeneveld_24579pt__11333,630.0,591.3816742179191,563.8550719256997,595.3334544193578,597.5862976860901,602.8483831722206,595.3334544193578
nrc_groeneveld_24579pt__11334,590.0,584.8629013364736,539.2445746483274,570.5220340775841,593.5955820616825,594.9086665403686,570.5220340775841
nrc_groeneveld_24579pt__11335,568.0,535.8696016534716,464.44545240973224,499.2879423119509,564.0529827632716,537.5062492611063,499.2879423119509
nrc_groeneveld_24579pt__11336,521.0,537.9031675131662,466.90722835863227,499.2879423119509,565.3487337729347,539.8989401335898,499.2879423119509
nrc_groeneveld_24579pt__11337,481.0,479.82502334144533,446.73348058816373,464.02205756297246,527.0780575541443,472.1316578369759,464.02205756297246
nrc_groeneveld_24579pt__11338,423.0,482.8029470567711,444.4395874341265,462.18136422247744,528.9609843620947,475.4616935264422,462.18136422247744
nrc_groeneveld_24579pt__11339,381.0,467.4307584872897,446.4450481343267,461.23152239670827,517.7020182367785,456.49274678268904,461.23152239670827
nrc_groeneveld_24579pt__11340,2962.0,1925.8755585465528,1799.5080350793658,2226.068527540778,2679.0432127184395,1995.258076860986,2226.068527540778
nrc_groeneveld_24579pt__11341,2753.0,1913.527547026259,1804.4385989180778,2226.068527540778,2660.9568751142683,1977.7829036267042,2226.068527540778
nrc_groeneveld_24579pt__11342,2573.0,1870.3299400122587,2364.5752560051783,2150.9110435651196,2599.2066677726357,1918.5417909810212,2150.9110435651196
nrc_groeneveld_24579pt__11343,2436.0,1788.6443974861852,2449.814561119722,2095.760044238169,2482.4154061145355,1808.3292682984336,2095.760044238169
nrc_groeneveld_24579pt__11344,2331.0,1634.6906559105241,2336.8464038625916,1969.686064132414,2315.346849239868,1654.897976956089,1969.686064132414
nrc_groeneveld_24579pt__11345,2134.0,1603.4272971033308,2330.4433407801566,1863.662216958545,2283.0067028743074,1625.7886026088054,1863.662216958545
nrc_groeneveld_24579pt__11346,1909.0,1586.3178576396635,2308.659164157157,1863.662216958545,2265.107251028312,1609.7637681347387,1863.662216958545
nrc_groeneveld_24579pt__11347,1725.0,1487.4276677483476,1846.9822931517347,1710.630571644158,2158.9618520520057,1515.9900581004472,1710.630571644158
nrc_groeneveld_24579pt__11348,1501.0,1449.6198006904813,1820.2893313707589,1623.7372663826725,2117.1906004327925,1479.6976957576728,1623.7372663826725
nrc_groeneveld_24579pt__11349,1326.0,1359.8707305878747,1683.662646385141,1546.6720790969848,2011.4201153063225,1389.422728917127,1546.6720790969848
nrc_groeneveld_24579pt__11350,1165.0,1251.3285373015035,1544.6325054922404,1458.4215771134811,1870.55543201487,1273.0314983302594,1458.4215771134811
nrc_groeneveld_24579pt__11351,981.0,1144.072479234531,1305.910243120333,1302.9126767973635,1725.360962114536,1158.1219285230802,1302.9126767973635
nrc_groeneveld_24579pt__11352,3375.0,2416.0239775330037,2810.716390830679,2728.0054218334185,2941.1499112181787,2180.0398367434295,2728.0054218334185
nrc_groeneveld_24579pt__11353,3005.0,2419.813100459999,2808.8446219692264,2728.0054218334185,2946.124270776913,2184.7698271813115,2728.0054218334185
nrc_groeneveld_24579pt__11354,2593.0,2461.8877215844986,2793.755606818416,2796.43678565584,3000.944161730926,2236.904396560563,2796.43678565584
nrc_groeneveld_24579pt__11355,2315.0,2385.923813956564,2760.358187980799,2820.5609211316414,2901.3866761983872,2142.2715257958666,2820.5609211316414
nrc_groeneveld_24579pt__11356,2136.0,2228.155871723088,2316.7313712782993,2339.6214557569224,2708.7863529647047,1960.1836274977056,2339.6214557569224
nrc_groeneveld_24579pt__11357,1889.0,2003.7740430978272,2195.762174173574,2116.9048821434603,2546.3156719809854,1807.8845202526443,2116.9048821434603
nrc_groeneveld_24579pt__11358,1636.0,1741.8904133114154,1884.0781725375305,1944.548298155213,2338.376152181206,1615.960442416699,1944.548298155213
nrc_groeneveld_24579pt__11359,1423.0,1533.2036253570343,1676.0849466917318,1659.973032441763,2158.6613451980616,1453.5859568057276,1659.973032441763
nrc_groeneveld_24579pt__11360,1165.0,1255.6228431264285,1415.6462289656336,1337.1296562633056,1926.373190216773,1250.0336341251084,1337.1296562633056
nrc_groeneveld_24579pt__11361,939.0,962.3268351714908,1114.3616345630555,972.3408094465577,1643.7091499893882,1015.068431886525,972.3408094465577
nrc_groeneveld_24579pt__11362,4244.0,3717.144556845713,3640.5794560959866,3620.658309220675,4149.777972351161,3294.3370077844284,3620.658309220675
nrc_groeneveld_24579pt__11363,4128.0,3444.064559751774,3659.1925933696566,3619.807449304121,3792.88216092612,3001.563089020747,3619.807449304121
nrc_groeneveld_24579pt__11364,3826.0,3295.3169051063946,3668.1133597329226,3619.807449304121,3610.442508475883,2843.6187157358895,3619.807449304121
nrc_groeneveld_24579pt__11365,3605.0,3063.096993831139,3589.757237572965,3542.920673477091,3308.783412550318,2573.4382641223706,3542.920673477091
nrc_groeneveld_24579pt__11366,3341.0,2917.4480016941006,3406.9844259669103,3422.533407577954,3110.879439306264,2391.5872119939063,3422.533407577954
nrc_groeneveld_24579pt__11367,2884.0,2903.6153856003198,3142.4667801642204,3356.21816044258,3079.7411817802663,2365.9151432164613,3356.21816044258
nrc_groeneveld_24579pt__11368,2620.0,2689.7666962597727,2941.993853545466,3133.303831651289,2827.2399155112685,2130.032119621655,3133.303831651289
nrc_groeneveld_24579pt__11369,2373.0,2296.269064852065,2759.969375903721,2672.953325879367,2547.6385993655012,1866.7056265796505,2672.953325879367
nrc_groeneveld_24579pt__11370,2071.0,2026.5585138439103,2449.587198085,2420.1873611661576,2343.9291065000807,1675.0804534745223,2420.1873611661576
nrc_groeneveld_24579pt__11371,1687.0,1676.6252480399492,2093.9397694989193,1961.2359676064589,2132.5764595405735,1478.5204836046657,1961.2359676064589
nrc_groeneveld_24579pt__11372,1351.0,1295.648384716514,1679.6641896569179,1572.1353166409247,1885.2282633043426,1252.1829673008933,1572.1353166409247
nrc_groeneveld_24579pt__11373,1110.0,1045.4662764229395,1468.854700684736,1213.9534201452586,1703.2129334770727,1090.3291243293586,1213.9534201452586
nrc_groeneveld_24579pt__11374,4779.0,3769.069658556268,3862.526541134666,3925.071276643161,3625.4672460450865,3134.256369333228,3925.071276643161
nrc_groeneveld_24579pt__11375,3954.0,3275.3346758648095,4002.29498067688,3721.5548993459574,3104.291733429953,2654.5878844286194,3721.5548993459574
nrc_groeneveld_24579pt__11376,3570.0,2903.918905714879,3738.2968664036507,3420.503994654934,2805.736501978377,2364.342474083384,3420.503994654934
nrc_groeneveld_24579pt__11377,3223.0,2457.0632667840005,3117.9138887809904,3022.496958829866,2483.7033789849975,2042.100185197924,3022.496958829866
nrc_groeneveld_24579pt__11378,2720.0,2001.7231210222692,2559.5601393343563,2661.8334464842314,2231.7908849906426,1769.4086809318003,2661.8334464842314
nrc_groeneveld_24579pt__11379,2205.0,1723.1210314598864,2236.084923484422,2034.2274862524357,2043.2331280259116,1583.3772708772528,2034.2274862524357
nrc_groeneveld_24579pt__11380,1427.0,1024.8051253783499,1326.6115083786417,1285.466820998737,1420.1096495189856,966.5663298864378,1285.466820998737
nrc_groeneveld_24579pt__11381,1838.0,1379.520052001971,1632.3294902412915,1549.1858280447461,1748.9796102784449,1286.3117063392483,1549.1858280447461
nrc_groeneveld_24579pt__11382,511.0,513.6193641774056,632.0345005114581,416.8688512257187,511.9877179815569,531.0240146896095,416.8688512257187
nrc_groeneveld_24579pt__11383,486.0,490.16053562707725,635.281465792902,420.5650686314547,487.1305576121807,500.8500649072793,420.5650686314547
nrc_groeneveld_24579pt__11384,464.0,450.69766055432194,380.74571765575433,446.8633121294189,450.384855866337,460.6593262403087,446.8633121294189
nrc_groeneveld_24579pt__11385,418.0,457.0557318345863,526.636573971998,449.41944014124476,456.08970230263037,466.5549419082332,449.41944014124476
nrc_groeneveld_24579pt__11386,387.0,443.35063790643386,435.0810517833526,399.48710459149265,437.1047414125834,447.42637651260947,399.48710459149265
nrc_groeneveld_24579pt__11387,333.0,444.11833454429694,451.86597853973825,399.48710459149265,438.4850196378482,448.76944110777237,399.48710459149265
nrc_groeneveld_24579pt__11388,274.0,444.5026812172122,455.9925124627385,399.48710459149265,439.17640059284946,449.44531323438366,399.48710459149265
nrc_groeneveld_24579pt__11389,752.0,593.2263070244619,656.120245858336,546.2317176001882,723.8890330575521,662.6547229889007,546.2317176001882
nrc_groeneveld_24579pt__11390,669.0,589.1764177904909,647.6568879721232,546.2317176001882,721.4269235202042,659.0838157612652,546.2317176001882
nrc_groeneveld_24579pt__11391,566.0,611.7980807054455,731.3642115515186,589.5061464343692,735.0477764001764,679.0457521836286,589.5061464343692
nrc_groeneveld_24579pt__11392,490.0,546.0166124902086,568.6529126978752,512.5107612860106,693.4563009975143,620.9681627333388,512.5107612860106
nrc_groeneveld_24579pt__11393,400.0,489.3336878406245,529.578722742474,474.29414328791063,656.2003869251175,571.6603811334801,474.29414328791063
nrc_groeneveld_24579pt__11394,924.0,837.9977265253845,1055.9027300025375,1023.9554823669466,932.6409957501855,935.6858106033509,1023.9554823669466
nrc_groeneveld_24579pt__11395,871.0,678.4984773697099,830.1649062267045,746.0759087134999,839.5582585490741,772.8097245183708,746.0759087134999
nrc_groeneveld_24579pt__11396,772.0,610.9132544675981,804.5892771209475,740.9532312836973,795.2037791098328,702.8380832810797,740.9532312836973
nrc_groeneveld_24579pt__11397,614.0,613.2024945537489,805.0167959293981,746.6992617520845,796.7280996502947,705.1866663961187,746.6992617520845
nrc_groeneveld_24579pt__11398,502.0,520.9668839674783,694.4726594703066,590.4369278122474,732.2837078085355,610.558685567345,590.4369278122474
nrc_groeneveld_24579pt__11399,1109.0,1091.6068523049119,1190.6166475609812,1143.6172509784906,1027.6932666273954,1106.288247163969,1143.6172509784906
nrc_groeneveld_24579pt__11400,992.0,925.2510584633437,1108.8235524601123,1033.115956860369,959.838541949357,978.5122480918138,1033.115956860369
nrc_groeneveld_24579pt__11401,874.0,741.8001788296875,951.3652839933379,839.1335215921949,876.4309855816748,832.196439396143,839.1335215921949
nrc_groeneveld_24579pt__11402,761.0,595.2960675137311,691.8984738592948,653.0434372016952,793.8100283851246,699.1696610824746,653.0434372016952
nrc_groeneveld_24579pt__11403,536.0,584.9630226770928,679.8477961202407,648.1688819352174,787.7930319320867,689.6644333210254,648.1688819352174
nrc_groeneveld_24579pt__11404,1250.0,1185.9278477007865,1185.6449739669572,1276.699120183723,1065.1685400184347,1215.8283499009676,1276.699120183723
nrc_groeneveld_24579pt__11405,1051.0,1074.1309408673458,1078.2683193432397,1174.8521545773065,1007.1295214793383,1110.1334572755413,1174.8521545773065
nrc_groeneveld_24579pt__11406,945.0,814.7849815606502,846.969558499509,962.8031483259175,853.9778600352046,846.5955893168718,962.8031483259175
nrc_groeneveld_24579pt__11407,716.0,668.0428606333375,755.8983342905286,740.7520310774262,755.7726491706393,691.2568747151853,740.7520310774262
nrc_groeneveld_24579pt__11408,773.0,702.9254791623829,689.1962872164012,780.7399864435251,688.3703180610352,692.7138605600084,780.7399864435251
nrc_groeneveld_24579pt__11409,876.0,922.5342461190489,822.9864780712462,1039.2659667527837,805.63080168849,909.5406686913286,1039.2659667527837
nrc_groeneveld_24579pt__11410,546.0,680.0840386738995,691.8425451958392,762.1942856446408,674.9147678126776,669.9137039860194,762.1942856446408
nrc_groeneveld_24579pt__11411,471.0,413.07325663662715,319.95810903921875,329.2699858853557,472.66883329125824,466.47791227446925,329.2699858853557
nrc_groeneveld_24579pt__11412,427.0,400.2400851214328,330.60977593156093,307.5372447409269,462.38969356009994,447.6764444062881,307.5372447409269
nrc_groeneveld_24579pt__11413,402.0,365.15177815455735,402.94031078403094,368.22132739322456,422.0405268405582,381.73897198850364,368.22132739322456
nrc_groeneveld_24579pt__11414,340.0,366.61478133106976,412.440699633338,365.95478084889237,424.87061916088203,385.9889628034583,365.95478084889237
nrc_groeneveld_24579pt__11415,246.0,380.75327882546907,381.6621895508999,315.55438261256927,443.4766869144583,415.2916193682618,315.55438261256927
nrc_groeneveld_24579pt__11416,679.0,637.4345898105108,612.0395985935678,654.3593889376403,635.6946419785854,675.7834092013114,654.3593889376403
nrc_groeneveld_24579pt__11417,573.0,607.2408521871349,574.5544524945639,583.1720294711536,621.5067312535717,645.6210605828442,583.1720294711536
nrc_groeneveld_24579pt__11418,491.0,537.8663413643378,510.1514428864657,500.64707477344666,586.6925389750814,575.8223366953408,500.64707477344666
nrc_groeneveld_24579pt__11419,346.0,502.9286275629791,504.2274616094062,487.1106212999175,569.6417461495191,544.5375474167616,487.1106212999175
nrc_groeneveld_24579pt__11420,255.0,234.90653147435665,203.15406741112113,195.59839571607634,244.60228834240417,257.17905325443996,195.59839571607634
nrc_groeneveld_24579pt__11421,234.0,234.03780145674284,193.0804697731128,183.17342359288597,243.1157511944387,255.1659903479741,183.17342359288597
nrc_groeneveld_24579pt__11422,210.0,236.21567647311613,202.7971122826632,197.07132884372015,246.83479012574674,260.25704043479806,197.07132884372015
nrc_groeneveld_24579pt__11423,190.0,234.25468230239483,194.34029878303974,195.59839571607634,243.4871114312334,255.66636137890896,195.59839571607634
nrc_groeneveld_24579pt__11424,167.0,229.74210538780986,188.44641457395156,178.81706200806195,235.71801055806986,245.5546648643518,178.81706200806195
nrc_groeneveld_24579pt__11425,140.0,226.15281379471008,215.8514921852457,233.2780938326828,229.4852943416202,237.95701391865012,233.2780938326828
nrc_groeneveld_24579pt__11426,404.0,386.73014964439443,290.9071038459402,287.4134181897818,404.1663210989407,400.7183864769344,287.4134181897818
nrc_groeneveld_24579pt__11427,359.0,387.33989321665564,291.4754756221333,287.4134181897818,404.75030554758354,401.83174017855913,287.4134181897818
nrc_groeneveld_24579pt__11428,311.0,379.3422305129721,323.2822614400095,279.72085993298526,395.87680924798974,389.0925651141305,279.72085993298526
nrc_groeneveld_24579pt__11429,260.0,379.3422305129721,323.2822614400095,279.72085993298526,395.87680924798974,389.0925651141305,279.72085993298526
nrc_groeneveld_24579pt__11430,217.0,358.4264823695434,408.14749184490796,304.9855511852408,374.9918638511553,353.19014571114343,304.9855511852408
nrc_groeneveld_24579pt__11431,818.0,743.0403778808278,692.8457648833568,678.2612810733309,604.2464707733201,803.1233665102308,678.2612810733309
nrc_groeneveld_24579pt__11432,772.0,706.3088547323222,692.4899068334148,681.5606901812178,591.7325274627839,755.7724917804989,681.5606901812178
nrc_groeneveld_24579pt__11433,730.0,661.9299106224663,691.2856708526987,667.8643661467866,576.666471590488,703.9629373523406,667.8643661467866
nrc_groeneveld_24579pt__11434,678.0,637.8975168897972,691.2328729566402,664.54272415219,568.9309692744066,679.2641518413368,664.54272415219
nrc_groeneveld_24579pt__11435,636.0,575.848456451179,677.6409790558314,575.0861974660428,548.0000690304812,617.9404383408413,575.0861974660428
nrc_groeneveld_24579pt__11436,586.0,533.5485398791307,652.8928993685835,551.8639584999147,535.6376846666593,584.404412262615,551.8639584999147
nrc_groeneveld_24579pt__11437,529.0,498.4794436734368,597.2960303471465,544.3851271696582,524.3925609632802,556.3738190810167,544.3851271696582
nrc_groeneveld_24579pt__11438,474.0,471.91596682626033,539.2243582660725,500.5575267316761,512.2899675471673,527.9762124465827,500.5575267316761
nrc_groeneveld_24579pt__11439,418.0,440.6494366778567,469.5391828793039,447.514969626193,494.76770471832367,489.77856409295265,447.514969626193
nrc_groeneveld_24579pt__11440,365.0,394.8547703707582,357.23330782458305,370.95685946525737,465.6286090744852,433.2223729981644,370.95685946525737
nrc_groeneveld_24579pt__11441,733.0,635.5750988370719,635.364531367217,664.7194071181196,596.6388889973979,655.9817379352943,664.7194071181196
nrc_groeneveld_24579pt__11442,665.0,594.9602919924903,568.3919523039173,585.3831739643728,578.3948015511903,613.6371166353744,585.3831739643728
nrc_groeneveld_24579pt__11443,589.0,571.6930046567662,510.1445335686648,557.8303229097627,567.1893113574455,588.2912621119383,557.8303229097627
nrc_groeneveld_24579pt__11444,508.0,549.5801004990457,508.54049590631115,511.38790963402045,556.3270034354798,565.8113512692044,511.38790963402045
nrc_groeneveld_24579pt__11445,427.0,500.4521493466471,423.9733546076813,427.9377213601244,530.5862213381644,514.2850664404937,427.9377213601244
nrc_groeneveld_24579pt__11446,775.0,750.2433569008834,812.7882312581586,807.5876552328598,654.2852255027038,711.843282779101,807.5876552328598
nrc_groeneveld_24579pt__11447,661.0,720.3850454016895,784.3829482259533,742.9709022914528,636.2861357261993,677.6401860240506,742.9709022914528
nrc_groeneveld_24579pt__11448,547.0,670.4400257527369,620.7728955597752,628.9716337817755,605.1206557223369,620.705625766841,628.9716337817755
nrc_groeneveld_24579pt__11449,439.0,575.1026341036534,524.7569143787072,509.66715841519556,542.913528211933,515.253602679027,509.66715841519556
nrc_groeneveld_24579pt__11450,582.0,292.3400050032998,408.12633939655336,322.42767871246303,253.82484111435866,303.7455645799207,322.42767871246303
nrc_groeneveld_24579pt__11451,560.0,297.12747196223177,408.89400531023875,342.2538411011313,260.4769224105053,310.9088896367612,342.2538411011313
nrc_groeneveld_24579pt__11452,543.0,280.3040640537936,407.93917870588626,352.05218775815604,236.90166896641543,287.18755276317205,352.05218775815604
nrc_groeneveld_24579pt__11453,503.0,290.66879226253485,405.9740438040117,321.138716440703,251.4897949514461,301.32168690002254,321.138716440703
nrc_groeneveld_24579pt__11454,496.0,272.1229691041256,427.9645904409991,360.0881066942032,225.31846567144,277.1412777055657,360.0881066942032
nrc_groeneveld_24579pt__11455,473.0,269.2777606346676,419.15643040691907,359.09131965435523,221.2884368390389,273.8806997829576,359.09131965435523
nrc_groeneveld_24579pt__11456,446.0,266.97200373784125,412.6972461212391,359.8354926132939,218.02499585814854,271.3275599010736,359.8354926132939
nrc_groeneveld_24579pt__11457,410.0,271.08488611785896,420.4038838675102,360.0881066942032,223.84748904703468,275.93759672711127,360.0881066942032
nrc_groeneveld_24579pt__11458,384.0,267.7383872452058,414.3078629540824,359.8354926132939,219.10929666485987,272.16727411295193,359.8354926132939
nrc_groeneveld_24579pt__11459,343.0,275.52427146760016,421.79185382815007,349.2260750918787,230.1368065814725,281.1977074358784,349.2260750918787
nrc_groeneveld_24579pt__11460,303.0,279.5017121238057,408.1194383346603,352.05218775815604,235.7670788873228,286.1585900699821,352.05218775815604
nrc_groeneveld_24579pt__11461,615.0,438.03588951560727,558.8122808979459,498.3872869215996,428.39261497659186,516.275162249254,498.3872869215996
nrc_groeneveld_24579pt__11462,589.0,426.6656907827338,557.9502219022417,470.6007582744483,414.2391832485383,485.2449552071066,470.6007582744483
nrc_groeneveld_24579pt__11463,552.0,424.36570695007526,555.6099993683467,453.4146395833878,408.0808138536052,472.9337135862395,453.4146395833878
nrc_groeneveld_24579pt__11464,519.0,419.8993349905871,553.6900748342546,406.83049512004993,396.9228444359797,452.1559656605554,406.83049512004993
nrc_groeneveld_24579pt__11465,484.0,415.82919032145526,543.9513495903049,387.7522812715656,387.49950900932976,435.9454088305581,387.7522812715656
nrc_groeneveld_24579pt__11466,454.0,410.93143242056743,526.4125617767229,395.9943527748751,370.31428695514785,409.03647210548866,395.9943527748751
nrc_groeneveld_24579pt__11467,422.0,403.8975847202563,449.95817933383665,376.30645548880665,355.47458012872295,388.1424008276516,376.30645548880665
nrc_groeneveld_24579pt__11468,384.0,391.19550438936005,364.94462764129463,314.0200509325562,338.9756578720148,367.6838412902281,314.0200509325562
nrc_groeneveld_24579pt__11469,333.0,389.34872780691336,373.5807198089892,364.5017067042696,335.6386251437295,362.9133970097925,364.5017067042696
nrc_groeneveld_24579pt__11470,729.0,481.06348317346425,535.1138718922338,548.3979104269881,489.7907521991356,562.7769355105293,548.3979104269881
nrc_groeneveld_24579pt__11471,685.0,470.07385259789316,546.5392784106223,561.4698791020319,482.8813640259411,546.0751878181783,561.4698791020319
nrc_groeneveld_24579pt__11472,640.0,458.3382056593009,553.4412548272189,549.5404478813709,471.8403091453311,523.1609684897835,549.5404478813709
nrc_groeneveld_24579pt__11473,591.0,454.73682102784943,543.3280770405345,551.190441920312,461.1281764266179,503.5362535544558,551.190441920312
nrc_groeneveld_24579pt__11474,545.0,450.3152173965941,500.4982751845662,519.1681495371968,447.5915968542877,479.72657188487767,519.1681495371968
nrc_groeneveld_24579pt__11475,498.0,445.28818316915385,446.0929802224261,442.856874188615,431.6820199092097,453.55190534951447,442.856874188615
nrc_groeneveld_24579pt__11476,443.0,443.58606625609553,419.8997197868173,445.7746596113897,419.845240637535,436.41554926204964,445.7746596113897
nrc_groeneveld_24579pt__11477,758.0,671.6927297621518,621.8587257002911,706.7640121404938,603.3979189505537,710.0962828811635,706.7640121404938
nrc_groeneveld_24579pt__11478,703.0,614.8013085816572,621.8587257002911,722.1415923582911,584.5983061808134,661.676139691104,722.1415923582911
nrc_groeneveld_24579pt__11479,633.0,587.09894684068,644.0004750811328,715.3285045777035,573.4388985154569,636.347925347269,715.3285045777035
nrc_groeneveld_24579pt__11480,582.0,514.6248307891633,626.3155429389436,621.0629749070961,538.5800687248135,565.3530011981373,621.0629749070961
nrc_groeneveld_24579pt__11481,519.0,481.0200094718304,596.4843320707254,588.3261627365653,515.1795279734816,523.5134884632059,588.3261627365653
nrc_groeneveld_24579pt__11482,446.0,457.4569973138492,554.8260901744624,540.2247219690211,496.385842068034,490.95684774039825,540.2247219690211
nrc_groeneveld_24579pt__11483,732.0,677.279043453308,584.6944178754568,621.3502367706996,621.1094803905097,712.8945116734852,621.3502367706996
nrc_groeneveld_24579pt__11484,752.0,623.8167739773728,606.2083641960554,624.3879602278735,597.8102678848197,662.4108688421142,624.3879602278735
nrc_groeneveld_24579pt__11485,681.0,589.5725006144098,607.5429464608878,634.8793228944118,583.4151110587561,630.3983116220975,634.8793228944118
nrc_groeneveld_24579pt__11486,664.0,630.7428151082609,609.1717463306652,622.8346411400189,601.5723604983408,668.2891611433017,622.8346411400189
nrc_groeneveld_24579pt__11487,596.0,583.297403714224,607.7556395951726,626.2729181177405,580.8037036706459,624.3557850925623,626.2729181177405
nrc_groeneveld_24579pt__11488,531.0,539.9412259576546,592.6671938922132,602.7525305116661,555.5864346633806,574.2039747524962,602.7525305116661
nrc_groeneveld_24579pt__11489,738.0,604.1599265452469,598.2584337328839,677.8271570667575,591.8414398171782,595.1650458078132,677.8271570667575
nrc_groeneveld_24579pt__11490,664.0,550.1879724841424,533.5131570768284,575.0701171555502,554.0770303620809,535.2695858929262,575.0701171555502
nrc_groeneveld_24579pt__11491,564.0,513.0968544848967,453.5051814997321,506.71605352154506,524.2356762726148,492.4862968501263,506.71605352154506
nrc_groeneveld_24579pt__11492,505.0,505.46481787365684,462.80649245333274,460.7232926181092,516.8631692723271,480.7020070357314,460.7232926181092
nrc_groeneveld_24579pt__11493,714.0,657.3423033809024,621.8099724916001,646.8552288903279,580.8968316658646,556.4044918410037,646.8552288903279
nrc_groeneveld_24579pt__11494,645.0,641.3171836133782,544.5757571998173,591.9221924332714,570.0343648918597,541.5902223939152,591.9221924332714
nrc_groeneveld_24579pt__11495,578.0,614.1335860068328,531.056681487112,561.8560885076935,550.8389823442941,515.971079942075,561.8560885076935
nrc_groeneveld_24579pt__11496,2567.0,1800.3040430681253,2121.4768383638293,2298.228498338345,3935.361397603306,1914.8897194897745,2298.228498338345
nrc_groeneveld_24579pt__11497,2434.0,1694.1372108015123,2071.750172964256,2162.808341586695,3779.9579210782085,1830.9501153741803,2162.808341586695
nrc_groeneveld_24579pt__11498,2287.0,1595.8224733745635,2043.5056857379898,2150.149223062629,3637.289370069227,1753.2064319226122,2150.149223062629
nrc_groeneveld_24579pt__11499,2152.0,1467.8045451087694,1975.889581591853,2056.522954702757,3446.6227091725605,1648.4727818950835,2056.522954702757
nrc_groeneveld_24579pt__11500,1999.0,1383.122024913366,1943.841757007617,2000.4881198703952,3314.780574418008,1575.6224973218339,2000.4881198703952
nrc_groeneveld_24579pt__11501,1884.0,1264.821653775715,1815.535749277691,1862.9238513546586,3098.412566768277,1455.5966467786911,1862.9238513546586
nrc_groeneveld_24579pt__11502,1756.0,1158.9061791530905,1675.6500986609485,1640.8073369048466,2857.695267114306,1321.9124444325937,1640.8073369048466
nrc_groeneveld_24579pt__11503,1629.0,1064.3728271422972,1489.2045117152873,1381.7067993499154,2641.313289895214,1202.2513496310319,1381.7067993499154
nrc_groeneveld_24579pt__11504,1424.0,1064.3728271422972,1489.2045117152873,1381.7067993499154,2641.313289895214,1202.2513496310319,1381.7067993499154
nrc_groeneveld_24579pt__11505,1271.0,989.1720771362997,1253.3162802927238,1223.2955028158385,2468.5517919176427,1107.5333733463451,1223.2955028158385
nrc_groeneveld_24579pt__11506,1124.0,893.5765259431105,1116.5679098988196,1114.292223981425,2248.626034299693,988.7283818220001,1114.292223981425
nrc_groeneveld_24579pt__11507,964.0,830.1048094956273,1052.778303246814,1051.4084287636476,2103.4670749433985,911.8577842275134,1051.4084287636476
nrc_groeneveld_24579pt__11508,740.0,733.9030754979564,1008.3857758098197,998.574548466331,1919.3508116416542,816.7654625959655,998.574548466331
nrc_groeneveld_24579pt__11509,5200.0,3667.482069354378,4479.505352003,4542.374228097235,4994.129662829599,4453.351298544834,4542.374228097235
nrc_groeneveld_24579pt__11510,4913.0,3361.7941031981704,4282.331592736797,4321.615911647001,4628.853739843226,4151.6568815506835,4321.615911647001
nrc_groeneveld_24579pt__11511,4606.0,3119.696289995608,4212.118712838153,4182.844287667326,4338.586266280036,3899.798067729074,4182.844287667326
nrc_groeneveld_24579pt__11512,4350.0,2778.730142803123,3720.1673704103296,3679.488956407099,3922.725516063254,3520.7967391027205,3679.488956407099
nrc_groeneveld_24579pt__11513,4037.0,2587.0198411659017,3573.739686940518,3605.59757107695,3684.9117663720067,3294.905251086355,3605.59757107695
nrc_groeneveld_24579pt__11514,3705.0,2392.193613870893,3356.798024917041,3417.7805361638243,3440.3541418371387,3056.153122396965,3417.7805361638243
nrc_groeneveld_24579pt__11515,3405.0,2145.2958994913834,2895.4413284868724,3002.6064908633534,3126.3616503592016,2740.9633271754383,3002.6064908633534
nrc_groeneveld_24579pt__11516,3059.0,2010.9321165180506,2698.47763839204,2641.8744271616915,2953.612398942025,2563.9624880005167,2641.8744271616915
nrc_groeneveld_24579pt__11517,2759.0,1785.060976352765,2238.6881650530268,2334.406225690394,2660.2977385079917,2258.8755570076787,2334.406225690394
nrc_groeneveld_24579pt__11518,2427.0,1595.3850635188346,1799.4112753334302,1911.1254609356954,2411.2062540473667,1996.8162223657393,1911.1254609356954
nrc_groeneveld_24579pt__11519,2121.0,1428.7500146902519,1541.7182114037196,1686.4120469004554,2167.1364993264656,1739.339542024939,1686.4120469004554
nrc_groeneveld_24579pt__11520,1731.0,1213.7990773026715,1334.5206580745976,1457.1490647404332,1876.3921297651775,1435.0340260873954,1457.1490647404332
nrc_groeneveld_24579pt__11521,1353.0,1000.7636945827784,1307.33810017209,1311.2122998702644,1585.7913497945804,1138.5413256093793,1311.2122998702644
nrc_groeneveld_24579pt__11522,7059.0,4365.093797593125,6466.560544886587,6258.180179941722,6682.402198977227,9209.77380576814,6258.180179941722
nrc_groeneveld_24579pt__11523,6617.0,4156.878437563821,6342.8152307479195,6203.634216251168,6188.5042312608575,8761.124772095414,6203.634216251168
nrc_groeneveld_24579pt__11524,6255.0,3761.7030129886393,5884.158725125324,5787.687160575885,5309.275425820939,7803.563398607994,5787.687160575885
nrc_groeneveld_24579pt__11525,5826.0,3513.545782348882,5203.850763147778,5253.937848580724,4779.250275016908,7186.75189857229,5253.937848580724
nrc_groeneveld_24579pt__11526,5239.0,3438.5386758028653,4724.656024655965,5044.263207171508,4630.7217445540045,7003.488718406359,5044.263207171508
nrc_groeneveld_24579pt__11527,4824.0,3152.5927371080547,4205.79836623802,4616.138721682073,4139.093068788916,6363.072637774792,4616.138721682073
nrc_groeneveld_24579pt__11528,4350.0,2946.976598557016,3892.6240475253403,4015.45287744948,3805.2554410926714,5897.945315725561,4015.45287744948
nrc_groeneveld_24579pt__11529,3801.0,2740.608920534652,3193.9272890670254,3571.42786358137,3511.7204997785598,5440.965484538455,3571.42786358137
nrc_groeneveld_24579pt__11530,3277.0,2435.0441530304665,2718.9624274362336,3114.412396218261,3087.172643006574,4788.312532897994,3114.412396218261
nrc_groeneveld_24579pt__11531,2907.0,2028.0045540129822,1913.4530726299893,2183.9425545363506,2526.0502243259702,3869.1522711590565,2183.9425545363506
nrc_groeneveld_24579pt__11532,2376.0,1805.7505311156788,1820.501313123131,2026.0053913782328,2225.121686898808,3353.7887301774417,2026.0053913782328
nrc_groeneveld_24579pt__11533,1463.0,997.4732354964996,1330.461762371326,1373.5512356097292,1878.4282364916157,1266.3544697245866,1373.5512356097292
nrc_groeneveld_24579pt__11534,1393.0,956.5382210418605,1198.8739820047422,1260.7007537945944,1808.1352979921733,1194.5602183407943,1260.7007537945944
nrc_groeneveld_24579pt__11535,1287.0,976.7913155934018,1237.5397152145492,1289.997206822224,1842.9694554055689,1229.97466110845,1289.997206822224
nrc_groeneveld_24579pt__11536,1203.0,956.5382210418605,1198.8739820047422,1260.7007537945944,1808.1352979921733,1194.5602183407943,1260.7007537945944
nrc_groeneveld_24579pt__11537,1126.0,917.8683226660564,1195.357680987556,1050.3269712925683,1747.7455682279403,1133.9574449319998,1050.3269712925683
nrc_groeneveld_24579pt__11538,1066.0,840.9123927317704,1179.8042865122188,1005.7877796178763,1636.264404771592,1024.9203993179754,1005.7877796178763
nrc_groeneveld_24579pt__11539,1005.0,756.1298991082972,1086.1151788672726,954.425077519301,1522.1967924559356,917.5077699380615,954.425077519301
nrc_groeneveld_24579pt__11540,931.0,686.3008106284624,1040.6562608547422,929.3380978303076,1425.3960245136186,830.0019248483658,929.3380978303076
nrc_groeneveld_24579pt__11541,876.0,605.6410261945532,891.521467424982,858.4433613941546,1310.1561040454326,730.6426994831295,858.4433613941546
nrc_groeneveld_24579pt__11542,778.0,587.0032156380124,827.4827126003996,799.4108238197144,1282.9745390447463,708.0263357946113,799.4108238197144
nrc_groeneveld_24579pt__11543,675.0,570.7200823666326,781.7325812060016,732.4557898115625,1259.045953176173,688.3911609153699,732.4557898115625
nrc_groeneveld_24579pt__11544,591.0,518.013711178566,694.0737930779775,651.7469031821737,1180.4006814246907,625.7272663258805,651.7469031821737
nrc_groeneveld_24579pt__11545,482.0,459.99910975075426,582.2041335195759,509.8798992631503,1091.567716409285,558.6132180269423,509.8798992631503
nrc_groeneveld_24579pt__11546,3007.0,2299.3826522988297,2695.222346949557,2786.926253169483,2568.635683688776,3400.333740595116,2786.926253169483
nrc_groeneveld_24579pt__11547,2837.0,2120.768779540534,2517.323249415664,2581.9509354156326,2411.1098517484206,3138.5105700378726,2581.9509354156326
nrc_groeneveld_24579pt__11548,2671.0,1963.5758163234482,2274.0554895137966,2415.9603618236865,2269.7798608128146,2901.9139615835743,2415.9603618236865
nrc_groeneveld_24579pt__11549,2492.0,1867.1219446066652,2216.7305022382507,2283.8948263708144,2182.2972379659627,2754.974923487013,2283.8948263708144
nrc_groeneveld_24579pt__11550,2351.0,1701.2965504618028,1967.7764603826552,2079.086480481099,2041.796995416874,2518.772108097285,2079.086480481099
nrc_groeneveld_24579pt__11551,2162.0,1572.8088012525873,1796.7775147720167,2033.1540120603781,1933.6258267634632,2337.207444981029,2033.1540120603781
nrc_groeneveld_24579pt__11552,1950.0,1512.2510175944583,1600.1115785790669,1800.377933424529,1881.731526420476,2250.355425025797,1800.377933424529
nrc_groeneveld_24579pt__11553,1848.0,1280.478767765172,1393.4862412187763,1531.528635657232,1652.8629852680501,1870.8864189295657,1531.528635657232
nrc_groeneveld_24579pt__11554,1639.0,1191.2421899490535,1268.8274408657037,1392.7500532012632,1551.818738717608,1706.2336129321661,1392.7500532012632
nrc_groeneveld_24579pt__11555,1460.0,1078.1430628056387,1150.777188366677,1220.1744601085627,1422.8865859064342,1499.9513772563457,1220.1744601085627
nrc_groeneveld_24579pt__11556,1300.0,972.4310097064628,1052.4328113828221,1172.4567243302702,1301.4897395260311,1310.7733127533165,1172.4567243302702
nrc_groeneveld_24579pt__11557,1117.0,824.4240458618617,964.5777338905605,929.5540107985273,1130.0084063123643,1054.521264463665,929.5540107985273
nrc_groeneveld_24579pt__11558,883.0,703.7693366162629,868.1883905296651,762.9245993451921,988.7614474789286,855.8793551786755,762.9245993451921
nrc_groeneveld_24579pt__11559,3663.0,2851.103252845428,3302.8816228274445,3277.5248605286447,3446.7756591823922,6638.639024040455,3277.5248605286447
nrc_groeneveld_24579pt__11560,3430.0,2726.0335455388513,3248.1764066157,3305.1548623418316,3280.6850827804374,6327.151491833978,3305.1548623418316
nrc_groeneveld_24579pt__11561,3209.0,2543.2013880818727,3038.1968778063524,3069.393502344272,3046.4050563433475,5873.828365345329,3069.393502344272
nrc_groeneveld_24579pt__11562,2735.0,2141.521850778684,2358.4592339334413,2388.1307386471526,2536.4422589312794,4833.36216627492,2388.1307386471526
nrc_groeneveld_24579pt__11563,2514.0,2032.459061501086,2108.5360334786933,2312.036104918611,2413.2472785135383,4639.353780653467,2312.036104918611
nrc_groeneveld_24579pt__11564,2322.0,1793.6611468876408,1703.939356923205,1897.0720166322378,2116.9139850856513,4016.250243577485,1897.0720166322378
nrc_groeneveld_24579pt__11565,2078.0,1597.6794938922592,1588.3801051197772,1710.3073983395418,1872.4571161086265,3469.9155980693495,1710.3073983395418
nrc_groeneveld_24579pt__11566,1835.0,1415.4228352403609,1470.9044060721246,1561.1151563801275,1634.834814674772,2933.373722459248,1561.1151563801275
nrc_groeneveld_24579pt__11567,1575.0,1213.7654418192215,1423.5063419308422,1391.850247588225,1362.2291912119736,2319.350403270742,1391.850247588225
nrc_groeneveld_24579pt__11568,1280.0,1065.2683548402522,1258.8070554652872,1183.0427526899105,1169.146738058082,1892.443398378654,1183.0427526899105
nrc_groeneveld_24579pt__11569,1008.0,806.0745502657586,873.258718968095,942.508488548005,1256.1693052517671,1034.3339692353613,942.508488548005
nrc_groeneveld_24579pt__11570,951.0,823.764146508448,875.7381373165231,944.261930604916,1274.3021089357987,1061.7881390304035,944.261930604916
nrc_groeneveld_24579pt__11571,893.0,783.8878114100178,859.8845348163834,909.8781819712658,1233.179891015104,1000.043638334942,909.8781819712658
nrc_groeneveld_24579pt__11572,844.0,752.9139957802653,853.5969897127345,855.9180902167901,1200.6232662187742,952.4729444046789,855.9180902167901
nrc_groeneveld_24579pt__11573,790.0,725.4101695135206,851.4791019092511,851.0126117494483,1171.2543588926578,910.5638161822764,851.0126117494483
nrc_groeneveld_24579pt__11574,743.0,677.5694247237969,840.4312624832733,824.5311454734984,1119.1129412543908,838.5319638658412,824.5311454734984
nrc_groeneveld_24579pt__11575,689.0,646.7726356512023,822.0554519180761,810.4347762705535,1084.8205881457532,792.8303246226321,810.4347762705535
nrc_groeneveld_24579pt__11576,648.0,582.0496964080551,725.9641230842478,738.4409719905985,1010.8207375587741,698.8070649727891,738.4409719905985
nrc_groeneveld_24579pt__11577,591.0,553.874145388648,676.3105610216219,652.3509614364865,977.7571754115694,658.8584568324304,652.3509614364865
nrc_groeneveld_24579pt__11578,540.0,498.39532514700426,573.1187395324347,522.3139395807968,911.1366133232517,582.2977335163995,522.3139395807968
nrc_groeneveld_24579pt__11579,484.0,460.9027140197512,477.23575221795807,484.4874530743725,865.2058200833037,532.6291648958705,484.4874530743725
nrc_groeneveld_24579pt__11580,414.0,434.3062683352067,438.6125619301164,422.546057792998,831.9679231666836,498.2963613316011,422.546057792998
nrc_groeneveld_24579pt__11581,2102.0,1367.5620812367986,1721.0263691957355,1642.674178309029,1562.1759601489252,2271.3215641415877,1642.674178309029
nrc_groeneveld_24579pt__11582,332.0,398.72738843994864,432.2793484778142,431.103646429581,785.5087423595763,452.6105054887391,431.103646429581
nrc_groeneveld_24579pt__11583,2028.0,1173.9065905348439,1364.2228629058156,1481.6662452043731,1408.3637686624825,1937.3634583561911,1481.6662452043731
nrc_groeneveld_24579pt__11584,1821.0,1403.8318154076294,1713.9145455684682,1665.1308389925146,1590.1464212881021,2333.0071121165693,1665.1308389925146
nrc_groeneveld_24579pt__11585,1730.0,1226.2534941262074,1405.6544775157893,1532.5130050276705,1450.7169294059092,2028.3340002472748,1532.5130050276705
nrc_groeneveld_24579pt__11586,1620.0,1163.7084756434845,1384.2360378610429,1469.9266576720595,1400.04096872492,1919.5880230819148,1469.9266576720595
nrc_groeneveld_24579pt__11587,1533.0,973.2777927592814,1120.2123765107663,1239.506298955017,1236.3038912687227,1577.439956308426,1239.506298955017
nrc_groeneveld_24579pt__11588,1423.0,912.5811971039016,1090.094255550071,1124.8882178674382,1165.354234844209,1434.4208051703456,1124.8882178674382
nrc_groeneveld_24579pt__11589,1342.0,804.8949180521194,918.8643619703975,939.577865924281,1038.9636142824497,1189.2887674722456,939.577865924281
nrc_groeneveld_24579pt__11590,1201.0,773.9149482776074,876.8910130312569,860.2605729466164,1003.0577398282752,1122.2068795457546,860.2605729466164
nrc_groeneveld_24579pt__11591,1069.0,740.0691111809449,715.8240823525008,806.8219083095181,965.6510659588394,1053.6563540932145,806.8219083095181
nrc_groeneveld_24579pt__11592,952.0,672.1133540712788,645.428569752966,741.7372473804747,890.0925447167725,919.6652220361974,741.7372473804747
nrc_groeneveld_24579pt__11593,768.0,660.6522607881366,641.8764054303781,742.7731312481047,877.2879738535872,897.5897236825967,742.7731312481047
nrc_groeneveld_24579pt__11594,3058.0,1998.0610814571908,2359.8336298634986,2396.7524500381155,2542.7387452136936,5601.683077784801,2396.7524500381155
nrc_groeneveld_24579pt__11595,2895.0,1906.0478065637117,2349.4456113824954,2382.8138686505554,2410.6584744888564,5281.825449835267,2382.8138686505554
nrc_groeneveld_24579pt__11596,2721.0,1801.2078186947424,2178.3634913280202,2296.6411510635103,2261.1888989733447,4913.828958276395,2296.6411510635103
nrc_groeneveld_24579pt__11597,2605.0,1643.420993272607,1898.9445441118917,2115.1525740817633,2018.1962782235066,4303.67674763326,2115.1525740817633
nrc_groeneveld_24579pt__11598,2419.0,1594.6775148836766,1802.186113333812,2077.4476402235246,1940.9599184087972,4107.177479298861,2077.4476402235246
nrc_groeneveld_24579pt__11599,2256.0,1513.8649082425543,1703.3747638268558,1914.422073770951,1814.631401306338,3783.778653134774,1914.422073770951
nrc_groeneveld_24579pt__11600,2107.0,1355.9297935890647,1493.9938545735006,1596.4749014412675,1569.8979382730363,3137.8793705414573,1596.4749014412675
nrc_groeneveld_24579pt__11601,1966.0,1249.0375509122894,1407.2192164043138,1492.2129491952114,1413.38729937676,2735.6691687566804,1492.2129491952114
nrc_groeneveld_24579pt__11602,1782.0,1185.1196915620897,1293.394359730677,1419.3344220531321,1322.863163312747,2504.588149015733,1419.3344220531321
nrc_groeneveld_24579pt__11603,1615.0,1080.0888039416573,1080.2867290917711,1185.5396313340464,1184.0824487921714,2154.415704071894,1185.5396313340464
nrc_groeneveld_24579pt__11604,1467.0,947.9462700237889,978.4864442797411,1073.6364585380245,1014.7454898928697,1737.912577790673,1073.6364585380245
nrc_groeneveld_24579pt__11605,1350.0,794.6319719094271,914.1428845640778,933.1481050192018,825.8276537936542,1295.4604120160375,933.1481050192018
nrc_groeneveld_24579pt__11606,824.0,520.7011766226244,706.9709493666174,685.1665319772725,812.3966474662674,649.6360318743149,685.1665319772725
nrc_groeneveld_24579pt__11607,776.0,525.4758185876555,711.4407817103609,693.8143590466165,817.3437875204706,657.5244312554955,693.8143590466165
nrc_groeneveld_24579pt__11608,743.0,484.03319677479317,558.8268621886954,570.3520368313084,773.7495843736997,590.0854991584557,570.3520368313084
nrc_groeneveld_24579pt__11609,708.0,454.07324562944603,439.3936942692519,468.4211170454852,741.3007693150905,542.8764517964781,468.4211170454852
nrc_groeneveld_24579pt__11610,664.0,445.8590239408765,427.7373150334757,407.77252263903034,732.264453591578,530.1762133682465,407.77252263903034
nrc_groeneveld_24579pt__11611,600.0,491.45313384535206,609.0302271102261,585.8563244619437,781.6640106340419,601.9838839639307,585.8563244619437
nrc_groeneveld_24579pt__11612,551.0,491.45313384535206,609.0302271102261,585.8563244619437,781.6640106340419,601.9838839639307,585.8563244619437
nrc_groeneveld_24579pt__11613,508.0,478.17798730210893,529.5966738408366,499.1720819124576,767.470595554925,580.7528707054761,499.1720819124576
nrc_groeneveld_24579pt__11614,462.0,452.6937739580779,438.30974845867047,468.4211170454852,739.7873161488319,540.7360945430867,468.4211170454852
nrc_groeneveld_24579pt__11615,422.0,420.87392944177594,453.782942481561,388.4038655525485,701.4473341256006,488.31955439737135,388.4038655525485
nrc_groeneveld_24579pt__11616,387.0,375.8839559272669,466.14891917715244,391.6707780728027,643.5581039130544,415.6678341218456,391.6707780728027
nrc_groeneveld_24579pt__11617,324.0,377.9129725290278,383.6082997703225,391.6707780728027,646.2032169258157,418.8197229531066,391.6707780728027
nrc_groeneveld_24579pt__11618,275.0,329.4839368334465,457.27314847499434,368.8656575709511,579.7383341698609,344.42596582187946,368.8656575709511
nrc_groeneveld_24579pt__11619,1622.0,1135.945663262138,1401.6480771760355,1322.7135054007892,1290.6755600412273,2058.407153460834,1322.7135054007892
nrc_groeneveld_24579pt__11620,1550.0,1005.3256194510366,1301.3060359336632,1306.2890468654034,1189.9408614179247,1804.1397167883995,1306.2890468654034
nrc_groeneveld_24579pt__11621,1478.0,897.535916088374,1173.554415161536,1223.4990832383303,1103.1234173294245,1592.5123196058944,1223.4990832383303
nrc_groeneveld_24579pt__11622,1399.0,821.3972160349315,1087.5433076519846,1172.1695578629115,1037.5192745443596,1437.8526389262952,1172.1695578629115
nrc_groeneveld_24579pt__11623,1322.0,753.3908831426713,935.4039180471705,1062.015920780911,967.2651569718234,1277.8159710435784,1062.015920780911
nrc_groeneveld_24579pt__11624,1213.0,747.0066575434824,933.7472505048095,1050.041306798664,958.824837987638,1259.0072051828863,1050.041306798664
nrc_groeneveld_24579pt__11625,1131.0,710.724565813522,864.4142956367293,910.1474017602218,909.7298174130075,1151.474539236396,910.1474017602218
nrc_groeneveld_24579pt__11626,1039.0,679.9559102240272,780.1877374667718,841.6077090188611,868.2474188379496,1063.23411916135,841.6077090188611
nrc_groeneveld_24579pt__11627,949.0,639.812122015569,654.8129393987789,688.9965898582517,814.380670850693,952.4633575006869,688.9965898582517
nrc_groeneveld_24579pt__11628,838.0,625.8095368299857,591.466426298464,664.4252462126287,795.6688660377785,915.0444941177731,664.4252462126287
nrc_groeneveld_24579pt__11629,730.0,603.705956597373,574.9944415777819,622.9898428089381,766.2190870689163,857.3153509328085,622.9898428089381
nrc_groeneveld_24579pt__11630,611.0,566.494745694749,495.32722497540965,568.1657098547229,716.9147955422056,763.969627224804,568.1657098547229
nrc_groeneveld_24579pt__11631,532.0,457.4916021002073,506.27457900743764,497.77825881420114,581.839046576662,531.4411360892545,497.77825881420114
nrc_groeneveld_24579pt__11632,2349.0,1686.6512196440062,1928.218207648837,1903.8954857398037,2280.7262396457863,5230.279241679768,1903.8954857398037
nrc_groeneveld_24579pt__11633,2242.0,1567.0819952621096,1901.5238798606156,1829.2345983888322,2074.155723278151,4689.989314887244,1829.2345983888322
nrc_groeneveld_24579pt__11634,2081.0,1558.5267963157953,1901.0534328663791,1799.1839312809227,2059.596054078132,4651.504730383062,1799.1839312809227
nrc_groeneveld_24579pt__11635,1965.0,1443.54395536951,1815.620223447549,1819.479928734315,1866.0211276459113,4135.516026403754,1819.479928734315
nrc_groeneveld_24579pt__11636,1864.0,1347.4718264674552,1717.2138906844002,1764.795730506029,1712.1876657272244,3729.052334491848,1764.795730506029
nrc_groeneveld_24579pt__11637,1778.0,1197.8559052321916,1540.6024763020073,1654.358261109386,1471.0711594128122,3076.440549894879,1654.358261109386
nrc_groeneveld_24579pt__11638,1628.0,1178.3443846514551,1519.8744055104178,1636.157956883414,1440.2989668190075,2993.2300087998537,1636.157956883414
nrc_groeneveld_24579pt__11639,1509.0,1115.5993429880245,1288.3919514326424,1479.9495577433513,1350.3517787623473,2769.85948363923,1479.9495577433513
nrc_groeneveld_24579pt__11640,1373.0,1053.2829496687946,1193.2769946187952,1278.7370660682932,1254.1142610420097,2511.5758895364784,1278.7370660682932
nrc_groeneveld_24579pt__11641,1140.0,842.0296491433555,790.5198695033193,951.9213690014856,941.1843027107834,1687.704823641312,951.9213690014856
nrc_groeneveld_24579pt__11642,978.0,782.0391821936382,743.6740239598236,871.5981846465099,857.7421534181206,1479.90834446349,871.5981846465099
nrc_groeneveld_24579pt__11643,814.0,682.6651513249438,765.740855859692,815.334443332713,723.6157637126826,1159.5628420560176,815.334443332713
nrc_groeneveld_24579pt__11644,307.0,289.9386523666198,363.62830065972656,345.1794301609144,461.69356057261433,331.85394801075324,345.1794301609144
nrc_groeneveld_24579pt__11645,267.0,285.95404120922393,341.29758860272796,329.85429429852746,456.2406888466796,324.4421935217173,329.85429429852746
nrc_groeneveld_24579pt__11646,223.0,291.95173109674255,362.2725602659792,335.7163713166566,464.43729209288523,335.63705681409647,335.7163713166566
nrc_groeneveld_24579pt__11647,167.0,311.42763622022335,397.81530041767803,322.6630569112539,490.6366789393131,373.56086924157006,322.6630569112539
nrc_groeneveld_24579pt__11648,862.0,572.9114229243283,620.8631083422946,641.1213497227285,771.6689710847676,1011.5659342091764,641.1213497227285
nrc_groeneveld_24579pt__11649,779.0,585.3943612896328,713.6572097390703,756.5377898637477,793.6596522522859,1060.2503961353261,756.5377898637477
nrc_groeneveld_24579pt__11650,732.0,547.7197761535609,554.3874538010753,587.3962755386518,736.2622329572773,934.0764524743553,587.3962755386518
nrc_groeneveld_24579pt__11651,671.0,502.7302784012016,511.2130699730938,494.5749916247549,672.5638175518566,802.7332268590914,494.5749916247549
nrc_groeneveld_24579pt__11652,651.0,516.4277433613728,442.155745452827,538.734025647406,694.2415837106469,839.9642293787659,538.734025647406
nrc_groeneveld_24579pt__11653,609.0,479.06770135571594,460.49971861508755,470.3332078779453,639.0714782359047,737.026172470508,470.3332078779453
nrc_groeneveld_24579pt__11654,587.0,483.11647693500015,417.4272081691849,488.23639924866956,647.9555217454001,746.3767719117523,488.23639924866956
nrc_groeneveld_24579pt__11655,546.0,438.69227610484376,434.0765105683295,434.7491681900417,582.5684554852921,630.4445441773424,434.7491681900417
nrc_groeneveld_24579pt__11656,528.0,445.6630239161634,401.30558772154126,447.99703238243603,595.6411232235901,647.5674659216681,447.99703238243603
nrc_groeneveld_24579pt__11657,1407.0,920.6992807943229,1141.7805028133905,1304.360822878767,1376.3782724677203,2794.2077228132825,1304.360822878767
nrc_groeneveld_24579pt__11658,1318.0,933.3735087968951,1160.6382293773136,1315.6680886092142,1402.8372182363378,2875.3739283750383,1315.6680886092142
nrc_groeneveld_24579pt__11659,1226.0,901.5751614801969,1095.7918809554656,1227.4539160063284,1341.3478562841499,2723.669883550243,1227.4539160063284
nrc_groeneveld_24579pt__11660,1217.0,934.1597024375691,1163.0495786063727,1321.2138593560617,1406.743358997691,2893.294742750815,1321.2138593560617
nrc_groeneveld_24579pt__11661,1149.0,837.9492350827271,1048.3532094402087,1135.9488904209895,1226.0783441729095,2439.626821767251,1135.9488904209895
nrc_groeneveld_24579pt__11662,1152.0,843.3199193105991,1062.933401947524,1140.73711336335,1237.7215604244982,2476.608949853491,1140.73711336335
nrc_groeneveld_24579pt__11663,1103.0,719.7875146773811,797.5605061115969,865.7131680929227,1016.9540044238895,1928.9400589075167,865.7131680929227
nrc_groeneveld_24579pt__11664,1121.0,694.4514729347125,794.7013491958569,834.9245173374214,974.2618513739775,1833.9730426795234,834.9245173374214
nrc_groeneveld_24579pt__11665,1049.0,625.7638922183028,633.1861618861432,714.3874814157883,857.1721857993095,1555.1729589295269,714.3874814157883
nrc_groeneveld_24579pt__11666,6308.0,3378.106063760078,4768.9501053249605,4738.0170936710965,9311.321756741445,1855.5367666402483,4738.0170936710965
nrc_groeneveld_24579pt__11667,5910.0,3310.85749741475,4769.25840642275,4738.0170936710965,8939.354332038045,1843.260883774744,4738.0170936710965
nrc_groeneveld_24579pt__11668,5569.0,3247.2728804499766,4741.143211558917,4738.0170936710965,8509.682420782772,1817.5406702339553,4738.0170936710965
nrc_groeneveld_24579pt__11669,5114.0,3217.4251383098904,4585.2432107366185,4738.0170936710965,8294.334618607183,1800.8987568092875,4738.0170936710965
nrc_groeneveld_24579pt__11670,4868.0,3060.631583600436,3974.740677479486,4395.738652012271,7621.82698367869,1735.528500610535,4395.738652012271
nrc_groeneveld_24579pt__11671,4376.0,2930.24748437741,3902.8084095357226,3981.1849149290892,7277.887788038103,1695.156253272095,3981.1849149290892
nrc_groeneveld_24579pt__11672,3940.0,2755.6437320891187,3564.0462513838934,3981.1849149290892,6899.297981563776,1645.8163090634055,3981.1849149290892
nrc_groeneveld_24579pt__11673,3485.0,2586.6240591234664,3205.855787390483,3729.1335181798577,6513.148386798662,1590.5135822961208,3729.1335181798577
nrc_groeneveld_24579pt__11674,2936.0,2429.4009107243664,3082.4031716004906,3437.4267458824515,6145.797519794769,1533.4666848913891,3437.4267458824515
nrc_groeneveld_24579pt__11675,2538.0,2163.9212331382905,2779.6229978669244,2945.147553522674,5588.74042009042,1439.124570364914,2945.147553522674
nrc_groeneveld_24579pt__11676,2178.0,1858.6946318808086,2779.2277970737155,2682.5541604406585,4912.180930185229,1312.6634075734808,2682.5541604406585
nrc_groeneveld_24579pt__11677,5645.0,4578.021904743124,6131.161469374,5561.938318357966,11304.702368239701,2317.7326299629917,5561.938318357966
nrc_groeneveld_24579pt__11678,5171.0,4422.113914622095,6131.161469374,5561.938318357966,10688.64917172716,2299.6623899553897,5561.938318357966
nrc_groeneveld_24579pt__11679,5000.0,4325.337606816296,6131.161469374,5561.938318357966,10272.60732656152,2275.933351097655,5561.938318357966
nrc_groeneveld_24579pt__11680,4849.0,4245.575485495694,5908.290845496265,5561.938318357966,9927.164907804912,2250.2781488129676,5561.938318357966
nrc_groeneveld_24579pt__11681,4622.0,4064.1503476405574,5661.879976826876,5561.938318357966,9409.577277334816,2202.7610903270347,5561.938318357966
nrc_groeneveld_24579pt__11682,4376.0,3978.847732790078,5527.0670097488655,5561.938318357966,9154.44768826411,2175.6086690477537,5561.938318357966
nrc_groeneveld_24579pt__11683,4186.0,3383.8254081857053,4723.2117338614,4973.312158251712,7906.9802451165615,2010.2515555097455,4973.312158251712
nrc_groeneveld_24579pt__11684,3846.0,2894.4316290522834,4136.747239382233,4312.669118913433,6813.477711953812,1823.5888958658481,4312.669118913433
nrc_groeneveld_24579pt__11685,3201.0,2689.6895276511873,3863.7380702539895,4122.827552016084,6339.316834741076,1731.0751234070603,4122.827552016084
nrc_groeneveld_24579pt__11686,2708.0,2098.4291682684247,2720.9335132775223,3082.635497616258,5461.219407434224,1541.9052717173279,3082.635497616258
nrc_groeneveld_24579pt__11687,2117.0,1564.221043849849,2510.022021467666,2357.7591911456893,4016.4975302408848,1256.279106723438,2357.7591911456893
nrc_groeneveld_24579pt__11688,1814.0,1482.0225514781278,2280.257441261603,2128.0760103397324,3766.3458331706634,1191.7651876939674,2128.0760103397324
nrc_groeneveld_24579pt__11689,1628.0,1366.492348131762,2281.025421491433,2031.1977294992053,3405.6094325584313,1094.4073442896524,2031.1977294992053
nrc_groeneveld_24579pt__11690,1372.0,1259.7780099061729,2631.0109717597734,1872.541455031295,3048.9926885266714,996.0523931318555,1872.541455031295
nrc_groeneveld_24579pt__11691,2466.0,1511.3139200018832,2721.946754221635,2099.9723673636317,4052.6632103002557,1352.436223554196,2099.9723673636317
nrc_groeneveld_24579pt__11692,2000.0,1383.720882977934,2670.1131141935703,2039.7028200185846,3827.9913425260957,1281.5479139669292,2039.7028200185846
nrc_groeneveld_24579pt__11693,1651.0,1200.8982521883236,2326.1511297171023,1824.2211635698059,3399.4379254172686,1142.8298265014084,1824.2211635698059
nrc_groeneveld_24579pt__11694,1383.0,1072.3864163391427,1939.2396873001114,1502.9344263860216,3070.6670889074603,1034.7639263181356,1502.9344263860216
nrc_groeneveld_24579pt__11695,2559.0,1595.4499631015867,2413.9953814860633,2305.5076584513795,3732.0874244647316,1411.5192506536944,2305.5076584513795
nrc_groeneveld_24579pt__11696,2256.0,1491.707220967833,2357.779142639009,2218.9841585680338,3554.101783605131,1342.8729596441663,2218.9841585680338
nrc_groeneveld_24579pt__11697,1849.0,1452.1910765291245,1719.1922612119804,1942.1089263274087,3631.8743908390134,1193.8377327570433,1942.1089263274087
nrc_groeneveld_24579pt__11698,1337.0,1058.928241796904,1365.124048860945,1252.2544422803044,2482.2571796984084,1015.8294792714987,1252.2544422803044
nrc_groeneveld_24579pt__11699,1186.0,1012.0668765572535,1262.651114479224,1181.800596028999,2348.4802074439463,959.4969446051525,1181.800596028999
nrc_groeneveld_24579pt__11700,1010.0,987.1060038375873,1204.0363514427193,1139.1713989744842,2277.9385917272916,929.9570674071705,1139.1713989744842
nrc_groeneveld_24579pt__11701,874.0,914.428390354624,1159.193753471183,958.8587595100746,2075.893453650215,846.3514344725794,958.8587595100746
nrc_groeneveld_24579pt__11702,1697.0,1216.760748807107,1664.4682664899165,1608.6204776125244,2942.1030836354626,1276.0394772014067,1608.6204776125244
nrc_groeneveld_24579pt__11703,1535.0,1114.8254224698853,1495.026476072867,1436.5604156076313,2727.2264903801174,1171.8461776170182,1436.5604156076313
nrc_groeneveld_24579pt__11704,1290.0,1039.5349262374168,1389.7015981856894,1237.9374657530711,2555.470706206931,1088.3732413731689,1237.9374657530711
nrc_groeneveld_24579pt__11705,1060.0,930.7051778836874,1189.0804306991256,1067.1277140388818,2308.557628289073,968.775427150194,1067.1277140388818
nrc_groeneveld_24579pt__11706,2128.0,1556.8417150560874,2266.04785254387,2116.9646608943676,3044.5771674372418,1496.4368023416796,2116.9646608943676
nrc_groeneveld_24579pt__11707,1860.0,1384.0289244415005,1999.929716661325,1878.4109253948152,2797.8793794924504,1357.845472048573,1878.4109253948152
nrc_groeneveld_24579pt__11708,1570.0,1209.890241562338,1629.5311058196598,1622.223792083174,2540.1085590745406,1211.6048933069583,1622.223792083174
nrc_groeneveld_24579pt__11709,1267.0,1075.5898133558585,1424.438000892531,1290.243669176293,2334.584344325341,1094.6894768279597,1290.243669176293
nrc_groeneveld_24579pt__11710,2849.0,1760.8638818536579,2398.041916319786,2292.7640102448468,2930.6647982238683,1879.7140735678097,2292.7640102448468
nrc_groeneveld_24579pt__11711,2395.0,1622.7213211779288,2265.804232176706,2004.671463875385,2743.341924983941,1742.4913509232833,2004.671463875385
nrc_groeneveld_24579pt__11712,2058.0,1413.8932258072064,1873.575936760699,1694.2766254330518,2457.6083223853925,1529.7006277360583,1694.2766254330518
nrc_groeneveld_24579pt__11713,1616.0,1235.5094067548519,1520.154976785619,1363.079893952002,2184.5906722899663,1323.9953241852206,1363.079893952002
nrc_groeneveld_24579pt__11714,2756.0,1900.2046914496962,2628.707677370954,2442.8828550744247,2845.106766240625,2295.1781662218973,2442.8828550744247
nrc_groeneveld_24579pt__11715,2326.0,1701.8587354614845,2078.9032228239994,1948.6625719275692,2482.865929621899,1963.9229740968506,1948.6625719275692
nrc_groeneveld_24579pt__11716,1907.0,1491.4833527119592,1480.2604504895774,1501.3846829915767,2149.2443864210295,1650.7960116283707,1501.3846829915767
nrc_groeneveld_24579pt__11717,907.0,773.9195006856239,865.7173392981224,934.5189391556935,1665.4910155542148,842.001571096246,934.5189391556935
nrc_groeneveld_24579pt__11718,930.0,818.7938074515312,913.9453990837827,977.8124101917474,1729.4748814461936,883.5056398548592,977.8124101917474
nrc_groeneveld_24579pt__11719,872.0,866.7533507257152,924.71566427145,997.0522389911216,1806.9139697048072,935.1185140669024,997.0522389911216
nrc_groeneveld_24579pt__11720,930.0,820.0195681531368,923.2776043933762,985.598087242566,1730.146082775726,884.332994519774,985.598087242566
nrc_groeneveld_24579pt__11721,1023.0,848.0859155170418,948.8331796957807,1024.6583129995058,1771.6366436904152,913.621257220529,1024.6583129995058
nrc_groeneveld_24579pt__11722,1069.0,747.2749969583941,898.8661954191622,969.8783727417596,1620.4460063516674,813.9226375116755,969.8783727417596
nrc_groeneveld_24579pt__11723,2128.0,1491.5412375745902,1602.4527289979344,1630.695939633048,1674.3664526031387,2195.343253663834,1630.695939633048
nrc_groeneveld_24579pt__11724,1069.0,798.779697119986,947.4278225490073,1022.5483058816709,1694.2246857919672,862.5027942351738,1022.5483058816709
nrc_groeneveld_24579pt__11725,1139.0,858.6495470627408,961.1801107765834,990.9774736330133,1787.0270146427022,924.745285272994,990.9774736330133
nrc_groeneveld_24579pt__11726,1535.0,982.0559704952964,1236.775767059609,1387.3731948357097,1994.7786929582392,1083.9966857266734,1387.3731948357097
nrc_groeneveld_24579pt__11727,1535.0,959.6583720472222,1185.8648122168452,1284.9781386891805,1951.668639743324,1054.4201437421937,1284.9781386891805
nrc_groeneveld_24579pt__11728,1046.0,828.3076483351109,1107.8480925883566,932.2248058461555,1673.7084916941517,926.502284249777,932.2248058461555
nrc_groeneveld_24579pt__11729,2209.0,1492.6595135715907,1356.8051796191678,1533.431476093147,2426.16766627177,1571.6865050987733,1533.431476093147
nrc_groeneveld_24579pt__11730,2302.0,1488.923582722883,1358.4164527535659,1537.3938313285298,2419.4313147328717,1568.0996166492725,1537.3938313285298
nrc_groeneveld_24579pt__11731,2046.0,1197.7016006613258,1510.4610689300976,1295.486818037948,1907.1874276313017,1299.6504597501742,1295.486818037948
nrc_groeneveld_24579pt__11732,1139.0,854.3917136705811,980.8840998350098,971.919002551457,1504.8185520388113,959.1618800535257,971.919002551457
nrc_groeneveld_24579pt__11733,1256.0,939.797370463537,1005.2642257487988,1067.979520889224,1589.9891195725827,1047.2230317401168,1067.979520889224
nrc_groeneveld_24579pt__11734,1756.0,1122.5597889350686,1285.3065253125083,1327.353965748656,1680.8248247057838,1277.7614257599553,1327.353965748656
nrc_groeneveld_24579pt__11735,1802.0,1151.6358548577552,1316.8717450140132,1387.8831370101416,1717.2504901266548,1318.6318914042918,1387.8831370101416
nrc_groeneveld_24579pt__11736,1767.0,1134.393658712573,1284.5182373573161,1236.310497721594,1681.8871592219177,1292.2828020067493,1236.310497721594
nrc_groeneveld_24579pt__11737,1069.0,855.6498216058425,959.6486827887744,958.1440296331647,1309.188987838567,919.1330704287708,958.1440296331647
nrc_groeneveld_24579pt__11738,1256.0,989.5644248662884,1085.3603575943678,1030.9117523811044,1423.1680700220265,1092.3435336829423,1030.9117523811044
nrc_groeneveld_24579pt__11739,1395.0,962.7646025072246,1043.737793294191,1005.0190505756008,1371.346227528574,1057.5708225236622,1005.0190505756008
nrc_groeneveld_24579pt__11740,1418.0,1010.1484393288974,1120.0993339524518,1044.616952093739,1414.7975054701658,1120.5841977086518,1044.616952093739
nrc_groeneveld_24579pt__11741,1907.0,1238.976250365877,1266.2930130229079,1370.4572800605702,1554.7530298373522,1482.184148490229,1370.4572800605702
nrc_groeneveld_24579pt__11742,1849.0,1324.5091792187504,1375.1907649196025,1458.1212007744077,1644.9979667238724,1611.1846219330296,1458.1212007744077
nrc_groeneveld_24579pt__11743,1930.0,1257.1382993772359,1311.2282077711543,1408.9676464281408,1568.5965076810444,1513.87511279218,1408.9676464281408
nrc_groeneveld_24579pt__11744,1558.0,1094.0181844770086,1206.7080236984682,1231.8015483166942,1336.446496868289,1322.4362629034629,1231.8015483166942
nrc_groeneveld_24579pt__11745,2128.0,1491.5412375745902,1602.4527289979344,1630.695939633048,1674.3664526031387,2195.343253663834,1630.695939633048
nrc_groeneveld_24579pt__11746,855.0,556.530529729347,675.7220469031237,581.8507289415064,1189.548300776002,623.8264294702333,581.8507289415064
nrc_groeneveld_24579pt__11747,768.0,540.1649172041408,662.113959157799,547.0172435894456,1159.41934052919,603.9279564230361,547.0172435894456
nrc_groeneveld_24579pt__11748,665.0,541.2937003536138,662.113959157799,547.0172435894456,1161.5415634778365,605.3175067090551,547.0172435894456
nrc_groeneveld_24579pt__11749,572.0,515.9186213279136,621.1562527367712,524.8073831518761,1113.832555201549,574.560081309123,524.8073831518761
nrc_groeneveld_24579pt__11750,1076.0,745.510999149814,918.2501359020233,847.4562117287902,1448.8100790555459,821.7383369219469,847.4562117287902
nrc_groeneveld_24579pt__11751,801.0,697.2188867069386,808.6986776689079,779.4209905833848,1384.2221512156957,769.6297090312598,779.4209905833848
nrc_groeneveld_24579pt__11752,685.0,636.3673642433095,749.1831258218115,727.7983509262737,1301.0875232164171,704.5034576420026,727.7983509262737
nrc_groeneveld_24579pt__11753,1337.0,929.8999945651497,1141.6479421118438,1086.1607513629694,1582.835442348306,1051.9072456416845,1086.1607513629694
nrc_groeneveld_24579pt__11754,1209.0,802.15360271935,1038.3361306273373,947.7552901195555,1454.382117312241,928.3619607737714,947.7552901195555
nrc_groeneveld_24579pt__11755,1066.0,684.4084104692128,829.4970301422617,826.989732027045,1330.6286697545072,813.420130048915,826.989732027045
nrc_groeneveld_24579pt__11756,924.0,589.6759534691204,701.2914735566186,729.7802542808043,1201.4362560257648,698.6132368356622,729.7802542808043
nrc_groeneveld_24579pt__11757,1686.0,1274.2581031798059,1507.238008001935,1501.222385387657,1713.2016102124735,1514.0391926311906,1501.222385387657
nrc_groeneveld_24579pt__11758,1465.0,1148.5737589855341,1355.1873313062083,1310.0958998221827,1600.5027291269348,1375.398714824545,1310.0958998221827
nrc_groeneveld_24579pt__11759,1290.0,1014.5189599366371,1062.590801646903,1137.5785035885438,1439.7767481575845,1180.9055851004357,1137.5785035885438
nrc_groeneveld_24579pt__11760,1133.0,846.4167200677741,898.2169598530862,964.5255699952371,1228.4061749946281,934.0404124904758,964.5255699952371
nrc_groeneveld_24579pt__11761,2035.0,1424.874172661779,1474.3913147461485,1578.4344161193671,1693.9208296855181,1815.6382942693233,1578.4344161193671
nrc_groeneveld_24579pt__11762,1756.0,1355.7562984901706,1361.8577196363635,1462.517031931234,1615.7995360493842,1702.6125450643553,1462.517031931234
nrc_groeneveld_24579pt__11763,1500.0,1231.0357513698928,1229.551007311939,1300.660019394542,1483.6513131703618,1512.6363104913214,1300.660019394542
nrc_groeneveld_24579pt__11764,1302.0,1008.1500661991978,1069.2909264312282,1010.2139722267099,1245.3959143611223,1177.562982572372,1010.2139722267099
nrc_groeneveld_24579pt__11765,587.0,477.4829637822828,634.535001912433,527.4096798698293,872.9338055793272,538.691814243584,527.4096798698293
nrc_groeneveld_24579pt__11766,538.0,448.44850064097784,552.5663477583464,458.375692817883,836.7167373502934,504.6451203580803,458.375692817883
nrc_groeneveld_24579pt__11767,440.0,496.068875612927,641.9333003755133,582.6132004263245,895.7624334741798,560.9005635601615,582.6132004263245
nrc_groeneveld_24579pt__11768,410.0,409.78291356914286,465.422681108075,408.41008799639604,780.3149700553397,454.56183779731623,408.41008799639604
nrc_groeneveld_24579pt__11769,746.0,648.0115021647022,665.3354683623229,836.4807444677974,1066.6080893199628,755.6956776451991,836.4807444677974
nrc_groeneveld_24579pt__11770,661.0,618.947355505294,654.7161282084384,760.2135625760491,1034.3679787910858,717.2617079500166,760.2135625760491
nrc_groeneveld_24579pt__11771,576.0,583.8885286687422,643.6144665086105,724.3536602248464,994.8923141910568,671.5670685873569,724.3536602248464
nrc_groeneveld_24579pt__11772,504.0,510.1353579628773,599.0987666676498,610.3057478231909,909.1962258162572,577.6924733013711,610.3057478231909
nrc_groeneveld_24579pt__11773,932.0,823.9513366282963,910.6041570766182,983.8328331852885,1157.7029920044413,972.3084884466355,983.8328331852885
nrc_groeneveld_24579pt__11774,848.0,710.4150238374459,808.3256928056879,812.0979013439389,1065.2253630589375,844.550964677065,812.0979013439389
nrc_groeneveld_24579pt__11775,751.0,622.6974576975556,665.9237089491133,724.1617302790473,989.2320344218375,744.95430744228,724.1617302790473
nrc_groeneveld_24579pt__11776,626.0,564.093128108861,569.7610236579657,634.4576185254441,935.9132515739315,678.1994533997876,634.4576185254441
nrc_groeneveld_24579pt__11777,1279.0,880.5464659051688,900.2368743363929,1002.7756726793774,1118.7516676672778,1137.134138044372,1002.7756726793774
nrc_groeneveld_24579pt__11778,1157.0,798.6865531381906,818.5769426410168,913.6391434443228,1029.369735775378,994.4094947906739,913.6391434443228
nrc_groeneveld_24579pt__11779,1000.0,742.9099661931612,729.8338610618944,835.3953049882324,967.8937495116714,899.6307742061413,835.3953049882324
nrc_groeneveld_24579pt__11780,857.0,659.1610332278902,627.3621165158861,692.7258764279434,874.7381384216915,762.0362703539354,692.7258764279434
nrc_groeneveld_24579pt__11781,1488.0,1062.284082799083,1152.3652896860171,1243.1794088687448,1176.5246886606117,1432.9602703782766,1243.1794088687448
nrc_groeneveld_24579pt__11782,1349.0,949.076899314777,988.0416563865348,1014.7095612525908,1062.239266427592,1225.4694568057905,1014.7095612525908
nrc_groeneveld_24579pt__11783,1174.0,865.8125022802889,924.0432826758189,958.1245872215113,982.0945296067862,1084.6066343796974,958.1245872215113
nrc_groeneveld_24579pt__11784,987.0,778.237833042093,752.8767443133106,753.6938947452795,897.9922382547377,941.8144792195329,753.6938947452795
nrc_groeneveld_24579pt__11785,447.0,387.6895635814168,341.5682870666026,270.90998190387756,638.4037365426266,421.0913667092463,270.90998190387756
nrc_groeneveld_24579pt__11786,407.0,370.0673807062969,309.4212729870579,262.705550686483,615.4845480265333,395.946076241213,262.705550686483
nrc_groeneveld_24579pt__11787,361.0,361.5589814598653,294.62495603744094,260.1279263573858,604.319843166755,384.12276867990727,260.1279263573858
nrc_groeneveld_24579pt__11788,307.0,350.78984033769564,329.99327058892,270.8937467695438,590.0981705408984,369.46242024871077,270.8937467695438
nrc_groeneveld_24579pt__11789,591.0,568.9901088497088,676.1753782147854,668.690336068702,835.1790615991177,679.1770613491954,668.690336068702
nrc_groeneveld_24579pt__11790,530.0,487.7560902548657,601.8277725856835,572.893185917284,757.1206879391526,564.6563355102943,572.893185917284
nrc_groeneveld_24579pt__11791,479.0,446.6557995333697,422.26209527785375,443.4200358424852,715.5024461856266,508.816344737794,443.4200358424852
nrc_groeneveld_24579pt__11792,379.0,455.161018944159,437.40698876564085,456.7472036642056,724.238351099489,520.2387085566492,456.7472036642056
nrc_groeneveld_24579pt__11793,735.0,670.8458704824046,682.6728266473211,753.665076499869,871.267970045964,798.2079376768228,753.665076499869
nrc_groeneveld_24579pt__11794,651.0,620.0678886840333,641.3322162179603,672.1568632442362,835.2088257316727,737.3772244295521,672.1568632442362
nrc_groeneveld_24579pt__11795,569.0,566.0923457724667,610.7618024882325,595.7040541668974,795.2277681983383,672.8434624040304,595.7040541668974
nrc_groeneveld_24579pt__11796,494.0,475.67523581769666,527.9242896743627,479.27099355925776,724.2379887855565,565.4955612176516,479.27099355925776
nrc_groeneveld_24579pt__11797,924.0,639.2584097820459,623.5250548371921,727.0018245964808,790.7572149425301,799.9981977768572,727.0018245964808
nrc_groeneveld_24579pt__11798,802.0,607.2950952232109,568.8176612465768,616.7366525905563,756.1341143951795,740.5765659536464,616.7366525905563
nrc_groeneveld_24579pt__11799,665.0,575.8004463306305,536.26908251196,571.7653280017927,721.1800928656512,682.4556076641724,571.7653280017927
nrc_groeneveld_24579pt__11800,1221.0,797.3658772065938,910.8377356696265,1068.445820715429,905.7015502021725,1147.814079079,1068.445820715429
nrc_groeneveld_24579pt__11801,1119.0,723.571168923708,770.3976907639465,832.5897779865898,818.2276617754212,974.6519540023172,832.5897779865898
nrc_groeneveld_24579pt__11802,954.0,694.8116202053617,661.0939903246767,711.1190741658103,782.4250071851908,910.3246843228318,711.1190741658103
nrc_groeneveld_24579pt__11803,807.0,653.691608915722,609.9225175917674,647.4196588088962,734.2012794635828,820.644524570975,647.4196588088962
nrc_groeneveld_24579pt__11804,695.0,578.9581002953117,516.6068404237142,568.7647121827662,655.185524006635,675.3320322713234,568.7647121827662
nrc_groeneveld_24579pt__11805,453.0,362.8001301968042,379.71005578532464,350.8424089747272,558.157685452207,485.29560934277976,350.8424089747272
nrc_groeneveld_24579pt__11806,409.0,378.4551641260023,354.00681306086085,360.6854447046827,575.883768934108,515.1759401833076,360.6854447046827
nrc_groeneveld_24579pt__11807,383.0,351.67681472341496,361.1097866590017,355.5763996808365,541.9780155253608,459.0731812590311,355.5763996808365
nrc_groeneveld_24579pt__11808,354.0,347.01469564421177,359.9770490563738,364.2757047574684,535.153723463818,448.30790131183835,364.2757047574684
nrc_groeneveld_24579pt__11809,318.0,339.38143636652495,370.41854508030093,350.56234428579126,523.9277657767539,430.97435427410477,350.56234428579126
nrc_groeneveld_24579pt__11810,287.0,347.78740119562707,362.50419370764143,364.2757047574684,536.2858541825273,450.0828464410866,364.2757047574684
nrc_groeneveld_24579pt__11811,260.0,343.1768434029678,360.3029376750279,360.4962137454269,529.5175269344038,439.547282772868,360.4962137454269
nrc_groeneveld_24579pt__11812,715.0,362.18979758479,253.23859253584635,294.0315248951291,534.2615699347235,413.7810554098479,294.0315248951291
nrc_groeneveld_24579pt__11813,703.0,358.0304465811472,252.05046629893695,286.4964770075,529.6572002728818,406.8849012904813,286.4964770075
nrc_groeneveld_24579pt__11814,624.0,378.44081738964144,313.5844885605643,373.1775211255701,551.9549621214343,441.2721141155026,373.1775211255701
nrc_groeneveld_24579pt__11815,608.0,391.7840299136892,310.8840855411857,408.21683606932635,566.1286016218404,464.4745673649967,408.21683606932635
nrc_groeneveld_24579pt__11816,576.0,353.9188611437535,251.6241719167497,287.5887323101421,525.0762496872205,400.12532409160593,287.5887323101421
nrc_groeneveld_24579pt__11817,544.0,355.5577986988839,251.60125154161955,286.4964770075,526.9064112721627,402.81290997087206,286.4964770075
nrc_groeneveld_24579pt__11818,523.0,330.5309200469779,245.95391750596445,254.17248427919205,496.3372894386175,359.9507068322967,254.17248427919205
nrc_groeneveld_24579pt__11819,498.0,318.49563263293004,347.7962811361744,266.67274350359247,479.7793862876634,338.4665091599285,266.67274350359247
nrc_groeneveld_24579pt__11820,467.0,314.1729066366104,295.3320125202298,281.56420826270045,473.7795646391641,330.9667752253211,281.56420826270045
nrc_groeneveld_24579pt__11821,433.0,309.90885007912925,329.13869910184525,306.3658119032907,467.8358255152019,323.6820383708819,306.3658119032907
nrc_groeneveld_24579pt__11822,397.0,306.3000366542555,369.5007090493786,335.3312954197184,462.7857090349618,317.6049843807741,335.3312954197184
nrc_groeneveld_24579pt__11823,374.0,291.7101280702461,372.306100219801,350.3028736563519,442.1992205425129,293.8678353360994,350.3028736563519
nrc_groeneveld_24579pt__11824,337.0,290.21253259169316,386.0726957438215,358.8737500440626,438.1711114262514,289.4135312706318,358.8737500440626
nrc_groeneveld_24579pt__11825,311.0,295.72378719667637,372.26484786465795,347.0541357491547,447.88837525938584,300.26431165898106,347.0541357491547
nrc_groeneveld_24579pt__11826,300.0,288.61245156079315,406.0697903299128,382.061898242026,433.3782125985084,284.19160244156643,382.061898242026
nrc_groeneveld_24579pt__11827,288.0,281.97288530835215,501.67356688048693,410.54152281252624,413.8807391616927,263.81625406801675,410.54152281252624
nrc_groeneveld_24579pt__11828,265.0,281.68316684111045,503.5962301063786,410.54152281252624,413.1169019006779,263.04576102306686,410.54152281252624
nrc_groeneveld_24579pt__11829,240.0,281.39374605068366,504.29513900352254,410.54152281252624,412.35387702388465,262.27857469860595,410.54152281252624
nrc_groeneveld_24579pt__11830,751.0,447.21198008878343,659.8897639480989,650.1380292076409,658.0198200173032,593.4761244829879,650.1380292076409
nrc_groeneveld_24579pt__11831,711.0,426.56120926554007,631.1091689424576,626.6555772805252,639.9985779603201,560.3890790639265,626.6555772805252
nrc_groeneveld_24579pt__11832,657.0,443.79661372749405,657.9388543857177,650.1380292076409,655.6010562477549,588.9499380046449,650.1380292076409
nrc_groeneveld_24579pt__11833,621.0,405.29407257914494,602.8853806605234,591.8232428190529,617.5955783786096,521.2370111607486,591.8232428190529
nrc_groeneveld_24579pt__11834,568.0,406.3864863648741,607.1223150797508,591.8232428190529,618.7622747284917,523.2233425496182,591.8232428190529
nrc_groeneveld_24579pt__11835,538.0,367.8155226896565,444.7592173373489,440.0870495325306,574.3402789637587,451.51384274327444,440.0870495325306
nrc_groeneveld_24579pt__11836,497.0,348.71535176355786,319.68879367427945,339.9650080052154,549.2403939743383,414.3989716318588,339.9650080052154
nrc_groeneveld_24579pt__11837,473.0,343.8979542558645,344.16913625433165,335.1150833509935,542.831447976753,405.2998002814714,335.1150833509935
nrc_groeneveld_24579pt__11838,448.0,339.9343329970747,355.50892376232804,372.8257029051892,537.5369439120668,397.89398162326194,372.8257029051892
nrc_groeneveld_24579pt__11839,410.0,350.3361007773727,315.1197010178221,339.9650080052154,551.3889824382442,417.4842888846918,339.9650080052154
nrc_groeneveld_24579pt__11840,379.0,349.5247868435868,316.21087230521005,339.9650080052154,550.3136481104118,415.93833623083657,339.9650080052154
nrc_groeneveld_24579pt__11841,353.0,343.8979542558645,344.16913625433165,335.1150833509935,542.831447976753,405.2998002814714,335.1150833509935
nrc_groeneveld_24579pt__11842,330.0,333.68734035580854,397.84759124277997,394.84471261082393,529.1496939479571,386.3713176974924,394.84471261082393
nrc_groeneveld_24579pt__11843,293.0,326.03979084995234,378.5834662135121,379.65015404707157,518.8165494049261,372.5174225522177,379.65015404707157
nrc_groeneveld_24579pt__11844,270.0,307.87284949946564,425.88811686232634,402.9538630274928,481.4011166523346,325.33079617795534,402.9538630274928
nrc_groeneveld_24579pt__11845,847.0,515.6240287141508,667.0854802619098,789.065436273247,697.7732435809946,684.1475339424504,789.065436273247
nrc_groeneveld_24579pt__11846,814.0,526.4641531094285,671.8805516519084,789.065436273247,705.0712289219318,698.3601283168045,789.065436273247
nrc_groeneveld_24579pt__11847,786.0,517.7740486108441,669.944813816488,789.065436273247,699.2291020065151,686.9671983693231,789.065436273247
nrc_groeneveld_24579pt__11848,754.0,529.7777091559776,607.4489061123649,762.4257518171847,706.8174117787738,702.7555729392932,762.4257518171847
nrc_groeneveld_24579pt__11849,732.0,483.4335505332307,562.5504002791909,682.9400318654504,674.9108972199969,641.830140239277,682.9400318654504
nrc_groeneveld_24579pt__11850,711.0,466.9087804694931,569.5829435877487,594.8497529023429,662.1672572536207,618.4471495027576,594.8497529023429
nrc_groeneveld_24579pt__11851,674.0,463.44150516646556,564.3414143586061,594.8497529023429,659.3599536031965,613.3685021976414,594.8497529023429
nrc_groeneveld_24579pt__11852,653.0,425.37121894697367,478.7527773057693,534.6823630072827,627.7383171454138,557.9302418873577,534.6823630072827
nrc_groeneveld_24579pt__11853,615.0,427.6777531665512,501.62592901800156,530.531610570485,630.4770157665357,561.87160696018,530.531610570485
nrc_groeneveld_24579pt__11854,573.0,426.08682169172744,500.0333809656753,530.531610570485,629.1292264925161,559.5680335363398,530.531610570485
nrc_groeneveld_24579pt__11855,552.0,399.55299941815076,426.49717647997073,435.62229191002547,606.6112537138005,521.626713589517,435.62229191002547
nrc_groeneveld_24579pt__11856,501.0,386.10945679854933,418.9345805891719,441.1530826158784,595.2058921905713,501.8473410436677,441.1530826158784
nrc_groeneveld_24579pt__11857,473.0,392.8309357822581,451.2449908785313,441.23844886236986,600.0559775144857,511.3093359841595,441.23844886236986
nrc_groeneveld_24579pt__11858,402.0,373.0415672715342,418.2323903921767,399.5360290018886,579.6235719597721,478.9929039887116,399.5360290018886
nrc_groeneveld_24579pt__11859,361.0,358.43158143031224,406.9012343993083,388.87487098328256,558.5716900975748,447.0599705710798,388.87487098328256
nrc_groeneveld_24579pt__11860,319.0,353.4129023502218,380.3552098373755,351.59622945657804,551.3033639920561,436.35296052097306,351.59622945657804
nrc_groeneveld_24579pt__11861,775.0,470.8139682712601,537.7292794984985,521.0103788400195,651.3206312705928,620.2245557772385,521.0103788400195
nrc_groeneveld_24579pt__11862,729.0,465.7854145861397,525.7962086198105,510.99723250668603,645.3959351095399,609.7644563013125,510.99723250668603
nrc_groeneveld_24579pt__11863,688.0,463.2913141405972,504.4171497702599,507.341609789244,642.4513169194125,604.6014937030583,507.341609789244
nrc_groeneveld_24579pt__11864,657.0,450.8377529756092,480.04626201237346,477.32336360648657,627.9006491529088,579.4458301189239,477.32336360648657
nrc_groeneveld_24579pt__11865,625.0,441.0784121308525,464.50929084836895,449.7677087114168,616.4663262292563,560.0947402512094,449.7677087114168
nrc_groeneveld_24579pt__11866,579.0,435.0863978905383,453.38399776167114,409.6355617957318,609.414452286072,548.3403617915883,409.6355617957318
nrc_groeneveld_24579pt__11867,536.0,431.530332949734,418.34283099771454,404.6657503168825,605.2170906971644,541.4109745084061,404.6657503168825
nrc_groeneveld_24579pt__11868,495.0,423.3454666572952,397.0536560352488,405.9175827544874,595.5244762210882,525.595549413452,405.9175827544874
nrc_groeneveld_24579pt__11869,458.0,407.4385183792094,366.16674900862176,385.1415860970492,576.5590024241378,495.40589451667654,385.1415860970492
nrc_groeneveld_24579pt__11870,394.0,411.92136782077023,372.88439557972214,389.37296143138195,581.9205846019037,503.8394526107659,389.37296143138195
nrc_groeneveld_24579pt__11871,345.0,401.90349935076335,379.17696555196477,393.97427432840396,569.9201082851813,485.07499904329285,393.97427432840396
nrc_groeneveld_24579pt__11872,762.0,439.2472041222807,412.98321842045993,437.61698084972426,568.4310515246632,551.7294897355472,437.61698084972426
nrc_groeneveld_24579pt__11873,750.0,425.32277976545794,416.86363687963933,431.8139756749279,551.5647070531135,524.2897602603555,431.8139756749279
nrc_groeneveld_24579pt__11874,702.0,432.2289229812071,414.99717009213657,431.8139756749279,559.940252027819,537.827458956533,431.8139756749279
nrc_groeneveld_24579pt__11875,680.0,407.384382728723,417.4527728550472,412.57517813691,527.1410902411036,485.78525645192417,412.57517813691
nrc_groeneveld_24579pt__11876,614.0,419.6520278205768,418.0091027833851,433.23290529597165,544.6757883706109,513.2810465773158,433.23290529597165
nrc_groeneveld_24579pt__11877,579.0,407.7947074716785,419.135545027691,421.7328470751412,525.0127496981173,483.91631975321815,421.7328470751412
nrc_groeneveld_24579pt__11878,522.0,404.8280286724896,412.8483208197814,404.01684238513775,522.0120404546667,478.3256083417187,404.01684238513775
nrc_groeneveld_24579pt__11879,468.0,394.1517489608557,418.85991898402375,414.03859952787394,505.86631150514415,452.0666446829072,414.03859952787394
nrc_groeneveld_24579pt__11880,405.0,386.9065376671312,418.6802452401142,421.20116807366,494.3036922000453,434.13892960946566,421.20116807366
nrc_groeneveld_24579pt__11881,3056.0,1458.5116895079882,1681.2722862459539,2065.5248576323684,3352.6041036275983,1209.3222720333865,2065.5248576323684
nrc_groeneveld_24579pt__11882,2794.0,1510.3751096261965,1676.1501249535486,2136.1767814810123,3434.6021456921376,1235.2617314845816,2136.1767814810123
nrc_groeneveld_24579pt__11883,2543.0,1553.0001472511951,1654.3058181442611,1935.5624989882115,3529.5368663563854,1264.8999688879692,1935.5624989882115
nrc_groeneveld_24579pt__11884,2127.0,1497.4009964018367,1680.6128757257586,2136.1767814810123,3411.065271414419,1227.8481494783616,2136.1767814810123
nrc_groeneveld_24579pt__11885,1886.0,1523.191229967687,1673.0894134835535,2134.4851349687683,3458.2190657487376,1242.675106139339,2134.4851349687683
nrc_groeneveld_24579pt__11886,1815.0,1296.1649055102116,2288.8507568518453,1958.0592096905111,3041.8952064901177,1108.4608888874513,1958.0592096905111
nrc_groeneveld_24579pt__11887,1658.0,1217.9731451522164,2282.166871301807,1896.6154011757676,2886.4315754789827,1056.67486842778,1896.6154011757676
nrc_groeneveld_24579pt__11888,1483.0,1170.2809631089385,2179.6051018738885,1741.2112506393466,2737.336173180248,1006.3484821762954,1741.2112506393466
nrc_groeneveld_24579pt__11889,1343.0,1089.1885615460194,1690.4159662133054,1534.608111810213,2482.1506570169327,919.128566992387,1534.608111810213
nrc_groeneveld_24579pt__11890,1152.0,1038.061547755482,1562.013591461039,1441.4921907769415,2339.1391608240106,869.9298985110416,1441.4921907769415
nrc_groeneveld_24579pt__11891,985.0,949.2651187147763,1304.7864552706505,1308.6296386716201,2112.693067654889,792.166935057796,1308.6296386716201
nrc_groeneveld_24579pt__11892,766.0,851.2923363997302,1174.978997677397,1067.9193958335359,1868.655900663365,709.7046463490124,1067.9193958335359
nrc_groeneveld_24579pt__11893,3079.0,1964.1066123560486,2623.3438351748773,2642.9693305502606,3867.543231731425,1489.5595243868229,2642.9693305502606
nrc_groeneveld_24579pt__11894,2667.0,2025.5011329249176,2617.1644948342946,2651.444769663139,4008.253326687794,1538.2548679675685,2651.444769663139
nrc_groeneveld_24579pt__11895,2266.0,2055.384775933339,2605.913397452603,2674.8996403560254,4087.7044649485515,1565.240507013049,2674.8996403560254
nrc_groeneveld_24579pt__11896,2099.0,1831.50558999541,2610.6472802848784,2538.6624513256925,3677.3854294507414,1421.9894844561466,2538.6624513256925
nrc_groeneveld_24579pt__11897,1955.0,1502.5393156532919,2116.7659585489514,2148.0478681922164,3235.013168018087,1257.6130480938486,2148.0478681922164
nrc_groeneveld_24579pt__11898,1677.0,1354.330657940173,1987.9243107668917,1969.9766335925576,3024.104119179151,1176.1231755082988,1969.9766335925576
nrc_groeneveld_24579pt__11899,1443.0,1126.2272522939957,1667.2699606844758,1697.224771342711,2695.9316387898984,1046.126778603163,1697.224771342711
nrc_groeneveld_24579pt__11900,1186.0,977.9016843936698,1417.9266549296376,1418.0388614484864,2410.3461809582186,931.5391844961415,1418.0388614484864
nrc_groeneveld_24579pt__11901,904.0,834.5228495415085,1172.3634582711502,1052.8092395595552,2098.7184962929678,804.5705240127517,1052.8092395595552
nrc_groeneveld_24579pt__11902,4407.0,3360.064508066287,3570.4088677298287,3682.5631791855267,6696.857122007268,2480.7486957015913,3682.5631791855267
nrc_groeneveld_24579pt__11903,4175.0,3230.3055261524833,3561.649172618489,3682.5631791855267,6291.696974940919,2405.203798350393,3682.5631791855267
nrc_groeneveld_24579pt__11904,4000.0,3016.9144211397825,3561.2309419059593,3682.5631791855267,5687.88119840494,2265.73451884536,3682.5631791855267
nrc_groeneveld_24579pt__11905,3768.0,2846.1511915693013,3570.472269730529,3421.33443872756,5240.896148247413,2143.1525395374497,3421.33443872756
nrc_groeneveld_24579pt__11906,3500.0,2676.8831659536995,3609.7627118105834,3433.942422269093,4786.922660260051,2002.6340394052793,3433.942422269093
nrc_groeneveld_24579pt__11907,3227.0,2556.571857795417,3615.1246025950472,3412.0646177208587,4459.954212611805,1891.7540917891274,3412.0646177208587
nrc_groeneveld_24579pt__11908,2977.0,2378.940195988059,3538.063129687122,3361.315583876953,4082.4510792300216,1753.9890515846632,3361.315583876953
nrc_groeneveld_24579pt__11909,2662.0,2146.6664083837213,3447.276460524603,3242.1008213782316,3727.9579948660166,1615.4703520063017,3242.1008213782316
nrc_groeneveld_24579pt__11910,2469.0,1771.955224969301,2632.488990024514,2689.2425573782466,3239.526256202904,1414.6831400997921,2689.2425573782466
nrc_groeneveld_24579pt__11911,2178.0,1507.9040672340093,2413.3104068808902,2404.0638656037318,2891.481902641044,1260.0062046521832,2404.0638656037318
nrc_groeneveld_24579pt__11912,1838.0,1331.5407426017157,2056.441202542983,1991.142867333606,2647.5265683963303,1147.9648923022091,1991.142867333606
nrc_groeneveld_24579pt__11913,1502.0,1079.2800894354773,1598.2833080088628,1557.8392277122596,2289.273038736856,979.3697493787107,1557.8392277122596
nrc_groeneveld_24579pt__11914,1114.0,884.3926013989997,1357.7764476521147,1099.4048000832347,1976.8230326353282,830.2522387559777,1099.4048000832347
nrc_groeneveld_24579pt__11915,4203.0,2466.754962818545,3754.581846267021,3582.4891675335043,3759.385192693678,2115.496976005543,3582.4891675335043
nrc_groeneveld_24579pt__11916,3849.0,2133.2592132932145,3440.041234194298,3322.507511671708,3360.7535474011565,1897.7973066395462,3322.507511671708
nrc_groeneveld_24579pt__11917,3429.0,1831.5944144804298,2870.446440420067,2826.7393967526505,2987.5782485359687,1678.8888415649617,2826.7393967526505
nrc_groeneveld_24579pt__11918,2919.0,1664.2580852858525,2591.303033409501,2645.882176020491,2723.106571972842,1533.0455150359767,2645.882176020491
nrc_groeneveld_24579pt__11919,2061.0,1305.207789594915,1534.3820904799265,1571.0160174198181,2077.2256490579416,1139.6581911323037,1571.0160174198181
nrc_groeneveld_24579pt__11920,1372.0,1072.4650517758232,1306.5096572246503,1238.1668672344174,1756.0938236384713,920.0767173852454,1238.1668672344174
nrc_groeneveld_24579pt__11921,448.0,346.2010824481314,580.2776722030111,390.33017713030375,538.3368918042776,335.00389952224765,390.33017713030375
nrc_groeneveld_24579pt__11922,409.0,344.48661294080813,575.4013538493892,389.10438238141717,529.8843764061869,329.627946807509,389.10438238141717
nrc_groeneveld_24579pt__11923,373.0,344.76007483921484,394.5346823357602,419.89056724402025,509.4286007291391,317.0901557781768,419.89056724402025
nrc_groeneveld_24579pt__11924,286.0,343.87699755369357,409.7289115499186,386.91333643144446,469.85238404175664,294.85284280276665,386.91333643144446
nrc_groeneveld_24579pt__11925,721.0,523.9228610830709,781.1963033757155,666.1630741979924,900.7927709919304,554.5931242813539,666.1630741979924
nrc_groeneveld_24579pt__11926,675.0,463.53262894887445,677.5752026748343,550.7729486342869,830.7233979121454,493.364929104024,550.7729486342869
nrc_groeneveld_24579pt__11927,605.0,423.717578828132,535.6381996313089,461.7062345149443,782.9340257263167,454.2245613899356,461.7062345149443
nrc_groeneveld_24579pt__11928,519.0,413.97707972822485,530.1599491337022,434.5482672518181,764.9242516278208,440.04398997354764,434.5482672518181
nrc_groeneveld_24579pt__11929,394.0,415.2820881330835,530.2694673169601,449.56580410876785,767.6662000909237,442.18181794803786,449.56580410876785
nrc_groeneveld_24579pt__11930,898.0,780.674943099255,1077.3163784154776,968.6973675482502,1183.8705269269212,854.8412368106639,968.6973675482502
nrc_groeneveld_24579pt__11931,839.0,655.4463142625301,943.7035009545648,887.9633323362425,1058.0713183895884,715.2670123894986,887.9633323362425
nrc_groeneveld_24579pt__11932,745.0,588.0942686481847,846.9074716563186,830.4898196682968,983.8608291937874,637.9756802662499,830.4898196682968
nrc_groeneveld_24579pt__11933,651.0,514.3374125054867,713.7626272925498,682.292106833107,894.6845772882743,550.480726383391,682.292106833107
nrc_groeneveld_24579pt__11934,505.0,500.0814297577315,631.6121421839255,636.2106602944756,866.8530365136305,524.991070492091,636.2106602944756
nrc_groeneveld_24579pt__11935,1133.0,867.3044590864274,1110.0468324215476,1091.300145121172,1204.3640699553537,958.0148706854409,1091.300145121172
nrc_groeneveld_24579pt__11936,1019.0,737.9812705068626,1028.6826276981512,960.8767888136913,1101.1518910714246,833.299736064627,960.8767888136913
nrc_groeneveld_24579pt__11937,889.0,668.0180795233438,1004.0103354538134,878.9712341902598,1038.6505315825302,760.509468942466,878.9712341902598
nrc_groeneveld_24579pt__11938,764.0,578.1671017727397,668.3279574523292,688.595026218511,928.2604995966462,637.6981040112914,688.595026218511
nrc_groeneveld_24579pt__11939,589.0,514.0923414818861,596.6880450802952,570.3018737678252,843.1081270841516,548.6461341851096,570.3018737678252
nrc_groeneveld_24579pt__11940,1517.0,1088.9861377077175,1336.906554710825,1282.5339414682878,1252.532152478072,1260.2544981680649,1282.5339414682878
nrc_groeneveld_24579pt__11941,1335.0,1009.3989540905327,1100.2638748234651,1192.814261896206,1172.308152085958,1146.0675731953977,1192.814261896206
nrc_groeneveld_24579pt__11942,1197.0,872.5304827529542,859.7193487516722,974.7149851287827,1032.4500663969873,951.3931020087222,974.7149851287827
nrc_groeneveld_24579pt__11943,1059.0,722.8381169742269,734.9127108189006,800.2073798296055,877.0411514185553,744.6676624308922,800.2073798296055
nrc_groeneveld_24579pt__11944,760.0,697.600581445767,719.0791483707151,758.5064508243887,849.9650320037877,710.008357475299,758.5064508243887
nrc_groeneveld_24579pt__11945,1071.0,808.1024975157452,830.4774181008705,851.1353836222808,976.7648946534865,893.3506971283608,851.1353836222808
nrc_groeneveld_24579pt__11946,1026.0,779.4467082097991,833.439556817784,840.7161431853785,958.6280603899028,859.6548604383291,840.7161431853785
nrc_groeneveld_24579pt__11947,1014.0,796.5771772484442,830.4774181008705,848.1183553248914,969.3549635988942,879.9618901325499,848.1183553248914
nrc_groeneveld_24579pt__11948,962.0,815.8614741049082,833.439556817784,864.4103108965709,982.4118690724418,902.322736843357,864.4103108965709
nrc_groeneveld_24579pt__11949,969.0,754.2602458205082,830.4774181008705,824.7865626485069,941.2821250179634,830.6687822421549,824.7865626485069
nrc_groeneveld_24579pt__11950,932.0,725.4266039278339,833.439556817784,833.0114473111612,921.7176914288086,796.5550135095955,833.0114473111612
nrc_groeneveld_24579pt__11951,885.0,694.288212483987,833.439556817784,838.0771594272954,899.7862868509333,760.7662117662987,838.0771594272954
nrc_groeneveld_24579pt__11952,832.0,681.5478071687219,833.439556817784,838.0771594272954,891.0692360740402,746.8807129478942,838.0771594272954
nrc_groeneveld_24579pt__11953,795.0,618.5796262748323,856.5717360159332,855.1417599787043,843.8067390172826,674.8200316918546,855.1417599787043
nrc_groeneveld_24579pt__11954,747.0,590.4509581156738,816.4789796971509,823.9694779767261,819.9783892688025,640.4750274943373,823.9694779767261
nrc_groeneveld_24579pt__11955,698.0,566.187657373203,798.0443340670948,794.4424218644969,799.2865149335422,611.6868052410696,794.4424218644969
nrc_groeneveld_24579pt__11956,651.0,526.3844074199968,700.0095174181849,697.0216096795593,763.9477418296899,564.9700810029586,697.0216096795593
nrc_groeneveld_24579pt__11957,588.0,527.858976938436,700.0095174181849,697.0216096795593,765.2755918555112,566.688523950828,697.0216096795593
nrc_groeneveld_24579pt__11958,554.0,472.0545455555265,643.2794085019207,653.102331259394,713.7162360016015,502.3753657132996,653.102331259394
nrc_groeneveld_24579pt__11959,496.0,445.1223246450371,580.4048964431903,583.9813869142342,687.6255922888043,472.03371524012766,583.9813869142342
nrc_groeneveld_24579pt__11960,441.0,417.9512756260577,562.9319817195211,477.5092664662167,657.6165673561552,438.79755704288283,477.5092664662167
nrc_groeneveld_24579pt__11961,390.0,386.2426525541638,508.2718549663915,416.818810382884,616.4544034853787,396.04473523863993,416.818810382884
nrc_groeneveld_24579pt__11962,314.0,374.7389799216502,455.70252165939695,388.7918571176001,588.247078676668,368.61013392657344,388.7918571176001
nrc_groeneveld_24579pt__11963,1314.0,1091.22658771028,1017.1073405648784,871.5902381302833,1121.2419282100323,1119.0135789311998,871.5902381302833
nrc_groeneveld_24579pt__11964,1244.0,1000.6941949025666,1017.1435156784502,880.540926658288,1073.0468013084078,1030.7378452418532,880.540926658288
nrc_groeneveld_24579pt__11965,1181.0,927.5907482170197,1017.1913129807011,899.6354897845708,1035.149372981489,964.2267712312196,899.6354897845708
nrc_groeneveld_24579pt__11966,1089.0,956.5992636470327,1017.0255080602668,895.433740291714,1050.2299304354892,990.3922551637934,895.433740291714
nrc_groeneveld_24579pt__11967,1028.0,862.1722249031537,973.6154175688558,876.1197189773661,999.7852706861757,904.4216730250687,876.1197189773661
nrc_groeneveld_24579pt__11968,966.0,771.1069278409384,825.6840749218126,829.20677603709,947.1736544906693,819.4137418942356,829.20677603709
nrc_groeneveld_24579pt__11969,895.0,710.5017430123609,779.8025083182871,830.664452096146,910.208918192483,762.486047869021,830.664452096146
nrc_groeneveld_24579pt__11970,822.0,667.2638586522253,753.8164470907511,794.5536256249013,882.7278288211947,721.6488413689689,794.5536256249013
nrc_groeneveld_24579pt__11971,735.0,622.2351430587312,715.9312718043246,797.3911764630016,851.289796966551,675.8750381031341,797.3911764630016
nrc_groeneveld_24579pt__11972,654.0,594.300251875629,708.6075650918882,739.934498896142,826.8493863504334,641.8950801379611,739.934498896142
nrc_groeneveld_24579pt__11973,586.0,520.9785778353786,670.9750210252757,600.4082318394371,759.9683135273849,553.9645059578681,600.4082318394371
nrc_groeneveld_24579pt__11974,491.0,482.15928028369086,617.1908754097243,579.4340096364218,723.663468972176,509.0455464936811,579.4340096364218
nrc_groeneveld_24579pt__11975,907.0,790.6736296523038,783.3954554700728,824.8532405825459,934.2072702811344,854.1540369545465,824.8532405825459
nrc_groeneveld_24579pt__11976,850.0,606.6159768675678,678.5808352885203,714.0908812676183,804.3865142734805,658.9740292598638,714.0908812676183
nrc_groeneveld_24579pt__11977,733.0,592.6228038227531,671.7882056455742,697.7165143662661,790.3746303178291,639.5248429179572,697.7165143662661
nrc_groeneveld_24579pt__11978,623.0,537.6908958284737,581.1374663018455,522.4885672515876,730.5280828328473,561.6620490735365,522.4885672515876
nrc_groeneveld_24579pt__11979,474.0,494.4673959755964,590.7879368697793,504.39100856719136,684.8600312639518,504.1691972314005,504.39100856719136
nrc_groeneveld_24579pt__11980,1061.0,875.8039226077622,816.9918669583232,996.9047660635435,935.213450131681,1001.7938249456441,996.9047660635435
nrc_groeneveld_24579pt__11981,962.0,750.1590923024999,730.2637321659797,907.3255505216487,815.7313767754457,808.3421860625798,907.3255505216487
nrc_groeneveld_24579pt__11982,817.0,667.4150760598947,655.8826958307952,718.0952630851767,735.7454741612961,686.1053177700242,718.0952630851767
nrc_groeneveld_24579pt__11983,632.0,618.8843028653223,649.0233351445006,620.008677547044,684.3361348307999,617.2919588332533,620.008677547044
nrc_groeneveld_24579pt__11984,474.0,360.3636092025622,278.13126498334725,320.27566813958964,535.6947277545614,383.6110445300421,320.27566813958964
nrc_groeneveld_24579pt__11985,425.0,357.0748387419162,270.70664848760265,307.63547101206984,528.2150221868598,374.5392575783763,307.63547101206984
nrc_groeneveld_24579pt__11986,379.0,349.38379729400003,283.83163296941746,287.3306684338063,510.7606950672815,354.07080213952094,287.3306684338063
nrc_groeneveld_24579pt__11987,323.0,342.64286472317355,317.33407991839596,295.4543722877713,495.5245130315656,336.98476189705985,295.4543722877713
nrc_groeneveld_24579pt__11988,232.0,199.07396369778246,189.45714039513228,184.12285865897593,268.1947428651443,196.85660584257965,184.12285865897593
nrc_groeneveld_24579pt__11989,212.0,198.05335127483556,188.5522911535398,182.74670384403402,265.94653928772516,194.77781961109625,182.74670384403402
nrc_groeneveld_24579pt__11990,187.0,201.75223787812695,190.86146627659215,188.33882894628255,274.10376480903005,202.4535148562796,188.33882894628255
nrc_groeneveld_24579pt__11991,161.0,200.71789447876415,191.71674387083826,188.33882894628255,271.8202686982298,200.26758119962383,188.33882894628255
nrc_groeneveld_24579pt__11992,136.0,196.83552087239087,179.91471290068378,171.13810811627047,263.26635510172184,192.33610994881036,171.13810811627047
nrc_groeneveld_24579pt__11993,396.0,330.6116717975042,275.8092577377378,246.52188162296108,456.9988403334278,349.8459472038595,246.52188162296108
nrc_groeneveld_24579pt__11994,357.0,324.88410962524546,291.6895859010952,262.5001563069937,444.0592798637928,333.0476728794172,262.5001563069937
nrc_groeneveld_24579pt__11995,324.0,315.99064280149423,351.00694715015135,273.96688103707226,423.91327924308865,308.4679228768419,273.96688103707226
nrc_groeneveld_24579pt__11996,290.0,304.19735840111406,394.93305352585753,268.6470151044072,397.22775038996866,278.63977148502147,268.6470151044072
nrc_groeneveld_24579pt__11997,264.0,292.46143568645454,395.99440315834136,321.0262241483965,335.0223865453198,219.81738366309352,321.0262241483965
nrc_groeneveld_24579pt__11998,868.0,496.85150148807634,648.3360084797429,612.8041978802374,656.4000483057205,635.4647706293274,612.8041978802374
nrc_groeneveld_24579pt__11999,804.0,488.3339180297158,645.898950728905,622.5813895789013,651.5505948608547,626.4098121116859,622.5813895789013
nrc_groeneveld_24579pt__12000,768.0,425.7194832813415,659.6182618377788,565.7309489147476,612.9270301968488,554.257906541667,565.7309489147476
nrc_groeneveld_24579pt__12001,702.0,436.5297004921408,661.1152176854683,621.3012085551868,620.1344440995483,567.3869623479358,621.3012085551868
nrc_groeneveld_24579pt__12002,640.0,436.5297004921408,661.1152176854683,621.3012085551868,620.1344440995483,567.3869623479358,621.3012085551868
nrc_groeneveld_24579pt__12003,602.0,393.815161583041,615.8106174073673,533.436687522307,586.7824841668934,509.31199094414256,533.436687522307
nrc_groeneveld_24579pt__12004,539.0,390.5499830639714,608.4327468729256,533.436687522307,582.6610418388714,502.4961530239603,533.436687522307
nrc_groeneveld_24579pt__12005,487.0,371.10239409565185,553.278208944527,495.0627339988112,557.2754943220124,462.0951827854115,495.0627339988112
nrc_groeneveld_24579pt__12006,416.0,371.10239409565185,553.278208944527,495.0627339988112,557.2754943220124,462.0951827854115,495.0627339988112
nrc_groeneveld_24579pt__12007,366.0,356.0499298752741,405.85274832873057,367.4198326028741,530.7802984661434,422.65481187713357,367.4198326028741
nrc_groeneveld_24579pt__12008,280.0,346.59743750813465,371.3699233612336,349.26023697172894,510.1497937817381,394.12528210674634,349.26023697172894
nrc_groeneveld_24579pt__12009,767.0,503.65545455829846,564.2048366468098,598.8256078532485,643.2487960400439,606.2994713612857,598.8256078532485
nrc_groeneveld_24579pt__12010,680.0,494.37856248766485,561.6795761878627,601.6580639816083,635.4467048497821,592.8475696280914,601.6580639816083
nrc_groeneveld_24579pt__12011,609.0,465.5028311132453,479.88718125110955,481.9770455803273,608.0563277595816,547.7504352283897,481.9770455803273
nrc_groeneveld_24579pt__12012,528.0,449.2391079942829,463.3455716893105,460.83006036086584,592.2291553681767,522.7356784504128,460.83006036086584
nrc_groeneveld_24579pt__12013,448.0,419.52855465838843,364.3972241191339,377.9992970766998,559.104573208748,472.7767068347468,377.9992970766998
nrc_groeneveld_24579pt__12014,348.0,395.59009608887624,353.9550013039723,380.9909970342758,530.6925710660784,432.4399952682588,380.9909970342758
nrc_groeneveld_24579pt__12015,817.0,623.8269940258431,756.1799864490582,745.5135414360002,682.9399873112258,727.6771493546321,745.5135414360002
nrc_groeneveld_24579pt__12016,714.0,603.8436079344622,665.8703552716017,679.352734764725,655.1273664076108,681.8475626477147,679.352734764725
nrc_groeneveld_24579pt__12017,597.0,567.3271943827314,546.3318206273703,546.398453073927,611.2295145911131,608.5902830248768,546.398453073927
nrc_groeneveld_24579pt__12018,490.0,516.6564541726348,478.2042393949896,458.2711333618016,543.1664789047322,507.72954664535024,458.2711333618016
nrc_groeneveld_24579pt__12019,566.0,270.24142532793064,243.64569887339752,241.85233855198416,303.9758156600275,229.02372229113962,241.85233855198416
nrc_groeneveld_24579pt__12020,545.0,269.59243154507374,306.79339404894296,249.1534039891942,294.62049604009337,221.11485620150094,249.1534039891942
nrc_groeneveld_24579pt__12021,524.0,268.8769357808839,331.6804912423363,287.93721118076195,284.52232080530115,212.98362178198306,287.93721118076195
nrc_groeneveld_24579pt__12022,496.0,268.69895283081036,330.6051982848943,286.29953308896677,282.15730669457196,211.13851844200792,286.29953308896677
nrc_groeneveld_24579pt__12023,475.0,264.21015580639954,323.6759552265922,266.02607557481645,271.4748588476211,203.08294628387426,266.02607557481645
nrc_groeneveld_24579pt__12024,453.0,260.2987095375177,335.14008245910446,281.92401070629757,263.3485190150598,197.25436568754833,281.92401070629757
nrc_groeneveld_24579pt__12025,432.0,254.75084753165635,348.28077848951773,300.91152310766216,251.98160279157725,189.53124940251612,300.91152310766216
nrc_groeneveld_24579pt__12026,408.0,251.29004873279192,361.61453708736576,304.6117227529417,245.20774414715163,185.16656097616348,304.6117227529417
nrc_groeneveld_24579pt__12027,382.0,246.62329924570363,355.41832028174434,309.7159409273809,236.97908425839324,180.10454220033003,309.7159409273809
nrc_groeneveld_24579pt__12028,360.0,239.5605287994931,288.3013058951838,292.21305268660353,224.7485972281317,173.0745797102295,292.21305268660353
nrc_groeneveld_24579pt__12029,330.0,237.10330630577016,283.59933827014095,295.0153379077588,220.56083297833828,170.80615951479425,295.0153379077588
nrc_groeneveld_24579pt__12030,286.0,241.8164586276,320.08186560127643,295.38978251464954,228.62436766131557,175.23769218078155,295.38978251464954
nrc_groeneveld_24579pt__12031,233.0,247.54966374772422,358.73921151226693,309.0754198200367,238.6033516526695,181.08290199296022,309.0754198200367
nrc_groeneveld_24579pt__12032,704.0,426.53350637440144,400.24445632678334,440.09813992782887,568.6910256531278,525.5282165787795,440.09813992782887
nrc_groeneveld_24579pt__12033,671.0,413.82959935623717,400.0207179191825,445.20255888536434,558.036280690586,504.94600730176137,445.20255888536434
nrc_groeneveld_24579pt__12034,633.0,392.36251839129886,397.6253842789479,441.0031464866624,537.0513372912617,469.01083838576625,441.0031464866624
nrc_groeneveld_24579pt__12035,604.0,385.1405421031772,397.67681496210605,423.0318082595675,518.9787749620748,439.59022246431965,423.0318082595675
nrc_groeneveld_24579pt__12036,575.0,379.5184001924802,399.01127522222515,411.29151091707126,503.923317434668,416.46574565980734,411.29151091707126
nrc_groeneveld_24579pt__12037,540.0,371.5251349894529,398.1243182483605,404.4180090567434,487.2425917743336,393.36606133987044,404.4180090567434
nrc_groeneveld_24579pt__12038,505.0,365.36947840133996,398.0300544183211,381.4760356512711,474.51214161050325,376.485359749453,381.4760356512711
nrc_groeneveld_24579pt__12039,473.0,356.10885893827674,395.89925816965035,361.39356404366936,457.6013924503843,355.3474729598537,361.39356404366936
nrc_groeneveld_24579pt__12040,440.0,348.586525524618,382.8578126418674,314.06819514192694,435.29876017952716,329.49574758997835,314.06819514192694
nrc_groeneveld_24579pt__12041,408.0,347.17776055747987,394.04737210449156,325.2892236496129,413.42868853018825,306.16078384716985,325.2892236496129
nrc_groeneveld_24579pt__12042,367.0,346.2125386119288,384.2312830514732,310.82839302951277,398.7176678228931,291.4908687448266,310.82839302951277
nrc_groeneveld_24579pt__12043,326.0,344.76973493400465,332.73358098189857,282.9815746105702,377.23952510284363,271.4476525067778,282.9815746105702
nrc_groeneveld_24579pt__12044,715.0,424.84820413708115,421.73265647450296,494.9112480319642,580.6447373175984,489.6420133166325,494.9112480319642
nrc_groeneveld_24579pt__12045,673.0,425.2995235518623,426.7882794117205,503.6829958982023,580.5860551635523,486.7929938979603,503.6829958982023
nrc_groeneveld_24579pt__12046,633.0,415.7173313048794,422.98973972785234,460.6789983659749,554.7141202605812,448.95364132075514,460.6789983659749
nrc_groeneveld_24579pt__12047,581.0,412.2178218800784,421.60253825274566,454.2363563014335,546.1606915429044,437.36099740673313,454.2363563014335
nrc_groeneveld_24579pt__12048,536.0,404.264558266836,423.45736849309145,451.1324902831559,526.4132872266433,411.1141908239573,451.1324902831559
nrc_groeneveld_24579pt__12049,489.0,394.39862884273384,418.82097856133635,432.9363261638733,501.55962904401474,380.72697847330954,432.9363261638733
nrc_groeneveld_24579pt__12050,440.0,393.3070226706498,402.3039891934849,372.0376780254112,479.88222231462436,355.78059809181815,372.0376780254112
nrc_groeneveld_24579pt__12051,382.0,392.2403184393741,372.226889628123,348.257900783802,460.9168174968326,335.3275929175231,348.257900783802
nrc_groeneveld_24579pt__12052,691.0,450.56286112038674,505.94628849287494,539.9233863332863,601.5159976825825,485.58706881757763,539.9233863332863
nrc_groeneveld_24579pt__12053,622.0,432.90893585133387,488.64875067260624,489.4909426116073,579.3003932016981,456.70020432233457,489.4909426116073
nrc_groeneveld_24579pt__12054,547.0,422.40332451033606,431.7442993471232,501.68543206217504,560.5106094329618,433.29318903171753,501.68543206217504
nrc_groeneveld_24579pt__12055,480.0,415.1973628154734,420.1626295765145,411.08048977732614,520.6789491360861,386.99771282001797,411.08048977732614
nrc_groeneveld_24579pt__12056,746.0,588.437547481882,466.66819820190744,551.0421211882363,718.8228365943316,655.1834478820609,551.0421211882363
nrc_groeneveld_24579pt__12057,675.0,563.8007200217394,466.66819820190744,538.1858783055992,695.6592978817721,617.9510474799856,538.1858783055992
nrc_groeneveld_24579pt__12058,608.0,526.3993344564167,467.1101093901925,548.9070915498659,661.6733235419972,566.4646372694901,548.9070915498659
nrc_groeneveld_24579pt__12059,543.0,482.490156080644,454.4874102939839,530.7704266995145,620.2942449851829,508.59544270589015,530.7704266995145
nrc_groeneveld_24579pt__12060,468.0,448.06821855582695,410.5985831996149,460.57954674958756,578.865541318297,455.2822274003239,460.57954674958756
nrc_groeneveld_24579pt__12061,474.0,441.05397178895794,401.97299035615987,451.52006656657005,568.2985180976987,442.3147305051906,451.52006656657005
nrc_groeneveld_24579pt__12062,781.0,528.8869080707768,464.9570997425392,541.6337550619241,664.5904699708877,570.9453026229967,541.6337550619241
nrc_groeneveld_24579pt__12063,704.0,517.3891882202296,467.9036027163081,550.2410091477999,653.0668875998077,553.9456887752546,550.2410091477999
nrc_groeneveld_24579pt__12064,624.0,501.8508980047206,465.56866040086027,543.3718446723487,637.9736590598789,532.5955512515151,543.3718446723487
nrc_groeneveld_24579pt__12065,559.0,458.3714510880489,441.963981465315,483.7699997929603,594.7834303730604,475.24840773412774,483.7699997929603
nrc_groeneveld_24579pt__12066,503.0,428.65813270149914,367.03672417324464,416.4675576159342,531.8981427884192,399.9913795597604,416.4675576159342
nrc_groeneveld_24579pt__12067,447.0,424.83745674949944,383.91498688725346,400.49485351426114,525.9410216244569,393.3390509669823,400.49485351426114
nrc_groeneveld_24579pt__12068,447.0,424.83745674949944,383.91498688725346,400.49485351426114,525.9410216244569,393.3390509669823,400.49485351426114
nrc_groeneveld_24579pt__12069,736.0,509.7767172107022,422.8206522101771,435.2806028704954,547.6852069193136,429.4274640812363,435.2806028704954
nrc_groeneveld_24579pt__12070,731.0,516.7170761856765,432.94058911768167,472.08676246140203,561.2432228769965,444.5503073816311,472.08676246140203
nrc_groeneveld_24579pt__12071,685.0,501.19315596900566,409.77119520860117,414.4874488910137,533.2682060346598,413.26972235734524,414.4874488910137
nrc_groeneveld_24579pt__12072,618.0,497.93468052669533,400.00202384429633,417.50930454004185,528.8922552404157,408.4332991492824,417.50930454004185
nrc_groeneveld_24579pt__12073,615.0,504.143078351039,416.7271444119451,415.0012425488524,541.0327192264589,421.43955277344725,415.0012425488524
nrc_groeneveld_24579pt__12074,554.0,487.06053212221184,389.18402784883114,411.9184805360638,515.9619934498301,394.181908664843,411.9184805360638
nrc_groeneveld_24579pt__12075,689.0,635.1250257478399,527.6289438444245,522.78423399453,586.8879660313564,506.3831950375292,522.78423399453
nrc_groeneveld_24579pt__12076,617.0,620.2735015834111,515.8641203693195,497.2384718965531,566.0224511005384,481.7053322089722,497.2384718965531
nrc_groeneveld_24579pt__12077,2644.0,749.5108077678645,2116.2565238497164,2172.147494472032,13307.020520059385,435.15753669192287,2172.147494472032
nrc_groeneveld_24579pt__12078,2459.0,749.5108077678645,2116.2565238497164,2172.147494472032,13307.020520059385,435.15753669192287,2172.147494472032
nrc_groeneveld_24579pt__12079,2363.0,652.0615760501663,1839.5037725902016,2002.5326221039086,11942.621103312633,425.5045178129845,2002.5326221039086
nrc_groeneveld_24579pt__12080,2178.0,645.8801279842304,1828.1333001652947,2002.5326221039086,11862.425365481717,424.8995991214164,2002.5326221039086
nrc_groeneveld_24579pt__12081,2037.0,608.3993881770662,1756.746789073971,1830.336546140746,11116.549946280164,419.0631830324791,1830.336546140746
nrc_groeneveld_24579pt__12082,1903.0,582.1174962429476,1725.9438606527349,1819.5842602426658,10584.90513385082,414.66582739544276,1819.5842602426658
nrc_groeneveld_24579pt__12083,1775.0,537.2066140795296,1646.6877270149598,1692.9685564431238,9689.186961631063,406.7989704726287,1692.9685564431238
nrc_groeneveld_24579pt__12084,1629.0,495.7606463873554,1506.374968094096,1570.170763040319,8878.350596581831,399.183414304255,1570.170763040319
nrc_groeneveld_24579pt__12085,1468.0,475.2976488849332,1450.247526476539,1424.6467424173723,8484.131354154864,395.3183940987071,1424.6467424173723
nrc_groeneveld_24579pt__12086,1335.0,438.6280128760684,1317.978234917485,1223.17048927289,7788.561936417438,388.26848484521753,1223.17048927289
nrc_groeneveld_24579pt__12087,1174.0,404.787471873621,1056.670224560077,1017.9257478863703,7159.837687747256,381.6992695461648,1017.9257478863703
nrc_groeneveld_24579pt__12088,989.0,369.13335226916945,940.0353827263482,940.4522668297702,6591.60955840716,375.68925704396804,940.4522668297702
nrc_groeneveld_24579pt__12089,785.0,334.53699853698276,870.8436725410546,886.1132790895007,6041.551488414156,369.93339364510575,886.1132790895007
nrc_groeneveld_24579pt__12090,695.0,296.20099037360205,838.8410534910147,773.5339251660365,5461.867146788978,364.1593964346178,773.5339251660365
nrc_groeneveld_24579pt__12091,5200.0,2349.503817175607,4301.608195513741,3928.7166488324942,16439.338496412347,2097.2114120755127,3928.7166488324942
nrc_groeneveld_24579pt__12092,4932.0,2077.2398671425562,4301.174992015817,3931.0514398304745,14918.729211527429,2081.517620118603,3931.0514398304745
nrc_groeneveld_24579pt__12093,4670.0,1893.9544058079991,4203.326760824203,3931.0514398304745,13871.202596279185,2065.8204181089145,3931.0514398304745
nrc_groeneveld_24579pt__12094,4370.0,1685.9770290504327,3887.557867404618,3845.9100324908172,12657.486504075348,2041.467301782108,3845.9100324908172
nrc_groeneveld_24579pt__12095,4057.0,1511.1425201181605,3706.4795005792485,3810.3705575337326,11614.773963889245,2014.135263580652,3810.3705575337326
nrc_groeneveld_24579pt__12096,3776.0,1349.8122923611816,3603.9015126799304,3539.8479926875557,10632.676207169336,1981.80687578127,3539.8479926875557
nrc_groeneveld_24579pt__12097,3482.0,1222.3191341707904,3254.42188443431,3389.3491440529247,9841.691437911804,1950.2346565316275,3389.3491440529247
nrc_groeneveld_24579pt__12098,3233.0,1047.1697522919535,2913.8024884444885,2903.238951435069,8621.293817515521,1889.7572352262364,2903.238951435069
nrc_groeneveld_24579pt__12099,2869.0,965.326068929039,2492.617998524104,2658.4062412946255,7947.115534192267,1849.0269722066507,2658.4062412946255
nrc_groeneveld_24579pt__12100,2529.0,878.1082732749768,2106.81038424807,2194.7881212034285,7235.220490141503,1799.2666185250753,2194.7881212034285
nrc_groeneveld_24579pt__12101,2223.0,750.069290979122,1649.6931295410325,1722.7232897117049,6359.8660017625925,1726.9340499426382,1722.7232897117049
nrc_groeneveld_24579pt__12102,1896.0,623.3776807486182,1162.7405175387676,1375.5876333895308,5530.046896151694,1644.886067881522,1375.5876333895308
nrc_groeneveld_24579pt__12103,1545.0,469.93162971783016,1105.6176989659248,1138.5205423153404,4486.86717787298,1519.1772883984636,1138.5205423153404
nrc_groeneveld_24579pt__12104,1353.0,408.0152458713075,1114.552466655665,928.4164744910505,4050.308453739488,1457.9017789970562,928.4164744910505
nrc_groeneveld_24579pt__12105,5731.0,2777.4607649694804,5826.466819987897,5380.132842075033,11853.068383502065,7530.975182954858,5380.132842075033
nrc_groeneveld_24579pt__12106,5334.0,2487.590147624889,5464.601365944813,5296.158552485336,10550.484128116144,7563.785288918969,5296.158552485336
nrc_groeneveld_24579pt__12107,4811.0,2237.398568612641,5138.687299231686,5116.256625315453,9546.718697068456,7349.043535164105,5116.256625315453
nrc_groeneveld_24579pt__12108,4396.0,2015.2506835850772,4786.291911746791,4888.231887619329,8563.375483497059,7313.161630210772,4888.231887619329
nrc_groeneveld_24579pt__12109,4025.0,1735.9184856789184,3680.2977313217743,3965.6213552744107,7376.808438435892,7320.940704831939,3965.6213552744107
nrc_groeneveld_24579pt__12110,3654.0,1431.3695946650575,2740.583555415908,3043.9929196381313,6225.836055237207,7135.99379609157,3043.9929196381313
nrc_groeneveld_24579pt__12111,3181.0,1227.2952830605166,2022.1762484180776,2371.353734928489,5448.88100636613,6941.183653712039,2371.353734928489
nrc_groeneveld_24579pt__12112,2638.0,1075.3580998734024,1698.8511303647501,1832.786115923769,4871.022642752283,6747.106661125062,1832.786115923769
nrc_groeneveld_24579pt__12113,1903.0,686.5781913228509,1401.3662485358534,1236.3358397253216,3253.0854811140066,5727.744747002329,1236.3358397253216
nrc_groeneveld_24579pt__12114,1687.0,453.8916526653227,1538.7674842104122,1449.83441557878,6919.531970196304,427.7855599458225,1449.83441557878
nrc_groeneveld_24579pt__12115,1617.0,431.83391717383574,1531.5503590948092,1423.9164627570533,6585.3767256815145,419.1443580623309,1423.9164627570533
nrc_groeneveld_24579pt__12116,1553.0,406.59560532740943,1388.6225561737335,1403.3645977480173,6213.388999161965,409.118557065836,1403.3645977480173
nrc_groeneveld_24579pt__12117,1482.0,386.395725842169,1298.2226423527527,1352.6709505593062,5917.054461836496,400.8179316944108,1352.6709505593062
nrc_groeneveld_24579pt__12118,1383.0,393.62232275363266,1340.0075229129923,1393.6096982394035,6022.920706035459,403.81552952676714,1393.6096982394035
nrc_groeneveld_24579pt__12119,1322.0,367.19938679335166,1233.920529651254,1234.59183570716,5636.785258413483,392.7058454909209,1234.59183570716
nrc_groeneveld_24579pt__12120,1236.0,357.96186657926035,1173.74597833881,1240.6266916637442,5502.411625331766,388.72622390060286,1240.6266916637442
nrc_groeneveld_24579pt__12121,1149.0,352.20481082972617,1138.4217301627386,1193.899149071448,5418.840713813361,386.2216159435666,1193.899149071448
nrc_groeneveld_24579pt__12122,1059.0,346.5403450848758,1110.7285383342467,1089.2184063935097,5336.742214930298,383.73931488224935,1089.2184063935097
nrc_groeneveld_24579pt__12123,986.0,319.15386734073934,1012.6963282131692,888.868331043955,5001.089886738294,373.3651978373365,888.868331043955
nrc_groeneveld_24579pt__12124,931.0,278.6309576185481,969.8348899157455,845.9745417510925,4514.959902882819,357.72585436215064,845.9745417510925
nrc_groeneveld_24579pt__12125,842.0,273.0496958882848,964.0117773219113,836.5443341289143,4448.933466368177,355.54989897531163,836.5443341289143
nrc_groeneveld_24579pt__12126,771.0,243.2352074596216,881.6304323524106,800.6984484572889,4093.6236445066475,343.6552848040386,800.6984484572889
nrc_groeneveld_24579pt__12127,707.0,205.03257095606472,695.998936097609,653.0857154932951,3631.7612749177238,327.86050810798264,653.0857154932951
nrc_groeneveld_24579pt__12128,604.0,192.69786557896538,606.9463523760601,590.0590587280839,3476.5947195348876,322.52472285548293,590.0590587280839
nrc_groeneveld_24579pt__12129,482.0,182.82164347537338,573.7330970736365,529.8057966976999,3329.8718282326417,317.4963493611804,529.8057966976999
nrc_groeneveld_24579pt__12130,409.0,176.40829914267354,556.3328340945355,493.9023228802833,3215.762932873793,313.6129631612372,493.9023228802833
nrc_groeneveld_24579pt__12131,743.0,210.9993878227455,658.6541245379483,598.4112539999545,3641.1678010303863,352.38787591182006,598.4112539999545
nrc_groeneveld_24579pt__12132,928.0,260.54597727046325,633.0938621422604,688.7226590548256,3704.1578095957057,538.7980551690445,688.7226590548256
nrc_groeneveld_24579pt__12133,915.0,263.3934972675313,634.0607927519068,697.4408654107556,3746.2081192721316,541.7399146324266,697.4408654107556
nrc_groeneveld_24579pt__12134,3547.0,1463.5500269946365,2260.573053471431,2764.1754803736144,8221.406871537185,2437.3608880634597,2764.1754803736144
nrc_groeneveld_24579pt__12135,3465.0,1196.4463628773021,2389.888856675141,2630.3361828538377,7008.384207164044,2320.7803570560654,2630.3361828538377
nrc_groeneveld_24579pt__12136,3337.0,1060.9421376460014,2389.5556268546766,2444.600140679635,6375.561869049207,2245.2489483084973,2444.600140679635
nrc_groeneveld_24579pt__12137,3198.0,947.2553445926097,2246.5699976093333,2295.3166790300097,5771.304289040382,2161.6617543580996,2295.3166790300097
nrc_groeneveld_24579pt__12138,3014.0,924.3949682526166,2152.9223254409144,2278.766872287054,5645.564560316404,2142.6914830227597,2278.766872287054
nrc_groeneveld_24579pt__12139,2819.0,904.8451601228874,2137.3337912287357,2185.0475913952287,5537.958878286354,2125.995674473665,2185.0475913952287
nrc_groeneveld_24579pt__12140,2629.0,874.9560066108353,1945.7357948945396,2119.5264721071817,5373.32770931625,2099.5968475629443,2119.5264721071817
nrc_groeneveld_24579pt__12141,2501.0,779.0962828976349,1715.9964037162235,1786.7581677115943,4844.333692213373,2007.269646560029,1786.7581677115943
nrc_groeneveld_24579pt__12142,2306.0,747.9025253065168,1631.3923615354568,1759.8624379232035,4676.669520742598,1975.433737176697,1759.8624379232035
nrc_groeneveld_24579pt__12143,2152.0,660.0111093588127,1289.5555357828885,1493.0144205285376,4233.509022107496,1884.7008020524286,1493.0144205285376
nrc_groeneveld_24579pt__12144,1966.0,613.9233099505981,1196.3904781800736,1370.257831652252,4002.8483419436434,1833.4086980113054,1370.257831652252
nrc_groeneveld_24579pt__12145,1818.0,531.1777545074323,1037.9606741221698,1133.9466624360819,3582.5038533854804,1732.0734608800135,1133.9466624360819
nrc_groeneveld_24579pt__12146,1716.0,426.9575120302281,831.4879764504681,874.426304500116,3034.370065602248,1583.1082194932387,874.426304500116
nrc_groeneveld_24579pt__12147,1492.0,400.22052656581985,815.9507094853022,824.4348799332413,2868.5225295235978,1533.9548985690158,824.4348799332413
nrc_groeneveld_24579pt__12148,1287.0,353.0672169497311,724.5127469427073,710.6885740060206,2579.9881361664407,1443.6322913289257,710.6885740060206
nrc_groeneveld_24579pt__12149,1031.0,322.49833135863815,748.7569578638752,564.5947950885662,2394.3679308242636,1382.2098528852725,564.5947950885662
nrc_groeneveld_24579pt__12150,889.0,296.3599715006203,774.2590133872245,443.8668949739511,2235.0049398768656,1327.374644848542,443.8668949739511
nrc_groeneveld_24579pt__12151,1347.0,393.66808070839477,795.2980383953811,791.1463612329645,3172.8846190995814,1267.2984471314255,791.1463612329645
nrc_groeneveld_24579pt__12152,1546.0,475.4442466363485,934.5214679890975,1021.0312074430755,2964.215765260944,2001.6236320304943,1021.0312074430755
nrc_groeneveld_24579pt__12153,1751.0,572.3045152278253,1080.1876389454462,1068.2712886618772,2851.215103002635,3179.4564675690476,1068.2712886618772
nrc_groeneveld_24579pt__12154,1921.0,703.4843010293184,1245.0749332328623,1204.743532189774,2909.817466931927,5050.066221752644,1204.743532189774
nrc_groeneveld_24579pt__12155,3919.0,1758.3192377369699,2577.5342441526363,3106.907671765921,6555.168307669782,8273.807580587347,3106.907671765921
nrc_groeneveld_24579pt__12156,3640.0,1666.3985047940396,2624.3528370822155,3007.34340885161,6241.679413419603,8197.853316873203,3007.34340885161
nrc_groeneveld_24579pt__12157,3430.0,1476.7651372673308,2704.2039343275883,2834.109035247064,5593.4848180879035,8003.550808470355,2834.109035247064
nrc_groeneveld_24579pt__12158,3187.0,1403.662775368798,2562.420261531657,2746.866626946715,5321.003176888192,8083.757660256929,2746.866626946715
nrc_groeneveld_24579pt__12159,3001.0,1233.5032014313863,2193.6197159360127,2375.5732052347767,4703.045097185418,7809.537274183957,2375.5732052347767
nrc_groeneveld_24579pt__12160,2726.0,1126.0441039547288,1840.6883079395525,2003.6020629722166,4274.883540356893,7573.966892597293,2003.6020629722166
nrc_groeneveld_24579pt__12161,2536.0,984.9520951343245,1448.9329243839077,1605.4498107564864,3721.2609642126235,7200.969545058714,1605.4498107564864
nrc_groeneveld_24579pt__12162,2302.0,868.9322141926167,1337.6812479707837,1456.7592283974006,3273.665322932879,6830.7580870759275,1456.7592283974006
nrc_groeneveld_24579pt__12163,1202.0,297.1557039813207,749.7664062612216,794.9270868634992,3656.6798682663893,366.2986396496527,794.9270868634992
nrc_groeneveld_24579pt__12164,1128.0,329.64960135509557,750.0403466511851,810.0843508297651,3960.689622788695,384.4184639317418,810.0843508297651
nrc_groeneveld_24579pt__12165,1087.0,299.73660095510274,750.6913356868256,788.0346767030261,3680.9654251088473,367.7712314108303,788.0346767030261
nrc_groeneveld_24579pt__12166,1049.0,267.030673389824,737.2529011228254,787.1287015618065,3394.034199322228,350.1011881859696,787.1287015618065
nrc_groeneveld_24579pt__12167,1000.0,243.63743245241815,720.7903137603257,715.3389145456828,3187.4030095367734,337.0178699585099,715.3389145456828
nrc_groeneveld_24579pt__12168,933.0,252.2592301447891,726.0154938684419,727.5590653323114,3263.974914687826,341.899881100958,727.5590653323114
nrc_groeneveld_24579pt__12169,867.0,257.9040125247163,726.082721421345,731.8177908723643,3313.84041701276,345.0580707423168,731.8177908723643
nrc_groeneveld_24579pt__12170,807.0,264.51002514071973,735.6451633152407,786.811330516136,3371.9407206206206,348.71610740488757,786.811330516136
nrc_groeneveld_24579pt__12171,765.0,232.35335262700664,719.6649892406808,716.9443966083387,3086.4230333921505,330.52100184297115,716.9443966083387
nrc_groeneveld_24579pt__12172,719.0,207.21485752935396,678.9149428454631,684.5509910151452,2859.416927253652,315.6911371296567,684.5509910151452
nrc_groeneveld_24579pt__12173,646.0,214.4528312890347,695.6872264955562,686.0687681816805,2926.5574855910004,320.1077314808802,686.0687681816805
nrc_groeneveld_24579pt__12174,595.0,200.87137360025665,662.5857396154702,663.7093845875281,2794.1564144480267,311.37584695261603,663.7093845875281
nrc_groeneveld_24579pt__12175,541.0,186.63893195852563,574.2434276193671,568.0986895834851,2647.069344925425,301.5791022194477,568.0986895834851
nrc_groeneveld_24579pt__12176,487.0,168.10614517679807,485.0176291972127,442.02265812981227,2454.030777800285,288.6116057447754,442.02265812981227
nrc_groeneveld_24579pt__12177,422.0,155.63920280775812,367.94236555195215,409.13963922305857,2315.0566962913676,279.24099405239787,409.13963922305857
nrc_groeneveld_24579pt__12178,355.0,143.2253915180571,365.75315674614654,364.83341776632926,2139.5251770780606,267.4414419235468,364.83341776632926
nrc_groeneveld_24579pt__12179,2512.0,768.9711478328264,1537.9526833033112,1436.9085322046774,4217.423108379183,1978.3702309646462,1436.9085322046774
nrc_groeneveld_24579pt__12180,2395.0,736.9591334892732,1533.6278288117019,1418.7295207520629,4099.804265053715,1949.0820555587404,1418.7295207520629
nrc_groeneveld_24579pt__12181,2244.0,772.2478522358268,1536.2508727188856,1436.9085322046774,4229.3814755319845,1981.2996491173208,1436.9085322046774
nrc_groeneveld_24579pt__12182,2151.0,677.1381019832196,1537.0543343011302,1429.5720894919784,3842.4728289251107,1881.8672722820152,1429.5720894919784
nrc_groeneveld_24579pt__12183,2081.0,580.2790896275986,1407.4033130526316,1373.1260656741322,3360.1900123259993,1743.3271967516368,1373.1260656741322
nrc_groeneveld_24579pt__12184,1974.0,538.9065090865904,1164.4269148363167,1297.8881993113455,3152.994416405958,1678.3159972715232,1297.8881993113455
nrc_groeneveld_24579pt__12185,1834.0,544.1309759468583,1172.3930434775502,1297.8881993113455,3179.200058147529,1686.7321901076198,1297.8881993113455
nrc_groeneveld_24579pt__12186,1737.0,495.6783114549773,1045.5401127115088,1147.3858313032702,2935.674397362178,1606.2796248824773,1147.3858313032702
nrc_groeneveld_24579pt__12187,1630.0,456.1905291255466,946.9573393438718,994.2085516017437,2720.1736057059443,1530.7367208893859,994.2085516017437
nrc_groeneveld_24579pt__12188,1536.0,406.7507506325678,875.241619968477,868.2872903835723,2455.674069238371,1432.103620665583,868.2872903835723
nrc_groeneveld_24579pt__12189,1390.0,404.30244549414454,873.690365390285,868.5040686160429,2442.585025649006,1427.046759256483,868.5040686160429
nrc_groeneveld_24579pt__12190,1254.0,391.09782138178826,797.407994684984,804.9924069482711,2371.988356931111,1399.4859625688057,804.9924069482711
nrc_groeneveld_24579pt__12191,1147.0,346.6135211425514,560.8625349654941,663.5757672291212,2134.270446504488,1303.0008497565038,663.5757672291212
nrc_groeneveld_24579pt__12192,1028.0,318.52063486586707,535.8439945354367,592.6659195986736,1984.1682179102702,1239.1071862220474,592.6659195986736
nrc_groeneveld_24579pt__12193,862.0,294.47717622441263,507.27136723872394,529.9770030932349,1855.661721382382,1182.5645189728555,529.9770030932349
nrc_groeneveld_24579pt__12194,696.0,270.6099197034264,502.54337134160437,494.35963773699575,1727.9992399015043,1124.7261357217758,494.35963773699575
nrc_groeneveld_24579pt__12195,3419.0,1554.578281041934,2096.3244654362084,2027.501611300586,5558.200076987808,8407.597065055921,2027.501611300586
nrc_groeneveld_24579pt__12196,3349.0,1293.5533607310003,2094.489907659209,2062.748162852141,4573.293226287584,7870.814568449033,2062.748162852141
nrc_groeneveld_24579pt__12197,3081.0,1388.597352134775,2090.5303959408743,2138.1538746195774,4952.156127759789,7958.709570314688,2138.1538746195774
nrc_groeneveld_24579pt__12198,2907.0,1343.7602351503106,2093.3323139808745,2117.348821646788,4782.606949846867,7870.670817406246,2117.348821646788
nrc_groeneveld_24579pt__12199,2744.0,1254.6333342620474,2096.143805238542,2044.7077873894298,4447.747487676126,7679.159621467376,2044.7077873894298
nrc_groeneveld_24579pt__12200,2570.0,1225.9103885014745,2092.193607282757,2040.1426411994103,4321.128575924949,7715.532382786911,2040.1426411994103
nrc_groeneveld_24579pt__12201,2453.0,1071.876296567274,1919.1019707785185,1987.5361786630904,3753.692258325804,7305.8850560439905,1987.5361786630904
nrc_groeneveld_24579pt__12202,2384.0,877.6503162153308,1510.9154190555298,1680.4659789290238,3052.8931241273203,6657.99030665452,1680.4659789290238
nrc_groeneveld_24579pt__12203,2244.0,757.7311418695086,1263.8818645217334,1351.0611647450348,2641.627152439921,6087.9002422013145,1351.0611647450348
nrc_groeneveld_24579pt__12204,2017.0,753.2227012900694,1263.7231507178346,1351.0611647450348,2625.774581580785,6068.3321661961745,1351.0611647450348
nrc_groeneveld_24579pt__12205,1882.0,664.2931695217123,1096.703576338542,1202.739079092481,2315.9675204499135,5659.806420187063,1202.739079092481
nrc_groeneveld_24579pt__12206,919.0,265.23828506046306,741.1035896025357,754.7086788829015,2689.480381084616,350.6617152155489,754.7086788829015
nrc_groeneveld_24579pt__12207,879.0,255.19426453340208,739.850901924961,752.4577615362596,2618.5714936694667,343.7050415824027,752.4577615362596
nrc_groeneveld_24579pt__12208,842.0,245.52021536065016,726.1612116475571,750.1852641953744,2549.7582205162935,336.90284421935337,750.1852641953744
nrc_groeneveld_24579pt__12209,809.0,223.78951562471926,645.5279644622815,692.5432886279847,2381.304048424635,320.049246731852,692.5432886279847
nrc_groeneveld_24579pt__12210,760.0,228.26138814667684,663.9460725865941,703.9999578724261,2418.1972741738605,323.7641500078122,703.9999578724261
nrc_groeneveld_24579pt__12211,737.0,200.43152139501055,619.5582255597392,630.5234194529797,2187.334048631982,300.3196119375688,630.5234194529797
nrc_groeneveld_24579pt__12212,703.0,181.52964439781275,593.5084393331077,579.5883004825072,2024.6468268424549,283.55201743943456,579.5883004825072
nrc_groeneveld_24579pt__12213,655.0,179.8730054757299,589.0295249584608,575.2235189240474,2007.480382357831,281.7734688698906,575.2235189240474
nrc_groeneveld_24579pt__12214,618.0,172.6032409025779,462.206665745908,452.78348785741827,1932.371962775918,273.97653034573074,452.78348785741827
nrc_groeneveld_24579pt__12215,574.0,169.85612268873115,435.1892817327401,421.6461729056578,1904.0886294437955,271.03498288276415,421.6461729056578
nrc_groeneveld_24579pt__12216,532.0,161.5037442533226,358.0605126324245,345.088807152774,1818.4403538198976,262.11606339045323,345.088807152774
nrc_groeneveld_24579pt__12217,488.0,155.33200263689568,373.6534378215579,328.69754388945233,1755.495926517928,255.55806899899687,328.69754388945233
nrc_groeneveld_24579pt__12218,457.0,136.78448063557997,440.89029988468707,331.4622592199283,1563.4087425477546,235.6230041545756,331.4622592199283
nrc_groeneveld_24579pt__12219,409.0,134.4352386926351,444.4428803670817,338.57688675216605,1538.6236354141338,233.0702540395498,338.57688675216605
nrc_groeneveld_24579pt__12220,326.0,147.69382246054278,284.88482329988915,317.90181484713634,1678.013509530305,247.49446572351542,317.90181484713634
nrc_groeneveld_24579pt__12221,268.0,137.67599201831837,444.1684552135747,331.4622592199283,1572.8353474942235,236.59549665826742,331.4622592199283
nrc_groeneveld_24579pt__12222,222.0,138.8737190279219,429.1751198815092,331.4622592199283,1585.515995244665,237.90514309474588,331.4622592199283
nrc_groeneveld_24579pt__12223,1970.0,509.295311656222,1231.7808673681457,1152.0659616685227,2724.3838432916946,1648.948992343267,1152.0659616685227
nrc_groeneveld_24579pt__12224,1850.0,539.1025625378384,1234.1660702155636,1146.3393163517835,2894.031286439095,1715.3293325879688,1146.3393163517835
nrc_groeneveld_24579pt__12225,1756.0,521.86254610276,1236.9156311910135,1157.424690528726,2795.7348522490825,1677.2381382448364,1157.424690528726
nrc_groeneveld_24579pt__12226,1696.0,472.1000586636553,1223.4513861505955,1162.1583714667722,2514.7869351018862,1562.622254438282,1162.1583714667722
nrc_groeneveld_24579pt__12227,1609.0,454.53386147100247,1173.8007886698306,1157.4679276665606,2416.6658261599096,1520.4966190998107,1157.4679276665606
nrc_groeneveld_24579pt__12228,1535.0,411.19153744140056,985.2599905763844,1053.7000628121486,2177.1212225689465,1412.843930808249,1053.7000628121486
nrc_groeneveld_24579pt__12229,1444.0,412.3067457302874,992.2135876497847,1053.7000628121486,2183.237107638373,1415.679667380751,1053.7000628121486
nrc_groeneveld_24579pt__12230,1366.0,389.9336550282982,867.613364433147,962.087899131584,2040.1415452569993,1371.7349911394833,962.087899131584
nrc_groeneveld_24579pt__12231,1294.0,358.63968041563004,745.7144897439805,826.7441417872193,1877.273899479865,1290.3428194476814,826.7441417872193
nrc_groeneveld_24579pt__12232,1202.0,338.64868069475136,672.9476399855284,733.6896001362538,1781.7677671859997,1240.9628406316504,733.6896001362538
nrc_groeneveld_24579pt__12233,1110.0,316.8892049892221,559.3708472899501,608.9527731158706,1678.0458940283243,1185.934508161622,608.9527731158706
nrc_groeneveld_24579pt__12234,1009.0,300.13005756762124,503.64905251956947,538.2414265699507,1598.3189773486595,1142.6451836089127,538.2414265699507
nrc_groeneveld_24579pt__12235,930.0,268.41240739778226,415.9990267453229,474.09714440566313,1447.8025177101188,1058.5863740517534,474.09714440566313
nrc_groeneveld_24579pt__12236,816.0,258.863380500101,418.5111604362038,464.9945320630571,1402.5766507609535,1032.7436277401425,464.9945320630571
nrc_groeneveld_24579pt__12237,689.0,256.5296839502626,418.591679459096,462.0989783039248,1391.529059460773,1026.3909765870897,462.0989783039248
nrc_groeneveld_24579pt__12238,575.0,223.94570753156327,430.1147799323398,438.5116549079123,1237.492159470916,936.2265495380879,438.5116549079123
nrc_groeneveld_24579pt__12239,2814.0,1145.9462835125557,1637.5958515703223,1629.0433403217978,4101.073850268281,7192.30893529358,1629.0433403217978
nrc_groeneveld_24579pt__12240,2698.0,1100.2774709426114,1636.374335370731,1613.2165406819552,3917.808803021446,7058.163785630622,1613.2165406819552
nrc_groeneveld_24579pt__12241,2571.0,1050.3088672301667,1634.6046589830778,1628.027904665906,3718.884530291784,6902.246773358777,1628.027904665906
nrc_groeneveld_24579pt__12242,2443.0,1005.5262619468517,1633.8418462528218,1610.878434200626,3542.101045977824,6753.9659820633315,1610.878434200626
nrc_groeneveld_24579pt__12243,2324.0,940.5398680465415,1620.9580238728518,1539.482334400291,3288.168206276514,6523.564667464754,1539.482334400291
nrc_groeneveld_24579pt__12244,2223.0,862.6155974066216,1565.462081134542,1535.452832397135,2995.4092078655226,6229.737082194773,1535.452832397135
nrc_groeneveld_24579pt__12245,2107.0,798.223923033216,1468.5322085405148,1526.6330133509382,2756.7002665278333,5965.175363895677,1526.6330133509382
nrc_groeneveld_24579pt__12246,1973.0,738.638894564517,1387.582958611154,1450.1207777798795,2538.441008363274,5701.397538565439,1450.1207777798795
nrc_groeneveld_24579pt__12247,1864.0,673.380081385667,1269.7597856813254,1378.7957958077689,2302.4604733535875,5390.181533372816,1378.7957958077689
nrc_groeneveld_24579pt__12248,1728.0,657.4963134487709,1196.905124391912,1309.5324819535995,2245.52977329287,5310.734868416854,1309.5324819535995
nrc_groeneveld_24579pt__12249,1615.0,603.5333948512316,1008.6601842042332,1085.4434839002001,2036.2587639534981,5185.829771032987,1085.4434839002001
nrc_groeneveld_24579pt__12250,1480.0,561.3649070579824,889.3248557165216,957.4539545538998,1890.7240717492775,4949.139189773962,957.4539545538998
nrc_groeneveld_24579pt__12251,1344.0,523.7208724218194,792.9088735375927,876.3797851130079,1761.9696717777938,4727.975451761116,876.3797851130079
nrc_groeneveld_24579pt__12252,1210.0,469.80303065052965,667.3986403126835,791.9860725867236,1579.5421518200944,4394.431642059634,791.9860725867236
nrc_groeneveld_24579pt__12253,1045.0,425.26902465823645,643.2601839488436,725.802019946179,1430.6711062166808,4103.621889538649,725.802019946179
nrc_groeneveld_24579pt__12254,865.0,378.03349314811516,654.3214227472478,688.2943522596363,1272.5389965006318,3802.311576471759,688.2943522596363
nrc_groeneveld_24579pt__12255,787.0,337.07370412343664,635.0240116159913,687.3550434967228,1138.909539157799,3506.7703622188847,687.3550434967228
nrc_groeneveld_24579pt__12256,595.0,179.34945003400918,332.8856949966127,479.7528649076113,1641.9616257594605,276.2362609446821,479.7528649076113
nrc_groeneveld_24579pt__12257,625.0,188.43596214985942,349.78642788990675,499.7028135764952,1719.1608744532555,287.0791193045455,499.7028135764952
nrc_groeneveld_24579pt__12258,571.0,166.33873619784322,306.8284036393463,382.7639162723439,1531.8273148828482,260.73806903867586,382.7639162723439
nrc_groeneveld_24579pt__12259,537.0,160.56916704660728,288.2734705994101,330.9322608102031,1483.1744420366647,253.8893300076396,330.9322608102031
nrc_groeneveld_24579pt__12260,501.0,157.2039335221175,293.2813544570333,316.00474041817597,1454.8528275037863,249.9048610697687,316.00474041817597
nrc_groeneveld_24579pt__12261,466.0,154.27187066728737,293.6883418710674,289.2764374494973,1430.209726736205,246.44064407456852,289.2764374494973
nrc_groeneveld_24579pt__12262,421.0,159.81516544969747,284.8107522414424,325.1754041539005,1476.8244071215463,252.99586079359054,325.1754041539005
nrc_groeneveld_24579pt__12263,384.0,153.90922908414268,292.5984701801933,289.2764374494973,1427.1665120158077,246.01270854632685,289.2764374494973
nrc_groeneveld_24579pt__12264,350.0,145.79974247169568,304.1576754062564,276.7516681799733,1359.2130177428508,236.47807698840296,276.7516681799733
nrc_groeneveld_24579pt__12265,303.0,147.17874262687258,290.84158612758193,273.41392317595876,1370.7490294427446,238.09426845919353,273.41392317595876
nrc_groeneveld_24579pt__12266,260.0,140.7425819109568,360.1216863018396,298.6523540032791,1316.9861792544632,230.57208431687602,298.6523540032791
nrc_groeneveld_24579pt__12267,216.0,129.23281719063974,391.18876932394323,318.6999709728332,1216.9378388594007,216.67315456389963,318.6999709728332
nrc_groeneveld_24579pt__12268,1288.0,466.57884898533854,849.8105210771096,909.825301627127,2230.1093290624863,1578.8310146165907,909.825301627127
nrc_groeneveld_24579pt__12269,1200.0,479.6683657086355,855.4529247954376,914.417984378997,2283.464038085933,1605.2327842441591,914.417984378997
nrc_groeneveld_24579pt__12270,1150.0,425.9881474334411,813.0306306714353,856.1704104580413,2017.821106499587,1469.754858852436,856.1704104580413
nrc_groeneveld_24579pt__12271,1079.0,408.12793720289744,782.826504808251,847.6475275563835,1925.5789687342108,1420.2806203395298,847.6475275563835
nrc_groeneveld_24579pt__12272,1029.0,360.8426792165718,685.2900424760217,753.4038365538064,1685.1761563698683,1285.1210003376812,753.4038365538064
nrc_groeneveld_24579pt__12273,953.0,346.64048348555554,644.3028759585349,690.3787534518711,1614.1282128647733,1243.4023810046715,690.3787534518711
nrc_groeneveld_24579pt__12274,869.0,339.2959580629155,643.9339943553263,676.6585721689611,1577.60797663689,1221.6367028847535,676.6585721689611
nrc_groeneveld_24579pt__12275,780.0,335.6822582621609,641.9846080952169,676.6585721689611,1559.6966614699954,1210.8809059303596,676.6585721689611
nrc_groeneveld_24579pt__12276,704.0,312.2761940373301,453.07649569259326,513.90077932743,1444.6132920203302,1140.5062163195867,513.90077932743
nrc_groeneveld_24579pt__12277,622.0,292.4824460517328,377.97924767297684,445.14592565817213,1354.1255763113938,1083.626280899587,445.14592565817213
nrc_groeneveld_24579pt__12278,569.0,236.0486191277731,356.7241504580776,363.6686176784973,1110.2244848420617,923.6341010286626,363.6686176784973
nrc_groeneveld_24579pt__12279,541.0,210.02847934377294,336.5315111341502,369.43998910711383,986.3891890058682,838.9007643884834,369.43998910711383
nrc_groeneveld_24579pt__12280,476.0,208.92339725648384,336.5315111341502,369.43998910711383,981.1558833066842,835.2746317554586,369.43998910711383
nrc_groeneveld_24579pt__12281,1918.0,779.3674094856693,1210.6933764006267,1281.5724580652236,2836.524421624215,5860.730632776952,1281.5724580652236
nrc_groeneveld_24579pt__12282,1837.0,708.1255912739211,1141.235171182947,1215.9940765175352,2542.9398840320096,5523.224396297754,1215.9940765175352
nrc_groeneveld_24579pt__12283,1721.0,685.8560481128216,1104.4190311253885,1217.605205776626,2452.4286594869945,5411.642581274415,1217.605205776626
nrc_groeneveld_24579pt__12284,1628.0,643.3959733419672,1056.641417183884,1177.4964126908194,2281.613377953821,5190.547342367274,1177.4964126908194
nrc_groeneveld_24579pt__12285,1546.0,579.5109739876681,937.0577243834996,1031.1191855776508,2029.1600147725044,4836.546630881309,1031.1191855776508
nrc_groeneveld_24579pt__12286,1418.0,556.4160188104103,926.5468895594079,1010.5330659063575,1939.3111052875522,4702.070260973514,1010.5330659063575
nrc_groeneveld_24579pt__12287,1325.0,514.2754640554061,781.7615108723726,812.824870483176,1778.0351569590052,4448.61260172441,812.824870483176
nrc_groeneveld_24579pt__12288,1240.0,455.8945853820239,642.4024108499732,697.5209063335592,1560.551206926775,4080.4055692436373,697.5209063335592
nrc_groeneveld_24579pt__12289,1128.0,421.116552339216,599.124617821044,643.0172236244798,1433.4237063953822,3850.0242319710724,643.0172236244798
nrc_groeneveld_24579pt__12290,995.0,402.69859787214716,530.2673483323604,605.6494824758612,1363.3380306749937,3794.0833878675635,605.6494824758612
nrc_groeneveld_24579pt__12291,901.0,338.23902232667126,506.8016849457202,618.1292956684908,1140.2378495884452,3272.1534576062445,618.1292956684908
nrc_groeneveld_24579pt__12292,508.0,142.63038134192425,243.89591166640696,284.0198494995043,1233.4135328539116,250.24214259598557,284.0198494995043
nrc_groeneveld_24579pt__12293,483.0,134.04828235164413,208.5754107897122,235.1064927356747,1163.1581702759343,237.96679090192873,235.1064927356747
nrc_groeneveld_24579pt__12294,451.0,136.53584192857582,237.93917320152363,245.79056324513374,1183.4972396430699,241.5133093391144,245.79056324513374
nrc_groeneveld_24579pt__12295,423.0,136.8500152330335,239.47683991637194,265.47936092210676,1186.0665837644024,241.9619448372425,265.47936092210676
nrc_groeneveld_24579pt__12296,386.0,135.28634480227947,230.79897303659615,238.576256171196,1173.2791145750864,239.73061369760666,238.576256171196
nrc_groeneveld_24579pt__12297,355.0,133.4335063910815,207.40256863308767,234.14733856697995,1158.1357330326239,237.09192274058515,234.14733856697995
nrc_groeneveld_24579pt__12298,325.0,129.50561314659691,240.70173513365938,237.7944698105384,1126.0783940428769,231.5186681022403,237.7944698105384
nrc_groeneveld_24579pt__12299,294.0,125.69334562279809,328.63052002719866,263.3053331252343,1095.0268513810827,226.13919722148344,263.3053331252343
nrc_groeneveld_24579pt__12300,262.0,121.00687432805366,331.62852204191086,273.06256120729233,1055.8928383603957,219.39041007983934,273.06256120729233
nrc_groeneveld_24579pt__12301,223.0,116.36746214885156,333.98251453383335,277.7569628911563,1016.2138108179154,212.5887150760961,277.7569628911563
nrc_groeneveld_24579pt__12302,159.0,108.04555128872518,263.2819064342576,276.2576195353197,932.1963565681378,198.3610868329712,276.2576195353197
nrc_groeneveld_24579pt__12303,1321.0,383.5870152206819,779.4080828384643,833.8095633992408,1696.4340357037217,1316.1221963762964,833.8095633992408
nrc_groeneveld_24579pt__12304,1230.0,433.76194834766875,831.7687012862826,900.2198913467985,1894.8395176438764,1426.5401456267318,900.2198913467985
nrc_groeneveld_24579pt__12305,1150.0,469.4203243050001,844.0597311416112,913.1039911775295,2024.2398242233687,1495.2173613436883,913.1039911775295
nrc_groeneveld_24579pt__12306,1114.0,385.6461911592619,782.0351650951004,833.8095633992408,1706.5734289694535,1321.9211789316344,833.8095633992408
nrc_groeneveld_24579pt__12307,1069.0,351.1550675347296,692.3106425505857,764.2975765152514,1538.1257558788843,1223.336083558905,764.2975765152514
nrc_groeneveld_24579pt__12308,1014.0,333.74135532323817,647.6868916872832,704.026292316898,1454.292522725232,1172.4381557291529,704.026292316898
nrc_groeneveld_24579pt__12309,959.0,317.19118574866076,612.1055118673602,640.7880853002333,1375.4292391657966,1123.4151044158957,640.7880853002333
nrc_groeneveld_24579pt__12310,903.0,297.45366427009805,483.04381578314195,523.3901697959967,1282.4806612494638,1064.187373948881,523.3901697959967
nrc_groeneveld_24579pt__12311,825.0,295.07444563966936,474.3676745839604,512.0657844875692,1271.3607253262448,1056.9956883641034,512.0657844875692
nrc_groeneveld_24579pt__12312,760.0,284.98246052953067,444.2850880565537,468.29864770150493,1224.4024140607887,1026.3744591618618,468.29864770150493
nrc_groeneveld_24579pt__12313,744.0,263.9844711376713,406.6088416700645,406.80459514834365,1123.2871561196944,959.0571285486008,406.80459514834365
nrc_groeneveld_24579pt__12314,1697.0,526.3553526315337,1121.9315297637627,1399.5056264451512,7463.754862581312,527.6210255889829,1399.5056264451512
nrc_groeneveld_24579pt__12315,1721.0,431.2470974626416,1231.9745244796866,1413.0388753439524,6581.659208802439,485.73065032242135,1413.0388753439524
nrc_groeneveld_24579pt__12316,965.0,359.6604385742482,825.9061965890955,908.7221954841306,5933.436895916481,193.99525753450004,908.7221954841306
nrc_groeneveld_24579pt__12317,1000.0,352.54521818802834,956.6035261425387,1015.830128769862,5956.173542881094,219.44735961138514,1015.830128769862
nrc_groeneveld_24579pt__12318,1418.0,391.59698770844255,1131.0566944337784,1215.4462005361565,6433.28084879119,400.10653847014396,1215.4462005361565
nrc_groeneveld_24579pt__12319,1756.0,529.6161804367318,1520.06996408553,1601.397043648174,5247.33514428761,878.6333883923945,1601.397043648174
nrc_groeneveld_24579pt__12320,1721.0,504.9305444874446,1239.2972533334612,1282.100729692565,5041.625272688459,863.166602677136,1282.100729692565
nrc_groeneveld_24579pt__12321,2093.0,724.4410990549633,1329.8881234591786,1518.7984399061177,4405.855688842837,1822.383929486741,1518.7984399061177
nrc_groeneveld_24579pt__12322,3144.0,1832.2521885607418,4035.856296954339,4009.6783778925283,30000.0,248.2602271769606,4009.6783778925283
nrc_groeneveld_24579pt__12323,2822.0,1773.2534795371057,4035.856296954339,4009.6783778925283,29882.561733978382,245.979098908196,4009.6783778925283
nrc_groeneveld_24579pt__12324,2633.0,1633.9807408287754,3780.333548075328,4009.6783778925283,25084.98492746732,242.59316957922618,4009.6783778925283
nrc_groeneveld_24579pt__12325,2424.0,1214.5945263843403,3141.576310772254,3369.18815533746,20650.89608242545,238.96881935128673,3369.18815533746
nrc_groeneveld_24579pt__12326,2141.0,988.267403150833,2608.5691766758764,3016.9622718746277,17615.552613396343,236.3040093700738,3016.9622718746277
nrc_groeneveld_24579pt__12327,4489.0,2040.0634501897277,5188.665445710459,4706.94456634225,30000.0,385.5420704724552,4706.94456634225
nrc_groeneveld_24579pt__12328,3978.0,1967.7174143141135,5188.665445710459,4706.94456634225,30000.0,382.09781520610426,4706.94456634225
nrc_groeneveld_24579pt__12329,3580.0,1832.6699577905206,4687.22691154455,4706.94456634225,28757.7028569283,376.4552637594016,4706.94456634225
nrc_groeneveld_24579pt__12330,3183.0,1443.6533619377585,4015.4011582254784,4208.803352374778,24102.744225396833,370.0931455725321,4208.803352374778
nrc_groeneveld_24579pt__12331,2765.0,1121.7559703386012,3510.571274005398,3725.014182307875,20388.959290945433,363.6423099012126,3725.014182307875
nrc_groeneveld_24579pt__12332,5020.0,2320.3475630746516,4513.729912744822,4827.565355894483,30000.0,570.1596472907971,4827.565355894483
nrc_groeneveld_24579pt__12333,4433.0,2019.9520169140824,4510.401536958171,4827.565355894483,29840.176406335235,564.2589092663744,4827.565355894483
nrc_groeneveld_24579pt__12334,3826.0,1601.4305647747456,4423.537395987139,4499.291294734797,25534.206398368206,551.966437780965,4499.291294734797
nrc_groeneveld_24579pt__12335,5437.0,3484.417377806925,4864.106051761519,5751.686484608996,30000.0,1227.934352747789,5751.686484608996
nrc_groeneveld_24579pt__12336,4717.0,2683.0670760802223,4862.401850077401,5751.686484608996,25400.35983859377,1231.7846290244393,5751.686484608996
nrc_groeneveld_24579pt__12337,1186.0,330.1085039626557,1135.5156812206924,1207.6472171377302,5638.968446949866,329.52651233197736,1207.6472171377302
nrc_groeneveld_24579pt__12338,1500.0,379.2972171006002,1156.1321336826547,1251.6293199365666,6217.413423621658,398.83380958219334,1251.6293199365666
nrc_groeneveld_24579pt__12339,1000.0,289.8517479195192,698.1992739639637,708.6732370225758,3560.729766881262,575.4622547921925,708.6732370225758
nrc_groeneveld_24579pt__12340,1477.0,403.8208870660021,850.6324703895369,891.4904747598428,3989.6813309029067,814.1586215524956,891.4904747598428
nrc_groeneveld_24579pt__12341,2105.0,623.7272744215276,1504.8493377423924,1671.9729484891916,5435.417972773545,1022.5297983383565,1671.9729484891916
nrc_groeneveld_24579pt__12342,1139.0,372.007266450183,843.9394111929785,756.2987046067435,3241.666267598939,975.7222576236248,756.2987046067435
nrc_groeneveld_24579pt__12343,1442.0,503.00019155465714,969.659443526327,985.8072868120842,3550.460284964086,1364.6726833982523,985.8072868120842
nrc_groeneveld_24579pt__12344,1314.0,443.77698376097936,958.8783925851175,931.8929412954388,2929.6984186420714,1590.0995728226994,931.8929412954388
nrc_groeneveld_24579pt__12345,1267.0,452.86900705771296,961.9167525318275,950.490872161615,2974.665535496028,1602.75327661879,950.490872161615
nrc_groeneveld_24579pt__12346,1244.0,453.3958118073142,964.6209894021156,954.8898102160821,2958.8927885567496,1624.4874553419234,954.8898102160821
nrc_groeneveld_24579pt__12347,1930.0,641.8006522549814,1239.602679333996,1350.0885820652725,3709.150614229496,2000.9048915032226,1350.0885820652725
nrc_groeneveld_24579pt__12348,2488.0,897.0354268073404,1630.0586201530825,1868.9287827082312,4699.173133826948,2370.3935046636575,1868.9287827082312
nrc_groeneveld_24579pt__12349,1721.0,563.7343610048389,1090.1247552001194,1091.0807169224915,3274.817164218064,2014.157613946011,1091.0807169224915
nrc_groeneveld_24579pt__12350,1721.0,594.1045618007826,1154.8325237895444,1055.7068026451077,3210.300576537935,2398.876775972294,1055.7068026451077
nrc_groeneveld_24579pt__12351,1721.0,594.5297968272561,1159.0420634033271,1059.1127117323892,3195.2167044669145,2431.76262986275,1059.1127117323892
nrc_groeneveld_24579pt__12352,2314.0,836.787978606806,1531.1851917017048,1563.4808472681045,4007.2479838183053,3042.1901376878113,1563.4808472681045
nrc_groeneveld_24579pt__12353,2186.0,818.458925612914,1492.1905992232812,1398.339917279379,3646.30429799616,3810.202833409036,1398.339917279379
nrc_groeneveld_24579pt__12354,2186.0,777.5356811265906,1421.6008613896643,1353.8177017741796,3498.1293691593223,3743.1189576645047,1353.8177017741796
nrc_groeneveld_24579pt__12355,2581.0,1139.5379726255394,1921.7211149705481,2096.0518277085985,4706.063278921597,4466.85701017853,2096.0518277085985
nrc_groeneveld_24579pt__12356,2698.0,1155.1397722976878,2036.2713394966322,2141.1817823276483,4538.277926712213,5436.316634959171,2141.1817823276483
nrc_groeneveld_24579pt__12357,2535.0,1388.1859722356965,1987.8187749470878,2270.8338561323835,5263.216466325721,5953.015214196413,2270.8338561323835
nrc_groeneveld_24579pt__12358,1186.0,330.1085039626557,1135.5156812206924,1207.6472171377302,5638.968446949866,329.52651233197736,1207.6472171377302
nrc_groeneveld_24579pt__12359,1337.0,347.52557428793364,879.2245096119835,907.4672468392429,4760.283937449345,555.3506214906666,907.4672468392429
nrc_groeneveld_24579pt__12360,1697.0,467.2302007236012,960.7748201777235,961.2845769004682,4112.819383115964,957.9036601701301,961.2845769004682
nrc_groeneveld_24579pt__12361,792.0,241.4464710808154,697.801181150562,693.9180358452636,4019.4211887749884,203.3735210803428,693.9180358452636
nrc_groeneveld_24579pt__12362,751.0,206.54550952426928,608.3725930900824,571.8088214884937,3530.6046271558707,194.74229505029115,571.8088214884937
nrc_groeneveld_24579pt__12363,676.0,193.2018508712489,579.2998241284139,500.9846885425415,3303.713721022532,190.91071595870642,500.9846885425415
nrc_groeneveld_24579pt__12364,571.0,190.57558565516496,571.5329735312292,492.49901366593065,3257.2543440420827,190.15012616505453,492.49901366593065
nrc_groeneveld_24579pt__12365,1053.0,301.50916888174663,1025.3571492347326,1002.0659566514465,4803.211908023446,314.9948717543927,1002.0659566514465
nrc_groeneveld_24579pt__12366,933.0,280.17411363045784,914.9794223898252,816.6643914939116,4545.031407728629,307.4000114605649,816.6643914939116
nrc_groeneveld_24579pt__12367,837.0,246.05838492799174,795.8417572847632,746.9619855378435,4128.301600201483,294.8013022561663,746.9619855378435
nrc_groeneveld_24579pt__12368,744.0,209.19122660947144,640.9969381342012,615.8086492209104,3631.6237758840343,279.38537447696945,615.8086492209104
nrc_groeneveld_24579pt__12369,1372.0,366.15882796242437,1228.7436982351871,1227.89116735198,4895.977823730747,500.0614870211743,1227.89116735198
nrc_groeneveld_24579pt__12370,1232.0,312.6454532708677,945.3948456442291,918.8193495974613,4378.220790762497,473.58117600556045,918.8193495974613
nrc_groeneveld_24579pt__12371,1110.0,288.3179157729259,870.7334637822777,790.1818091502436,3995.287143533638,452.7995351990224,790.1818091502436
nrc_groeneveld_24579pt__12372,971.0,258.1185898507099,611.5965601307071,659.4281716778876,3547.7121987838586,427.24897099099957,659.4281716778876
nrc_groeneveld_24579pt__12373,1791.0,584.0833832142451,1584.6293777857866,1566.2001542625578,4826.071593979047,979.0230675882334,1566.2001542625578
nrc_groeneveld_24579pt__12374,1628.0,495.2913956929014,1162.8432402307953,1143.7287553143362,4203.46751190744,914.3224685961209,1143.7287553143362
nrc_groeneveld_24579pt__12375,1453.0,430.1585685897339,899.2469376276255,962.7073602345598,3744.0970957490044,861.2879388463779,962.7073602345598
nrc_groeneveld_24579pt__12376,1267.0,364.5164081510377,768.6898076558015,819.4402811925679,3276.6247232603714,802.2668956324305,819.4402811925679
nrc_groeneveld_24579pt__12377,2070.0,798.3739278097376,1806.197030578065,1805.3260619975597,4766.201660633418,1619.2170570774983,1805.3260619975597
nrc_groeneveld_24579pt__12378,1860.0,697.0326436109051,1539.5943351436274,1529.9324709110454,4233.957724803756,1532.4126590676478,1529.9324709110454
nrc_groeneveld_24579pt__12379,1697.0,563.1163471664522,1033.4945027180663,1102.3723483270505,3555.3079423609397,1403.969609744034,1102.3723483270505
nrc_groeneveld_24579pt__12380,1430.0,485.54209125805363,941.006515732381,925.043635789217,3179.380415286122,1323.008995970022,925.043635789217
nrc_groeneveld_24579pt__12381,1500.0,395.554901629719,1092.0695108656066,1017.1809021138923,6514.619265367313,243.69634461610386,1017.1809021138923
nrc_groeneveld_24579pt__12382,1453.0,371.6830030535702,1091.5495561366006,995.2432648558676,6087.458175770346,237.13616407688033,995.2432648558676
nrc_groeneveld_24579pt__12383,1383.0,355.9022834368377,1091.371722375739,975.5454019438317,5808.216683181149,232.70438960399355,975.5454019438317
nrc_groeneveld_24579pt__12384,1314.0,344.02097193739627,1090.6516105778885,961.788075481074,5599.809880295583,229.32461449827892,961.788075481074
nrc_groeneveld_24579pt__12385,1256.0,325.0936540486631,1090.152395405811,974.779824542165,5271.371969091999,223.87824268142077,974.779824542165
nrc_groeneveld_24579pt__12386,1186.0,320.2246637159061,1090.734337537944,958.7738849757702,5187.6328883623255,222.4673884039317,958.7738849757702
nrc_groeneveld_24579pt__12387,1107.0,319.0188534232543,1090.734337537944,958.7738849757702,5166.940140248156,222.11749968828127,958.7738849757702
nrc_groeneveld_24579pt__12388,1056.0,298.07437225258957,1090.2328075407145,963.2373295543506,4810.875275856926,216.0195146012141,963.2373295543506
nrc_groeneveld_24579pt__12389,974.0,291.4030327883136,1089.752810693941,903.008700676291,4698.820075545801,214.0739765210082,903.008700676291
nrc_groeneveld_24579pt__12390,904.0,279.96766250911514,1089.752810693941,904.9008141141165,4510.29699935559,210.7785388895953,904.9008141141165
nrc_groeneveld_24579pt__12391,845.0,254.99858486515552,1085.4701152947966,899.5441918032949,4184.457426718882,205.0409574237163,899.5441918032949
nrc_groeneveld_24579pt__12392,776.0,238.19978730519037,978.0689033288953,846.303832671578,3953.8249151523564,200.97891079133794,846.303832671578
nrc_groeneveld_24579pt__12393,725.0,207.4366162042515,773.4004373912422,709.7962847958169,3526.9460767408295,193.59462692396394,709.7962847958169
nrc_groeneveld_24579pt__12394,2139.0,640.5065150038525,1725.5078290947804,1727.6071655186386,8811.96547867604,424.3043805494326,1727.6071655186386
nrc_groeneveld_24579pt__12395,2023.0,634.0892116251326,1723.052406152539,1727.6071655186386,8751.820562285284,423.1373358377837,1727.6071655186386
nrc_groeneveld_24579pt__12396,1942.0,563.8061960660543,1716.53315033585,1690.0355874416975,8079.8659231699185,409.54273904486047,1690.0355874416975
nrc_groeneveld_24579pt__12397,1837.0,525.4332263689553,1538.0403488112543,1680.281937361169,7702.21167948123,401.43275773309216,1680.281937361169
nrc_groeneveld_24579pt__12398,1732.0,497.95932115009873,1577.090887243843,1605.7460894874569,7426.847531126715,395.2940645832352,1605.7460894874569
nrc_groeneveld_24579pt__12399,1697.0,405.0289433563544,1580.536352569851,1437.8265472853009,6354.476635912651,369.44708934207205,1437.8265472853009
nrc_groeneveld_24579pt__12400,1581.0,390.90702429497674,1560.606779955075,1389.537908058239,6130.852398503099,363.64486406186984,1389.537908058239
nrc_groeneveld_24579pt__12401,1477.0,368.1838527824919,1477.234172992648,1388.973440453547,5773.221943339376,354.0563137882699,1388.973440453547
nrc_groeneveld_24579pt__12402,1383.0,359.3094058327355,1399.0163946286004,1362.1899890258903,5634.362494651776,350.2289612442569,1362.1899890258903
nrc_groeneveld_24579pt__12403,1279.0,336.9250306893565,1278.914822733878,1283.1166727286732,5286.324525663161,340.37749027915754,1283.1166727286732
nrc_groeneveld_24579pt__12404,1163.0,322.3053733046694,1194.7171622773697,1196.099880306153,5060.841305419205,333.7983991197519,1196.099880306153
nrc_groeneveld_24579pt__12405,1054.0,304.676325534114,1076.151070625213,1049.2502077314543,4815.418515141725,326.46396236817696,1049.2502077314543
nrc_groeneveld_24579pt__12406,938.0,280.7298504182463,967.2555738744583,868.9003190463742,4525.906502410069,317.58855149437625,868.9003190463742
nrc_groeneveld_24579pt__12407,2802.0,911.8657130466866,1949.5311127277644,2180.457541687273,9523.63817689605,666.3451892422211,2180.457541687273
nrc_groeneveld_24579pt__12408,2640.0,899.8762101715587,1952.3913332740656,2180.457541687273,9430.556290308894,663.8979902417211,2180.457541687273
nrc_groeneveld_24579pt__12409,2535.0,809.464573205567,1967.224730785783,2138.757022484708,8717.435755479679,644.1231818475362,2138.757022484708
nrc_groeneveld_24579pt__12410,2395.0,750.1466634766215,1924.0778830110955,2052.3009813405447,8238.415284857907,629.7513658620142,2052.3009813405447
nrc_groeneveld_24579pt__12411,2279.0,690.5902774796197,1785.9862514444885,1978.7734550106534,7748.09957212436,614.0525625181579,1978.7734550106534
nrc_groeneveld_24579pt__12412,2151.0,644.2328308940708,1730.8822435769052,1966.8249761104994,7359.655533599464,600.8527932374622,1966.8249761104994
nrc_groeneveld_24579pt__12413,2011.0,585.2871854310312,1801.3819283758917,1817.697496355364,6856.643962711365,582.6829597707092,1817.697496355364
nrc_groeneveld_24579pt__12414,1872.0,549.6237194010371,1858.6673830131024,1852.0463674681826,6547.102548954206,570.8582089226722,1852.0463674681826
nrc_groeneveld_24579pt__12415,1756.0,496.0409965225549,1761.459799851152,1694.565581208516,6074.1455190356255,551.7791559037158,1694.565581208516
nrc_groeneveld_24579pt__12416,1616.0,442.1659252521732,1688.827134804845,1628.1757361219254,5598.268343901582,531.2689138416661,1628.1757361219254
nrc_groeneveld_24579pt__12417,1477.0,401.75557505897325,1577.2969791269672,1549.4280860832998,5237.604068275653,514.7915599613546,1549.4280860832998
nrc_groeneveld_24579pt__12418,1360.0,350.34503894889804,1183.6898569946084,1235.2520415370984,4789.637987313798,493.14632297735744,1235.2520415370984
nrc_groeneveld_24579pt__12419,1232.0,309.44152725945486,1038.9079254504334,964.8111624448502,4365.21557715162,471.3884258760819,964.8111624448502
nrc_groeneveld_24579pt__12420,3233.0,1154.252938665205,3091.4706648180327,2666.651731194182,8456.329423672058,1244.972925495666,2666.651731194182
nrc_groeneveld_24579pt__12421,3058.0,1052.4073185678799,3089.371177201965,2583.1739806193677,7867.712729513294,1213.9459297444755,2583.1739806193677
nrc_groeneveld_24579pt__12422,2860.0,1006.1409839569344,3043.62026153798,2508.281489615013,7599.422113661599,1198.6658740160076,2508.281489615013
nrc_groeneveld_24579pt__12423,2721.0,873.4645208639179,2813.517267492859,2432.561109497464,6831.915004243155,1150.5607399242906,2432.561109497464
nrc_groeneveld_24579pt__12424,2546.0,780.0355796763359,2442.330158513984,2341.5421735194686,6276.777789513714,1111.237204461452,2341.5421735194686
nrc_groeneveld_24579pt__12425,2395.0,697.3785853152142,2160.7884787660187,2367.296162748742,5704.248568486747,1071.9373485089882,2367.296162748742
nrc_groeneveld_24579pt__12426,2163.0,668.6174526425885,2013.2102589673464,2104.303032858609,5508.110344196915,1044.7694594491763,2104.303032858609
nrc_groeneveld_24579pt__12427,2011.0,593.0440737681711,1637.747114336559,1805.1535367914817,4913.137338169583,990.5611840441495,1805.1535367914817
nrc_groeneveld_24579pt__12428,1802.0,557.9088385081517,1468.117897905458,1628.3094582720323,4666.498779514127,966.194295093932,1628.3094582720323
nrc_groeneveld_24579pt__12429,1628.0,468.5448634719176,1129.2687605134538,1185.9909318296798,4069.175003390801,888.1411565900463,1185.9909318296798
nrc_groeneveld_24579pt__12430,562.0,178.43765929791368,699.3341768023121,642.4444321431394,2647.3165296716993,184.86817826403092,642.4444321431394
nrc_groeneveld_24579pt__12431,508.0,169.49288538913297,679.7077669580447,600.7866748185379,2543.9031185220033,180.88280311401962,600.7866748185379
nrc_groeneveld_24579pt__12432,454.0,159.8049115256973,630.2512953446367,518.0467581913455,2431.9590605184203,176.5844412385768,518.0467581913455
nrc_groeneveld_24579pt__12433,393.0,147.381599912432,530.067554013314,446.6237401448287,2288.242345169815,171.11732983400555,446.6237401448287
nrc_groeneveld_24579pt__12434,741.0,247.13189594534597,582.0259351196491,866.2788163290211,3168.686313405676,298.6947126899011,866.2788163290211
nrc_groeneveld_24579pt__12435,697.0,199.91198690385215,556.3733546637789,651.2953510768905,2748.028873533883,273.4031598493538,651.2953510768905
nrc_groeneveld_24579pt__12436,598.0,193.17657687663313,552.9851013830198,622.1229572957595,2685.641111306968,269.577483812628,622.1229572957595
nrc_groeneveld_24579pt__12437,532.0,173.87082283391172,514.8697786427448,510.3890010621449,2428.223426054221,253.65475347059268,510.3890010621449
nrc_groeneveld_24579pt__12438,1017.0,266.56495054594035,731.335280999197,818.6734124384006,2933.6910393076128,451.3623524508533,818.6734124384006
nrc_groeneveld_24579pt__12439,924.0,242.8860785833373,631.7500653568834,641.2928987249535,2642.854983731933,421.5769064060209,641.2928987249535
nrc_groeneveld_24579pt__12440,814.0,232.56753665920004,565.2150641508211,574.9709373534199,2518.9694766339753,408.52642373090237,574.9709373534199
nrc_groeneveld_24579pt__12441,700.0,215.58144149013071,466.98093845029996,504.6961444932204,2322.519586559593,387.42254940237757,504.6961444932204
nrc_groeneveld_24579pt__12442,1407.0,356.44740222433467,736.373163539491,812.7646546763237,2552.0146900313625,817.3511467984978,812.7646546763237
nrc_groeneveld_24579pt__12443,1279.0,315.9441716002875,617.8491504722282,718.4347217748955,2300.1757816774802,762.4103769202698,718.4347217748955
nrc_groeneveld_24579pt__12444,1116.0,302.49511491468945,575.8952946958044,671.5780070242494,2204.331937317112,740.7308525224735,671.5780070242494
nrc_groeneveld_24579pt__12445,965.0,272.3675401812813,526.9390675076288,552.018695126239,1991.8866383012698,691.1722202085735,552.018695126239
nrc_groeneveld_24579pt__12446,1616.0,485.36935184603755,976.3009126663592,1057.4740682780478,2596.160587023603,1339.08023328492,1057.4740682780478
nrc_groeneveld_24579pt__12447,1465.0,427.235032324147,837.6065459643687,868.7565223951507,2294.3647594726103,1235.7962553448135,868.7565223951507
nrc_groeneveld_24579pt__12448,1279.0,396.5588690997656,767.0123958754665,781.8066472158738,2155.453984496708,1173.2455799650804,781.8066472158738
nrc_groeneveld_24579pt__12449,1110.0,351.5336317304197,597.85691485034,618.1552157498354,1936.3966377785805,1090.746535258398,618.1552157498354
nrc_groeneveld_24579pt__12450,427.0,139.02055760449508,297.8596790413383,322.92668999075465,1797.8007912322423,157.58188367504061,322.92668999075465
nrc_groeneveld_24579pt__12451,397.0,125.53676293421717,294.9020614791977,249.2881327981228,1648.2694102197042,148.6303629121995,249.2881327981228
nrc_groeneveld_24579pt__12452,358.0,120.95816546582796,293.5311572446848,229.26508607287016,1582.3218669965056,144.74282725142697,229.26508607287016
nrc_groeneveld_24579pt__12453,310.0,117.29605343791401,259.1291985058214,222.32185859924274,1525.289898330949,141.42286992238536,222.32185859924274
nrc_groeneveld_24579pt__12454,602.0,191.45815901471514,583.4224566325091,638.3477281578295,2090.8372306571428,264.8779492293855,638.3477281578295
nrc_groeneveld_24579pt__12455,571.0,158.3968121280419,423.0836156505061,452.44916757068523,1795.1708536432657,236.21844141199028,452.44916757068523
nrc_groeneveld_24579pt__12456,516.0,149.4393465868632,331.17343166180024,317.93775288029286,1663.2053140629366,223.37378050535,317.93775288029286
nrc_groeneveld_24579pt__12457,423.0,152.36005544855897,335.27004872651185,368.21161072136334,1711.669029172894,228.08805783661947,368.21161072136334
nrc_groeneveld_24579pt__12458,829.0,197.60735339336233,517.1807224074009,442.66300102827006,1794.5123928232167,356.5080874154926,442.66300102827006
nrc_groeneveld_24579pt__12459,721.0,199.52738662182108,501.45355640702024,458.04088293271815,1829.2565219067274,360.2908482760205,458.04088293271815
nrc_groeneveld_24579pt__12460,629.0,197.06169830731938,516.4757516124812,439.52225441792905,1786.3353139742107,355.25380630470795,439.52225441792905
nrc_groeneveld_24579pt__12461,534.0,190.36680348677748,460.90605015576136,379.9626190979231,1687.7999396245132,340.0689347717321,379.9626190979231
nrc_groeneveld_24579pt__12462,1140.0,289.13129459273955,552.3276085996218,629.0285942470451,1696.4076012374287,705.232230925624,629.0285942470451
nrc_groeneveld_24579pt__12463,1019.0,275.31121073015606,496.5540459966001,532.6823281926027,1620.7812064333727,677.8383347240388,532.6823281926027
nrc_groeneveld_24579pt__12464,923.0,246.0031138424602,452.10579541333163,437.45994667647955,1453.7626223712575,622.9677799247715,437.45994667647955
nrc_groeneveld_24579pt__12465,767.0,243.4407746675836,440.9881490189126,448.87119861982006,1439.2895496508092,618.1311483909708,448.87119861982006
nrc_groeneveld_24579pt__12466,1279.0,407.5191251910949,824.2579428190421,960.6294665427666,1853.3509547881565,1193.6463299894308,960.6294665427666
nrc_groeneveld_24579pt__12467,1174.0,358.0736523975616,653.0967547270034,703.5492898487067,1638.6988463901966,1079.1393103389214,703.5492898487067
nrc_groeneveld_24579pt__12468,1026.0,334.98666890517313,552.6845496944593,579.6440129887765,1553.710470436272,1021.0243806527053,579.6440129887765
nrc_groeneveld_24579pt__12469,902.0,290.67698431067066,476.8369549415047,486.41342843675216,1370.810643766194,927.6763273727129,486.41342843675216
nrc_groeneveld_24579pt__12470,907.0,297.5624938420329,503.53256757953636,485.6203877271637,1378.3070543554036,964.812684199354,485.6203877271637
nrc_groeneveld_24579pt__12471,1302.0,464.11192782525023,1355.6460766070459,1200.217544239681,8215.519225527356,230.220000441453,1200.217544239681
nrc_groeneveld_24579pt__12472,1163.0,436.0070793853114,1203.081709558531,1122.4219657791764,7621.187427359349,227.2241765798582,1122.4219657791764
nrc_groeneveld_24579pt__12473,1036.0,403.5887180766608,1159.2061469611879,1073.1881965778505,6956.911062281005,223.9694320038819,1073.1881965778505
nrc_groeneveld_24579pt__12474,846.0,388.6142474617819,1086.059545822111,1007.4053631861168,6658.138049046555,222.57639231874023,1007.4053631861168
nrc_groeneveld_24579pt__12475,1767.0,513.7676753386737,1618.0545920857053,1510.8057619593044,9628.683558387302,359.8327255161372,1510.8057619593044
nrc_groeneveld_24579pt__12476,1581.0,478.91246112821943,1471.857124301946,1427.2967977775602,8914.130009027818,352.8828707820726,1427.2967977775602
nrc_groeneveld_24579pt__12477,1372.0,440.1932417910846,1309.8162580574894,1258.5437023078834,8135.498662534192,344.89191413460355,1258.5437023078834
nrc_groeneveld_24579pt__12478,1082.0,421.1775895144659,1234.7745007026942,1155.5254529313647,7759.4092682699375,340.8871868276856,1155.5254529313647
nrc_groeneveld_24579pt__12479,1977.0,538.2653190859122,2123.4660114313647,1929.8405256012006,9204.434420870417,533.5887428450237,1929.8405256012006
nrc_groeneveld_24579pt__12480,1732.0,453.1801686598443,1719.7966030129255,1582.6295873360853,8146.826021841816,514.8702963785885,1582.6295873360853
nrc_groeneveld_24579pt__12481,1465.0,385.0571886096401,1323.229861031512,1227.510189268832,7126.161017808849,494.72555554219576,1227.510189268832
nrc_groeneveld_24579pt__12482,2221.0,710.8535442047034,2004.6363340642665,1852.186456886056,7729.586799662765,976.7134223300618,1852.186456886056
nrc_groeneveld_24579pt__12483,2198.0,783.8949326639554,1533.542633603478,1445.9016051773162,6019.387965089939,1479.029735551369,1445.9016051773162
nrc_groeneveld_24579pt__12484,667.0,126.93258364951843,262.5557685747377,365.44186078143014,1321.6306855949317,150.76789311184498,365.44186078143014
nrc_groeneveld_24579pt__12485,629.0,124.20544382618273,262.8223005068806,335.91261115723086,1295.7801107032785,148.3411376898006,335.91261115723086
nrc_groeneveld_24579pt__12486,598.0,130.28430684542639,262.8066977636452,401.5605274760971,1353.4252664122234,153.76536970375508,401.5605274760971
nrc_groeneveld_24579pt__12487,569.0,131.13597615360547,262.8066977636452,407.01053314518055,1361.5099186121565,154.52944216447546,407.01053314518055
nrc_groeneveld_24579pt__12488,547.0,118.9256826868602,264.721737636247,298.13832634317004,1245.7991400382368,143.67816677685997,298.13832634317004
nrc_groeneveld_24579pt__12489,488.0,117.38596101165392,239.66538946212881,267.0484947451708,1231.242859166578,142.3280218205711,267.0484947451708
nrc_groeneveld_24579pt__12490,458.0,111.90891473762588,203.69937932225145,243.1677180409133,1179.5427524907852,137.56570549814694,243.1677180409133
nrc_groeneveld_24579pt__12491,421.0,111.18211656378206,210.38140726331645,244.9368934032538,1172.6929499313176,136.93887393486264,244.9368934032538
nrc_groeneveld_24579pt__12492,394.0,107.81514333785759,210.23271488973387,219.63520153202904,1134.7571210403178,133.48705785437264,219.63520153202904
nrc_groeneveld_24579pt__12493,361.0,104.4092073902379,204.31445260599227,222.50491923079727,1096.1782637810184,130.01434797171692,222.50491923079727
nrc_groeneveld_24579pt__12494,325.0,101.19528372327888,306.67245414723305,259.27056560328003,1051.163622817287,126.0168779202767,259.27056560328003
nrc_groeneveld_24579pt__12495,296.0,99.62519568727815,312.688045737157,293.70418817829704,1014.0950904100605,122.77629056868027,293.70418817829704
nrc_groeneveld_24579pt__12496,277.0,99.21607901030512,323.76114977868383,293.70418817829704,1004.6106827545206,121.95531150735596,293.70418817829704
nrc_groeneveld_24579pt__12497,254.0,98.97141587582917,324.58223477334144,296.45352273838733,998.9720228465676,121.4689905640356,296.45352273838733
nrc_groeneveld_24579pt__12498,232.0,97.91816169952436,343.6478227096558,323.33047815381553,974.9918345551711,119.41527500944865,323.33047815381553
nrc_groeneveld_24579pt__12499,205.0,98.97141587582917,324.58223477334144,296.45352273838733,998.9720228465676,121.4689905640356,296.45352273838733
nrc_groeneveld_24579pt__12500,188.0,96.87611625808611,403.8062114555977,351.0984545644054,951.7260800827936,117.44737013668217,351.0984545644054
nrc_groeneveld_24579pt__12501,808.0,182.92075814205185,563.338384549228,625.5518112887764,1593.4746981742585,257.3377626955578,625.5518112887764
nrc_groeneveld_24579pt__12502,752.0,185.04851633690498,563.825412417168,625.7353229714444,1611.0315778013096,259.80487689459125,625.7353229714444
nrc_groeneveld_24579pt__12503,726.0,171.12911781272274,577.2827385620005,564.8678894104161,1491.2319341956088,244.8567437435776,564.8678894104161
nrc_groeneveld_24579pt__12504,676.0,171.9225948526994,577.8921384692102,565.1633865664193,1497.7446787667457,245.78050658336454,565.1633865664193
nrc_groeneveld_24579pt__12505,624.0,169.58640969612304,322.3014913103471,546.4111770751572,1486.7375662347797,241.19180598762208,546.4111770751572
nrc_groeneveld_24579pt__12506,593.0,152.46950511756026,311.07917934974495,457.31792010886403,1346.3148291223422,221.53951098482753,457.31792010886403
nrc_groeneveld_24579pt__12507,555.0,143.6775072002052,391.55145212423196,369.996442671844,1269.52517954973,212.638470979516,369.996442671844
nrc_groeneveld_24579pt__12508,511.0,136.54923762282178,267.0884483548306,286.493048554529,1211.80020170482,204.55405597279403,286.493048554529
nrc_groeneveld_24579pt__12509,460.0,133.7646152339062,285.8905059889733,284.54576872781956,1179.1572205170073,200.002220087672,284.54576872781956
nrc_groeneveld_24579pt__12510,418.0,140.3923859923958,393.39951180044875,349.29181026949743,1242.8919580859983,208.90356699679668,349.29181026949743
nrc_groeneveld_24579pt__12511,395.0,136.8654414959257,290.5357401434167,286.493048554529,1214.3551020262587,204.91105675573849,286.493048554529
nrc_groeneveld_24579pt__12512,367.0,131.34667223853677,262.853374422284,323.7724148242349,1159.4236147848712,194.84713022096358,323.7724148242349
nrc_groeneveld_24579pt__12513,332.0,132.15325949259457,261.3838491632152,319.49286209088837,1171.5694399532088,196.51160690099022,319.49286209088837
nrc_groeneveld_24579pt__12514,293.0,136.6762650842545,290.15447656391666,285.5412444065073,1215.0555252495305,204.21845446084336,285.5412444065073
nrc_groeneveld_24579pt__12515,260.0,133.2957236457693,293.8529163355924,290.2514613670466,1177.3964803837064,198.9890891490261,290.2514613670466
nrc_groeneveld_24579pt__12516,212.0,132.58815420404645,262.93408959609604,286.8551334409652,1173.3228798361379,197.51037525942868,286.8551334409652
nrc_groeneveld_24579pt__12517,823.0,175.574445684384,386.3255262611388,421.31923358666074,1275.9015305370306,318.582727853141,421.31923358666074
nrc_groeneveld_24579pt__12518,786.0,176.811526834141,391.1347826871207,427.2071596455713,1290.831877649831,321.751186204186,427.2071596455713
nrc_groeneveld_24579pt__12519,762.0,174.3460199079416,368.387215002577,377.7274928858694,1261.1721670515465,315.45459198020166,377.7274928858694
nrc_groeneveld_24579pt__12520,724.0,172.64064962589677,372.06095080320785,378.4322066388504,1240.8855590915102,311.1424655727162,378.4322066388504
nrc_groeneveld_24579pt__12521,709.0,167.62397445991613,349.81621626450726,350.9025219368975,1182.2936420107199,298.67021162458366,350.9025219368975
nrc_groeneveld_24579pt__12522,683.0,164.13013559654118,337.474713383163,342.0908590289191,1142.4484019989784,290.17934942229306,342.0908590289191
nrc_groeneveld_24579pt__12523,632.0,167.62397445991613,349.81621626450726,350.9025219368975,1182.2936420107199,298.67021162458366,350.9025219368975
nrc_groeneveld_24579pt__12524,595.0,167.15386631983847,349.18521904439837,354.9185857926902,1176.8860501337845,297.51819544540507,354.9185857926902
nrc_groeneveld_24579pt__12525,552.0,167.85952410220585,351.78562745311973,350.9025219368975,1185.0085250741686,299.24853384572265,350.9025219368975
nrc_groeneveld_24579pt__12526,521.0,165.19117576905694,354.0309295968068,340.0400437458503,1162.7427251051654,291.90594570025763,340.0400437458503
nrc_groeneveld_24579pt__12527,483.0,162.4308810207006,320.44901484659323,295.4826243146997,1131.4261079807338,285.2924894213819,295.4826243146997
nrc_groeneveld_24579pt__12528,438.0,165.1672616415088,330.7527168546349,338.6428919569501,1166.2658976282776,291.47387758086296,338.6428919569501
nrc_groeneveld_24579pt__12529,401.0,155.3403324278947,320.824824020612,314.3237524936712,1071.4867137677588,267.0139803213507,314.3237524936712
nrc_groeneveld_24579pt__12530,346.0,156.21532799450208,316.8437459577027,303.0881332792863,1081.107963843811,268.9992773668281,303.0881332792863
nrc_groeneveld_24579pt__12531,297.0,151.67594773733995,320.8906646607349,302.09942052331655,1031.7307603791953,258.82370472848476,302.09942052331655
nrc_groeneveld_24579pt__12532,700.0,191.78502847296366,333.28101352530143,349.40788546458356,1183.6313797015641,376.53620245737636,349.40788546458356
nrc_groeneveld_24579pt__12533,674.0,184.80739385799333,310.9687756149928,325.93674941852663,1146.1249406669565,363.1891542621664,325.93674941852663
nrc_groeneveld_24579pt__12534,629.0,181.46564446303063,315.5888471693073,334.64637354775,1131.3221886059187,356.3193376397264,334.64637354775
nrc_groeneveld_24579pt__12535,583.0,184.43497443307115,321.18133625437866,337.3629825727942,1136.3017224428509,363.829439791746,337.3629825727942
nrc_groeneveld_24579pt__12536,540.0,178.5437117187597,324.74992729329375,331.0190203804144,1105.8822516240648,352.45405658093114,331.0190203804144
nrc_groeneveld_24579pt__12537,500.0,176.909552270957,320.91521180173044,330.90305863596757,1095.4370377314233,349.6633304044723,330.90305863596757
nrc_groeneveld_24579pt__12538,459.0,169.80367647846248,326.97858098280074,302.3451389485529,1035.1937896796753,333.54193318440963,302.3451389485529
nrc_groeneveld_24579pt__12539,415.0,164.7166138829294,332.6853086002528,308.64471549805387,983.4518268361375,319.67792369558254,308.64471549805387
nrc_groeneveld_24579pt__12540,352.0,161.60624629578538,331.11310747101055,305.35548291262864,955.1050270779218,310.81425500271314,305.35548291262864
nrc_groeneveld_24579pt__12541,2116.0,925.615402084434,1233.3559848758741,1737.0203399638951,20283.697540976875,254.16990049652117,1737.0203399638951
nrc_groeneveld_24579pt__12542,1955.0,892.3021257142867,1233.3559848758741,1737.0203399638951,18853.454232844848,249.65951755167052,1737.0203399638951
nrc_groeneveld_24579pt__12543,1882.0,873.3270281719225,1233.3559848758741,1737.0203399638951,16303.440988220895,240.68106614891877,1737.0203399638951
nrc_groeneveld_24579pt__12544,1789.0,770.8663843379766,1236.4374675334857,1657.8634281432617,14390.827053835463,233.00975082218397,1657.8634281432617
nrc_groeneveld_24579pt__12545,1608.0,700.7540680319963,1209.8901773580362,1611.0627548919579,13441.359943345766,228.85508290003585,1611.0627548919579
nrc_groeneveld_24579pt__12546,1543.0,568.6887601884265,1100.966904860162,1572.1848716741617,11335.7422408783,218.71775793900275,1572.1848716741617
nrc_groeneveld_24579pt__12547,1416.0,506.8840584197322,1448.351047805189,1665.9959208807381,10011.826445284532,211.64903078269452,1665.9959208807381
nrc_groeneveld_24579pt__12548,1275.0,454.11229334115376,1546.2026153521972,1547.2011834990487,8890.80774141268,205.2562075372845,1547.2011834990487
nrc_groeneveld_24579pt__12549,1124.0,412.13701671712835,1422.683099678862,1394.8766509713425,7894.921428697954,199.3302810891074,1394.8766509713425
nrc_groeneveld_24579pt__12550,946.0,379.6167105065027,1343.1941230875846,1274.9099549014911,7153.079480730856,194.8547695186929,1274.9099549014911
nrc_groeneveld_24579pt__12551,596.0,307.94178016503656,1067.0474409904116,1022.8671817311033,5644.576049481736,186.30630426325104,1022.8671817311033
nrc_groeneveld_24579pt__12552,3111.0,1166.7243065177313,2179.1067555512504,2398.705339289625,23345.25940976928,402.35908524868205,2398.705339289625
nrc_groeneveld_24579pt__12553,2970.0,1153.4646713676525,2179.1067555512504,2398.705339289625,20407.28650856979,390.49752186443345,2398.705339289625
nrc_groeneveld_24579pt__12554,2713.0,1140.6534934350757,2182.0687394954225,2426.1251705080313,18770.642471502742,381.0071692421678,2426.1251705080313
nrc_groeneveld_24579pt__12555,2544.0,1000.4112125153467,2179.647146976,2294.838788382826,16456.309687413188,368.62081751233296,2294.838788382826
nrc_groeneveld_24579pt__12556,2328.0,906.8638904012209,2185.9360368822213,2260.103737761893,15138.622765055406,361.4602524551079,2260.103737761893
nrc_groeneveld_24579pt__12557,2153.0,771.6041174783968,2190.4285115297093,2276.9072907912673,13181.78164518235,347.1197333095299,2276.9072907912673
nrc_groeneveld_24579pt__12558,1910.0,683.9061437367593,2212.0883546467794,2272.714806750968,12092.268056318806,338.6905925272994,2272.714806750968
nrc_groeneveld_24579pt__12559,1680.0,568.8798650194468,2217.012788391502,2156.961575464071,10606.23192834198,325.9671321231435,2156.961575464071
nrc_groeneveld_24579pt__12560,1504.0,464.23335082394806,1756.8286184583358,1788.4360674507245,9076.32399700693,308.7901040830641,1788.4360674507245
nrc_groeneveld_24579pt__12561,3977.0,1628.821095999266,2309.9437539055057,3031.2119386394875,25280.676685404538,595.4445803066167,3031.2119386394875
nrc_groeneveld_24579pt__12562,3721.0,1572.3508445095085,2309.9437539055057,3031.2119386394875,22471.23982672979,583.7223385369606,3031.2119386394875
nrc_groeneveld_24579pt__12563,3454.0,1510.5156968187734,2312.5986861055812,3031.2119386394875,20381.33566785546,573.0185213764663,3031.2119386394875
nrc_groeneveld_24579pt__12564,3237.0,1313.9541900874578,2296.1697921125074,3031.2119386394875,17510.335879103404,554.8001987440102,3031.2119386394875
nrc_groeneveld_24579pt__12565,3024.0,1115.623711859645,2274.1288273523287,2815.128133114333,15338.83670784234,537.5884131230139,2815.128133114333
nrc_groeneveld_24579pt__12566,2720.0,933.0011198769812,3070.2582534868743,2906.069017752703,13503.514469924816,516.3282336966158,2906.069017752703
nrc_groeneveld_24579pt__12567,2442.0,798.6229887752916,2998.238353868059,2842.562649849368,12050.706415190893,500.22892178707934,2842.562649849368
nrc_groeneveld_24579pt__12568,2219.0,643.6000254251833,2319.3704183709397,2609.156414000425,10232.06464979732,482.3996658646253,2609.156414000425
nrc_groeneveld_24579pt__12569,1968.0,525.2275737298037,2148.192016532782,2165.806044286744,8657.523857101936,457.7219574607418,2165.806044286744
nrc_groeneveld_24579pt__12570,1632.0,454.9917030118681,1783.5320917963975,1687.5736413997504,7576.381367713864,437.21983733350635,1687.5736413997504
nrc_groeneveld_24579pt__12571,1163.0,340.15201799220335,1036.1707282363352,814.1090129636582,5339.8805472542645,385.4690764025793,814.1090129636582
nrc_groeneveld_24579pt__12572,4474.0,1784.429745864763,3067.1009703500545,3261.956614043322,16269.221940682035,990.6934806402002,3261.956614043322
nrc_groeneveld_24579pt__12573,4110.0,1478.3571832834016,3065.5936051281637,3139.798912067791,14104.344826026214,965.4274935512439,3139.798912067791
nrc_groeneveld_24579pt__12574,3835.0,1196.5015989222863,3053.622205047799,3100.065465143892,11847.607877344124,929.3929559613011,3100.065465143892
nrc_groeneveld_24579pt__12575,3444.0,1044.2379121931235,3169.4034564245794,3052.0279186783127,10330.574482190177,895.3624801810947,3052.0279186783127
nrc_groeneveld_24579pt__12576,3072.0,891.4820497315309,2833.428387146799,2808.6878055567217,8860.806794950444,852.6499380565203,2808.6878055567217
nrc_groeneveld_24579pt__12577,2620.0,782.0846026570375,2520.320268539452,2384.595995958144,7772.208344494933,822.8925660089658,2384.595995958144
nrc_groeneveld_24579pt__12578,545.0,142.4188766480034,650.3512459956563,549.8296808323262,2354.1995938934565,92.86929979018092,549.8296808323262
nrc_groeneveld_24579pt__12579,524.0,134.01735507474518,547.0484716001504,514.179160883312,2054.7162407787846,91.73269885776817,514.179160883312
nrc_groeneveld_24579pt__12580,1017.0,237.85713449184618,774.5971645670998,724.3553488835372,3839.0587751185194,112.6519130367531,724.3553488835372
nrc_groeneveld_24579pt__12581,953.0,239.83217498741536,774.5971645670998,736.9296075349641,3873.737870063272,113.03271401251081,736.9296075349641
nrc_groeneveld_24579pt__12582,916.0,227.46959793544286,774.4523579356947,712.5963790465612,3658.2194403133694,110.66866134806956,712.5963790465612
nrc_groeneveld_24579pt__12583,866.0,218.256427771091,773.6681944232782,672.1817429244928,3500.1209729740904,108.94505863370912,672.1817429244928
nrc_groeneveld_24579pt__12584,815.0,209.7630447523987,771.384429861564,681.4321273142614,3356.393080320057,107.3954574980034,681.4321273142614
nrc_groeneveld_24579pt__12585,769.0,198.2542638737713,757.9675356634385,685.8051472414166,3181.811369835983,105.55033384548874,685.8051472414166
nrc_groeneveld_24579pt__12586,718.0,189.4100047546893,757.653991861996,677.5560651790806,3070.271784610625,104.40283404159948,677.5560651790806
nrc_groeneveld_24579pt__12587,669.0,175.53762270478958,757.0661409448244,663.6910435562398,2895.713245196718,102.6781709260007,663.6910435562398
nrc_groeneveld_24579pt__12588,630.0,158.58268654159545,755.4400674720616,644.6663858893777,2673.380060173144,100.6667599049074,644.6663858893777
nrc_groeneveld_24579pt__12589,575.0,150.97706161890807,750.7956958203534,601.6613353617571,2544.9114450194284,99.64205841847718,601.6613353617571
nrc_groeneveld_24579pt__12590,523.0,147.13530819194906,725.2747909258405,597.1878389008493,2395.5318617818675,98.63059064382121,597.1878389008493
nrc_groeneveld_24579pt__12591,472.0,142.16460500234578,622.911407989213,564.221220736101,2215.65791988243,97.77095841833346,564.221220736101
nrc_groeneveld_24579pt__12592,1581.0,461.0444770064902,1146.3411812959491,1207.6285182229383,7929.374929250299,239.72370730652187,1207.6285182229383
nrc_groeneveld_24579pt__12593,1488.0,431.4688889856704,1145.1597258822976,1205.0479743690603,7560.214396269489,234.73964143039157,1205.0479743690603
nrc_groeneveld_24579pt__12594,1407.0,416.8355300554597,1145.370724603885,1182.735700304515,7283.130843193718,230.88266978156682,1182.735700304515
nrc_groeneveld_24579pt__12595,1349.0,376.29225718630283,1218.5494334743994,1253.3894583014442,6498.913013574536,219.40256449703935,1253.3894583014442
nrc_groeneveld_24579pt__12596,1267.0,356.93347817607463,1197.3024924063338,1184.5386387579767,6134.39448666839,213.77293057282517,1184.5386387579767
nrc_groeneveld_24579pt__12597,1186.0,335.3923981531878,1191.9534393916194,1184.0857632979983,5733.219600163254,207.35841364965265,1184.0857632979983
nrc_groeneveld_24579pt__12598,1094.0,319.9431817534662,1167.623263368632,1111.5353665919317,5448.851992203883,202.67393269879636,1111.5353665919317
nrc_groeneveld_24579pt__12599,1004.0,297.6853303450318,1153.317305849472,1066.3815981824375,5047.052307019116,195.86891577451186,1066.3815981824375
nrc_groeneveld_24579pt__12600,896.0,286.43546784711197,1159.884454883029,1064.5177138249576,4849.577955142016,192.44989856079692,1064.5177138249576
nrc_groeneveld_24579pt__12601,817.0,261.1043543425383,1154.108401217124,1003.7474003837576,4420.834860710631,184.8850680183827,1003.7474003837576
nrc_groeneveld_24579pt__12602,719.0,243.6621511377979,1038.291833991488,880.7355448260771,4139.4175656500265,179.84339698862073,880.7355448260771
nrc_groeneveld_24579pt__12603,641.0,205.76087238521848,865.1594120665366,820.1061268704826,3627.825113690399,170.6624888588834,820.1061268704826
nrc_groeneveld_24579pt__12604,1465.0,389.63613479906445,1319.1500688504645,1302.5702879050996,6748.91423726511,241.64103665937034,1302.5702879050996
nrc_groeneveld_24579pt__12605,1372.0,365.184161592694,1370.3650999953597,1282.980092887845,6309.728960994553,234.3604713195398,1282.980092887845
nrc_groeneveld_24579pt__12606,1256.0,359.31480353992623,1334.255693675583,1260.809775478863,6204.827664291577,232.57589325110104,1260.809775478863
nrc_groeneveld_24579pt__12607,1174.0,329.8869467185011,1288.4647116435765,1169.069644868262,5673.0049148081835,223.25588270385938,1169.069644868262
nrc_groeneveld_24579pt__12608,1079.0,306.4598125407126,1224.8579859524223,1104.022012177335,5229.758646540395,213.03374018722582,1104.022012177335
nrc_groeneveld_24579pt__12609,978.0,284.9050810874902,1194.7431363540984,1083.7343905525809,4841.570259302112,205.77376432925556,1083.7343905525809
nrc_groeneveld_24579pt__12610,864.0,273.20949234644485,1198.7342070493835,1037.5241136099978,4641.780864841093,201.9590307695835,1037.5241136099978
nrc_groeneveld_24579pt__12611,793.0,234.90791502609028,890.4893186407497,783.6298841406598,4044.755024728765,190.32357702028293,783.6298841406598
nrc_groeneveld_24579pt__12612,650.0,226.70247370903158,877.41310744947,766.7837913013119,3937.0902066710296,188.20380355144704,766.7837913013119
nrc_groeneveld_24579pt__12613,1918.0,544.7659244327203,1747.8487226706156,1829.3948325085196,7725.668955816494,360.72509847628544,1829.3948325085196
nrc_groeneveld_24579pt__12614,1814.0,471.5498177263483,1647.9160636894057,1811.6625708401032,7004.919662540996,344.9961107945022,1811.6625708401032
nrc_groeneveld_24579pt__12615,1651.0,456.4912070759787,1528.9579357624539,1818.2650581256764,6846.585588103845,342.1969342380879,1818.2650581256764
nrc_groeneveld_24579pt__12616,1546.0,404.95611390809404,1548.5070662755968,1604.4560390237878,6291.5989934049485,332.1302648089395,1604.4560390237878
nrc_groeneveld_24579pt__12617,1418.0,360.0704159136407,1550.8784702808177,1574.3169002423635,5815.097097706975,319.9376435369625,1574.3169002423635
nrc_groeneveld_24579pt__12618,1283.0,334.4549948714375,1478.127645799356,1337.7145499630694,5414.580659722421,309.1769875757517,1337.7145499630694
nrc_groeneveld_24579pt__12619,1129.0,312.6719651795871,1342.5733663104688,1277.9977522158424,5078.649023954948,299.78209041767894,1277.9977522158424
nrc_groeneveld_24579pt__12620,993.0,284.8507512434311,1144.0712667676994,1098.5451215664243,4639.001232122753,284.9345384807502,1098.5451215664243
nrc_groeneveld_24579pt__12621,831.0,258.36257070983004,810.5049500606714,808.9944140447571,4109.540340564502,268.29429866507076,808.9944140447571
nrc_groeneveld_24579pt__12622,1453.0,395.1098026299222,1481.0439392812382,1334.5757096082716,4898.093391484628,439.1978319211023,1334.5757096082716
nrc_groeneveld_24579pt__12623,1337.0,326.4684737101336,941.478360471818,962.9096184804225,4159.343107154993,404.41010259105326,962.9096184804225
nrc_groeneveld_24579pt__12624,2232.0,738.7750963436097,2433.304757425877,2239.582938112898,5568.487326565562,888.7333527152362,2239.582938112898
nrc_groeneveld_24579pt__12625,2093.0,704.6776115644058,2236.1031758585987,2164.4422253758385,5312.10974869546,869.9423673206603,2164.4422253758385
nrc_groeneveld_24579pt__12626,1860.0,630.9011436554829,1817.8167532142486,1901.7018643330346,4779.544859105477,823.2866205137526,1901.7018643330346
nrc_groeneveld_24579pt__12627,1639.0,552.5710865208321,1398.340633102567,1349.8191936047933,4236.467900224009,775.7715212830641,1349.8191936047933
nrc_groeneveld_24579pt__12628,1383.0,452.7182710767897,1056.6737065398931,1010.875725445162,3596.5220415658414,712.846947614727,1010.875725445162
nrc_groeneveld_24579pt__12629,689.0,124.37824421842379,498.6885028284246,423.0087746812894,1896.9321883897712,85.16178465794444,423.0087746812894
nrc_groeneveld_24579pt__12630,655.0,123.13990527672055,498.6885028284246,422.6433485346993,1877.9083612220816,84.75335840293992,422.6433485346993
nrc_groeneveld_24579pt__12631,611.0,125.0020758338269,498.9548572347322,423.7669611478023,1906.5418235904071,85.36882211107411,423.7669611478023
nrc_groeneveld_24579pt__12632,571.0,127.31634741448967,499.50384632990773,428.01306883271434,1942.3139202004381,86.14409010866908,428.01306883271434
nrc_groeneveld_24579pt__12633,541.0,122.9347174548951,498.6885028284246,421.42974658934014,1874.7625667829952,84.68601906601913,421.42974658934014
nrc_groeneveld_24579pt__12634,505.0,119.49837382034326,497.34115343686454,395.581061254584,1822.3291682938914,83.57317637295627,395.581061254584
nrc_groeneveld_24579pt__12635,474.0,115.0015877777852,497.0825163670524,376.8354573759783,1754.4608040813087,82.16320677235775,376.8354573759783
nrc_groeneveld_24579pt__12636,446.0,111.0402859592228,495.4454294474386,346.6272903272212,1676.3805776708334,80.59416276162999,346.6272903272212
nrc_groeneveld_24579pt__12637,423.0,107.00573186420404,496.32068430979365,335.0806191858528,1534.0473128150024,77.93570764057725,335.0806191858528
nrc_groeneveld_24579pt__12638,388.0,105.11321123822853,500.3142330297134,338.9231101359688,1471.4801359079302,76.87920849710245,338.9231101359688
nrc_groeneveld_24579pt__12639,353.0,103.52748785814961,501.5868158306834,324.6101446259167,1421.0510124548828,76.09319242162232,324.6101446259167
nrc_groeneveld_24579pt__12640,309.0,102.03309836998564,492.1513112457809,332.52965179621657,1375.1471947240786,75.43852531314111,332.52965179621657
nrc_groeneveld_24579pt__12641,1124.0,268.07225215107803,866.8568887853372,873.0176502303947,3765.883136208998,199.077238869522,873.0176502303947
nrc_groeneveld_24579pt__12642,1068.0,250.92955203537826,866.8568887853372,858.8382722570667,3543.9719292042905,191.6019767286242,858.8382722570667
nrc_groeneveld_24579pt__12643,1000.0,246.00378873983215,866.8568887853372,867.1675103283201,3480.292632189381,189.42954806125073,867.1675103283201
nrc_groeneveld_24579pt__12644,933.0,239.00105741877326,866.5890512013495,837.7545471401849,3390.60120255174,186.34988574118614,837.7545471401849
nrc_groeneveld_24579pt__12645,878.0,220.97706085187662,864.494576373495,818.0406040140061,3187.2868524264836,179.2884769188013,818.0406040140061
nrc_groeneveld_24579pt__12646,811.0,206.94606534684948,855.8037014195667,753.8731351825189,3039.676005853903,174.09915726524062,753.8731351825189
nrc_groeneveld_24579pt__12647,761.0,188.5802959578834,849.4412332014851,757.993325613288,2844.3557594363665,167.16786616199977,757.993325613288
nrc_groeneveld_24579pt__12648,705.0,169.97580858804056,848.9574991669067,730.7965207786402,2643.9151836561864,160.0078354042135,730.7965207786402
nrc_groeneveld_24579pt__12649,633.0,162.51673524083984,823.069673313752,665.12990325515,2535.9166847997935,156.1455623602868,665.12990325515
nrc_groeneveld_24579pt__12650,554.0,156.87809482959628,690.8627900292662,613.9715722768543,2410.9146940996957,151.6876686966292,613.9715722768543
nrc_groeneveld_24579pt__12651,494.0,146.56380278773665,594.8922376234218,487.9884552821093,2191.806262528997,143.9681885742693,487.9884552821093
nrc_groeneveld_24579pt__12652,412.0,139.01778071883464,453.8929934166169,393.07924055792176,2019.4571532696277,138.0711751182426,393.07924055792176
nrc_groeneveld_24579pt__12653,1502.0,420.44943858069064,983.8854883057039,1035.578131745855,4586.048717612421,345.08560729327183,1035.578131745855
nrc_groeneveld_24579pt__12654,1433.0,375.24121720258364,989.711126065409,1022.1791005935579,4234.059929060074,330.64724636041774,1022.1791005935579
nrc_groeneveld_24579pt__12655,1346.0,350.7748036493067,987.152223069432,991.4201828544968,4047.1193746574745,321.31423601547147,991.4201828544968
nrc_groeneveld_24579pt__12656,1238.0,325.7774238599274,982.5797904653878,986.2462619859311,3872.0000390496457,310.0836272909561,986.2462619859311
nrc_groeneveld_24579pt__12657,1126.0,310.1777170452669,984.3595653954516,1004.7532841357764,3744.321876686552,303.4804219081449,1004.7532841357764
nrc_groeneveld_24579pt__12658,1024.0,298.4283577940515,947.9403721310927,966.358025926478,3629.3981156901386,297.4462737312228,966.358025926478
nrc_groeneveld_24579pt__12659,957.0,251.10851644478723,891.892479123068,897.8889045944156,3215.304209491498,274.9961419085521,897.8889045944156
nrc_groeneveld_24579pt__12660,859.0,230.40181247802832,927.988840604691,817.0227859254948,2986.9023537682465,262.1557080610472,817.0227859254948
nrc_groeneveld_24579pt__12661,760.0,214.35831787924096,867.4079137565458,797.2282094883426,2777.6189706481455,250.12901078085648,797.2282094883426
nrc_groeneveld_24579pt__12662,660.0,191.54823660841797,690.5815754244938,620.8599061416766,2485.8792361065007,233.01724196900477,620.8599061416766
nrc_groeneveld_24579pt__12663,539.0,172.80677673832835,554.7435887382644,544.0946895279313,2225.889136747769,216.0268492309643,544.0946895279313
nrc_groeneveld_24579pt__12664,1493.0,362.092916889614,1214.9700151626205,1055.7101125362444,3468.2796772768766,429.2462564526525,1055.7101125362444
nrc_groeneveld_24579pt__12665,1372.0,339.3482973396294,1234.1312897856722,1025.8846920801443,3278.6752696444064,417.1185646585294,1025.8846920801443
nrc_groeneveld_24579pt__12666,1246.0,302.7114938933054,932.8372180240815,912.3190627147392,3007.060772264849,392.17420026905125,912.3190627147392
nrc_groeneveld_24579pt__12667,1093.0,285.75240140690744,880.6682088915964,845.1610860565075,2876.459003841461,380.86334846314816,845.1610860565075
nrc_groeneveld_24579pt__12668,996.0,251.0563585196552,762.2201378737732,723.7388238981879,2562.068375067857,353.6462448841231,723.7388238981879
nrc_groeneveld_24579pt__12669,859.0,226.86724649793678,562.7950420974794,590.7899876511647,2307.2731308316797,328.23964568061547,590.7899876511647
nrc_groeneveld_24579pt__12670,691.0,206.47672065994294,504.84293337300215,482.85321552306544,2095.589116043644,307.3499529550394,482.85321552306544
nrc_groeneveld_24579pt__12671,1574.0,446.23194243496175,1120.5776051697337,1084.5752043913537,2829.0115634077383,759.375456456035,1084.5752043913537
nrc_groeneveld_24579pt__12672,1490.0,423.5147076224474,938.5331741730133,1010.5399244228989,2706.988063780418,738.2567918273878,1010.5399244228989
nrc_groeneveld_24579pt__12673,1316.0,373.48144261054625,801.7942663299625,914.0162906051747,2436.6865230118487,689.3212699257662,914.0162906051747
nrc_groeneveld_24579pt__12674,1159.0,312.6300744623147,670.1706328397713,740.0281858554857,2105.986976657665,625.2783620608047,740.0281858554857
nrc_groeneveld_24579pt__12675,896.0,280.04890586813957,575.3325744726068,572.9001905773148,1899.2858753842959,582.8957762964701,572.9001905773148
nrc_groeneveld_24579pt__12676,311.0,82.10401390811494,220.6068457748378,184.5130982569152,982.6402434194569,64.54647944885762,184.5130982569152
nrc_groeneveld_24579pt__12677,279.0,81.84239759773504,228.0269905504919,206.49294451411296,966.0225075688394,64.09827851835314,206.49294451411296
nrc_groeneveld_24579pt__12678,534.0,153.93962588387683,675.3671520482283,679.9046816363301,1961.285833850668,152.59141642111942,679.9046816363301
nrc_groeneveld_24579pt__12679,479.0,150.76714272050685,639.8921296805916,612.6202348249851,1931.0214917561682,150.83953757616732,612.6202348249851
nrc_groeneveld_24579pt__12680,434.0,137.13919558243717,550.1796727914148,553.5726332402162,1767.5896823599019,141.41496045299127,553.5726332402162
nrc_groeneveld_24579pt__12681,382.0,127.07483507769236,468.1872720965074,405.9199289361018,1576.2459415826531,130.24944891543913,405.9199289361018
nrc_groeneveld_24579pt__12682,310.0,125.92258870824512,443.5412155565025,354.1544997684419,1519.6223538276586,127.39942286337944,354.1544997684419
nrc_groeneveld_24579pt__12683,765.0,162.10023042297468,505.65769640596517,452.1606875427608,1671.8596704635145,200.9618599538514,452.1606875427608
nrc_groeneveld_24579pt__12684,641.0,164.8100321915572,511.2578656784724,474.17676519406587,1717.1594754270427,205.02678423210702,474.17676519406587
nrc_groeneveld_24579pt__12685,1014.0,242.63737054052888,641.4432264168496,686.8495714566321,2025.8466590538471,351.86668297252425,686.8495714566321
nrc_groeneveld_24579pt__12686,895.0,233.85028497771577,607.2319471586327,671.6322389719201,1969.8545948766648,344.3040002216412,671.6322389719201
nrc_groeneveld_24579pt__12687,805.0,206.69311269006093,533.1107058941836,498.70277373587203,1751.3975398204939,314.27246558818337,498.70277373587203
nrc_groeneveld_24579pt__12688,676.0,200.02299338917467,491.0845849102587,443.46480800245456,1654.9725633171934,300.7812323769865,443.46480800245456
nrc_groeneveld_24579pt__12689,543.0,191.79838048766965,496.1351563779986,427.1715831054281,1540.8058752484587,284.6631076076681,427.1715831054281
nrc_groeneveld_24579pt__12690,1186.0,333.31064560840116,646.3378232158645,815.0962955191576,1838.4773248860006,622.1337827433123,815.0962955191576
nrc_groeneveld_24579pt__12691,1076.0,291.5107014807443,577.7895314125785,667.9198566689515,1609.4262021007928,562.5168857040454,667.9198566689515
nrc_groeneveld_24579pt__12692,924.0,269.5869426048716,556.4587754002162,553.4188711172018,1492.554050576849,530.9348619035767,553.4188711172018
nrc_groeneveld_24579pt__12693,726.0,247.37034761840974,551.1867586875164,511.92724565465414,1375.459674057378,498.5498393916877,511.92724565465414
nrc_groeneveld_24579pt__12694,458.0,129.92444202293143,295.6400292586006,382.2988215099082,1383.8878937623072,135.525396787854,382.2988215099082
nrc_groeneveld_24579pt__12695,398.0,131.6401677188932,295.6400292586006,387.8922997952668,1400.1500347309045,136.82534994583608,387.8922997952668
nrc_groeneveld_24579pt__12696,361.0,124.80961196809082,296.0177572791186,342.37211240553285,1303.3258556303838,129.13116081412278,342.37211240553285
nrc_groeneveld_24579pt__12697,320.0,119.43442826062015,246.1247392151497,260.3450498390094,1180.4379283935648,119.57101912538138,260.3450498390094
nrc_groeneveld_24579pt__12698,267.0,115.3765804127468,270.9575651834379,249.50048589242203,1091.4518488078895,112.85385970293444,249.50048589242203
nrc_groeneveld_24579pt__12699,961.0,213.37038404305156,483.66316916536147,518.8019700969227,1458.3305843838596,316.5243710539888,518.8019700969227
nrc_groeneveld_24579pt__12700,886.0,197.95230014895256,418.467760099494,407.69866229211107,1351.1317945593548,296.15909727577053,407.69866229211107
nrc_groeneveld_24579pt__12701,789.0,192.5438960341503,390.44009466710395,394.7230702637789,1311.2626973361587,288.8288488355087,394.7230702637789
nrc_groeneveld_24579pt__12702,688.0,191.2868459568853,380.7649468538639,392.17046582688954,1296.3018630355675,286.0727763456852,392.17046582688954
nrc_groeneveld_24579pt__12703,590.0,183.75768439325677,341.3342423435156,345.7610474415809,1204.6532750869912,269.8059871347747,345.7610474415809
nrc_groeneveld_24579pt__12704,664.0,195.55469782641254,428.74448463320283,409.6592203761283,1348.0527067049445,291.73375632459823,409.6592203761283
nrc_groeneveld_24579pt__12705,918.0,280.90515912570385,576.9555881573853,584.5388176817273,1265.6948227549256,547.4079815406631,584.5388176817273
nrc_groeneveld_24579pt__12706,233.0,61.36622592104365,160.71813461920848,154.65446674165568,572.2942440186108,55.206602814477215,154.65446674165568
nrc_groeneveld_24579pt__12707,215.0,60.605310604189825,149.85844284680846,141.3179376858656,557.7972962477853,54.434023247271696,141.3179376858656
nrc_groeneveld_24579pt__12708,191.0,60.353774645693285,148.33913071284127,141.3179376858656,553.067864337326,54.186615087695664,141.3179376858656
nrc_groeneveld_24579pt__12709,172.0,59.11166806701658,173.62743286171766,184.44680526200375,530.1652083610554,53.02372985619846,184.44680526200375
nrc_groeneveld_24579pt__12710,138.0,59.90363782131235,154.20218990569742,141.38591100363217,544.6811306425027,53.753840241453844,141.38591100363217
nrc_groeneveld_24579pt__12711,380.0,114.62886027187257,269.3425836962865,261.05390603698515,1082.2807057737898,128.38226272468305,261.05390603698515
nrc_groeneveld_24579pt__12712,348.0,112.08313104798697,272.19349832111897,239.26424840203512,1026.732578859477,122.87349261295346,239.26424840203512
nrc_groeneveld_24579pt__12713,305.0,110.87765160931774,229.96963219240578,214.50388600822382,1001.1288625434856,120.3648886516629,214.50388600822382
nrc_groeneveld_24579pt__12714,275.0,106.3607949984046,253.64933857417012,223.09714447585355,909.2383065128732,111.5480104793887,223.09714447585355
nrc_groeneveld_24579pt__12715,238.0,101.77365789928058,334.2230503036743,227.34998765377722,822.4591613226056,103.55530972554901,227.34998765377722
nrc_groeneveld_24579pt__12716,735.0,163.53666833865609,541.1526138266329,501.3289081768049,1284.6532903643574,222.3499653786635,501.3289081768049
nrc_groeneveld_24579pt__12717,685.0,159.34258348249645,525.0454146002683,449.79574303378735,1232.803762058048,214.44137737454594,449.79574303378735
nrc_groeneveld_24579pt__12718,638.0,152.7292690732715,431.3007380401906,409.7438080779605,1153.0749856237808,202.31958922066485,409.7438080779605
nrc_groeneveld_24579pt__12719,576.0,150.86119943259848,426.99331217993836,395.7775680460081,1131.0173308583167,198.97763610817898,395.7775680460081
nrc_groeneveld_24579pt__12720,540.0,141.47061977288286,342.99619267571944,318.99591220929193,1023.3526996398209,182.7713743695932,318.99591220929193
nrc_groeneveld_24579pt__12721,465.0,141.52319516234408,338.40987236127904,316.9029577547279,1030.8160269146995,182.66091928292246,316.9029577547279
nrc_groeneveld_24579pt__12722,391.0,138.8058270731534,281.9749636116849,293.3057557794857,996.022439465838,178.29629007016632,293.3057557794857
nrc_groeneveld_24579pt__12723,762.0,182.89108725572996,350.41899360544505,337.1785989329016,1079.980852187274,276.0296602305028,337.1785989329016
nrc_groeneveld_24579pt__12724,673.0,182.17026160940478,340.4944083015748,339.6865174302622,1071.7611735221824,275.5175985045983,339.6865174302622
nrc_groeneveld_24579pt__12725,601.0,170.10825738697318,302.047749277097,317.9117683782806,1000.1194462756816,259.9231027961408,317.9117683782806
nrc_groeneveld_24579pt__12726,519.0,153.27986035280122,324.01047581941714,306.8107714309181,844.764132513758,225.66637334330153,306.8107714309181
nrc_groeneveld_24579pt__12727,416.0,160.06622814688492,314.94309288983027,301.4728165059853,910.3198324932746,238.54186028609962,301.4728165059853
nrc_groeneveld_24579pt__12728,765.0,266.84610211776567,490.82867361462627,497.31119860178643,1090.6561311879393,500.4977889817785,497.31119860178643
nrc_groeneveld_24579pt__12729,690.0,234.6973228979401,412.6769402176113,397.5599817390821,940.3303251731552,444.3429750116547,397.5599817390821
nrc_groeneveld_24579pt__12730,533.0,223.08890410629837,416.3484095404362,376.654499079763,886.607906620778,423.86232432229923,376.654499079763
nrc_groeneveld_24579pt__12731,547.0,74.97384982941186,209.31569129937168,218.15743207509516,668.3337359621113,55.77072735960358,218.15743207509516
nrc_groeneveld_24579pt__12732,522.0,74.75488008769479,208.55344107224423,219.77284882460742,663.7382556747925,55.507271821167514,219.77284882460742
nrc_groeneveld_24579pt__12733,496.0,74.21024957656398,208.76436992270627,222.20132002409792,652.4130388217451,54.86370136510689,222.20132002409792
nrc_groeneveld_24579pt__12734,457.0,71.02478865244112,218.3871648424643,230.24555912043678,589.19307283916,51.43753382037093,230.24555912043678
nrc_groeneveld_24579pt__12735,427.0,70.97287274418646,225.165480401941,230.24555912043678,588.2052502113391,51.38652524146344,230.24555912043678
nrc_groeneveld_24579pt__12736,405.0,70.95435496872014,313.2022835407194,271.2745676216984,565.1139217175312,50.2196971296406,271.2745676216984
nrc_groeneveld_24579pt__12737,377.0,70.99261573498826,323.475627011356,271.2745676216984,559.5215065869514,49.94493557143233,271.2745676216984
nrc_groeneveld_24579pt__12738,357.0,71.21621509049129,320.60707615417,248.26384964021548,528.2827367358886,48.47294374870876,248.26384964021548
nrc_groeneveld_24579pt__12739,333.0,71.44693774241782,322.6892218184142,278.358332969169,498.4868155435559,47.18332268666434,278.358332969169
nrc_groeneveld_24579pt__12740,690.0,143.5338787441888,447.6477470398501,420.4668880199971,1449.9234452151727,130.73979841973906,420.4668880199971
nrc_groeneveld_24579pt__12741,597.0,121.88518642469838,452.4932816672381,415.9805412178008,1234.978997439501,111.9794834407207,415.9805412178008
nrc_groeneveld_24579pt__12742,559.0,118.36047385979684,449.5109963466236,426.6696838629723,1196.608716616217,108.40415932553239,426.6696838629723
nrc_groeneveld_24579pt__12743,526.0,114.31679600922982,449.5109963466236,437.0370124770056,1136.13659063673,103.43292511994842,437.0370124770056
nrc_groeneveld_24579pt__12744,494.0,112.2460072074268,449.5109963466236,409.9894001578932,1084.6981027426425,99.2708343095425,409.9894001578932
nrc_groeneveld_24579pt__12745,460.0,110.05166750321939,449.5109963466236,396.145573127765,1031.8112832561983,95.06049893704711,396.145573127765
nrc_groeneveld_24579pt__12746,419.0,108.93080361103553,449.5109963466236,398.77432230204187,1005.4598639065075,92.99077044553098,398.77432230204187
nrc_groeneveld_24579pt__12747,382.0,106.72320717642168,449.4256299583454,396.25233165368496,954.9057901627738,89.07692323036991,396.25233165368496
nrc_groeneveld_24579pt__12748,671.0,144.5312999375462,408.6527704046762,463.530561647405,1314.0922949983,140.6252481508636,463.530561647405
nrc_groeneveld_24579pt__12749,625.0,140.9082094118766,408.6527704046762,472.81514770378027,1259.2393415001811,135.28451515245334,472.81514770378027
nrc_groeneveld_24579pt__12750,573.0,137.430976486271,425.44045104930865,486.996832995424,1217.0700210492193,130.39057809188003,486.996832995424
nrc_groeneveld_24579pt__12751,519.0,135.22853194920762,425.44045104930865,476.7015624480252,1184.5674986539857,127.29101638880465,476.7015624480252
nrc_groeneveld_24579pt__12752,468.0,131.1458110855653,421.06832265068016,444.9859122391173,1128.3725946626691,121.72351879085603,444.9859122391173
nrc_groeneveld_24579pt__12753,741.0,182.9114282560134,480.4868277170626,559.6077500474033,1389.7882506615565,195.03323600002125,559.6077500474033
nrc_groeneveld_24579pt__12754,685.0,170.1285165641127,491.6872107244974,566.7904207390319,1278.639983417506,180.85848774453092,566.7904207390319
nrc_groeneveld_24579pt__12755,617.0,163.98569542455527,510.0376229759198,548.9605418498951,1206.4552652871776,171.75105264574802,548.9605418498951
nrc_groeneveld_24579pt__12756,561.0,152.97495702367831,473.97952232324224,469.37595794315627,1081.8785114953976,156.04489248519891,469.37595794315627
nrc_groeneveld_24579pt__12757,477.0,148.55326482769212,475.84378170124734,443.3399923918575,1030.6340059679826,149.26310733550142,443.3399923918575
nrc_groeneveld_24579pt__12758,748.0,186.8623830497676,463.29477351971354,492.6126860825774,1301.3577792417295,201.58894553096653,492.6126860825774
nrc_groeneveld_24579pt__12759,683.0,172.18226408626188,475.4573921546458,501.5314040185235,1188.4119066985022,185.19951376905567,501.5314040185235
nrc_groeneveld_24579pt__12760,619.0,162.0000559480203,432.8344594137301,440.8578713680106,1076.5381046148696,170.19642404026052,440.8578713680106
nrc_groeneveld_24579pt__12761,759.0,172.03263381675404,376.7238519181893,360.3761360232052,896.3131303255889,193.5936273179075,360.3761360232052
nrc_groeneveld_24579pt__12762,762.0,225.82268171009687,415.8736865875706,439.30640790280086,954.0629576954833,276.4752174489672,439.30640790280086
nrc_groeneveld_24579pt__12763,2683.0,166.25213788804373,1631.9435987853499,1895.4815145657785,30000.0,659.7197554922354,1895.4815145657785
nrc_groeneveld_24579pt__12764,2567.0,141.09493633395346,1632.2663742075142,1895.4815145657785,30000.0,658.7423831198503,1895.4815145657785
nrc_groeneveld_24579pt__12765,2459.0,124.69523848646722,1632.277721499729,1816.0060451452855,30000.0,657.7885546606415,1816.0060451452855
nrc_groeneveld_24579pt__12766,2344.0,118.12025174038962,1636.5879152861507,1830.9204183772988,30000.0,656.9607049163405,1830.9204183772988
nrc_groeneveld_24579pt__12767,2216.0,116.24583919890739,1637.1163011754236,1816.023477586482,30000.0,656.4576621958648,1816.023477586482
nrc_groeneveld_24579pt__12768,2050.0,114.47699059261487,1646.441601136737,1814.766658318037,30000.0,656.3153023732358,1814.766658318037
nrc_groeneveld_24579pt__12769,1903.0,111.6265825307552,1647.2366846122095,1796.6779909578452,30000.0,656.1092225133435,1796.6779909578452
nrc_groeneveld_24579pt__12770,1763.0,106.02062663234736,1621.8493310289425,1733.4470198040995,30000.0,655.7966431725882,1733.4470198040995
nrc_groeneveld_24579pt__12771,1654.0,95.55341453762135,1361.7098659399508,1421.5665869446725,30000.0,655.6036719984287,1421.5665869446725
nrc_groeneveld_24579pt__12772,1494.0,90.90574949490151,1343.309937992454,1407.0401321278948,30000.0,655.6203114780145,1407.0401321278948
nrc_groeneveld_24579pt__12773,1335.0,82.58048494154615,1261.6708523151372,1308.059898414596,30000.0,655.7609655023068,1308.059898414596
nrc_groeneveld_24579pt__12774,1207.0,72.22630117948152,1089.427903479631,1065.798723788076,30000.0,656.124650901991,1065.798723788076
nrc_groeneveld_24579pt__12775,1035.0,63.15186207479671,915.0898702803185,874.0062913008803,30000.0,656.697801132649,874.0062913008803
nrc_groeneveld_24579pt__12776,657.0,42.57541874762258,653.6843737564917,543.4069991687877,30000.0,660.1443388568271,543.4069991687877
nrc_groeneveld_24579pt__12777,4753.0,524.946677929695,3349.8152085981988,3205.974642768249,30000.0,1557.9609925377772,3205.974642768249
nrc_groeneveld_24579pt__12778,4504.0,463.0327197356983,3349.8152085981988,3205.974642768249,30000.0,1557.4084100566902,3205.974642768249
nrc_groeneveld_24579pt__12779,4184.0,421.44202168923886,3349.8152085981988,3205.974642768249,30000.0,1557.060906848418,3205.974642768249
nrc_groeneveld_24579pt__12780,3910.0,376.9551167209317,3349.1392991239236,3205.974642768249,30000.0,1556.7488735705501,3205.974642768249
nrc_groeneveld_24579pt__12781,3679.0,333.6169970607893,3349.1392991239236,3205.974642768249,30000.0,1556.5433365739339,3205.974642768249
nrc_groeneveld_24579pt__12782,3437.0,283.79144881153246,3348.8020162303005,3060.631806900664,30000.0,1556.5539256066654,3060.631806900664
nrc_groeneveld_24579pt__12783,3200.0,237.9300694943679,3134.4266893775257,2994.342544758809,30000.0,1556.8202900444192,2994.342544758809
nrc_groeneveld_24579pt__12784,2926.0,203.4316868851371,2823.0637287189593,2847.484978420474,30000.0,1557.2271709900738,2847.484978420474
nrc_groeneveld_24579pt__12785,2587.0,168.9465186794921,2446.504346906929,2424.3916502149928,30000.0,1557.8476026041442,2424.3916502149928
nrc_groeneveld_24579pt__12786,2274.0,136.28563129701024,2148.6027474596754,2219.6873516040587,30000.0,1558.6054400585258,2219.6873516040587
nrc_groeneveld_24579pt__12787,1993.0,98.91764190321307,1388.9882689244698,1385.605745479878,30000.0,1560.0473563408586,1385.605745479878
nrc_groeneveld_24579pt__12788,4708.0,643.5685013746214,4613.343059652644,4515.309094410434,30000.0,2458.5117365027286,4515.309094410434
nrc_groeneveld_24579pt__12789,4325.0,537.7090552784454,4588.693425619574,4153.184629063871,30000.0,2451.1816217559926,4153.184629063871
nrc_groeneveld_24579pt__12790,3891.0,465.4824531481025,4588.031162051981,4125.399147847503,30000.0,2454.919444552449,4125.399147847503
nrc_groeneveld_24579pt__12791,3500.0,389.68789300363227,4065.0603797863146,3974.659234539161,30000.0,2459.3935538911624,3974.659234539161
nrc_groeneveld_24579pt__12792,3187.0,311.615898578776,3197.2077041964117,3469.373014990493,30000.0,2482.278047990354,3469.373014990493
nrc_groeneveld_24579pt__12793,2695.0,242.6368930333614,2309.303685567524,2597.1820231454203,30000.0,2486.703913549481,2597.1820231454203
nrc_groeneveld_24579pt__12794,1716.0,63.57348434714914,1227.2484049757782,1274.4575341375578,30000.0,649.0801628276652,1274.4575341375578
nrc_groeneveld_24579pt__12795,1620.0,64.62755030485278,1200.6674602693156,1296.1916980521237,30000.0,649.2355178931224,1296.1916980521237
nrc_groeneveld_24579pt__12796,1556.0,61.990542907428065,1219.985406309047,1212.9698515540567,30000.0,648.8710291610873,1212.9698515540567
nrc_groeneveld_24579pt__12797,1479.0,61.046373912168264,1217.7519348901233,1167.9922752878701,30000.0,648.7610815270231,1167.9922752878701
nrc_groeneveld_24579pt__12798,1406.0,59.46113370893375,1220.6745592181683,1161.2069880976792,30000.0,648.6033659148314,1161.2069880976792
nrc_groeneveld_24579pt__12799,1322.0,58.555489779426175,1204.458855796831,1128.8097840945607,30000.0,648.5294073695986,1128.8097840945607
nrc_groeneveld_24579pt__12800,1258.0,55.641984013599696,1100.8458755072543,1099.083469633923,30000.0,648.3790385226436,1099.083469633923
nrc_groeneveld_24579pt__12801,1185.0,54.23401170081799,1018.4588899602319,1087.2176991380486,30000.0,648.3607625463618,1087.2176991380486
nrc_groeneveld_24579pt__12802,1110.0,52.25423302390531,953.3063349111977,961.2265570017996,30000.0,648.3896354108113,961.2265570017996
nrc_groeneveld_24579pt__12803,1033.0,49.005300323194305,831.1124364498679,849.9708774977065,30000.0,648.4726351121458,849.9708774977065
nrc_groeneveld_24579pt__12804,964.0,44.24734530698277,775.0947492196627,677.553869351339,30000.0,648.7054096555531,677.553869351339
nrc_groeneveld_24579pt__12805,893.0,39.60356344518669,723.7855100914115,628.8645559499215,30000.0,649.1051270261297,628.8645559499215
nrc_groeneveld_24579pt__12806,816.0,36.88515872992765,679.5985086236765,612.3349060969978,30000.0,649.5382915863486,612.3349060969978
nrc_groeneveld_24579pt__12807,726.0,34.57884393120468,599.3035162723045,565.6228194196583,30000.0,649.9933044163122,565.6228194196583
nrc_groeneveld_24579pt__12808,624.0,32.99927181698752,513.48639953071,482.61041737294715,30000.0,650.3532486757053,482.61041737294715
nrc_groeneveld_24579pt__12809,524.0,29.388709195263985,431.706469662967,367.75729800102886,30000.0,651.394091719851,367.75729800102886
nrc_groeneveld_24579pt__12810,354.0,27.989266939324285,370.6193989696808,332.39264390235456,30000.0,651.8945095554133,332.39264390235456
nrc_groeneveld_24579pt__12811,3291.0,208.63820437734822,1657.9653463872626,2219.1734530205035,30000.0,1597.5168663367767,2219.1734530205035
nrc_groeneveld_24579pt__12812,3180.0,180.08204486744987,1657.9653463872626,2214.106141433703,30000.0,1597.1122359432177,2214.106141433703
nrc_groeneveld_24579pt__12813,2988.0,174.90364131112844,1741.790136972218,2209.4068264720772,30000.0,1597.0449613271544,2209.4068264720772
nrc_groeneveld_24579pt__12814,2802.0,164.98927963265953,1760.0333893304612,2152.127369630973,30000.0,1596.9276533651707,2152.127369630973
nrc_groeneveld_24579pt__12815,2678.0,145.65104206077302,1860.5753419141765,2050.9601669184985,30000.0,1596.7541143777073,2050.9601669184985
nrc_groeneveld_24579pt__12816,2508.0,135.2255355328141,1862.7294677233426,1975.867212332901,30000.0,1596.7006838404286,1975.867212332901
nrc_groeneveld_24579pt__12817,2341.0,124.22127516912175,1828.6172076883065,1836.287815508665,30000.0,1596.6853388875995,1836.287815508665
nrc_groeneveld_24579pt__12818,2155.0,117.17982857055465,1676.2188559189062,1774.1987039818728,30000.0,1596.7030988341646,1774.1987039818728
nrc_groeneveld_24579pt__12819,2017.0,102.6253963569506,1380.3114320698041,1498.8355130481887,30000.0,1596.8293245915586,1498.8355130481887
nrc_groeneveld_24579pt__12820,1860.0,86.68003023147848,1012.9815738486453,1162.4288039914504,30000.0,1597.0934349870035,1162.4288039914504
nrc_groeneveld_24579pt__12821,1685.0,75.07219919294587,856.5869345905371,944.5852112559897,30000.0,1597.406305861299,944.5852112559897
nrc_groeneveld_24579pt__12822,1517.0,63.30273793060898,718.5060035019642,776.2522756031133,30000.0,1597.8918535266482,776.2522756031133
nrc_groeneveld_24579pt__12823,1309.0,54.55192452648917,642.057311213995,667.2794413487997,30000.0,1598.5014298534757,667.2794413487997
nrc_groeneveld_24579pt__12824,1143.0,44.69700145727582,581.0917787029604,427.249801430696,30000.0,1599.77462757801,427.249801430696
nrc_groeneveld_24579pt__12825,3628.0,404.8529624866671,2032.6796580643313,2491.0704862458615,30000.0,2463.5825640854177,2491.0704862458615
nrc_groeneveld_24579pt__12826,3407.0,369.7309107834681,2025.8827665913718,2471.0686068961327,30000.0,2465.1423908432935,2471.0686068961327
nrc_groeneveld_24579pt__12827,3198.0,335.0395416651576,2020.133405003773,2382.4140164348746,30000.0,2466.757433712671,2382.4140164348746
nrc_groeneveld_24579pt__12828,2956.0,304.39142638492666,1959.3705063158636,2357.034723992275,30000.0,2468.2433796082682,2357.034723992275
nrc_groeneveld_24579pt__12829,2738.0,266.4643610719514,2125.8805220580302,2246.0924220838547,30000.0,2457.350159446073,2246.0924220838547
nrc_groeneveld_24579pt__12830,2476.0,239.5914428692134,1978.974703678199,2035.0284235622448,30000.0,2458.717481611134,2035.0284235622448
nrc_groeneveld_24579pt__12831,2299.0,203.55736862886195,1450.7771363555887,1569.3365774898082,30000.0,2509.790835646563,1569.3365774898082
nrc_groeneveld_24579pt__12832,2021.0,177.3321418271523,1145.3899649419654,1344.6379413407296,30000.0,2510.9182645571063,1344.6379413407296
nrc_groeneveld_24579pt__12833,1813.0,134.58254054149077,969.169469617822,1028.608753822091,30000.0,2512.6795472183726,1028.608753822091
nrc_groeneveld_24579pt__12834,1181.0,40.355039855070764,583.4758424288182,605.8011989460275,30000.0,645.0127091896603,605.8011989460275
nrc_groeneveld_24579pt__12835,1147.0,38.126356697237604,583.709311506749,636.5955620303182,30000.0,644.4567966045931,636.5955620303182
nrc_groeneveld_24579pt__12836,1066.0,39.992986484400504,583.3373813310261,610.1717814505322,30000.0,644.909976958786,610.1717814505322
nrc_groeneveld_24579pt__12837,1033.0,37.607885529166204,583.218632993958,633.0948776842824,30000.0,644.3549653100316,633.0948776842824
nrc_groeneveld_24579pt__12838,990.0,35.89149305348339,584.5406372382944,632.6992842379185,30000.0,644.1145933961421,632.6992842379185
nrc_groeneveld_24579pt__12839,949.0,34.607657675312744,583.40975018358,623.1670431069057,30000.0,644.0463139434034,623.1670431069057
nrc_groeneveld_24579pt__12840,880.0,35.01523031291428,584.6866817863473,617.5117948610874,30000.0,644.0621311787755,617.5117948610874
nrc_groeneveld_24579pt__12841,845.0,33.41373077108715,567.4918509064029,599.512892474591,30000.0,644.0437632547931,599.512892474591
nrc_groeneveld_24579pt__12842,792.0,32.6132168019586,560.8404093991874,560.7267461858755,30000.0,644.1085043352534,560.7267461858755
nrc_groeneveld_24579pt__12843,743.0,31.694339901513196,546.5124819844501,534.1583354372395,30000.0,644.2574490289504,534.1583354372395
nrc_groeneveld_24579pt__12844,698.0,29.668087571627787,452.95016616541443,443.5084846863385,30000.0,644.6049940846528,443.5084846863385
nrc_groeneveld_24579pt__12845,632.0,29.409559582145178,445.61668658848043,429.8298602479504,30000.0,644.6512975348721,429.8298602479504
nrc_groeneveld_24579pt__12846,566.0,29.153284407953738,444.09561954221493,427.71281351043655,30000.0,644.6993892077182,427.71281351043655
nrc_groeneveld_24579pt__12847,497.0,28.002882944950603,443.30458444702725,378.0277442596247,30000.0,644.9435852256677,378.0277442596247
nrc_groeneveld_24579pt__12848,426.0,27.516974552734602,362.2820251106317,342.51856419361866,30000.0,645.061491829381,342.51856419361866
nrc_groeneveld_24579pt__12849,388.0,22.172751377087845,279.09905800203944,250.5995564256626,30000.0,646.9600907508278,250.5995564256626
nrc_groeneveld_24579pt__12850,324.0,23.151564408045616,278.6298044458749,268.429753268388,30000.0,646.5124746510537,268.429753268388
nrc_groeneveld_24579pt__12851,2453.0,159.79613912778126,1181.2784047991286,1240.1928226085147,30000.0,1536.0704874430014,1240.1928226085147
nrc_groeneveld_24579pt__12852,2349.0,151.94345601015698,1180.826918796037,1168.8551085085544,30000.0,1535.5831969234728,1168.8551085085544
nrc_groeneveld_24579pt__12853,2256.0,134.4457809610456,1179.0405857217734,1143.3708562059458,30000.0,1534.5698506079789,1143.3708562059458
nrc_groeneveld_24579pt__12854,2174.0,118.37311813354849,1177.6525054255555,1115.0893098686433,30000.0,1533.6493288108572,1115.0893098686433
nrc_groeneveld_24579pt__12855,2061.0,111.66317260361926,1180.6172612788127,1162.5838947654938,30000.0,1533.2674773649371,1162.5838947654938
nrc_groeneveld_24579pt__12856,1968.0,102.30462688786615,1195.5857693712558,1135.7090311513127,30000.0,1532.7433848958965,1135.7090311513127
nrc_groeneveld_24579pt__12857,1852.0,93.48213627284274,1195.6236042018156,1099.9893262765422,30000.0,1532.2661062513691,1099.9893262765422
nrc_groeneveld_24579pt__12858,1737.0,91.27692197756409,1196.9225907132363,1113.033974326543,30000.0,1532.1506475603337,1113.033974326543
nrc_groeneveld_24579pt__12859,1630.0,83.62695800822097,1129.019167381681,1097.144019290893,30000.0,1531.767070492508,1097.144019290893
nrc_groeneveld_24579pt__12860,1530.0,76.82163965085554,928.1795885848237,1009.7629799283187,30000.0,1531.4559574790028,1009.7629799283187
nrc_groeneveld_24579pt__12861,1390.0,72.2750644039472,832.870531552856,953.904847735093,30000.0,1531.2701620397982,953.904847735093
nrc_groeneveld_24579pt__12862,1211.0,77.64105235116268,999.8639323602873,1030.3969010497035,30000.0,1531.4915201596723,1030.3969010497035
nrc_groeneveld_24579pt__12863,1303.0,60.027640389949944,682.3552427698786,690.4143410404249,30000.0,1530.9049805962968,690.4143410404249
nrc_groeneveld_24579pt__12864,1173.0,51.5239006816008,435.2509789383604,525.2115489720572,30000.0,1530.835183294364,525.2115489720572
nrc_groeneveld_24579pt__12865,1071.0,48.55738116295687,424.4675235697329,489.40844740579035,30000.0,1530.8657771504077,489.40844740579035
nrc_groeneveld_24579pt__12866,880.0,49.84100449217151,429.26241442562866,490.9926799981425,30000.0,1530.8472448515777,490.9926799981425
nrc_groeneveld_24579pt__12867,3489.0,342.6666071001252,1632.555083141067,1598.3231462902547,30000.0,2443.7914409809036,1598.3231462902547
nrc_groeneveld_24579pt__12868,3326.0,327.0415870755543,1632.5392645497516,1610.3316641433973,30000.0,2444.157309164419,1610.3316641433973
nrc_groeneveld_24579pt__12869,3221.0,278.4762849776509,1631.995197141197,1549.369652613708,30000.0,2445.2600346899776,1549.369652613708
nrc_groeneveld_24579pt__12870,3000.0,278.4762849776509,1631.995197141197,1549.369652613708,30000.0,2445.2600346899776,1549.369652613708
nrc_groeneveld_24579pt__12871,2884.0,245.25170273572434,1628.8854976938308,1647.904058970367,30000.0,2445.949506099645,1647.904058970367
nrc_groeneveld_24579pt__12872,2709.0,236.50885573486684,1630.1367133080098,1664.7204588578943,30000.0,2446.115803684636,1664.7204588578943
nrc_groeneveld_24579pt__12873,2581.0,203.4870708316965,1572.639856581698,1572.6631207834082,30000.0,2446.6558159245983,1572.6631207834082
nrc_groeneveld_24579pt__12874,2419.0,186.8002049915658,1482.158863425528,1526.0188093049069,30000.0,2446.8546650961453,1526.0188093049069
nrc_groeneveld_24579pt__12875,2291.0,163.2386631262029,1193.865402513019,1335.595041746371,30000.0,2447.007805163916,1335.595041746371
nrc_groeneveld_24579pt__12876,2151.0,138.97374143914925,983.9075701259519,1051.9070628252161,30000.0,2446.9469390735517,1051.9070628252161
nrc_groeneveld_24579pt__12877,2015.0,122.66158322721327,849.8333236117752,936.0319055469757,30000.0,2477.4220583125525,936.0319055469757
nrc_groeneveld_24579pt__12878,1795.0,114.49549487689238,823.5603059017399,845.9010317141881,30000.0,2446.6446203609858,845.9010317141881
nrc_groeneveld_24579pt__12879,910.0,33.01531836520843,600.2506080516442,552.8431537603369,30000.0,644.7688403098649,552.8431537603369
nrc_groeneveld_24579pt__12880,882.0,30.722106940562895,599.0516891980411,594.1979434663704,30000.0,643.8636819116366,594.1979434663704
nrc_groeneveld_24579pt__12881,859.0,29.497740819197094,577.2718607681002,578.3916210451251,30000.0,643.3755524616506,578.3916210451251
nrc_groeneveld_24579pt__12882,817.0,29.004531257463146,575.6851869675857,587.389999427311,30000.0,643.2384880923809,587.389999427311
nrc_groeneveld_24579pt__12883,790.0,27.2309228492663,495.29946166132413,527.7014757301993,30000.0,642.9832717404828,527.7014757301993
nrc_groeneveld_24579pt__12884,759.0,26.081744760505252,487.89844547505453,477.1255400454012,30000.0,642.9654899373883,477.1255400454012
nrc_groeneveld_24579pt__12885,717.0,25.700554440817555,471.82543336476897,460.0906050648044,30000.0,642.9887084041596,460.0906050648044
nrc_groeneveld_24579pt__12886,673.0,25.700554440817555,471.82543336476897,460.0906050648044,30000.0,642.9887084041596,460.0906050648044
nrc_groeneveld_24579pt__12887,624.0,25.700554440817555,471.82543336476897,460.0906050648044,30000.0,642.9887084041596,460.0906050648044
nrc_groeneveld_24579pt__12888,584.0,24.981063385829053,390.9321323533868,375.80129527747107,30000.0,643.0756705770501,375.80129527747107
nrc_groeneveld_24579pt__12889,540.0,24.395557271173015,288.7994792104669,308.63966665043773,30000.0,643.1935720481607,308.63966665043773
nrc_groeneveld_24579pt__12890,497.0,24.05607537442723,274.96685780779904,260.088391028552,30000.0,643.2850573610473,260.088391028552
nrc_groeneveld_24579pt__12891,444.0,24.05607537442723,274.96685780779904,260.088391028552,30000.0,643.2850573610473,260.088391028552
nrc_groeneveld_24579pt__12892,400.0,23.263345637190525,221.0747248136901,247.51149174342802,30000.0,643.5788869188675,247.51149174342802
nrc_groeneveld_24579pt__12893,351.0,22.72568385781318,335.16028498030096,258.0693610560881,30000.0,643.8688406936193,258.0693610560881
nrc_groeneveld_24579pt__12894,294.0,21.51133984925721,301.2943417318523,243.0432135715137,30000.0,644.4434348650292,243.0432135715137
nrc_groeneveld_24579pt__12895,257.0,21.32388983486447,279.2584351467821,242.82392440345023,30000.0,644.519172321041,242.82392440345023
nrc_groeneveld_24579pt__12896,1961.0,102.14603436338776,940.43380444794,906.0806690100942,30000.0,1511.5373239626601,906.0806690100942
nrc_groeneveld_24579pt__12897,1885.0,94.58334396298704,961.100789217375,880.7244909328812,30000.0,1510.6699070945394,880.7244909328812
nrc_groeneveld_24579pt__12898,1786.0,93.58512470997846,960.8069708681372,880.7244909328812,30000.0,1510.554172327667,880.7244909328812
nrc_groeneveld_24579pt__12899,1721.0,82.83552964171564,962.8332066001602,895.2106548520992,30000.0,1509.29390704307,895.2106548520992
nrc_groeneveld_24579pt__12900,1651.0,73.71067765192295,961.4858749936941,908.960752348624,30000.0,1508.2153357733273,908.960752348624
nrc_groeneveld_24579pt__12901,1582.0,65.93986819860062,873.2966080208397,876.8745347694263,30000.0,1507.3080499847792,876.8745347694263
nrc_groeneveld_24579pt__12902,1495.0,62.69903123835943,811.5805295948784,848.0759088976937,30000.0,1506.9384493652178,848.0759088976937
nrc_groeneveld_24579pt__12903,1403.0,61.057810746862906,772.5160843305864,820.3881268252159,30000.0,1506.7544046529754,820.3881268252159
nrc_groeneveld_24579pt__12904,1320.0,55.644548234861126,641.8351939151436,748.3793951519725,30000.0,1506.168421081672,748.3793951519725
nrc_groeneveld_24579pt__12905,1216.0,53.90128244107822,615.9684096745349,689.1905498049141,30000.0,1505.9887294839436,689.1905498049141
nrc_groeneveld_24579pt__12906,1140.0,49.467182187238215,516.5163662324074,541.5441439279522,30000.0,1505.493039618146,541.5441439279522
nrc_groeneveld_24579pt__12907,1062.0,46.144247980943874,376.76694058302576,414.42531154413007,30000.0,1515.36244103117,414.42531154413007
nrc_groeneveld_24579pt__12908,961.0,45.29421394019818,347.0516575254966,379.14011344087726,30000.0,1515.2422046607248,379.14011344087726
nrc_groeneveld_24579pt__12909,837.0,44.84728358284861,326.3452154786922,370.8321933399573,30000.0,1515.1855743985484,370.8321933399573
nrc_groeneveld_24579pt__12910,745.0,41.94369617478254,334.2893562143275,340.32925955066196,30000.0,1514.9419772281249,340.32925955066196
nrc_groeneveld_24579pt__12911,643.0,36.935414786336985,316.8488583925932,312.4849158608884,30000.0,1514.9944398186256,312.4849158608884
nrc_groeneveld_24579pt__12912,432.0,37.35076400236849,319.3949863946483,312.4849158608884,30000.0,1514.9733533538747,312.4849158608884
nrc_groeneveld_24579pt__12913,2826.0,259.4537291271824,1217.5985333047138,1162.0855609265595,30000.0,2376.918319807103,1162.0855609265595
nrc_groeneveld_24579pt__12914,2687.0,264.0204621925255,1225.8939171863472,1209.975205060882,30000.0,2394.5209510456043,1209.975205060882
nrc_groeneveld_24579pt__12915,2591.0,248.02698799636948,1238.9611400163913,1196.3794755536992,30000.0,2423.8778545740006,1196.3794755536992
nrc_groeneveld_24579pt__12916,2451.0,236.8991278506137,1230.392033551756,1221.1760430097845,30000.0,2406.1175780765107,1221.1760430097845
nrc_groeneveld_24579pt__12917,2351.0,207.01849298207978,1268.5847540010961,1280.632010993302,30000.0,2405.5870367127704,1280.632010993302
nrc_groeneveld_24579pt__12918,2242.0,191.52602921570556,1273.912789794588,1256.0155804123435,30000.0,2405.2093246684462,1256.0155804123435
nrc_groeneveld_24579pt__12919,2107.0,181.84732330305235,1273.5465169065878,1252.0898677055939,30000.0,2404.928999796573,1252.0898677055939
nrc_groeneveld_24579pt__12920,1973.0,169.99249702325665,1261.1225909837399,1205.714195480044,30000.0,2404.5312175074264,1205.714195480044
nrc_groeneveld_24579pt__12921,1864.0,152.45296674322236,1196.3005085320074,1198.8436435652657,30000.0,2403.8115684521904,1198.8436435652657
nrc_groeneveld_24579pt__12922,1758.0,137.07809226254423,1083.8685883103599,1128.422303552242,30000.0,2403.021839125768,1128.422303552242
nrc_groeneveld_24579pt__12923,1657.0,124.66570001636292,860.3104341162866,997.8084303735864,30000.0,2437.5939040822104,997.8084303735864
nrc_groeneveld_24579pt__12924,1536.0,113.26176624006027,736.923788240713,843.6386732863392,28988.942074729206,2436.7340699492215,843.6386732863392
nrc_groeneveld_24579pt__12925,1423.0,95.44746235969791,602.8426217985664,636.2591779411428,25599.015900434955,2435.052821035076,636.2591779411428
nrc_groeneveld_24579pt__12926,1203.0,102.36879485335764,619.2605722847233,685.1257657419521,26933.783262717727,2435.76170443024,685.1257657419521
nrc_groeneveld_24579pt__12927,1087.0,88.45042770307985,494.0053509906612,583.349930203243,24286.244350872967,2434.290204564271,583.349930203243
nrc_groeneveld_24579pt__12928,885.0,75.06113289629583,508.4341176903885,553.0696213181227,22152.294327267464,2432.8980304867455,553.0696213181227
nrc_groeneveld_24579pt__12929,650.0,62.73265169176606,483.79038013043316,513.2658772120864,19810.35025691439,2425.374983034863,513.2658772120864
nrc_groeneveld_24579pt__12930,526.0,26.416075100014957,275.71363845075007,392.9699491994872,30000.0,640.7534983687718,392.9699491994872
nrc_groeneveld_24579pt__12931,493.0,25.914893478336744,271.4435982226449,383.3573465343225,30000.0,640.6607925598862,383.3573465343225
nrc_groeneveld_24579pt__12932,464.0,24.88785024287246,239.0598434419331,330.662263047069,30000.0,640.5488311423153,330.662263047069
nrc_groeneveld_24579pt__12933,429.0,24.105859107319432,223.21317939039747,241.96457348300555,30000.0,640.5411601396711,241.96457348300555
nrc_groeneveld_24579pt__12934,403.0,23.473002125983477,228.73360095027007,212.35210864600006,30000.0,640.5893739270203,212.35210864600006
nrc_groeneveld_24579pt__12935,347.0,24.26026654363322,224.44350238272307,257.65671573326784,30000.0,640.536980279893,257.65671573326784
nrc_groeneveld_24579pt__12936,305.0,23.926958739040437,233.80234200066408,234.0768747207204,30000.0,640.5496516607313,234.0768747207204
nrc_groeneveld_24579pt__12937,266.0,23.125887662445738,235.45806388551824,229.23475339136644,29350.723064023736,640.6380830598468,229.23475339136644
nrc_groeneveld_24579pt__12938,216.0,22.68712945035206,287.1267884214072,233.22960594195987,28495.137866033412,640.7236101303725,233.22960594195987
nrc_groeneveld_24579pt__12939,195.0,20.924517998230566,216.08930679946974,225.4167675810521,25160.13073964418,641.36787858456,225.4167675810521
nrc_groeneveld_24579pt__12940,1197.0,69.52450772676997,654.7105426600504,701.8915552587567,30000.0,1525.8577842091297,701.8915552587567
nrc_groeneveld_24579pt__12941,1117.0,67.23193935976967,644.4285025619073,682.7785385578871,30000.0,1525.4385164454677,682.7785385578871
nrc_groeneveld_24579pt__12942,1054.0,61.48182017925835,585.2807611496535,637.7978607410672,30000.0,1524.3170214022468,637.7978607410672
nrc_groeneveld_24579pt__12943,985.0,57.84430214771444,533.5728789968995,586.5839663744034,30000.0,1523.5149473543904,586.5839663744034
nrc_groeneveld_24579pt__12944,926.0,52.07087119528687,398.42784277358567,429.7244120133733,28914.597489041313,1522.298518678799,429.7244120133733
nrc_groeneveld_24579pt__12945,873.0,46.285953293297005,296.73599895051444,310.7499038944361,25994.104354886615,1521.1987930897517,310.7499038944361
nrc_groeneveld_24579pt__12946,789.0,43.73103056566874,277.45539318275706,296.554907877754,24692.477518414435,1520.7720269621761,296.554907877754
nrc_groeneveld_24579pt__12947,694.0,43.00145922543006,277.3816737323764,285.05382502176167,24319.419281052218,1520.6588411099976,285.05382502176167
nrc_groeneveld_24579pt__12948,1942.0,172.60745259803747,957.7720367900199,1039.8633079488345,30000.0,2418.875757245643,1039.8633079488345
nrc_groeneveld_24579pt__12949,1849.0,159.27666753414096,960.6757392307695,997.6272909336349,30000.0,2417.885497252757,997.6272909336349
nrc_groeneveld_24579pt__12950,1767.0,141.36897497716942,933.1723979215252,997.8046555838112,27333.406882672363,2416.34141153079,997.8046555838112
nrc_groeneveld_24579pt__12951,1686.0,127.44192568184037,855.8661817158675,948.001133561478,25169.15321763593,2414.9344939215034,948.001133561478
nrc_groeneveld_24579pt__12952,1593.0,113.76766041965037,764.3097447088079,859.9551160508922,23039.01970027823,2413.365916886212,859.9551160508922
nrc_groeneveld_24579pt__12953,1488.0,105.837866828273,723.1249358337947,789.3658120784012,21797.433402077746,2412.356414638387,789.3658120784012
nrc_groeneveld_24579pt__12954,1349.0,110.17248894706384,727.4599790476548,802.8071431750492,22478.42321628287,2412.9193345422136,802.8071431750492
nrc_groeneveld_24579pt__12955,1244.0,98.72461932247111,598.3951391168739,632.8479009035825,20667.027233517623,2411.369851806211,632.8479009035825
nrc_groeneveld_24579pt__12956,1133.0,90.86552983377572,492.963383557695,561.1091921629231,19397.820351012462,2410.1791118322885,561.1091921629231
nrc_groeneveld_24579pt__12957,1049.0,78.2091576520722,412.50564599073994,473.6665023855775,16964.525769518314,2425.307679586326,473.6665023855775
nrc_groeneveld_24579pt__12958,1003.0,70.240047756473,393.33140992787037,481.26212848073914,15632.705063253168,2406.0569965781406,481.26212848073914
nrc_groeneveld_24579pt__12959,511.0,25.022313490976696,204.81292152967998,291.07523987008796,23508.75952591178,639.9658637502243,291.07523987008796
nrc_groeneveld_24579pt__12960,479.0,25.129051532835728,205.35728697474116,305.8380052199592,23673.756038207495,639.9910914564242,305.8380052199592
nrc_groeneveld_24579pt__12961,455.0,24.03064444058851,184.1144427141204,216.20773617555452,22000.20470677184,639.7905166394146,216.20773617555452
nrc_groeneveld_24579pt__12962,429.0,23.549646697499615,159.5731351791301,183.04884092452818,21284.62547505382,639.746685718538,183.04884092452818
nrc_groeneveld_24579pt__12963,397.0,23.44961732823836,163.15169743248202,182.34150019881704,21137.12620208136,639.7411964306643,182.34150019881704
nrc_groeneveld_24579pt__12964,362.0,23.57472064020906,162.392313143553,183.04884092452818,21321.630908961222,639.7482613873937,183.04884092452818
nrc_groeneveld_24579pt__12965,334.0,23.1028486748139,237.7085904318761,185.14164186022452,20629.4169786922,639.7322406593992,185.14164186022452
nrc_groeneveld_24579pt__12966,302.0,22.882638632530576,255.8646300382489,205.00384943434386,20309.901258930007,639.734916614215,205.00384943434386
nrc_groeneveld_24579pt__12967,267.0,22.40076868971241,258.9637344149821,212.6006166281151,19618.588489083046,639.7645184349489,212.6006166281151
nrc_groeneveld_24579pt__12968,231.0,22.04603720896339,260.03157744865223,216.25557645957983,19116.593043545032,639.8081443203239,216.25557645957983
nrc_groeneveld_24579pt__12969,200.0,20.57373330173534,203.2736346722551,214.35403816438927,17331.445091127054,640.1412742588677,214.35403816438927
nrc_groeneveld_24579pt__12970,183.0,19.399884053402165,203.48636937527425,221.79169223234132,16049.6636104145,640.590621833349,221.79169223234132
nrc_groeneveld_24579pt__12971,1202.0,72.3068136377427,653.0918403328903,704.7315265907513,27001.798947507286,1525.779899705215,704.7315265907513
nrc_groeneveld_24579pt__12972,1150.0,65.45789106958453,606.0841231257527,658.7695022654946,24672.317464232045,1518.421616779228,658.7695022654946
nrc_groeneveld_24579pt__12973,1069.0,67.30324644082229,656.3481103855859,673.0948887219331,25478.10312659804,1513.9438074104603,673.0948887219331
nrc_groeneveld_24579pt__12974,1016.0,63.43238502516348,605.9655605377902,646.3048344298988,24063.650479782762,1512.8844103672914,646.3048344298988
nrc_groeneveld_24579pt__12975,952.0,58.82279901131415,545.8499549600874,627.8008198046642,22875.29888999591,1491.2327227359062,627.8008198046642
nrc_groeneveld_24579pt__12976,971.0,57.38244196954701,515.6216842198731,541.0263093330091,21909.335145675275,1511.296807675753,541.0263093330091
nrc_groeneveld_24579pt__12977,893.0,56.12554234425385,527.9933601593553,572.2589745569938,21918.586688071726,1490.5480702122618,572.2589745569938
nrc_groeneveld_24579pt__12978,1680.0,125.74992395510827,903.0840837433504,967.143448893363,21210.63873374772,2382.294003322937,967.143448893363
nrc_groeneveld_24579pt__12979,1594.0,120.80242383941238,859.8286893340047,947.812219528849,20513.4613544342,2381.5853300176814,947.812219528849
nrc_groeneveld_24579pt__12980,1535.0,103.99102822935586,756.0727175848785,864.8270957873108,18113.117571794985,2378.9227782228318,864.8270957873108
nrc_groeneveld_24579pt__12981,1540.0,106.36571270049501,766.3259002991242,870.5393294341948,18220.5684660608,2396.48565442073,870.5393294341948
nrc_groeneveld_24579pt__12982,1424.0,107.38448499581536,793.2641204426244,880.7851133012375,18601.850180289108,2379.494652637445,880.7851133012375
nrc_groeneveld_24579pt__12983,1468.0,99.06400958483329,724.5838271950105,797.5567984261489,16957.87700933724,2412.395043685083,797.5567984261489
nrc_groeneveld_24579pt__12984,1379.0,84.6838779457983,522.825570704218,565.8704060519598,15243.387067515238,2375.21640202388,565.8704060519598
nrc_groeneveld_24579pt__12985,1730.0,155.22226315803232,935.2580281165334,1027.5892990448942,25232.37109154754,2391.5159574135223,1027.5892990448942
nrc_groeneveld_24579pt__12986,1689.0,125.89574387584298,900.0465585851182,969.0886287986192,21144.914777224356,2387.848740987905,969.0886287986192
nrc_groeneveld_24579pt__12987,2159.0,284.1527810753588,3142.230606646926,3121.849043865213,30000.0,446.3004005590535,3121.849043865213
nrc_groeneveld_24579pt__12988,1913.0,205.4852870137018,3149.4443569464606,3121.849043865213,30000.0,443.97307516591724,3121.849043865213
nrc_groeneveld_24579pt__12989,2595.0,241.10778001560877,3802.8645420913376,3584.3742707545257,30000.0,665.3169756711466,3584.3742707545257
nrc_groeneveld_24579pt__12990,895.0,44.87505361423975,702.3446798756231,698.9267227876195,30000.0,613.2794877640242,698.9267227876195
nrc_groeneveld_24579pt__12991,1197.0,61.4512702444841,864.2228809120164,942.9116642007789,30000.0,726.2260153994696,942.9116642007789
nrc_groeneveld_24579pt__12992,1232.0,63.22725948487516,891.6962897618107,967.7693678565115,30000.0,737.1694333462285,967.7693678565115
nrc_groeneveld_24579pt__12993,1337.0,69.78586061529849,948.8044146036199,1079.659138287709,30000.0,804.1712989010616,1079.659138287709
nrc_groeneveld_24579pt__12994,1442.0,77.54692545721853,887.017904687845,1107.5896603991948,30000.0,863.7919437943796,1107.5896603991948
nrc_groeneveld_24579pt__12995,1302.0,57.79862246089592,819.8156653003907,798.701205695105,30000.0,1016.5836779050361,798.701205695105
nrc_groeneveld_24579pt__12996,1256.0,57.388351778930584,795.6053665996117,798.701205695105,30000.0,1016.598751609227,798.701205695105
nrc_groeneveld_24579pt__12997,814.0,42.96907927103688,541.00052665141,532.98912376772,30000.0,1090.0690787273297,532.98912376772
nrc_groeneveld_24579pt__12998,1651.0,98.51515924608354,1311.314579679447,1544.7517775789458,30000.0,1312.909763256114,1544.7517775789458
nrc_groeneveld_24579pt__12999,1546.0,81.53766783987469,1044.8912762749874,1140.864302968998,30000.0,1492.2406121929607,1140.864302968998
nrc_groeneveld_24579pt__13000,1558.0,82.59555311576176,1055.997163749984,1142.9718109178323,30000.0,1495.3280225651613,1142.9718109178323
nrc_groeneveld_24579pt__13001,1744.0,110.08609080720765,1130.260938269183,1356.6386702253483,30000.0,1631.0048145632338,1356.6386702253483
nrc_groeneveld_24579pt__13002,1128.0,49.803031076706866,665.2638142967861,482.14022754343557,30000.0,1733.8070619539476,482.14022754343557
nrc_groeneveld_24579pt__13003,1884.0,138.9219261350664,1309.89505789917,1530.0892792954355,30000.0,1797.8505020719822,1530.0892792954355
nrc_groeneveld_24579pt__13004,2000.0,189.02783255679702,1542.1106257426866,1601.7283723719297,30000.0,2185.882218072395,1601.7283723719297
nrc_groeneveld_24579pt__13005,2046.0,196.17740730341646,1583.4999436686908,1619.53640205725,30000.0,2208.2544361462205,1619.53640205725
nrc_groeneveld_24579pt__13006,701.0,19.778668173821785,204.61562270389166,328.84450534960484,25811.189918617303,424.7354275696646,328.84450534960484
nrc_groeneveld_24579pt__13007,641.0,19.435855584752233,204.61562270389166,314.11758516704424,24992.428939050296,424.68585805293804,314.11758516704424
nrc_groeneveld_24579pt__13008,611.0,19.08740813649659,204.51965990551295,304.53543867237204,24350.146493413886,424.66521663459696,304.53543867237204
nrc_groeneveld_24579pt__13009,581.0,18.965923990766754,204.30681292256048,266.6529524301329,24127.74862155171,424.66210169177367,266.6529524301329
nrc_groeneveld_24579pt__13010,550.0,18.92560134157055,204.20741525884335,268.9714524405164,24054.11607956902,424.66154726944006,268.9714524405164
nrc_groeneveld_24579pt__13011,530.0,18.002309054226547,165.85752101323212,189.49036933363794,22392.30431217844,424.7182326499507,189.49036933363794
nrc_groeneveld_24579pt__13012,498.0,17.906776703274236,157.9084816702941,189.3251369612114,22223.045859371476,424.73213529553936,189.3251369612114
nrc_groeneveld_24579pt__13013,468.0,17.9449286574557,156.96103351465607,187.84038237534998,22290.56637587418,424.7263926289867,187.84038237534998
nrc_groeneveld_24579pt__13014,441.0,17.473816081467977,163.74188594116717,171.76631861716234,21462.34557797634,424.8155692531276,171.76631861716234
nrc_groeneveld_24579pt__13015,411.0,16.340740804265593,253.1935803335023,228.6717418780966,19522.153140207545,425.20740071863634,228.6717418780966
nrc_groeneveld_24579pt__13016,372.0,16.78130447152371,238.76855386654125,201.8624665244129,20267.74582711804,425.0233750700963,201.8624665244129
nrc_groeneveld_24579pt__13017,338.0,16.46291949733388,240.76846931536437,228.6717418780966,19727.773065047644,425.1521037653071,228.6717418780966
nrc_groeneveld_24579pt__13018,296.0,16.49799518743508,233.9380202741036,228.6717418780966,19786.98907070298,425.1368424591393,228.6717418780966
nrc_groeneveld_24579pt__13019,286.0,15.42819621604084,338.0794344287255,270.2026033827304,18014.076414948926,425.7317808193505,270.2026033827304
nrc_groeneveld_24579pt__13020,264.0,15.92868502354629,291.08647800104814,273.3576789419546,18835.061774875194,425.41915177350523,273.3576789419546
nrc_groeneveld_24579pt__13021,241.0,15.810471123588362,314.4273152638505,273.3576789419546,18639.79472813842,425.48735119204093,273.3576789419546
nrc_groeneveld_24579pt__13022,215.0,15.844156715355682,313.2864584565842,273.3576789419546,18695.36171046409,425.4675698768229,273.3576789419546
nrc_groeneveld_24579pt__13023,875.0,29.811654980593072,439.3650815535932,486.9943956480806,30000.0,637.4010329164589,486.9943956480806
nrc_groeneveld_24579pt__13024,846.0,28.054745809411518,427.1134605911166,422.22965915783465,28029.610089868915,636.8682647921304,422.22965915783465
nrc_groeneveld_24579pt__13025,809.0,27.31821774517419,400.0289955417636,389.94853505273693,26883.223730373178,636.7342582077184,389.94853505273693
nrc_groeneveld_24579pt__13026,760.0,27.23114390544788,385.6602153927637,391.8939710960474,26749.012130900508,636.7216846759453,391.8939710960474
nrc_groeneveld_24579pt__13027,711.0,27.202181011141935,379.45134298987773,391.8939710960474,26704.445107875617,636.7176608852943,391.8939710960474
nrc_groeneveld_24579pt__13028,668.0,26.714498309498712,316.7547958731456,309.92262706950265,25958.35493160708,636.6620797049686,309.92262706950265
nrc_groeneveld_24579pt__13029,621.0,26.601025931320063,328.4044461498423,312.6173492075104,25786.046536284095,636.6525267202251,312.6173492075104
nrc_groeneveld_24579pt__13030,526.0,25.57399066868455,210.6408936767237,224.00076112143842,24248.1851167265,636.6280050129575,224.00076112143842
nrc_groeneveld_24579pt__13031,481.0,24.377314018733966,246.60488482070443,243.66113430521185,22619.90718472417,636.7401445645961,243.66113430521185
nrc_groeneveld_24579pt__13032,423.0,24.576516173590967,246.82187410585118,246.183868996184,22882.965428490585,636.7111092643539,246.183868996184
nrc_groeneveld_24579pt__13033,360.0,24.519435748725147,242.23778373644583,246.183868996184,22807.4735967872,636.7189828444715,246.183868996184
nrc_groeneveld_24579pt__13034,339.0,23.459748911829426,232.59943875129125,272.53797065374863,21422.75199822791,636.9327193146744,272.53797065374863
nrc_groeneveld_24579pt__13035,871.0,35.1325033521739,353.6460660370886,373.3755715418523,27491.612805582758,864.3821146213083,373.3755715418523
nrc_groeneveld_24579pt__13036,832.0,32.7898708730821,268.49798490127836,276.41060401586435,24709.484910546013,863.9386334223898,276.41060401586435
nrc_groeneveld_24579pt__13037,762.0,32.98647793242728,254.25588882353387,269.05961869445497,24775.167342175937,868.4844953972624,269.05961869445497
nrc_groeneveld_24579pt__13038,697.0,31.750750195335577,262.767966164948,238.30359030659696,23512.051335858843,863.857536475776,238.30359030659696
nrc_groeneveld_24579pt__13039,623.0,31.73094844452275,254.02087466765684,227.08889292934595,23661.716260065998,858.8776969774021,227.08889292934595
nrc_groeneveld_24579pt__13040,565.0,31.44554023477183,261.3612443910819,248.99400909784512,23087.93677504523,866.1147334787654,248.99400909784512
nrc_groeneveld_24579pt__13041,510.0,31.116570566164448,276.212417697825,245.62562774881286,22960.454438736524,858.8638764036997,245.62562774881286
nrc_groeneveld_24579pt__13042,483.0,30.730474326160124,264.074655110717,244.32492673796793,22284.435549074267,866.126238718253,244.32492673796793
nrc_groeneveld_24579pt__13043,443.0,30.358051098416745,274.8782534468402,244.93762413760663,21943.651075621245,863.8792520971348,244.93762413760663
nrc_groeneveld_24579pt__13044,395.0,29.907528124456817,275.06930837558747,244.6964469915796,21445.397477546932,863.9214446659264,244.6964469915796
nrc_groeneveld_24579pt__13045,346.0,28.756106903975827,274.1370163162181,237.12376549848943,20508.702249713697,859.078956464958,237.12376549848943
nrc_groeneveld_24579pt__13046,860.0,37.46313506736818,270.4425532856178,273.4165871259511,25274.48655812766,998.9863982153495,273.4165871259511
nrc_groeneveld_24579pt__13047,831.0,35.819870764790004,256.8584846021343,261.8236367730169,23536.11139490991,998.6727595702242,261.8236367730169
nrc_groeneveld_24579pt__13048,769.0,37.3770600615592,272.8463985665057,270.7977076510983,25182.18299901513,998.9662888714907,270.7977076510983
nrc_groeneveld_24579pt__13049,762.0,34.93837466004548,252.56951861978987,239.3021812214139,22763.83378819386,993.9488624047225,239.3021812214139
nrc_groeneveld_24579pt__13050,709.0,35.819870764790004,256.8584846021343,261.8236367730169,23536.11139490991,998.6727595702242,261.8236367730169
nrc_groeneveld_24579pt__13051,674.0,34.97858102473018,251.44757911862973,239.3021812214139,22805.359544795505,993.9526499259869,239.3021812214139
nrc_groeneveld_24579pt__13052,628.0,35.09947794378269,249.7565295520202,239.3021812214139,22930.398301331414,993.9646725555297,239.3021812214139
nrc_groeneveld_24579pt__13053,584.0,35.231152623916294,262.85046227113145,240.97124612967139,22840.665616576785,1001.3729475065694,240.97124612967139
nrc_groeneveld_24579pt__13054,529.0,35.19065593911208,263.78228966090506,240.97124612967139,22799.001529044486,1001.3687957432509,240.97124612967139
nrc_groeneveld_24579pt__13055,498.0,33.88818914354314,272.8594609414651,244.84792065594596,21545.48419012168,1001.2949331276317,244.84792065594596
nrc_groeneveld_24579pt__13056,391.0,31.95559477816651,258.5451637867538,248.07426087333812,20114.472003878665,993.9506218305878,248.07426087333812
nrc_groeneveld_24579pt__13057,1504.0,160.79348933461313,960.2643502180132,1352.4065464674181,30000.0,439.2289915860923,1352.4065464674181
nrc_groeneveld_24579pt__13058,1413.0,124.02382010102026,960.2643502180132,1352.4065464674181,30000.0,437.29815264620277,1352.4065464674181
nrc_groeneveld_24579pt__13059,1316.0,106.29559775374344,960.2643502180132,1352.4065464674181,30000.0,435.29136436968196,1352.4065464674181
nrc_groeneveld_24579pt__13060,1142.0,97.94197039839301,959.7823866732414,1254.3386892815572,30000.0,434.1291070001656,1254.3386892815572
nrc_groeneveld_24579pt__13061,1045.0,89.85764070506885,885.796723475921,1234.0105754016513,30000.0,432.8138147350274,1234.0105754016513
nrc_groeneveld_24579pt__13062,939.0,71.27529408215847,1200.9903871279978,1212.8869577706619,30000.0,431.7569469655865,1212.8869577706619
nrc_groeneveld_24579pt__13063,2287.0,205.78507740098138,1697.0542605335363,1885.185771095538,30000.0,665.0872928311421,1885.185771095538
nrc_groeneveld_24579pt__13064,2078.0,169.58176629619072,1677.0486364705343,1876.4522830759026,30000.0,659.4499587151712,1876.4522830759026
nrc_groeneveld_24579pt__13065,1893.0,142.92266345487639,1675.9064489649963,1876.4522830759026,30000.0,657.4144058669461,1876.4522830759026
nrc_groeneveld_24579pt__13066,1708.0,121.7732407121021,1678.0800120369238,1772.3334368665062,30000.0,654.9776134027514,1772.3334368665062
nrc_groeneveld_24579pt__13067,1511.0,110.843203785474,1694.3255803245988,1757.799201685561,30000.0,653.3628433715479,1757.799201685561
nrc_groeneveld_24579pt__13068,2727.0,227.7982232550562,1799.1769115955478,2360.0361925706898,30000.0,892.6090433166843,2360.0361925706898
nrc_groeneveld_24579pt__13069,2483.0,188.36716594073565,1800.8413483417849,2360.0361925706898,30000.0,890.1642515096082,2360.0361925706898
nrc_groeneveld_24579pt__13070,2191.0,160.89588348983364,1770.5876222989355,2191.798005340317,30000.0,888.1188346230067,2191.798005340317
nrc_groeneveld_24579pt__13071,2016.0,124.18027809773918,1886.395521522124,2151.801115295877,30000.0,885.7318220759141,2151.801115295877
nrc_groeneveld_24579pt__13072,3633.0,341.69586372348596,2393.847731805779,2548.0067754502425,30000.0,1250.3797353361065,2548.0067754502425
nrc_groeneveld_24579pt__13073,3327.0,273.0512665321124,2391.9852068578325,2542.4616029247795,30000.0,1244.498433539778,2542.4616029247795
nrc_groeneveld_24579pt__13074,3063.0,209.75975347697553,2253.5080122678964,2436.5734011588065,30000.0,1235.8756037033102,2436.5734011588065
nrc_groeneveld_24579pt__13075,550.0,27.89582924592626,551.6631167509395,556.4197405997267,30000.0,422.7801427138346,556.4197405997267
nrc_groeneveld_24579pt__13076,497.0,27.273776603224295,533.548420193374,545.7243980124944,30000.0,422.6677717830813,545.7243980124944
nrc_groeneveld_24579pt__13077,443.0,26.70954208785025,461.23177680544916,457.3560378192236,30000.0,422.6247936425393,457.3560378192236
nrc_groeneveld_24579pt__13078,391.0,25.13847809877278,388.7256383049581,386.41545488708425,30000.0,422.6906992679975,386.41545488708425
nrc_groeneveld_24579pt__13079,318.0,24.489101916536818,371.2767266303078,323.34121598734816,30000.0,424.07815497623756,323.34121598734816
nrc_groeneveld_24579pt__13080,1044.0,47.35396227930933,541.4911565582873,580.0406386364255,30000.0,868.0064900046024,580.0406386364255
nrc_groeneveld_24579pt__13081,947.0,43.92766275839291,502.38934013252157,543.6969677692781,30000.0,866.7904221428912,543.6969677692781
nrc_groeneveld_24579pt__13082,838.0,42.11318958281881,442.9016367656356,496.36427729558943,30000.0,866.3039152600041,496.36427729558943
nrc_groeneveld_24579pt__13083,717.0,40.24035289290438,406.22428065003385,381.08014929346456,30000.0,864.5703051686208,381.08014929346456
nrc_groeneveld_24579pt__13084,1121.0,54.81526824106885,547.275123562187,644.6011089442153,30000.0,1238.7891989058435,644.6011089442153
nrc_groeneveld_24579pt__13085,981.0,50.514300543844065,428.45825318608723,516.1613114114809,30000.0,1222.6198215938618,516.1613114114809
nrc_groeneveld_24579pt__13086,450.0,22.861918462373776,230.58311421235587,370.88109591566183,28496.44818528266,422.95102748121406,370.88109591566183
nrc_groeneveld_24579pt__13087,422.0,21.53629220241849,230.17894596183083,298.9130030130143,25533.0608642861,422.6949151876635,298.9130030130143
nrc_groeneveld_24579pt__13088,381.0,20.539171726481552,234.12750981158212,250.93706678966257,24002.968325561986,422.7012168417743,250.93706678966257
nrc_groeneveld_24579pt__13089,333.0,19.967705317338485,171.4662487042798,206.1504629364084,23140.66950079004,422.75732118922315,206.1504629364084
nrc_groeneveld_24579pt__13090,264.0,19.855334378075046,191.71481815094603,202.69903675968524,22972.39388625121,422.7732298783138,202.69903675968524
nrc_groeneveld_24579pt__13091,892.0,41.53274170847239,423.17290602274403,442.3380854490777,30000.0,871.6557746137606,442.3380854490777
nrc_groeneveld_24579pt__13092,802.0,39.66343577304364,343.8193254910853,357.69759460206194,29346.60318897592,862.546930546727,357.69759460206194
nrc_groeneveld_24579pt__13093,731.0,37.91999932514921,290.5652417296898,288.8636151532229,27317.78411740175,864.8213812277256,288.8636151532229
nrc_groeneveld_24579pt__13094,648.0,35.43222464865575,252.0569368166239,254.33325423717991,24666.36053063545,864.4970737560761,254.33325423717991
nrc_groeneveld_24579pt__13095,231.0,8.21795210177245,117.33059606710479,112.7618006919686,9264.60729623845,208.42111367720312,112.7618006919686
nrc_groeneveld_24579pt__13096,210.0,8.202089846951713,116.73496854374247,110.0270962075273,9240.397140080775,208.43506418531655,110.0270962075273
nrc_groeneveld_24579pt__13097,190.0,8.037373435599209,124.87316353130444,122.91344576056851,8990.58290279832,208.58890343836146,122.91344576056851
nrc_groeneveld_24579pt__13098,167.0,7.944739232437232,138.64889285820536,143.60630164901798,8851.483935591252,208.68280472160126,143.60630164901798
nrc_groeneveld_24579pt__13099,137.0,8.099728851003377,120.05849690419394,110.08001876566762,9084.776763575423,208.52871791396444,110.08001876566762
nrc_groeneveld_24579pt__13100,402.0,20.235008444409225,214.51960014270253,199.1679655174668,17147.155980123145,416.38962370955727,199.1679655174668
nrc_groeneveld_24579pt__13101,362.0,19.70377384686078,177.3223530537177,163.8309423864246,16498.336312624422,416.36777522386444,163.8309423864246
nrc_groeneveld_24579pt__13102,318.0,19.588228215596633,177.87426996157757,166.21905914489247,16409.121111539753,415.094697615009,166.21905914489247
nrc_groeneveld_24579pt__13103,279.0,18.634998898809897,192.85629841005985,169.6145323758633,15505.389122719404,415.1408148641517,169.6145323758633
nrc_groeneveld_24579pt__13104,226.0,18.221054098284167,247.53448348856097,181.37245804930146,15132.310602738866,415.18707540091896,181.37245804930146
nrc_groeneveld_24579pt__13105,765.0,32.71560225274294,424.7120977008368,398.40925362190774,21918.81154367084,651.7323912190641,398.40925362190774
nrc_groeneveld_24579pt__13106,704.0,33.11011101608012,422.2747055221948,382.9606515367916,22153.815411067488,657.0681224619384,382.9606515367916
nrc_groeneveld_24579pt__13107,659.0,31.071030773143402,367.9765161667732,335.12420091033914,20104.26816907236,651.1260776990482,335.12420091033914
nrc_groeneveld_24579pt__13108,615.0,29.086579302944855,261.05350594242606,260.4208177269497,18388.0874523274,650.7306051310281,260.4208177269497
nrc_groeneveld_24579pt__13109,557.0,29.170758417663638,263.5326157555964,242.09056878257513,18323.715620650728,655.95564554052,242.09056878257513
nrc_groeneveld_24579pt__13110,481.0,28.559657898029982,257.78685921001517,247.70075471704604,18015.520592578454,649.3657227280055,247.70075471704604
nrc_groeneveld_24579pt__13111,416.0,27.57461439768616,240.81583321931296,227.41173129880198,17265.190741473773,649.289611585889,227.41173129880198
nrc_groeneveld_24579pt__13112,789.0,38.11193522831561,306.4513209265173,299.41143410501064,19563.603138893486,877.8268339158299,299.41143410501064
nrc_groeneveld_24579pt__13113,690.0,37.788347188494896,290.19191163449096,293.6125283739511,19524.54360727495,869.6791238424917,293.6125283739511
nrc_groeneveld_24579pt__13114,590.0,37.663340209564645,304.978145517952,303.63796813726424,19630.267519310757,861.1512895211339,303.63796813726424
nrc_groeneveld_24579pt__13115,530.0,35.775564189698144,238.47031727290792,241.4532566919793,18176.716841153895,869.1826163191215,241.4532566919793
nrc_groeneveld_24579pt__13116,427.0,33.951189585714246,231.03311584772544,240.78417381938718,17148.00209332142,860.3484697013023,240.78417381938718
nrc_groeneveld_24579pt__13117,805.0,48.378211518498524,426.75292703612917,430.39357080031397,18592.94689564809,1217.871720358133,430.39357080031397
nrc_groeneveld_24579pt__13118,698.0,44.90244583645825,325.5180279901904,327.1667389968097,17051.127800585247,1204.8502940790518,327.1667389968097
nrc_groeneveld_24579pt__13119,581.0,41.72939331132372,323.0606642710426,280.11833138856883,15431.759184266306,1203.9324143857762,280.11833138856883
nrc_groeneveld_24579pt__13120,526.0,12.806306568886741,171.798572184621,227.50588092739102,11688.588977827987,215.21426033992674,227.50588092739102
nrc_groeneveld_24579pt__13121,503.0,12.675388397068083,171.798572184621,213.98378228608178,11472.832578954116,215.19408426083234,213.98378228608178
nrc_groeneveld_24579pt__13122,477.0,12.546586810915638,171.798572184621,206.64259475699214,11261.882583424558,215.18069208017025,206.64259475699214
nrc_groeneveld_24579pt__13123,460.0,12.105098858527626,170.862780230508,187.83131195163213,10546.1606850687,215.1883443767515,187.83131195163213
nrc_groeneveld_24579pt__13124,447.0,11.244393559133213,161.84397350160265,161.2167908284169,9550.046035918533,215.36946893026345,161.2167908284169
nrc_groeneveld_24579pt__13125,412.0,11.66042771543784,162.37520799570632,172.2848295084027,9962.029709090208,215.26677438806186,172.2848295084027
nrc_groeneveld_24579pt__13126,388.0,11.393932793652366,161.84397350160265,161.6876624289147,9697.363694573307,215.32779023782393,161.6876624289147
nrc_groeneveld_24579pt__13127,367.0,10.869625176336612,165.6599327516877,179.2642229255657,9182.172859314342,215.499955728143,179.2642229255657
nrc_groeneveld_24579pt__13128,564.0,23.908152523266246,347.1900949469433,318.86800086304714,22766.54216774482,326.7737651079587,318.86800086304714
nrc_groeneveld_24579pt__13129,531.0,23.661421213376524,348.52887423337114,321.2510684645629,22123.320006992104,327.69183537791696,321.2510684645629
nrc_groeneveld_24579pt__13130,491.0,23.27617536593774,347.63635470908594,321.2589175511891,21435.492553902648,326.5097539970702,321.2589175511891
nrc_groeneveld_24579pt__13131,454.0,22.89751360514434,347.63635470908594,320.80376804072137,20764.889369532713,326.1765665485693,320.80376804072137
nrc_groeneveld_24579pt__13132,424.0,21.993906331290027,343.0520425135632,329.04259046859136,19343.248002078482,324.2513651621569,329.04259046859136
nrc_groeneveld_24579pt__13133,398.0,20.74064135668875,343.8981064379985,322.6246018293506,17372.230721342803,322.9989348513299,322.6246018293506
nrc_groeneveld_24579pt__13134,364.0,20.104732125776355,343.8981064379985,342.21618421931385,16406.80142281607,322.65287009290427,342.21618421931385
nrc_groeneveld_24579pt__13135,664.0,26.13692831369541,318.96751442873614,377.9864558512119,18208.95542349523,430.25101323838226,377.9864558512119
nrc_groeneveld_24579pt__13136,615.0,25.46057369027393,317.0411169214052,364.7444311128162,17373.328562869687,428.6727181769888,364.7444311128162
nrc_groeneveld_24579pt__13137,567.0,24.77728924430725,308.15897553468426,334.26915561016057,16569.03699139783,428.4167408920695,334.26915561016057
nrc_groeneveld_24579pt__13138,526.0,23.32788695340584,307.5357238908746,321.7245526941176,15223.149336103552,428.11367506378696,321.7245526941176
nrc_groeneveld_24579pt__13139,608.0,31.899321636402682,338.75501522568203,349.69208758038644,16800.170529601684,597.2735188316159,349.69208758038644
nrc_groeneveld_24579pt__13140,529.0,30.381276132407752,339.1306601419506,316.40391675784355,15840.144954984917,596.1303375901035,316.40391675784355
nrc_groeneveld_24579pt__13368,1261.0,339.6995197506712,979.0030613517416,851.9952519926949,728.2756396506576,351.59813801873827,851.9952519926949
nrc_groeneveld_24579pt__13369,1264.0,484.06122630888893,1093.325172459384,974.0253063501486,1010.0875389898008,379.6137322462971,974.0253063501486
nrc_groeneveld_24579pt__13370,1423.0,441.9531427357365,1200.0237886856135,1080.5161466046522,944.0005497423566,383.9533576676064,1080.5161466046522
nrc_groeneveld_24579pt__13371,1439.0,648.3410660267294,1253.0013735778343,1073.8969838711582,1261.1998891551038,432.63774338461013,1073.8969838711582
nrc_groeneveld_24579pt__13372,1505.0,534.8519190824856,1268.7143142597135,1039.738909644432,1127.6642173393134,414.20669809928177,1039.738909644432
nrc_groeneveld_24579pt__13373,1588.0,825.2282914697911,1357.9418990652016,1241.9448538780423,1550.3377086066785,494.1483515411947,1241.9448538780423
nrc_groeneveld_24579pt__13374,1632.0,792.7780835211573,1349.2135095400529,1285.6142316106598,1507.9229001940093,488.4064482088676,1285.6142316106598
nrc_groeneveld_24579pt__13375,1792.0,955.7563060186036,1523.637248601994,1433.7915430664245,1816.3699074412011,555.2865377203082,1433.7915430664245
nrc_groeneveld_24579pt__13376,1762.0,1046.0164892206224,1521.4193087492433,1367.1898463307382,1970.8882451325128,586.18905105738,1367.1898463307382
nrc_groeneveld_24579pt__13377,1743.0,1071.0474719228655,1530.4417939363386,1377.912731847202,2032.0772117068261,599.3837271543412,1377.912731847202
nrc_groeneveld_24579pt__13378,1756.0,1081.0951009189369,1548.7942220081368,1402.12631306701,2063.4830935200607,606.6717762595599,1402.12631306701
nrc_groeneveld_24579pt__13379,1861.0,1205.6214203380175,1646.529180830123,1547.611512129568,2400.011515190488,680.5327060510417,1547.611512129568
nrc_groeneveld_24579pt__13380,1902.0,1157.6538630954476,1654.346977977337,1568.3162054995798,2305.2808471826143,661.9317052806731,1568.3162054995798
nrc_groeneveld_24579pt__13381,2048.0,1177.1641846241225,1733.6312984521633,1579.2752654095261,2449.6670735916987,697.8790359837676,1579.2752654095261
nrc_groeneveld_24579pt__13382,2130.0,1199.364606430623,1717.2529189508982,1511.5905435343432,2573.2401057016004,727.4773999328949,1511.5905435343432
nrc_groeneveld_24579pt__13383,2245.0,1146.2358891397976,1699.742934761832,1480.0849066637097,2477.180597583094,708.3416600717502,1480.0849066637097
nrc_groeneveld_24579pt__13384,2302.0,1115.5772223972833,1724.7243490279757,1486.60969338954,2415.246284464079,695.4334796219056,1486.60969338954
nrc_groeneveld_24579pt__13385,2227.0,1248.1627576085216,1783.7883837602262,1578.9496107250297,2798.0436933161454,780.1106359417407,1578.9496107250297
nrc_groeneveld_24579pt__13386,2325.0,1236.2453356329074,1794.17726929715,1646.1619446380917,2861.7818097283352,797.8871931013186,1646.1619446380917
nrc_groeneveld_24579pt__13387,2733.0,1155.8402514564582,2089.198854613421,1804.7903169729466,2931.944099826921,824.4352596534118,1804.7903169729466
nrc_groeneveld_24579pt__13388,2479.0,1108.0563327206478,1749.3475947406266,1599.667457637136,2565.670274051568,734.0775380644045,1599.667457637136
nrc_groeneveld_24579pt__13389,2459.0,1170.3580067284054,1790.1287342546639,1633.9238260216011,2764.865394412358,779.6319855836458,1633.9238260216011
nrc_groeneveld_24579pt__13390,2600.0,1069.2555243556608,1715.1230949163482,1631.0957565885678,2519.7971510899742,725.3099760609399,1631.0957565885678
nrc_groeneveld_24579pt__13391,2520.0,1235.9344098357376,2027.5125734762555,1812.1560578364501,3074.1387104637365,852.778016804964,1812.1560578364501
nrc_groeneveld_24579pt__13392,2679.0,1276.7961709966366,1962.78350807969,2028.145834166352,3480.6556129357054,951.6818996989631,2028.145834166352
nrc_groeneveld_24579pt__13393,2679.0,1292.7922758678758,1957.5989560655996,2064.0209231841286,3569.7556575876656,971.9062169929605,2064.0209231841286
nrc_groeneveld_24579pt__13394,2699.0,1137.4424718394112,2139.437727259155,1848.1085707366876,3006.904833194818,846.1796313336628,1848.1085707366876
nrc_groeneveld_24579pt__13395,2785.0,1161.280064570417,2199.049039296624,2024.746642620893,3188.006778305975,892.1652921570691,2024.746642620893
nrc_groeneveld_24579pt__13396,2902.0,1236.4320857335078,2053.4422622240836,1962.29088695647,3664.8554092842305,1019.1948280105222,1962.29088695647
nrc_groeneveld_24579pt__13397,2910.0,1354.434234348354,2130.173046076153,2024.2008978965666,3926.3942556137454,1085.9537510812875,2024.2008978965666
nrc_groeneveld_24579pt__13398,2906.0,1423.2751673444773,2006.6288339838056,2143.145914246804,4050.645133055981,1114.5833456732294,2143.145914246804
nrc_groeneveld_24579pt__13399,3104.0,1413.3271177087024,2195.610428920082,2247.3708622381296,4011.9854280416794,1118.106774824144,2247.3708622381296
nrc_groeneveld_24579pt__13400,2987.0,1572.212516467181,1936.3769929611076,2153.1600875265417,4290.282522740029,1184.2679464082112,2153.1600875265417
nrc_groeneveld_24579pt__13401,3050.0,1564.1855504390992,1940.5936663513783,2160.4342770114285,4274.909517424728,1181.9416009521356,2160.4342770114285
nrc_groeneveld_24579pt__13402,3023.0,1739.550756395855,2077.592797249664,2422.214518435171,4734.837118116739,1299.1223515529812,2422.214518435171
nrc_groeneveld_24579pt__13403,3274.0,1689.1555869919,2171.75313120971,2481.7486233855807,4476.918797015912,1256.8035936332012,2481.7486233855807
nrc_groeneveld_24579pt__13404,3224.0,1747.0626664799556,2262.1096288920685,2470.433659472353,4605.761535215095,1293.0478713609843,2470.433659472353
nrc_groeneveld_24579pt__13405,3467.0,1824.1828277211575,2487.9141180790816,2589.637384950048,4705.729011877129,1339.023907146752,2589.637384950048
nrc_groeneveld_24579pt__13406,3436.0,2007.676983657817,2500.308922269286,2762.4360811118886,5103.521234421376,1461.5544392402712,2762.4360811118886
nrc_groeneveld_24579pt__13407,3679.0,2221.1863868502205,2857.30406923929,2934.0961936151357,5428.607595213553,1605.611083479571,2934.0961936151357
nrc_groeneveld_24579pt__13408,1686.0,1275.0629198678691,1821.0114202168918,1719.1086688986438,3089.7134643418653,851.6173166264305,1719.1086688986438
nrc_groeneveld_24579pt__13409,1806.0,1228.7006463404452,1820.011918561361,1740.4392481790976,2949.6238221567232,821.3966623922762,1740.4392481790976
nrc_groeneveld_24579pt__13410,1948.0,1090.065458321117,1841.3028046027573,1669.72730177821,2594.945746634584,742.9124723834934,1669.72730177821
nrc_groeneveld_24579pt__13411,1914.0,1150.4136467669714,1985.1072717747193,1690.122090949433,2803.830825597998,791.5623491017632,1690.122090949433
nrc_groeneveld_24579pt__13412,2042.0,1149.639104753579,2121.4610272294058,1832.4328100187013,3019.559108701664,848.2058116721627,1832.4328100187013
nrc_groeneveld_24579pt__13413,2245.0,1329.7891005469705,2221.2990460581614,2122.6934454229,3867.3052102217034,1079.278321362696,2122.6934454229
nrc_groeneveld_24579pt__13414,2225.0,1373.1564169085718,2408.5529369271458,2313.0736613434433,3911.684931972195,1108.8828154350165,2313.0736613434433
nrc_groeneveld_24579pt__13415,2327.0,1440.9345438233015,2450.853782653999,2352.3511646941774,3982.707287876412,1159.9980270156777,2352.3511646941774
nrc_groeneveld_24579pt__13416,2433.0,1457.9318295611015,2621.700630968412,2519.4953425873555,3966.95599251602,1172.8337748734618,2519.4953425873555
nrc_groeneveld_24579pt__13417,2630.0,1690.7212240343536,2446.2652271866727,2701.9788309542764,4242.150605375058,1294.391312908245,2701.9788309542764
nrc_groeneveld_24579pt__13418,1163.0,72.33290488069106,796.1626646107371,687.17087703372,2635.9997412987886,56.72166808731901,687.17087703372
nrc_groeneveld_24579pt__13419,1254.0,82.10213883694533,870.4257797919494,762.3618457212121,2936.353248930751,60.15195832200738,762.3618457212121
nrc_groeneveld_24579pt__13420,1360.0,104.00757188338939,984.4128976511371,876.9953492242417,3526.875184156242,63.9365949582663,876.9953492242417
nrc_groeneveld_24579pt__13421,1423.0,114.67262032074385,1015.451123605587,842.1846873483734,3811.8373568540683,66.60237997716528,842.1846873483734
nrc_groeneveld_24579pt__13422,1478.0,125.57492021467368,1065.4939121211617,916.6834548031362,4232.287069147577,68.84382983103627,916.6834548031362
nrc_groeneveld_24579pt__13423,1856.0,355.0341634781416,1064.9487022086842,1353.762688614542,11794.522977927747,106.70479039847025,1353.762688614542
nrc_groeneveld_24579pt__13424,1092.0,6.323193254803587,591.9878953398933,526.3048415309953,30000.0,119.932380194454,526.3048415309953
nrc_groeneveld_24579pt__13425,1133.0,7.499088231816319,628.3393260292377,563.7042571839435,30000.0,128.02649210022744,563.7042571839435
nrc_groeneveld_24579pt__13426,1140.0,8.94192691831573,663.7439642438738,590.2412959242903,30000.0,135.66765856017986,590.2412959242903
nrc_groeneveld_24579pt__13427,1191.0,8.562585230362602,674.8063636479385,610.9261693603572,30000.0,137.9496248612378,610.9261693603572
nrc_groeneveld_24579pt__13428,1188.0,9.451556554314712,698.5229642671202,614.1959156846957,30000.0,140.63580865671815,614.1959156846957
nrc_groeneveld_24579pt__13429,1245.0,11.925845470970021,740.9057512935466,665.843997396889,30000.0,153.72999490854392,665.843997396889
nrc_groeneveld_24579pt__13430,1177.0,14.923032497207691,740.3171897874848,675.0590718227922,30000.0,155.99923765303447,675.0590718227922
nrc_groeneveld_24579pt__13431,1307.0,14.35542276194328,764.1744379652465,679.2765579524962,30000.0,166.84715258294787,679.2765579524962
nrc_groeneveld_24579pt__13432,1251.0,17.360932161655846,770.6695352571561,704.1012105997166,30000.0,169.129432005908,704.1012105997166
nrc_groeneveld_24579pt__13724,393.0,136.6760285732862,250.8392205046358,228.95334307337058,225.9831432753496,174.25186167028457,228.95334307337058
nrc_groeneveld_24579pt__13725,459.0,190.34553747469946,330.01313984888515,261.4991771045615,312.14013927375083,196.92343999257827,261.4991771045615
nrc_groeneveld_24579pt__13726,488.0,234.99121940972205,438.94382701289413,415.65602041260826,450.8313728409423,228.59479703283876,415.65602041260826
nrc_groeneveld_24579pt__13727,526.0,225.6872009488685,399.34475187924784,360.2140761010103,373.9091954012752,218.99712734464006,360.2140761010103
nrc_groeneveld_24579pt__13728,562.0,247.53567018576672,487.9578076202302,413.8938885342683,436.1828131677596,235.757224977096,413.8938885342683
nrc_groeneveld_24579pt__13729,598.0,260.73527205112737,525.6939674723582,464.52565059444476,465.20528199591024,246.6804540922925,464.52565059444476
nrc_groeneveld_24579pt__13730,643.0,289.48249301333067,598.5660711947112,569.7870820060936,568.2932393608451,275.9922745854777,569.7870820060936
nrc_groeneveld_24579pt__13731,699.0,290.95979454100393,621.8302657619321,545.9147905698675,522.3768562579786,270.2491092596399,545.9147905698675
nrc_groeneveld_24579pt__13732,713.0,355.37079363453427,669.6472411309617,659.4814719130811,720.1548524345128,324.95276334348995,659.4814719130811
nrc_groeneveld_24579pt__13733,752.0,404.8339521833232,729.1419005693342,662.6823781505433,813.2550755262171,356.4855383240572,662.6823781505433
nrc_groeneveld_24579pt__13734,869.0,555.8798407856355,831.6910214974832,863.4405493449614,1047.7670190642025,441.4949040495799,863.4405493449614
nrc_groeneveld_24579pt__13735,1044.0,589.0908670393881,957.5631065165967,911.3235928619323,1132.2951804512666,471.7053556138019,911.3235928619323
nrc_groeneveld_24579pt__13736,1147.0,763.3469793809355,913.3007455221605,1015.4130620650307,1480.5775134458556,616.2632830612351,1015.4130620650307
nrc_groeneveld_24579pt__13737,1182.0,774.1547231633588,1122.2493981430991,1097.8970667713709,1570.5767021949323,655.4027114888164,1097.8970667713709
nrc_groeneveld_24579pt__13738,1275.0,803.6745866632343,1254.4480712585619,1204.7172006345443,1748.632883186552,738.597325321698,1204.7172006345443
nrc_groeneveld_24579pt__13739,1385.0,809.1258135093367,1287.610565123233,1232.1494782877924,1829.5457489334424,778.795954927252,1232.1494782877924
nrc_groeneveld_24579pt__13740,1505.0,852.0273909425257,1383.509310696602,1382.5357496216282,1917.2455585245048,827.9227459428284,1382.5357496216282
nrc_groeneveld_24579pt__13741,1655.0,964.7436283711115,1537.906164005431,1524.4524145058347,2149.2501733239533,965.7209321640879,1524.4524145058347
nrc_groeneveld_24579pt__13742,1789.0,1122.5950040373339,1793.667668377396,1765.2525518895686,2385.1510242911572,1117.8579336426021,1765.2525518895686
nrc_groeneveld_24579pt__13743,1883.0,1098.4984341026664,1754.1103081215867,1687.5309279506894,2325.234786573477,1101.3453104840696,1687.5309279506894
nrc_groeneveld_24579pt__13744,1926.0,1049.8103028635333,1767.896313852793,1655.6351596672862,2233.4051285725823,1066.2832357158547,1655.6351596672862
nrc_groeneveld_24579pt__13745,2077.0,1237.5545292059617,1870.9131491524854,1869.7979328076306,2397.462476131525,1212.3442433276125,1869.7979328076306
nrc_groeneveld_24579pt__13746,2173.0,1256.013788644053,2005.9069670773797,2046.3334535058734,2384.2827296283854,1231.2374778784192,2046.3334535058734
nrc_groeneveld_24579pt__13747,2302.0,1408.2376841015193,2026.6246078519168,2265.2817043420605,2509.6410868485427,1369.505088461125,2265.2817043420605
nrc_groeneveld_24579pt__13748,2371.0,1359.9234749093564,2102.5757420396785,2248.930547666036,2446.8265147273087,1333.2612346465448,2248.930547666036
nrc_groeneveld_24579pt__13749,2430.0,1395.8353349440474,2057.450881310933,2263.0279122427514,2462.3437777095487,1374.6506797768216,2263.0279122427514
nrc_groeneveld_24579pt__13750,2500.0,1491.162878828525,2134.0801664737924,2217.278549887141,2532.953532022297,1468.3878022205859,2217.278549887141
nrc_groeneveld_24579pt__13751,2636.0,1594.2759845072321,2381.8850872337202,2411.059786108983,2606.4991318661596,1585.4193019690533,2411.059786108983
nrc_groeneveld_24579pt__13752,2740.0,1594.3712359378214,2444.2433720023673,2494.1069430615603,2571.4398890654406,1609.831216163288,2494.1069430615603
nrc_groeneveld_24579pt__13753,2868.0,1577.9558338333213,2560.7055734560176,2578.5813082974614,2502.243549360865,1630.95027822747,2578.5813082974614
nrc_groeneveld_24579pt__13754,2939.0,1756.6710263026537,2608.4060493841707,2724.391661587445,2661.3704899498907,1840.559396840419,2724.391661587445
nrc_groeneveld_24579pt__13755,3055.0,1820.6849258862865,2802.025621556019,2789.9815309576697,2677.94966626453,1966.9771797974208,2789.9815309576697
nrc_groeneveld_24579pt__13756,467.0,198.03817979308835,350.0079137107031,293.240803508278,319.70735146857413,211.25012184791458,293.240803508278
nrc_groeneveld_24579pt__13757,481.0,189.22681262134455,350.9841389405889,310.5008239193746,308.05939464707654,213.71325458446245,310.5008239193746
nrc_groeneveld_24579pt__13758,546.0,253.91957865916197,486.6216933527298,431.9982763998852,433.8456397564295,240.48711365945388,431.9982763998852
nrc_groeneveld_24579pt__13759,607.0,293.5841140200816,604.7336698473321,590.5168069867374,569.7331823753702,278.3612800979635,590.5168069867374
nrc_groeneveld_24579pt__13760,647.0,358.11117881981284,686.1292417276899,675.4796747357705,727.5154537176808,327.84064301796553,675.4796747357705
nrc_groeneveld_24579pt__13761,699.0,391.03302207527855,754.848735237271,678.2215834234221,805.53196423145,354.4949223933609,678.2215834234221
nrc_groeneveld_24579pt__13762,752.0,472.25181677115927,830.9723647932772,782.2924557627924,935.6575163957697,399.56646103349135,782.2924557627924
nrc_groeneveld_24579pt__13763,767.0,513.1420354804005,907.9437512118047,785.8612234227157,1012.5416912483913,426.56686012101903,785.8612234227157
nrc_groeneveld_24579pt__13764,858.0,619.9572677439777,1033.2182679674897,990.0746657484033,1200.6432605424627,497.15730788090167,990.0746657484033
nrc_groeneveld_24579pt__13765,889.0,643.4646558629689,1057.6551290031166,1026.7526688522664,1245.4707684380105,514.7671495545394,1026.7526688522664
nrc_groeneveld_24579pt__13766,929.0,646.7336108864409,910.1654945632599,1003.0003768686435,1272.8852482763443,524.2402187279907,1003.0003768686435
nrc_groeneveld_24579pt__13767,1020.0,691.3377037307145,1223.498734603208,1141.067747244201,1467.7143563848101,605.2858927007636,1141.067747244201
nrc_groeneveld_24579pt__13768,1073.0,708.3898199628318,1253.666581248963,1192.0561975306134,1547.700541561798,641.9053640220928,1192.0561975306134
nrc_groeneveld_24579pt__13769,1107.0,678.6424053590725,1182.5533071330992,1139.957627188578,1504.594341138229,621.288678987721,1139.957627188578
nrc_groeneveld_24579pt__13770,1189.0,663.8389393523532,1258.4335036594464,1146.449104999464,1521.5794736102569,628.9479697890737,1146.449104999464
nrc_groeneveld_24579pt__13771,1198.0,711.1346071443812,1227.065518825896,1155.3777291856977,1649.69608768251,690.6308453156585,1155.3777291856977
nrc_groeneveld_24579pt__13772,1232.0,674.796333622838,1199.749040854125,1176.3657705213334,1584.1474582652813,659.0192634788269,1176.3657705213334
nrc_groeneveld_24579pt__13773,1301.0,707.2383112456804,1098.0310210744672,1037.7037793666175,1683.2213590423203,711.989026176948,1037.7037793666175
nrc_groeneveld_24579pt__13774,1404.0,845.6320760367822,1515.1213945975942,1369.8726171310689,1923.9924409414323,859.1125054887983,1369.8726171310689
nrc_groeneveld_24579pt__13775,1491.0,930.4718584882663,1601.886512507554,1631.8702879191922,2047.4522428020834,968.899631235348,1631.8702879191922
nrc_groeneveld_24579pt__13776,1538.0,1012.1398658492471,1773.7007571798251,1617.0199420623699,2177.591307283995,1035.5831955058466,1617.0199420623699
nrc_groeneveld_24579pt__13777,462.0,47.974238139846,292.6313142835373,268.18069236693253,1174.3057470280728,40.323056784260615,268.18069236693253
nrc_groeneveld_24579pt__13778,536.0,57.98736289402043,395.87289860610935,373.8630384213609,1589.0407553004222,43.76212652737654,373.8630384213609
nrc_groeneveld_24579pt__13779,595.0,70.14581193993735,458.27948533941804,459.75253152391144,2016.1792307652822,47.99236242097804,459.75253152391144
nrc_groeneveld_24579pt__13780,664.0,83.01553465714096,523.3729310850985,549.6597280105647,2555.9112033579204,54.08237332543989,549.6597280105647
nrc_groeneveld_24579pt__13781,714.0,90.47912968392083,564.5341928459916,582.8875745600363,2807.0587846422527,58.236667417050256,582.8875745600363
nrc_groeneveld_24579pt__13782,772.0,107.52705007805993,610.6091938989022,616.3673731075244,3329.3121571426636,64.46701572146577,616.3673731075244
nrc_groeneveld_24579pt__13783,845.0,127.65712824624505,684.6154385482661,702.4857011945513,3916.611658041483,72.76563385932603,702.4857011945513
nrc_groeneveld_24579pt__13784,923.0,149.44964286212934,752.2462125190622,752.5239565515521,4552.922391668692,82.41967762908394,752.5239565515521
nrc_groeneveld_24579pt__13785,974.0,161.87552124842824,800.7635129741767,783.0175319486251,4943.09376322539,88.94123988081145,783.0175319486251
nrc_groeneveld_24579pt__13786,1099.0,204.09291906088563,924.4762035685228,982.8073102608527,6424.359285565177,110.21976468671737,982.8073102608527
nrc_groeneveld_24579pt__13787,1179.0,223.5491753189529,939.0135744821698,983.9123184436719,7051.692845628632,122.06053640023826,983.9123184436719
nrc_groeneveld_24579pt__13788,1286.0,218.81474334641527,1013.8823280529648,1014.3451801951135,6924.47339661453,129.87945470518335,1014.3451801951135
nrc_groeneveld_24579pt__13789,1354.0,251.84123827886532,1021.5392711694625,1158.4850518302778,8036.073531102156,147.85270524677776,1158.4850518302778
nrc_groeneveld_24579pt__13790,390.0,41.07171988830009,242.4365186524676,215.19573805717263,936.7443565995275,39.29221550228596,215.19573805717263
nrc_groeneveld_24579pt__13791,425.0,46.6233681257422,284.32930595558014,230.1433249138822,1105.916005921209,41.242143970420685,230.1433249138822
nrc_groeneveld_24579pt__13792,438.0,49.15761303524621,301.78555188831245,279.57790487381993,1193.5468802621485,41.85272764594682,279.57790487381993
nrc_groeneveld_24579pt__13793,482.0,55.85694259637189,385.93575490326805,325.59540771083726,1429.0364359531552,44.85681304201151,325.59540771083726
nrc_groeneveld_24579pt__13794,540.0,68.02261568889237,462.0363426943703,443.13366016189264,1869.5658690280636,49.34106559101836,443.13366016189264
nrc_groeneveld_24579pt__13795,584.0,77.30828492312496,527.9735298904966,527.9165427465404,2211.133110779303,54.15749032397023,527.9165427465404
nrc_groeneveld_24579pt__13796,650.0,93.83402333250145,593.5347282541311,630.4585796467097,2908.712230215732,62.766583615875696,630.4585796467097
nrc_groeneveld_24579pt__13797,698.0,105.39317041336606,653.3829735640103,671.9361907971295,3300.883030947407,70.06038697063889,671.9361907971295
nrc_groeneveld_24579pt__13798,772.0,129.1860510900115,744.6585401473233,761.7213053144437,4048.981788389516,81.01598231463987,761.7213053144437
nrc_groeneveld_24579pt__13799,826.0,139.08135525524514,773.7888540854434,790.006410001875,4331.065822953748,85.08789997971235,790.006410001875
nrc_groeneveld_24579pt__13800,920.0,171.8952657752327,890.7763261377542,846.3216888075909,5313.549353322666,99.20164579662598,846.3216888075909
nrc_groeneveld_24579pt__13801,991.0,179.9762392931753,825.0080421697,902.9888486638612,5635.576578295063,109.11872386508242,902.9888486638612
nrc_groeneveld_24579pt__13802,1062.0,194.88559596017316,937.0863892721165,952.052706043113,6157.085177858277,116.66842968435127,952.052706043113
nrc_groeneveld_24579pt__13803,1099.0,191.6957707426471,935.1387225858069,958.1408594906582,6060.484610118493,116.90220451344744,958.1408594906582
nrc_groeneveld_24579pt__13804,1183.0,200.26449685310837,1001.9913488670667,987.5521224834026,6337.9056937140085,125.3589689799942,987.5521224834026
nrc_groeneveld_24579pt__13805,1253.0,188.3409359161446,1032.684502942413,991.5160252669536,5975.3762187613465,127.60451374691016,991.5160252669536
nrc_groeneveld_24579pt__13806,1332.0,223.04141537291287,1078.54837722936,1082.947753176764,7105.901895522405,147.1193517287354,1082.947753176764
nrc_groeneveld_24579pt__13807,1375.0,242.81724188344975,1064.8852659884792,1213.023173441716,7791.364592847328,159.8457389739591,1213.023173441716
nrc_groeneveld_24579pt__13808,1479.0,270.009969236313,1246.4536728030066,1340.9460930890255,8674.234916343368,183.27274136795302,1340.9460930890255
nrc_groeneveld_24579pt__13809,1546.0,307.647879538054,1358.0026999424051,1431.6956341978246,9923.160117889624,210.68518534877362,1431.6956341978246
nrc_groeneveld_24579pt__13810,1683.0,297.7415205168145,1517.6388627070899,1576.0132156950317,9567.528823925504,232.43888504362627,1576.0132156950317
nrc_groeneveld_24579pt__13811,1798.0,310.6864769882915,1487.903651204462,1670.789497465547,9764.707478967557,259.4603379650468,1670.789497465547
nrc_groeneveld_24579pt__13812,1863.0,350.8342747329302,1664.34871045995,1750.4488708831886,10359.28239527004,282.95546048158354,1750.4488708831886
nrc_groeneveld_24579pt__13813,1890.0,358.905160970427,1637.0006070514726,1779.2233728703093,10448.092942392625,289.87827975119535,1779.2233728703093
nrc_groeneveld_24579pt__13814,2021.0,331.799357545821,1534.9258949243074,1853.4820046430225,9754.431587394789,298.7941971977028,1853.4820046430225
nrc_groeneveld_24579pt__13815,2102.0,400.3966160084313,1531.5814639193798,1712.1075710922498,10622.734605177833,346.1589282194399,1712.1075710922498
nrc_groeneveld_24579pt__13816,2152.0,376.41638093084737,1568.1243159401613,1751.717515258051,10135.588758317923,345.95946022792674,1751.717515258051
nrc_groeneveld_24579pt__13817,2200.0,424.76011787471907,1623.5350466622936,1880.2437096122565,10783.555235276473,373.12816389970817,1880.2437096122565
nrc_groeneveld_24579pt__13818,2334.0,434.09366725252306,1669.2040625657937,1986.526128116562,10589.899146127953,405.20638370892397,1986.526128116562
nrc_groeneveld_24579pt__13819,2437.0,441.3646707754378,1687.9258647141746,1984.0290416846924,10382.680373557743,431.07445597181913,1984.0290416846924
nrc_groeneveld_24579pt__13820,2577.0,535.263564920681,2038.3607964156904,2107.8796593655256,11114.428926496063,515.177348600586,2107.8796593655256
nrc_groeneveld_24579pt__13821,2680.0,562.6896062262238,2113.6528844405425,2203.5553536459015,11122.969266614104,558.9970677032038,2203.5553536459015
nrc_groeneveld_24579pt__13822,2791.0,618.634203675349,2185.1125510892575,2328.3515103454342,11385.684609656159,627.99779361519,2328.3515103454342
nrc_groeneveld_24579pt__13823,2879.0,675.4855016017859,2237.642081119659,2377.3600946615456,11616.850531521119,696.6532724874246,2377.3600946615456
nrc_groeneveld_24579pt__13824,2987.0,746.4308463248356,2176.898098385898,2473.090637778476,11811.529958946332,790.2306449194922,2473.090637778476
nrc_groeneveld_24579pt__13825,441.0,2.5184188662080365,227.91826538724604,195.59330459808547,30000.0,88.27522720962888,195.59330459808547
nrc_groeneveld_24579pt__13826,442.0,3.22941177459202,238.75241640782133,241.78914429429983,30000.0,91.35879286836067,241.78914429429983
nrc_groeneveld_24579pt__13827,441.0,3.2481162720092156,239.9343590633056,246.02067113024958,30000.0,91.81063848303258,246.02067113024958
nrc_groeneveld_24579pt__13828,469.0,3.8833084985832054,264.6979438721865,261.3161958310877,30000.0,100.36574539401958,261.3161958310877
nrc_groeneveld_24579pt__13829,535.0,4.973436581388794,316.5058032384091,328.8191981487648,30000.0,118.41050959454766,328.8191981487648
nrc_groeneveld_24579pt__13830,570.0,5.557465094291126,342.5035816761636,365.8300358408341,30000.0,128.34076628936475,365.8300358408341
nrc_groeneveld_24579pt__13831,626.0,7.986675348312227,405.86525446066724,448.208886104352,30000.0,152.25301529401222,448.208886104352
nrc_groeneveld_24579pt__13832,644.0,8.347756873454575,411.74003018013127,459.9025753298133,30000.0,158.12800095955046,459.9025753298133
nrc_groeneveld_24579pt__13833,724.0,13.381068713941467,489.2477402044744,537.2222414486021,30000.0,192.5203744260429,537.2222414486021
nrc_groeneveld_24579pt__13834,754.0,14.759942272140199,522.8287442789231,556.4232956847758,30000.0,204.28966906587706,556.4232956847758
nrc_groeneveld_24579pt__13835,822.0,19.13945985348479,573.474077285921,621.3806466067784,30000.0,231.92783614279858,621.3806466067784
nrc_groeneveld_24579pt__13836,842.0,24.850823842784358,616.6170360817164,710.060681078592,30000.0,256.50478347004554,710.060681078592
nrc_groeneveld_24579pt__13837,892.0,27.9142425484951,663.0291249249502,779.4792505412669,30000.0,277.3916286085206,779.4792505412669
nrc_groeneveld_24579pt__13838,913.0,26.163083443563117,669.29025924994,754.7028113546185,30000.0,280.0283711356903,754.7028113546185
nrc_groeneveld_24579pt__13839,1048.0,31.26316425411574,706.463223363978,774.7812459191425,30000.0,329.45655383144833,774.7812459191425
nrc_groeneveld_24579pt__13840,323.0,2.833181800380224,213.36611378216134,201.80163646574422,30000.0,81.41647375774208,201.80163646574422
nrc_groeneveld_24579pt__13841,350.0,3.103669763039608,230.58968491919504,219.2910738431214,30000.0,88.19530838455476,219.2910738431214
nrc_groeneveld_24579pt__13842,391.0,3.9953097634221795,274.9450553924655,269.5558956996356,30000.0,103.53053229405643,269.5558956996356
nrc_groeneveld_24579pt__13843,439.0,5.254756880147921,330.6583463554398,346.69244297742307,30000.0,123.82916169976922,346.69244297742307
nrc_groeneveld_24579pt__13844,502.0,7.056944502681902,397.6581294235876,422.7456777264729,30000.0,147.74420214682382,422.7456777264729
nrc_groeneveld_24579pt__13845,543.0,8.4353974864217,441.8093708234331,469.69951467837706,30000.0,172.14261290070715,469.69951467837706
nrc_groeneveld_24579pt__13846,582.0,11.76239520277357,507.015319917348,518.7178893402046,30000.0,200.62762137812842,518.7178893402046
nrc_groeneveld_24579pt__13847,673.0,12.838293372652185,594.5471524805268,598.0931167296578,30000.0,239.50578473470267,598.0931167296578
nrc_groeneveld_24579pt__13848,720.0,12.949366827553375,600.6882001321809,621.5752638723213,30000.0,249.45172033428042,621.5752638723213
nrc_groeneveld_24579pt__13849,761.0,16.517505495795415,631.1723597911935,681.9669745338309,30000.0,263.06544414606424,681.9669745338309
nrc_groeneveld_24579pt__13850,829.0,18.650020393264047,680.3516078854777,740.4303429476748,30000.0,293.3867107522399,740.4303429476748
nrc_groeneveld_24579pt__13851,836.0,20.193848526198792,666.1054086921238,747.7532201565148,30000.0,303.81145952824596,747.7532201565148
nrc_groeneveld_24579pt__13852,965.0,24.659040513338866,763.7401370281275,769.6080219808834,30000.0,355.8997318276056,769.6080219808834
nrc_groeneveld_24579pt__13853,1045.0,29.463393362656387,769.2410635009029,855.5972229340771,30000.0,393.0994492998494,855.5972229340771
nrc_groeneveld_24579pt__13854,1169.0,38.04932902781891,927.8458299707345,1019.5488593100088,30000.0,470.33388203518876,1019.5488593100088
nrc_groeneveld_24579pt__13910,629.0,438.251036658713,820.2896933842587,854.6528073409842,1223.4849864933626,492.80036811613235,854.6528073409842
nrc_groeneveld_24579pt__13911,756.0,522.4997328709642,712.5237581884088,716.2005932927447,1322.0145690629977,590.1210181974757,716.2005932927447
nrc_groeneveld_24579pt__13912,870.0,616.691667900989,821.8172475796908,898.022709532416,1319.0597002343304,691.3479206407702,898.022709532416
nrc_groeneveld_24579pt__13913,990.0,578.9667031023849,755.4431090338429,768.1787893796325,1219.966099725482,639.173992793006,768.1787893796325
nrc_groeneveld_24579pt__13914,1123.0,671.9051589599926,800.4675470150962,812.5198650736768,1142.8277636842981,718.9578049936613,812.5198650736768
nrc_groeneveld_24579pt__13915,1247.0,741.8849299450354,953.0846365931883,846.9465375496012,1097.3518986758925,847.230513968385,846.9465375496012
nrc_groeneveld_24579pt__13916,1397.0,872.2383468140733,1093.3386074155417,1104.1320284488634,1154.330999453481,1115.3998692841828,1104.1320284488634
nrc_groeneveld_24579pt__13917,1388.0,854.3569438417848,1080.7855595858666,1045.5370628638375,1124.6042945202312,1105.168323584507,1045.5370628638375
nrc_groeneveld_24579pt__13918,1548.0,951.558713064921,1228.7516358576952,1197.845259890593,1152.440242300799,1499.4979258863493,1197.845259890593
nrc_groeneveld_24579pt__13919,1668.0,1144.1228909415377,1441.7659067384893,1367.566626503588,1311.4597775573536,2279.4881634363223,1367.566626503588
nrc_groeneveld_24579pt__13920,1811.0,1202.1382686057216,1509.4920164191956,1509.8495420176087,1339.2825957603918,2727.148585526847,1509.8495420176087
nrc_groeneveld_24579pt__13921,2018.0,1404.7089444983023,1671.5020392841946,1639.0677208539948,1643.09910474433,4460.880941046494,1639.0677208539948
nrc_groeneveld_24579pt__13922,2174.0,1434.5758758141062,1775.3058463323725,1760.6940657791067,1759.6180288755393,5335.978361246996,1760.6940657791067
nrc_groeneveld_24579pt__13923,466.0,127.82397120660606,681.2879106207517,599.5663708084173,3727.06159525482,115.35041534269966,599.5663708084173
nrc_groeneveld_24579pt__13924,610.0,142.00424169483082,659.9996190394788,673.6169473104165,4329.032806556266,164.56155020688985,673.6169473104165
nrc_groeneveld_24579pt__13925,848.0,171.87305899592923,661.8704508890281,565.5870278406901,4138.366454647349,331.7676240006459,565.5870278406901
nrc_groeneveld_24579pt__13926,992.0,200.02355868546485,646.8546444462694,603.1398271204372,3968.9647395515735,459.0403123789639,603.1398271204372
nrc_groeneveld_24579pt__13927,1126.0,226.8623392241422,663.0086822527849,632.6377053977899,3774.278955670257,630.0508601045475,632.6377053977899
nrc_groeneveld_24579pt__13928,1252.0,267.28366238171225,760.4091077132186,653.3205988647261,3597.2270912364065,825.8566988442146,653.3205988647261
nrc_groeneveld_24579pt__13929,1396.0,343.51778901391157,872.1878634516072,822.5928817905768,3370.330010464403,1266.3644241662032,822.5928817905768
nrc_groeneveld_24579pt__13930,1584.0,427.09460048899143,986.5170517970732,918.6172571276653,3097.0589628501575,2043.4171203294402,918.6172571276653
nrc_groeneveld_24579pt__13931,1697.0,471.5760678226805,1064.9258765583406,964.4301991228349,3001.458428765611,2672.7520197447384,964.4301991228349
nrc_groeneveld_24579pt__13932,1887.0,615.3991934059253,1217.7762325386054,1226.664484647481,3004.673064402874,4936.615147558348,1226.664484647481
nrc_groeneveld_24579pt__13933,1966.0,686.6784705958657,1330.4552357975047,1281.2213787825144,2985.3260515604306,6984.261527681339,1281.2213787825144
nrc_groeneveld_24579pt__13934,2232.0,825.3479856575314,1501.9366035174462,1464.5790350222144,3215.5259836379996,10756.45816625656,1464.5790350222144
nrc_groeneveld_24579pt__13935,488.0,14.683573481634292,505.00178858057063,540.4299331665995,30000.0,488.5117678708528,540.4299331665995
nrc_groeneveld_24579pt__13936,540.0,14.62974548136494,526.1738150882919,556.6303631723661,30000.0,530.2494141106445,556.6303631723661
nrc_groeneveld_24579pt__13937,705.0,18.226621739551984,442.8861053803127,428.38667890600647,30000.0,770.8236797256426,428.38667890600647
nrc_groeneveld_24579pt__13938,778.0,18.371126455285292,468.15742332815756,431.42669113690323,30000.0,827.2429242565324,431.42669113690323
nrc_groeneveld_24579pt__13939,860.0,20.546371049797667,468.6430027654875,463.9451878906681,30000.0,1025.4316288835034,463.9451878906681
nrc_groeneveld_24579pt__13940,1081.0,24.79708238285576,585.4384141168629,590.8200726031586,30000.0,1312.6435265465109,590.8200726031586
nrc_groeneveld_24579pt__13941,1039.0,22.526395602284264,545.8042690518025,499.58306597601023,30000.0,1306.7268550808974,499.58306597601023
nrc_groeneveld_24579pt__13942,1250.0,25.51137987457941,608.8541006357354,545.3968142497762,30000.0,1475.6546787647117,545.3968142497762
nrc_groeneveld_24579pt__13943,1172.0,26.719854029341676,621.8533132945532,543.5125281880707,30000.0,1504.6077269625803,543.5125281880707
nrc_groeneveld_24579pt__13944,1393.0,32.215892002644786,729.2867759238256,681.6593031649172,30000.0,1831.030832545958,681.6593031649172
nrc_groeneveld_24579pt__13945,1391.0,35.287402236866974,770.5495727661071,750.9428457306369,30000.0,1880.48205909171,750.9428457306369
nrc_groeneveld_24579pt__13946,1532.0,51.39748011786005,931.973900177752,897.6894408005878,30000.0,2224.3108673305937,897.6894408005878
nrc_groeneveld_24579pt__13947,1682.0,58.00989608584063,935.2505045466883,967.6751012641103,30000.0,2365.532047470307,967.6751012641103
nrc_groeneveld_24579pt__13948,1833.0,77.1853653644554,1058.2093169771047,1025.6830872223657,30000.0,2689.789043254015,1025.6830872223657
nrc_groeneveld_24579pt__13949,1978.0,112.97923492406645,1222.611906679043,1209.779946954094,30000.0,3050.0867745040823,1209.779946954094
nrc_groeneveld_24579pt__14222,342.0,221.08415221639353,301.637796776276,301.9361096610348,384.1905654438959,201.84281192188348,301.9361096610348
nrc_groeneveld_24579pt__14223,396.0,265.42346402105784,363.47138862117663,362.56471632128796,523.4577111586743,258.6010688400698,362.56471632128796
nrc_groeneveld_24579pt__14224,409.0,277.59131830161994,497.49847974578665,351.42430590648104,553.7755775477044,271.7542393546479,351.42430590648104
nrc_groeneveld_24579pt__14225,432.0,295.0344654618362,557.2326023242716,367.53660089709,590.0968628337014,287.63468811312106,367.53660089709
nrc_groeneveld_24579pt__14226,439.0,292.84534533207824,554.1716887513944,372.8412528688006,589.1740541060598,286.71707927768847,372.8412528688006
nrc_groeneveld_24579pt__14227,481.0,296.82350828246524,558.2659005787635,358.0684745425974,607.9438569871318,293.2130839503474,358.0684745425974
nrc_groeneveld_24579pt__14228,531.0,349.18356970792007,561.7077484033714,400.8358584706056,714.1869311336997,341.9449018527168,400.8358584706056
nrc_groeneveld_24579pt__14229,559.0,341.2242964419824,556.6541044573318,414.21846121512664,707.9746589734299,336.7676126793309,414.21846121512664
nrc_groeneveld_24579pt__14230,586.0,387.6596672514237,566.759786324333,399.688732607472,796.2344390627753,382.35275482066123,399.688732607472
nrc_groeneveld_24579pt__14231,626.0,370.0147265291945,433.14208615000075,372.5933550609529,781.0231702024358,370.1284913043608,372.5933550609529
nrc_groeneveld_24579pt__14232,678.0,457.190921622597,610.1169798996732,577.3493097260097,952.1757485908145,469.7922385832813,577.3493097260097
nrc_groeneveld_24579pt__14233,735.0,500.03589043300485,733.960343924722,754.1913374772099,1031.6655060326289,523.2817615305532,754.1913374772099
nrc_groeneveld_24579pt__14234,811.0,560.1831444250287,926.9125600021946,908.0495847167992,1116.6695760167984,590.4843113428103,908.0495847167992
nrc_groeneveld_24579pt__14235,843.0,602.167547100742,869.8840043095204,973.3189202842532,1172.221249954386,641.1484374581127,973.3189202842532
nrc_groeneveld_24579pt__14236,908.0,611.4521933753437,883.5949442057378,917.5088651580448,1184.7542094352375,653.2580281222031,917.5088651580448
nrc_groeneveld_24579pt__14237,964.0,642.4744858443053,814.1950775474025,1030.1417430911831,1235.932608598011,722.643408135282,1030.1417430911831
nrc_groeneveld_24579pt__14238,1047.0,607.7727976719877,974.1374961517149,927.5777320778909,1191.5423871310459,695.662427732414,927.5777320778909
nrc_groeneveld_24579pt__14239,1110.0,658.6771006556543,976.3592916256277,967.6377199918707,1233.595235741279,769.404321567764,967.6377199918707
nrc_groeneveld_24579pt__14240,1179.0,821.5879524076905,1090.055428256483,1101.4930919281026,1344.550807038902,929.7442287256962,1101.4930919281026
nrc_groeneveld_24579pt__14241,1248.0,749.086084168519,1053.576657964583,1014.5181856094476,1274.7727938160826,862.0545193892631,1014.5181856094476
nrc_groeneveld_24579pt__14242,1455.0,851.8152740486202,1077.6726766884951,1295.0881474814046,1282.6375901488902,1052.4150867907892,1295.0881474814046
nrc_groeneveld_24579pt__14243,1686.0,999.2494538074402,1378.0855715886955,1237.197627748887,1331.1978352668843,1299.901566404656,1237.197627748887
nrc_groeneveld_24579pt__14244,1990.0,1206.9465175718099,1619.1651159204796,1592.782303095543,1438.5671362462065,1746.3666277345194,1592.782303095543
nrc_groeneveld_24579pt__14245,2229.0,1230.7313836431197,1498.9368916867368,1628.6105828596,1393.0730966129508,2016.072910096519,1628.6105828596
nrc_groeneveld_24579pt__14246,2466.0,1494.6737471319655,1980.037177549387,1939.1420290150402,1657.7741515798564,3163.772288326418,1939.1420290150402
nrc_groeneveld_24579pt__14247,2690.0,1668.468806058272,2163.8833816905403,2193.5399046536904,1918.8039234930075,4140.256342483054,2193.5399046536904
nrc_groeneveld_24579pt__14248,2991.0,1810.1404872377987,2388.323788899982,2426.1642959887945,2263.9125653231563,5796.349873491561,2426.1642959887945
nrc_groeneveld_24579pt__14249,3261.0,2179.192768100413,2860.3498587986765,2814.8969047932,3381.066961894702,9511.806658662377,2814.8969047932
nrc_groeneveld_24579pt__14250,3535.0,2282.827259205044,3162.518718577751,3116.035209996041,4105.334972844303,11188.184445285478,3116.035209996041
nrc_groeneveld_24579pt__14251,257.0,234.81006130590765,335.6782123963327,325.27707455345126,394.9151630034057,207.7647474405243,325.27707455345126
nrc_groeneveld_24579pt__14252,285.0,258.20218454205497,327.237712737297,323.28352142348984,446.5022488828734,227.52108777652543,323.28352142348984
nrc_groeneveld_24579pt__14253,305.0,262.63153250098094,345.14730787876726,341.5262941160059,450.8724529572561,229.23716549670206,341.5262941160059
nrc_groeneveld_24579pt__14254,330.0,296.28086058959803,452.0418105904181,417.39931426305077,587.6911285479106,281.2100503187318,417.39931426305077
nrc_groeneveld_24579pt__14255,352.0,296.7916285160505,460.8759649693922,410.80899491205355,571.5697711324141,273.4552623745467,410.80899491205355
nrc_groeneveld_24579pt__14256,371.0,313.49372168232344,548.0780254070214,360.7595657608919,659.0659582410241,309.08114610516606,360.7595657608919
nrc_groeneveld_24579pt__14257,404.0,350.61113906654543,460.62401012409856,418.03371231449324,762.9396166759304,356.6840895089107,418.03371231449324
nrc_groeneveld_24579pt__14258,434.0,343.6852562028274,500.9138676958351,418.79476024893097,747.015159348896,344.76214471131243,418.79476024893097
nrc_groeneveld_24579pt__14259,470.0,424.53739867047636,672.5659256346268,635.1056683652298,924.3737885017325,448.74608884126263,635.1056683652298
nrc_groeneveld_24579pt__14260,501.0,405.7060560261367,671.2875388280726,617.4524251917675,902.7028562716227,436.6741204631078,617.4524251917675
nrc_groeneveld_24579pt__14261,562.0,473.4289885433439,655.1297454832076,644.4944630721776,1001.0188059881294,533.4750002354078,644.4944630721776
nrc_groeneveld_24579pt__14262,639.0,458.87812213177926,584.4892595951252,586.8437895796641,964.7270624683629,528.6955536473374,586.8437895796641
nrc_groeneveld_24579pt__14263,735.0,472.4272816751836,560.2286381521238,537.3240332278019,946.8668663842473,544.9055334345209,537.3240332278019
nrc_groeneveld_24579pt__14264,815.0,498.6870466125453,663.4139399198004,528.6280640734763,895.436809912762,556.3029408511462,528.6280640734763
nrc_groeneveld_24579pt__14265,898.0,568.3875274517824,723.5467996466015,628.8933378875179,914.0361882153347,632.4344171022187,628.8933378875179
nrc_groeneveld_24579pt__14266,1039.0,629.2238958525032,697.8354429988875,687.4881418440219,897.4277850468316,727.2482359644097,687.4881418440219
nrc_groeneveld_24579pt__14267,1240.0,738.1142406951874,863.4886500395927,834.8499259761227,910.0108146996895,949.3249931767624,834.8499259761227
nrc_groeneveld_24579pt__14268,1306.0,780.1180736507223,924.8066748721911,920.5536690185737,928.9604020019038,1073.8392616967421,920.5536690185737
nrc_groeneveld_24579pt__14269,1427.0,856.3314670952474,1031.741118253091,1113.729281063692,975.1902626566217,1333.4377463816415,1113.729281063692
nrc_groeneveld_24579pt__14270,1691.0,1092.1694155127977,1232.9222088736576,1371.740045255275,1153.3787319624983,2476.839085425548,1371.740045255275
nrc_groeneveld_24579pt__14271,1961.0,1229.4794170802863,1517.3389152424315,1665.3569080973505,1505.8975095363874,4896.620781737209,1665.3569080973505
nrc_groeneveld_24579pt__14272,315.0,60.32104597399035,245.92856371140786,253.9114432816606,1281.6819341602247,47.16519985903878,253.9114432816606
nrc_groeneveld_24579pt__14273,323.0,61.989622491135506,257.9221301958921,263.27460898119654,1326.0677474861634,48.709270791021396,263.27460898119654
nrc_groeneveld_24579pt__14274,330.0,64.35939294586068,260.00085292696923,260.5596216813806,1420.9462815961074,50.3987998288974,260.5596216813806
nrc_groeneveld_24579pt__14275,350.0,66.46330588055963,274.24992970572004,275.24093467321404,1471.7874652865278,52.44501649884021,275.24093467321404
nrc_groeneveld_24579pt__14276,381.0,72.4899247962792,313.0069995347276,278.1687976652316,1651.8585163518433,58.31053734584406,278.1687976652316
nrc_groeneveld_24579pt__14277,411.0,79.457478192804,468.33369432954356,311.1489998362967,1959.9801426462802,65.45374726963443,311.1489998362967
nrc_groeneveld_24579pt__14278,437.0,81.94315164270925,479.472347527314,296.35307206467235,2048.9760141682864,68.52844067282822,296.35307206467235
nrc_groeneveld_24579pt__14279,473.0,86.80948802747854,509.9403930895069,335.11460539231376,2216.6771591876845,75.16759584142527,335.11460539231376
nrc_groeneveld_24579pt__14280,519.0,95.76886498196126,463.3103402253416,393.11993080462406,2584.268070305452,86.896452135089,393.11993080462406
nrc_groeneveld_24579pt__14281,556.0,102.7400964243101,440.8675323130255,417.11474048040003,2898.8326577278826,99.05699067978432,417.11474048040003
nrc_groeneveld_24579pt__14282,579.0,107.85814371202261,465.1456917635525,515.6493431469348,3120.104758792422,106.87194770467914,515.6493431469348
nrc_groeneveld_24579pt__14283,625.0,116.8036981479798,558.1104896830279,588.0500779777669,3400.2567363690127,120.06872762039927,588.0500779777669
nrc_groeneveld_24579pt__14284,667.0,138.01954650843416,735.1112109081305,775.1336924459941,3977.4125100031742,146.7905622854653,775.1336924459941
nrc_groeneveld_24579pt__14285,727.0,148.678142448662,778.8840892153569,797.3517962482568,4180.663408200784,163.24782401429934,797.3517962482568
nrc_groeneveld_24579pt__14286,781.0,147.68385940558596,761.4996958348592,840.8441205682523,4090.480205546827,178.09805608848902,840.8441205682523
nrc_groeneveld_24579pt__14287,853.0,161.64094263842014,743.3918901283396,837.8963888955575,4175.350516589871,209.46222268034978,837.8963888955575
nrc_groeneveld_24579pt__14288,892.0,167.06313482222154,744.1540395353379,862.29877802977,4191.509282255191,219.92929606951205,862.29877802977
nrc_groeneveld_24579pt__14289,966.0,174.71108918210652,866.5231211366672,796.7688863321047,4202.079033413802,236.1260470917034,796.7688863321047
nrc_groeneveld_24579pt__14290,1035.0,182.2068416391494,876.6135699784093,752.6051675023903,4005.957239767664,268.5191413273286,752.6051675023903
nrc_groeneveld_24579pt__14291,1094.0,186.31630253826458,807.4722413084123,720.2390370543387,3904.6427442821837,288.6427201332841,720.2390370543387
nrc_groeneveld_24579pt__14292,1160.0,199.47632839331703,817.2048166256683,801.1630650939603,4006.7218046837547,318.57146778143226,801.1630650939603
nrc_groeneveld_24579pt__14293,1236.0,210.4730521019304,792.7788780352463,863.5998801677889,3971.3776716559787,360.76236809323495,863.5998801677889
nrc_groeneveld_24579pt__14294,1454.0,275.7973679510269,894.4243377760199,1059.3590141841335,4078.2004671050986,511.96389342816695,1059.3590141841335
nrc_groeneveld_24579pt__14295,1657.0,325.8187286349953,963.6188093000052,1034.839462737843,3890.019116592541,707.2257692506979,1034.839462737843
nrc_groeneveld_24579pt__14296,1898.0,444.8784158565854,1301.9110878526938,1245.5670403167799,3985.095320959441,1107.0427467079926,1245.5670403167799
nrc_groeneveld_24579pt__14297,2153.0,516.4925179376285,1463.9831582616957,1380.9088027166308,3647.241792940274,1646.6918926291216,1380.9088027166308
nrc_groeneveld_24579pt__14298,2388.0,669.3917497734943,1597.2883004826826,1627.9983214848544,3738.398220134174,2648.999701020525,1627.9983214848544
nrc_groeneveld_24579pt__14299,2657.0,865.7058738068743,1807.9319748028738,1849.9851292488243,4021.4771039554316,4187.355585242789,1849.9851292488243
nrc_groeneveld_24579pt__14300,2921.0,1199.0193846628745,2160.06880224236,2170.37028528257,4830.899199292646,7730.326097496947,2170.37028528257
nrc_groeneveld_24579pt__14301,3187.0,1465.253500932136,2397.0266778246196,2487.4801403191664,5774.343556061037,11667.097296961261,2487.4801403191664
nrc_groeneveld_24579pt__14302,3463.0,1685.3798944557393,2626.695007187085,2625.3146621142478,6759.182583623333,15498.191060836978,2625.3146621142478
nrc_groeneveld_24579pt__14303,260.0,73.4853987104658,277.9177351503343,274.33561895663354,1479.1668547651188,60.58423812987322,274.33561895663354
nrc_groeneveld_24579pt__14304,288.0,83.00344802730733,342.5712446737607,317.6012390907088,1847.398451025209,71.62573777379961,317.6012390907088
nrc_groeneveld_24579pt__14305,314.0,86.87943096859762,364.6814271717663,347.81609967155714,1903.2473371193742,77.63496957860278,347.81609967155714
nrc_groeneveld_24579pt__14306,321.0,92.37250612669934,460.4656730403221,329.5644881288501,2162.2864587006734,85.64572153508065,329.5644881288501
nrc_groeneveld_24579pt__14307,341.0,92.79649341379486,447.9762387522738,325.3444711667535,2095.454453062929,87.19735224429279,325.3444711667535
nrc_groeneveld_24579pt__14308,365.0,100.58514664533597,394.2540293890048,337.19351426158073,2490.554231625563,104.39422137489471,337.19351426158073
nrc_groeneveld_24579pt__14309,403.0,107.72901035548443,441.7795733085826,395.27825474220805,2862.6901876760553,125.16393238526048,395.27825474220805
nrc_groeneveld_24579pt__14310,380.0,105.96333407664157,433.4806107120648,357.8066142889969,2781.996647485662,125.01752285333387,357.8066142889969
nrc_groeneveld_24579pt__14311,438.0,119.55515373474091,601.4003294359259,572.038543912111,3086.1659415560866,152.4230059059916,572.038543912111
nrc_groeneveld_24579pt__14312,526.0,124.0962938496123,545.9387850866564,438.4830828388055,3029.915697750379,175.84885601410943,438.4830828388055
nrc_groeneveld_24579pt__14313,487.0,129.52236605775514,572.3570848770487,471.00839210445906,3151.9683425496883,184.01631746326768,471.00839210445906
nrc_groeneveld_24579pt__14314,547.0,128.38285420288108,565.1190432250121,480.9623577217862,2998.71429944869,192.32784101561288,480.9623577217862
nrc_groeneveld_24579pt__14315,583.0,138.39243649468398,498.2852466637339,401.4292444825555,2998.956326460628,227.69088727204112,401.4292444825555
nrc_groeneveld_24579pt__14316,682.0,158.88551922955094,456.01013855156526,409.2253831619117,2875.833165179817,304.2087723089575,409.2253831619117
nrc_groeneveld_24579pt__14317,650.0,170.16025478496587,466.84801166059793,463.98257380630844,3093.5309653805066,328.51077897360807,463.98257380630844
nrc_groeneveld_24579pt__14318,744.0,164.61402913801538,478.9669662810527,411.2299525239593,2763.396536388847,341.70646569704473,411.2299525239593
nrc_groeneveld_24579pt__14319,799.0,167.24928910711353,556.8695379223444,411.31676392699006,2671.9013046974533,368.55205316393995,411.31676392699006
nrc_groeneveld_24579pt__14320,875.0,182.96637169876757,567.1171773999561,450.7581351010704,2583.8004022756304,478.092066369808,450.7581351010704
nrc_groeneveld_24579pt__14321,929.0,185.96795362391606,574.0906419877731,481.3961777270118,2579.5921233922427,500.60591500408947,481.3961777270118
nrc_groeneveld_24579pt__14322,985.0,204.67767166465651,564.4666409074428,507.5027288943373,2503.9500802798198,595.6917959626404,507.5027288943373
nrc_groeneveld_24579pt__14323,1044.0,216.56651347440615,574.2977200510624,479.0504544363108,2402.55959813995,673.931302763514,479.0504544363108
nrc_groeneveld_24579pt__14324,1115.0,240.1871378540912,591.3529329944242,519.2097002414838,2300.8245372274228,818.236875243224,519.2097002414838
nrc_groeneveld_24579pt__14325,1184.0,275.08740238630384,642.6961440053391,601.2216152548883,2254.372737909378,1030.431169009341,601.2216152548883
nrc_groeneveld_24579pt__14326,1420.0,380.75476510646945,774.8699429611281,727.6317142696537,2163.3531420232034,1987.794345894478,727.6317142696537
nrc_groeneveld_24579pt__14327,1633.0,498.26554725683917,949.1280167182495,907.8592752069032,2203.8187883050505,3990.0883243193966,907.8592752069032
nrc_groeneveld_24579pt__14328,1903.0,644.713997185149,1081.465698176055,1067.3167749160077,2416.3824425138364,7752.690390544203,1067.3167749160077
nrc_groeneveld_24579pt__14329,2011.0,721.3304330787855,1227.8826606847858,1198.1244581418275,2635.0212091338435,12018.698453476023,1198.1244581418275
nrc_groeneveld_24579pt__14330,264.0,4.409992061127761,239.35163943576023,191.5347623405326,30000.0,150.89228626585208,191.5347623405326
nrc_groeneveld_24579pt__14331,292.0,4.997261325105315,267.6706616918653,204.10018761165986,30000.0,169.40337165336388,204.10018761165986
nrc_groeneveld_24579pt__14332,321.0,5.8057144162964915,298.21837265458663,215.19014742266316,30000.0,188.80129631599664,215.19014742266316
nrc_groeneveld_24579pt__14333,311.0,5.829428046608861,301.1965332783252,217.82151148253513,30000.0,190.61035247431442,217.82151148253513
nrc_groeneveld_24579pt__14334,342.0,6.59699768469292,337.9965917878449,261.54231848578803,30000.0,212.7337646731329,261.54231848578803
nrc_groeneveld_24579pt__14335,361.0,7.071484034736873,349.98935802958,280.5814606119127,30000.0,225.37547047766026,280.5814606119127
nrc_groeneveld_24579pt__14336,403.0,8.123851567282074,389.23509812473424,338.7037393458888,30000.0,258.3512014699635,338.7037393458888
nrc_groeneveld_24579pt__14337,441.0,9.441646304455734,374.09938519965607,421.4258311248017,30000.0,294.9479842964979,421.4258311248017
nrc_groeneveld_24579pt__14338,494.0,10.463275955921116,398.8769679288901,454.59515572509133,30000.0,332.4713678213101,454.59515572509133
nrc_groeneveld_24579pt__14339,525.0,11.011887580764457,423.9555076009438,488.46473750912526,30000.0,355.987162967933,488.46473750912526
nrc_groeneveld_24579pt__14340,550.0,11.739871889498788,455.91495444381405,491.9454691780882,30000.0,377.6964148614738,491.9454691780882
nrc_groeneveld_24579pt__14341,579.0,13.36537481901936,508.5732133904408,519.1884692264322,30000.0,408.91581852274834,519.1884692264322
nrc_groeneveld_24579pt__14342,643.0,13.410217040229677,559.0624769000592,554.9984743733751,30000.0,447.38002085388615,554.9984743733751
nrc_groeneveld_24579pt__14343,682.0,14.489401329848057,571.9091924230592,589.321955134704,30000.0,475.9023458165236,589.321955134704
nrc_groeneveld_24579pt__14344,709.0,16.51291015429762,603.0703500974741,697.187086295018,30000.0,520.7544960093936,697.187086295018
nrc_groeneveld_24579pt__14345,805.0,15.891219213103614,546.0418069729909,637.0408505583142,30000.0,566.9514359166948,637.0408505583142
nrc_groeneveld_24579pt__14346,868.0,16.83237034465762,552.1095338675191,618.2551574493965,30000.0,616.3669858748339,618.2551574493965
nrc_groeneveld_24579pt__14347,931.0,18.250577063294546,559.2908999446009,683.4669073001744,30000.0,666.2745405715061,683.4669073001744
nrc_groeneveld_24579pt__14348,989.0,18.70017115656462,657.767169778505,640.6114700738575,30000.0,722.1018847304042,640.6114700738575
nrc_groeneveld_24579pt__14349,1051.0,19.440625514383633,682.627605129544,639.0447649076334,30000.0,754.3544321767777,639.0447649076334
nrc_groeneveld_24579pt__14350,1128.0,20.4356593577451,713.2534296513617,682.9411875838392,30000.0,816.1674092039959,682.9411875838392
nrc_groeneveld_24579pt__14351,1184.0,22.67503079748786,876.4243147783973,800.3551253591872,30000.0,892.1658998231084,800.3551253591872
nrc_groeneveld_24579pt__14352,1417.0,28.05551455134346,838.9827146065019,932.2464884909297,30000.0,1114.2413940703457,932.2464884909297
nrc_groeneveld_24579pt__14353,1634.0,37.49683317827353,933.7494098844553,862.0584729328617,30000.0,1335.283800470947,862.0584729328617
nrc_groeneveld_24579pt__14354,1902.0,61.02299280863276,1109.175093119336,1145.8355251077544,30000.0,1602.235904489613,1145.8355251077544
nrc_groeneveld_24579pt__14355,2156.0,90.80066758593658,1216.8552769982703,1213.1890451271686,30000.0,1869.2903200556525,1213.1890451271686
nrc_groeneveld_24579pt__14356,2405.0,146.70611419721732,1404.7408568294384,1352.6664480977463,30000.0,2162.7599186254993,1352.6664480977463
nrc_groeneveld_24579pt__14357,2672.0,216.31691497428477,1597.6643054385706,1594.3023416516507,30000.0,2493.1772164680488,1594.3023416516507
nrc_groeneveld_24579pt__14358,2916.0,304.7606561873458,1769.6602690671361,1666.5411465179704,30000.0,2798.018254728206,1666.5411465179704
nrc_groeneveld_24579pt__14359,3133.0,377.8716807686238,1896.0467176350567,1741.5552354093902,30000.0,3015.517696287753,1741.5552354093902
nrc_groeneveld_24579pt__14360,3130.0,474.5472291049284,2013.1032225438805,1873.9732935442692,30000.0,3204.432809315172,1873.9732935442692
nrc_groeneveld_24579pt__14361,248.0,5.5923715580643005,252.67898430379324,232.78538935163036,30000.0,239.1294025627372,232.78538935163036
nrc_groeneveld_24579pt__14362,260.0,5.5767774764811,237.23039727541504,234.62413874842048,30000.0,248.65362776641751,234.62413874842048
nrc_groeneveld_24579pt__14363,281.0,7.710991942068117,352.36249159770415,247.310908716931,30000.0,311.3628202931577,247.310908716931
nrc_groeneveld_24579pt__14364,294.0,8.458119558693973,274.83221700056293,236.94916423249137,30000.0,343.4468592291701,236.94916423249137
nrc_groeneveld_24579pt__14365,318.0,8.82311866273359,289.9710897413287,253.93164403497974,30000.0,373.7654484306998,253.93164403497974
nrc_groeneveld_24579pt__14366,339.0,8.887537807940957,297.3827619008525,257.44789406924104,30000.0,383.2749878926429,257.44789406924104
nrc_groeneveld_24579pt__14367,357.0,8.88036787476703,317.76879756811616,253.6700936416348,30000.0,399.59415493398143,253.6700936416348
nrc_groeneveld_24579pt__14368,383.0,9.774186290015349,313.54969141244857,279.5951936946693,30000.0,465.21235099734594,279.5951936946693
nrc_groeneveld_24579pt__14369,402.0,10.471357097235206,322.9789722248445,294.4535926902203,30000.0,492.7907053793919,294.4535926902203
nrc_groeneveld_24579pt__14370,421.0,10.8112621758152,332.6013570113099,317.34950847750673,30000.0,517.2492953991494,317.34950847750673
nrc_groeneveld_24579pt__14371,433.0,11.275560645405307,331.41597526557047,320.37332942485006,30000.0,539.4348355632125,320.37332942485006
nrc_groeneveld_24579pt__14372,493.0,12.127148115344312,359.6107772967156,304.8043227358563,30000.0,608.3300994914381,304.8043227358563
nrc_groeneveld_24579pt__14373,541.0,12.81544135747379,387.69212964870803,311.84630279543757,30000.0,664.1142500053679,311.84630279543757
nrc_groeneveld_24579pt__14374,515.0,13.239525725350589,377.28662382745506,333.4877445342786,30000.0,672.7123824580289,333.4877445342786
nrc_groeneveld_24579pt__14375,579.0,12.13827525890393,315.2370379299633,275.57557507885053,30000.0,688.2286026125399,275.57557507885053
nrc_groeneveld_24579pt__14376,632.0,13.244554273074591,322.04548964797544,295.7238350835403,30000.0,787.6604461510958,295.7238350835403
nrc_groeneveld_24579pt__14377,686.0,13.80189161960646,313.0307930425116,282.4131421199604,30000.0,841.2887715458912,282.4131421199604
nrc_groeneveld_24579pt__14378,737.0,14.560447668678602,336.7116378332616,294.17435152143,30000.0,931.373088571601,294.17435152143
nrc_groeneveld_24579pt__14379,864.0,17.323641821099375,436.76581743306946,311.6663992294042,30000.0,1152.5934775749624,311.6663992294042
nrc_groeneveld_24579pt__14380,913.0,18.75837898891723,451.5128781880916,333.4257227204477,30000.0,1239.9288799133922,333.4257227204477
nrc_groeneveld_24579pt__14381,987.0,21.268880066138482,424.20827042748834,347.0933716091471,30000.0,1379.6446175800215,347.0933716091471
nrc_groeneveld_24579pt__14382,1046.0,22.677920734000388,436.2943695894021,372.6414430818508,30000.0,1472.822062739941,372.6414430818508
nrc_groeneveld_24579pt__14383,1123.0,23.55552289887623,457.0296803979065,403.15641893927716,30000.0,1560.6294268343702,403.15641893927716
nrc_groeneveld_24579pt__14384,1180.0,24.061562196666753,460.6346518998755,419.28367538006233,30000.0,1572.122787080757,419.28367538006233
nrc_groeneveld_24579pt__14385,1385.0,33.59064515502417,603.9702290434778,557.9326056359619,30000.0,1959.2453247219516,557.9326056359619
nrc_groeneveld_24579pt__14386,1638.0,62.81394026568601,832.5993371967202,835.8926232420054,30000.0,2484.045838775527,835.8926232420054
nrc_groeneveld_24579pt__14571,246.0,144.76888821836482,176.8721375461727,175.63246932227347,193.18018349185712,112.24029447825238,175.63246932227347
nrc_groeneveld_24579pt__14572,271.0,172.81758921247413,242.13592453398357,216.2280100361833,270.560333316911,147.04598995225385,216.2280100361833
nrc_groeneveld_24579pt__14573,287.0,173.52268495981198,249.71064913252619,224.79734704139574,252.2301901563113,137.80107902897345,224.79734704139574
nrc_groeneveld_24579pt__14574,304.0,186.31530094534844,249.46190299442216,225.80797341276653,284.9970938423272,152.95778087671843,225.80797341276653
nrc_groeneveld_24579pt__14575,338.0,209.60640126864908,228.61380485619992,230.3885408148657,365.9126871676816,195.92583468929982,230.3885408148657
nrc_groeneveld_24579pt__14576,349.0,213.29471520491524,233.14377315028977,233.01416520940032,369.14227577848317,197.0150834016139,233.01416520940032
nrc_groeneveld_24579pt__14577,381.0,234.3556906689221,273.64758764057495,250.20177382573297,408.54594151712485,218.83850623071964,250.20177382573297
nrc_groeneveld_24579pt__14578,404.0,253.51397391537586,253.07245083452142,261.8054141619897,444.5518790712469,241.08723101369574,261.8054141619897
nrc_groeneveld_24579pt__14579,423.0,268.5498450673683,235.0464579297356,245.3287089160977,474.75552107325166,261.68551208148324,245.3287089160977
nrc_groeneveld_24579pt__14580,458.0,307.3664060274808,285.1957538845143,263.2493978347761,551.8063009081355,321.7041984315688,263.2493978347761
nrc_groeneveld_24579pt__14581,508.0,333.0861207524976,318.3512587710675,339.9235385187997,590.9341300787859,356.1899583733635,339.9235385187997
nrc_groeneveld_24579pt__14582,564.0,384.5589136769021,482.0932704231826,605.3933057747018,678.0375901134496,451.4532901773919,605.3933057747018
nrc_groeneveld_24579pt__14583,630.0,435.9284106858155,653.3304994788963,597.35402725144,738.9131820020457,537.5642751448834,597.35402725144
nrc_groeneveld_24579pt__14584,691.0,440.3548572758698,620.8096054134035,545.6823209497029,736.1276341359206,547.5663523439711,545.6823209497029
nrc_groeneveld_24579pt__14585,788.0,464.2983456026707,685.9267048469392,601.4248878873876,731.2495391205881,575.6352693268587,601.4248878873876
nrc_groeneveld_24579pt__14586,888.0,479.5431730510123,546.1990764778882,569.7992903031795,710.2149627014527,576.043367199572,569.7992903031795
nrc_groeneveld_24579pt__14587,145.0,139.71609242200051,175.30386077950004,180.31221550235773,210.03280508915404,118.45216460491726,180.31221550235773
nrc_groeneveld_24579pt__14588,165.0,163.06955340633908,226.45813622094525,204.21665782988057,255.81625533851258,140.30114645135467,204.21665782988057
nrc_groeneveld_24579pt__14589,185.0,178.7497459418474,254.79767067545427,209.2551546801026,284.0877760244152,153.5500638007867,209.2551546801026
nrc_groeneveld_24579pt__14590,201.0,189.8138466789641,253.40955272259694,230.00511702606923,297.967112665828,159.38755581351992,230.00511702606923
nrc_groeneveld_24579pt__14591,221.0,198.58528089983014,274.9575758620272,255.6357330194378,302.1802851914422,160.1883953830433,255.6357330194378
nrc_groeneveld_24579pt__14592,245.0,210.30933715833123,303.94255951518545,276.84832730186105,316.1679625805209,165.55340617037385,276.84832730186105
nrc_groeneveld_24579pt__14593,255.0,223.9508268604006,334.97650459918196,303.1297719387812,353.94514954824274,184.4792914063025,303.1297719387812
nrc_groeneveld_24579pt__14594,282.0,272.14157550970555,277.31658120427096,292.2149842686791,463.1711340050294,248.85100696394488,292.2149842686791
nrc_groeneveld_24579pt__14595,301.0,271.663801218479,351.0396099979994,299.73678635883755,456.4678319801577,243.04632819035334,299.73678635883755
nrc_groeneveld_24579pt__14596,281.0,285.3181880362328,275.12657883611524,274.664595710681,494.6640123851021,272.5078730312012,274.664595710681
nrc_groeneveld_24579pt__14597,322.0,304.6084286067918,384.2782243409387,318.90231966323216,517.8490273931507,288.05848052739935,318.90231966323216
nrc_groeneveld_24579pt__14598,345.0,328.5300310072107,331.9419840314756,349.29618150517695,583.8790141149548,351.25611354902503,349.29618150517695
nrc_groeneveld_24579pt__14599,366.0,331.936122203777,362.6030923805802,369.4019236853417,591.4674808485694,361.3643823017671,369.4019236853417
nrc_groeneveld_24579pt__14600,394.0,345.9943351079424,387.9784987126478,414.8186856324595,606.7689885371616,388.9067316011166,414.8186856324595
nrc_groeneveld_24579pt__14601,420.0,354.863190083424,444.9906991589616,440.1750556150408,615.6144037416362,412.23228303524195,440.1750556150408
nrc_groeneveld_24579pt__14602,454.0,370.39416293459016,444.38647940673275,425.08131661475767,621.4118427169188,431.8829857260279,425.08131661475767
nrc_groeneveld_24579pt__14603,484.0,389.45721779197834,421.30921928011236,438.9527340381828,611.2003170720559,439.14149309135036,438.9527340381828
nrc_groeneveld_24579pt__14604,561.0,427.9204447481159,446.2919220230663,448.6921353349738,608.946546985599,471.51332934683376,448.6921353349738
nrc_groeneveld_24579pt__14605,622.0,464.66611616374666,514.7186281838508,508.9620435278447,613.5638029684117,515.1045755903057,508.9620435278447
nrc_groeneveld_24579pt__14606,674.0,508.09695898525024,553.1006129848982,518.9062747149809,608.7990071681654,563.7057670589026,518.9062747149809
nrc_groeneveld_24579pt__14607,749.0,579.5544471563888,645.205157550497,615.7013551920999,643.2524682166875,705.6039001763223,615.7013551920999
nrc_groeneveld_24579pt__14608,816.0,593.1254601036974,663.6838326502547,668.5216059883153,625.6264719256288,746.8518960277281,668.5216059883153
nrc_groeneveld_24579pt__14609,881.0,599.027737369501,682.79232889821,677.9229029875083,624.1056070284735,770.8356251881683,677.9229029875083
nrc_groeneveld_24579pt__14610,987.0,666.7988994585999,766.3996346484876,792.9258002168359,681.8317914768575,1026.0341935927793,792.9258002168359
nrc_groeneveld_24579pt__14611,1114.0,785.2011184730051,910.2229994846039,932.1922034280198,807.3465476569976,1647.6496207549856,932.1922034280198
nrc_groeneveld_24579pt__14612,1241.0,886.7323894737121,1027.4663847786667,1057.2049754600955,948.0565535056434,2466.523109201513,1057.2049754600955
nrc_groeneveld_24579pt__14613,1370.0,952.8128372622108,1123.2653708867958,1146.2025088615353,1061.6518083965739,3336.2588537912857,1146.2025088615353
nrc_groeneveld_24579pt__14614,1496.0,1023.0709134725994,1245.618144503691,1274.163342962552,1236.1457254674576,4574.2032269781985,1274.163342962552
nrc_groeneveld_24579pt__14615,251.0,44.50071556754637,197.13644193992232,178.1339568893872,733.8623028925562,44.73247108465283,178.1339568893872
nrc_groeneveld_24579pt__14616,267.0,48.36797629062381,210.9684077946168,185.78889887802765,808.6975196420334,48.42148789533764,185.78889887802765
nrc_groeneveld_24579pt__14617,288.0,52.29786875179597,209.58170061720887,191.4318438412762,876.2308648027711,52.74307540135885,191.4318438412762
nrc_groeneveld_24579pt__14618,310.0,59.19106692653122,173.2376007247422,185.8602076476738,1030.011797406715,60.15311830708492,185.8602076476738
nrc_groeneveld_24579pt__14619,330.0,63.590920539799406,193.18281749602195,200.92665661622348,1121.2051937239582,65.78585918754116,200.92665661622348
nrc_groeneveld_24579pt__14620,351.0,68.37801132958032,228.42862994745218,202.6543009474584,1231.5305369153998,72.4580160065102,202.6543009474584
nrc_groeneveld_24579pt__14621,394.0,80.45748850119101,206.88915561059147,215.44341428360963,1540.8683185455636,92.64735669859,215.44341428360963
nrc_groeneveld_24579pt__14622,444.0,100.97865841656267,330.61060383338514,409.6614812684164,1878.6893429412105,123.84366162126078,409.6614812684164
nrc_groeneveld_24579pt__14623,508.0,110.63148148819755,387.52754559796887,460.9484439905296,1908.3827281907745,145.08163072311842,460.9484439905296
nrc_groeneveld_24579pt__14624,611.0,131.03567126145086,417.0504530877057,513.2280408645482,2031.5453964692178,189.33157803396293,513.2280408645482
nrc_groeneveld_24579pt__14625,156.0,41.03485127300898,156.01028051394644,162.61402128627884,618.9892702363771,40.65154337507357,162.61402128627884
nrc_groeneveld_24579pt__14626,172.0,49.83819348857114,198.9398155400526,180.82596127942136,826.0473393188994,50.28791428877036,180.82596127942136
nrc_groeneveld_24579pt__14627,191.0,57.78202771509431,239.24312451942123,218.3012651262252,976.7450746330741,59.070377774947566,218.3012651262252
nrc_groeneveld_24579pt__14628,206.0,63.54493703795046,252.07053617984639,220.9575351253488,1079.2448752970572,66.6066870944027,220.9575351253488
nrc_groeneveld_24579pt__14629,225.0,65.57917382242537,255.70742149824798,233.43189513985797,1091.2156266837774,70.12166819918676,233.43189513985797
nrc_groeneveld_24579pt__14630,242.0,76.99133065849821,209.9337250111329,210.88299878892738,1330.6092259947613,89.00554446118441,210.88299878892738
nrc_groeneveld_24579pt__14631,263.0,93.09613183437901,256.42894463372426,245.232179496883,1579.633124575619,117.58711650228179,245.232179496883
nrc_groeneveld_24579pt__14632,287.0,95.13131196613624,262.37199053095924,252.65832526969496,1561.7381021383871,123.051998681694,252.65832526969496
nrc_groeneveld_24579pt__14633,305.0,98.15634631967538,279.23543518564026,269.74097001179473,1576.726616574786,129.51767430689958,269.74097001179473
nrc_groeneveld_24579pt__14634,323.0,105.89449215178648,270.99171421713754,290.6998733624991,1634.0988204702223,146.69313073838015,290.6998733624991
nrc_groeneveld_24579pt__14635,349.0,110.88842743215618,290.6346455017497,298.60799983246585,1609.6141826294302,160.85115624112157,298.60799983246585
nrc_groeneveld_24579pt__14636,369.0,108.14627936828067,317.20016360083497,304.86767366018836,1512.7068030907858,159.9798505038476,304.86767366018836
nrc_groeneveld_24579pt__14637,388.0,111.34158290592603,310.07443654889295,285.1989425702519,1480.3913904279445,170.2392932376668,285.1989425702519
nrc_groeneveld_24579pt__14638,414.0,117.0801983271402,347.56149229754976,302.10924334586315,1471.4876379386353,187.02629722934702,302.10924334586315
nrc_groeneveld_24579pt__14639,442.0,123.67679366765286,388.00139929290845,318.3183720947521,1472.0456034994957,206.95509034706578,318.3183720947521
nrc_groeneveld_24579pt__14640,495.0,134.0179139174672,355.58630070170904,342.5662659243436,1419.1869695536434,249.13419407777687,342.5662659243436
nrc_groeneveld_24579pt__14641,550.0,147.35322808171853,386.2828626894818,352.11064073295887,1382.8293748627711,321.2204399507839,352.11064073295887
nrc_groeneveld_24579pt__14642,615.0,161.77678156844846,456.37380391791424,387.1829534942848,1338.8174626718244,406.5562616411285,387.1829534942848
nrc_groeneveld_24579pt__14643,674.0,175.37904328097042,460.1822829049244,427.183352375145,1285.2858826109702,491.02828630575704,427.183352375145
nrc_groeneveld_24579pt__14644,730.0,192.04799111313537,495.218344662404,432.26829110235434,1260.9299107412614,603.3115723796102,432.26829110235434
nrc_groeneveld_24579pt__14645,803.0,181.77216564504337,505.88537612253265,432.634274040553,1126.003350285029,623.8470197426664,432.634274040553
nrc_groeneveld_24579pt__14646,867.0,195.94246283068188,540.5494450887336,484.8796849780466,1113.8714798031478,758.5596261977511,484.8796849780466
nrc_groeneveld_24579pt__14647,984.0,255.00847433373187,635.2770247703762,593.2122917802724,1174.1881766289007,1292.8088676719542,593.2122917802724
nrc_groeneveld_24579pt__14648,1104.0,310.20084300870354,723.8567596541252,658.5736132586228,1255.0722455586597,2111.6796081743555,658.5736132586228
nrc_groeneveld_24579pt__14649,258.0,5.014509711199197,107.48208605957868,120.96013024900223,30000.0,250.1247334644149,120.96013024900223
nrc_groeneveld_24579pt__14650,143.0,2.7733326152705,148.5056815528784,142.08417668910258,30000.0,196.1978065539702,142.08417668910258
nrc_groeneveld_24579pt__14651,135.0,3.218220827540237,151.19887075628836,134.98277386928407,30000.0,202.87215188611324,134.98277386928407
nrc_groeneveld_24579pt__14652,163.0,4.498100483917678,135.12580203929602,142.97882637535716,30000.0,271.01975563236175,142.97882637535716
nrc_groeneveld_24579pt__14653,177.0,4.915215923422865,152.03937366254883,151.59070354875723,30000.0,290.8788373891328,151.59070354875723
nrc_groeneveld_24579pt__14654,200.0,6.024777007400658,189.39969156411547,167.37268823167062,30000.0,350.0375710204007,167.37268823167062
nrc_groeneveld_24579pt__14655,215.0,7.694000817482121,168.50042862663355,170.6225158452251,30000.0,412.78846761596475,170.6225158452251
nrc_groeneveld_24579pt__14656,242.0,7.670603801376163,226.83467476113552,192.00228910902032,30000.0,452.17923220454594,192.00228910902032
nrc_groeneveld_24579pt__14657,252.0,7.8762116020475705,226.13664043741684,209.07750772901971,30000.0,463.02701179811015,209.07750772901971
nrc_groeneveld_24579pt__14658,278.0,8.153697563871841,231.1203560463935,211.16998410738697,30000.0,494.25094267096443,211.16998410738697
nrc_groeneveld_24579pt__14659,294.0,9.188303368465691,219.53739710133715,209.55615920187637,30000.0,564.3772899121803,209.55615920187637
nrc_groeneveld_24579pt__14660,318.0,9.304053696094114,247.0928115224654,233.55992066204303,30000.0,588.3866441067843,233.55992066204303
nrc_groeneveld_24579pt__14661,341.0,10.779716098612566,232.86953158196297,230.77412599336589,30000.0,666.73943568735,230.77412599336589
nrc_groeneveld_24579pt__14662,358.0,11.221506734412205,232.89239866660066,214.0156640386421,30000.0,700.2931811024941,214.0156640386421
nrc_groeneveld_24579pt__14663,386.0,12.149509058005497,264.39492449956947,229.60723044350425,30000.0,761.9820766639227,229.60723044350425
nrc_groeneveld_24579pt__14664,434.0,13.09056760171075,289.04630801375833,244.12050545835714,30000.0,856.4439093102393,244.12050545835714
nrc_groeneveld_24579pt__14665,480.0,14.352604327708823,279.2980957061724,255.2205013186753,30000.0,954.6430269734728,255.2205013186753
nrc_groeneveld_24579pt__14666,542.0,16.87875474148922,302.2359361931307,276.0363961105143,30000.0,1121.7981088092115,276.0363961105143
nrc_groeneveld_24579pt__14667,601.0,17.60756118054026,342.90500010380117,284.78001554267126,30000.0,1189.3368339722142,284.78001554267126
nrc_groeneveld_24579pt__14668,662.0,18.874020903008102,343.77343684726907,294.4584768653704,30000.0,1320.5107438035022,294.4584768653704
nrc_groeneveld_24579pt__14669,728.0,18.786758097585878,353.3320939870834,313.2916980007406,30000.0,1396.0684921623572,313.2916980007406
nrc_groeneveld_24579pt__14670,805.0,21.082578620141344,409.1029632729942,356.4369937025978,30000.0,1589.6416415388094,356.4369937025978
nrc_groeneveld_24579pt__14671,867.0,23.936783906826566,462.44833445280364,421.171073771583,30000.0,1801.3114453524004,421.171073771583
nrc_groeneveld_24579pt__14672,975.0,29.37241719264393,514.7040335951145,470.1772245794783,30000.0,2001.6180453454579,470.1772245794783
nrc_groeneveld_24579pt__14673,1083.0,38.789552172385825,586.7672584265654,558.357896806914,30000.0,2286.7870982426098,558.357896806914
nrc_groeneveld_24579pt__14674,535.0,88.66789067998177,293.953020349263,253.1320528404528,773.9740924592265,130.226452389004,253.1320528404528
nrc_groeneveld_24579pt__14675,505.0,91.36320728170797,231.84256942135198,215.58764182518328,831.3331381421542,137.557723881628,215.58764182518328
nrc_groeneveld_24579pt__14676,488.0,88.4469029944432,294.2111949552774,253.1320528404528,769.3892490518768,129.6495718599174,253.1320528404528
nrc_groeneveld_24579pt__14677,466.0,88.2264660782616,300.13153177869117,253.1320528404528,764.8355422629816,129.07781018065432,253.1320528404528
nrc_groeneveld_24579pt__14678,447.0,87.13249511323596,308.55569698369237,251.97694088879408,742.5040093389081,126.29488126486599,251.97694088879408
nrc_groeneveld_24579pt__14679,426.0,86.05208892673433,303.9961730581282,259.08524436520116,720.8905114428368,123.63606378922002,259.08524436520116
nrc_groeneveld_24579pt__14680,399.0,87.13249511323596,308.55569698369237,251.97694088879408,742.5040093389081,126.29488126486599,251.97694088879408
nrc_groeneveld_24579pt__14681,381.0,84.77327033557644,321.5280001912682,267.9221604075765,695.8788633272526,120.60482934726826,267.9221604075765
nrc_groeneveld_24579pt__14682,358.0,84.14100547848561,323.1401577527896,267.9221604075765,683.7427274634942,119.15281512857007,267.9221604075765
nrc_groeneveld_24579pt__14683,331.0,84.98507932122513,321.4856292876773,269.3617440783974,699.9789124244743,121.09817355267086,269.3617440783974
nrc_groeneveld_24579pt__14684,305.0,85.41028625128892,317.4277300760259,269.3617440783974,708.2611109730486,122.09902056959143,269.3617440783974
nrc_groeneveld_24579pt__14685,283.0,84.35123472823965,322.41474861113005,267.9221604075765,687.7611020873844,119.63217493266316,267.9221604075765
nrc_groeneveld_24579pt__14686,251.0,85.19741751904408,317.7549080866477,269.3617440783974,704.1061705727769,121.59622895925853,269.3617440783974
nrc_groeneveld_24579pt__14687,224.0,84.98507932122513,321.4856292876773,269.3617440783974,699.9789124244743,121.09817355267086,269.3617440783974
nrc_groeneveld_24579pt__14688,192.0,84.98507932122513,321.4856292876773,269.3617440783974,699.9789124244743,121.09817355267086,269.3617440783974
nrc_groeneveld_24579pt__14689,169.0,81.56388763843917,339.3420357829501,267.2364971294387,633.8798936535699,113.33198222004172,267.2364971294387
nrc_groeneveld_24579pt__14690,148.0,80.41556422467683,329.38465363959165,262.4132414438835,612.3009867424379,110.89372634318336,262.4132414438835
nrc_groeneveld_24579pt__14691,743.0,134.0395202148579,451.1997827012497,420.629889954748,1108.1925085415003,245.66612337766674,420.629889954748
nrc_groeneveld_24579pt__14692,723.0,124.96363322350437,290.79705466613837,308.48416321106913,1003.0631881604448,225.46351765178963,308.48416321106913
nrc_groeneveld_24579pt__14693,677.0,131.32865564011672,399.0160230446759,399.981639562812,1084.4276567926988,241.0755536348102,399.981639562812
nrc_groeneveld_24579pt__14694,652.0,125.65534321541958,289.8150320204164,305.82506861527344,1011.7843731075941,227.1287189273125,305.82506861527344
nrc_groeneveld_24579pt__14695,461.0,114.43123746798231,298.5348124632497,304.58795898259507,871.9415128882322,200.73027516592498,304.58795898259507
nrc_groeneveld_24579pt__14696,426.0,112.04994181725452,295.7498139735442,309.4996079759787,840.7953202843024,194.95436692091639,309.4996079759787
nrc_groeneveld_24579pt__14697,387.0,113.02441440614935,294.13722976773875,299.7598530698113,853.4684177577917,197.29925252045413,299.7598530698113
nrc_groeneveld_24579pt__14698,341.0,113.58505616896306,294.8635918055072,299.7598530698113,860.8056189222765,198.66013060370477,299.7598530698113
nrc_groeneveld_24579pt__14699,300.0,113.72565060086374,295.7345731783362,299.7598530698113,862.6513772001861,199.0027458488448,299.7598530698113
nrc_groeneveld_24579pt__14700,256.0,112.18863610016128,295.59978481491845,309.4996079759787,842.5929902730447,195.28651045962272,309.4996079759787
nrc_groeneveld_24579pt__14701,235.0,109.7182005460969,297.8025278717789,305.75590242573276,810.8803853129838,189.45083304648873,305.75590242573276
nrc_groeneveld_24579pt__14702,202.0,111.63488689377515,295.92570781760804,306.5974593548538,835.4288928474249,193.96358487995093,306.5974593548538
nrc_groeneveld_24579pt__14703,947.0,171.4116367571901,513.16319301748,466.7685369317902,1131.7042648048757,336.77879656322006,466.7685369317902
nrc_groeneveld_24579pt__14704,909.0,167.52060051865462,489.4956829318478,443.00680854275237,1105.4719617140854,330.12223241562015,443.00680854275237
nrc_groeneveld_24579pt__14705,870.0,162.59400034311543,421.37212066086187,405.665757126857,1072.3122783459648,321.70369436291685,405.665757126857
nrc_groeneveld_24579pt__14706,832.0,157.81228616496688,380.7501558443849,354.3891624835553,1040.1966929274247,313.5476144207014,354.3891624835553
nrc_groeneveld_24579pt__14707,786.0,157.45034016936444,376.9418804781179,349.6544031569973,1037.7686615666632,312.9309901269541,349.6544031569973
nrc_groeneveld_24579pt__14708,743.0,153.87622471863475,345.97894939108323,315.98827449493035,1013.8186553235956,306.8485750811439,315.98827449493035
nrc_groeneveld_24579pt__14709,700.0,153.52330616768518,347.93358421117534,315.98827449493035,1011.4575021297767,306.2486769602249,315.98827449493035
nrc_groeneveld_24579pt__14710,669.0,141.99375365753738,314.7044628134321,306.12879764141763,934.5713850166165,286.73801635386565,306.12879764141763
nrc_groeneveld_24579pt__14711,632.0,135.54251387248073,342.9254054748732,293.5188568174044,882.1255627978002,273.46073972107274,293.5188568174044
nrc_groeneveld_24579pt__14712,592.0,132.03475967004286,358.49330517736365,299.9216081624553,844.4589987792489,263.95316948101004,299.9216081624553
nrc_groeneveld_24579pt__14713,483.0,134.7963767900798,342.4952194161424,294.4500252303026,874.0417437694312,271.41791467898025,294.4500252303026
nrc_groeneveld_24579pt__14714,436.0,133.50050660069252,356.137352796151,303.9353488265462,860.0930634009503,267.89610768661584,303.9353488265462
nrc_groeneveld_24579pt__14715,381.0,133.8694787456544,355.7023002636114,303.9353488265462,864.0537572307202,268.89546988915754,303.9353488265462
nrc_groeneveld_24579pt__14716,322.0,133.31640206508683,356.51005761035276,303.9353488265462,858.1213825171956,267.3984783878678,303.9353488265462
nrc_groeneveld_24579pt__14717,274.0,123.40170015662505,355.6102259246313,296.5998760393568,755.4623527069311,241.64492526385527,296.5998760393568
nrc_groeneveld_24579pt__14718,254.0,115.34866090738717,351.1222724015614,298.16867561984793,673.2685829698731,223.05774365416727,298.16867561984793
nrc_groeneveld_24579pt__14719,1283.0,255.02516390320346,620.6217540129772,592.9310090418417,1183.3549921699107,619.702565885909,592.9310090418417
nrc_groeneveld_24579pt__14720,1222.0,250.97589479808542,585.3460782842117,560.9428084448001,1161.086193853612,610.5869640807865,560.9428084448001
nrc_groeneveld_24579pt__14721,1185.0,233.268395019916,453.93432706745944,451.70742469921197,1064.8737470793037,570.6669726917731,451.70742469921197
nrc_groeneveld_24579pt__14722,1132.0,220.81258335828275,388.16816753684975,389.3594011863188,998.4210461344146,542.5906876759552,389.3594011863188
nrc_groeneveld_24579pt__14723,1075.0,214.34569925810686,361.78070257865204,380.9920506631143,964.3480682925552,528.038311400368,380.9920506631143
nrc_groeneveld_24579pt__14724,1012.0,211.9091731131725,358.77558548484427,373.0277241072416,951.5881471877344,522.5623582014165,373.0277241072416
nrc_groeneveld_24579pt__14725,936.0,216.3150756476241,364.0344408210832,385.63588183951646,974.6924467375603,532.4673773341179,385.63588183951646
nrc_groeneveld_24579pt__14726,892.0,200.59387791664682,360.5729747814065,361.9545353048719,892.919967587106,497.2008190010937,361.9545353048719
nrc_groeneveld_24579pt__14727,811.0,207.11889596361823,356.9556185602904,364.05143223954474,926.6331353034763,511.8104008951421,364.05143223954474
nrc_groeneveld_24579pt__14728,756.0,200.59387791664682,360.5729747814065,361.9545353048719,892.919967587106,497.2008190010937,361.9545353048719
nrc_groeneveld_24579pt__14729,677.0,199.22262767739562,361.09013780942286,354.2274717638345,885.875301746812,494.13676153089733,354.2274717638345
nrc_groeneveld_24579pt__14730,607.0,196.05938676835063,361.6740028913604,356.56132518415683,869.6855377929803,487.07777354254375,356.56132518415683
nrc_groeneveld_24579pt__14731,561.0,176.11582866680024,359.29838801945687,338.1610349483598,771.3900785939647,441.9195442309887,338.1610349483598
nrc_groeneveld_24579pt__14732,458.0,154.25708773477064,357.4139063048093,321.0815793659461,666.9543612875441,395.4754618717135,321.0815793659461
nrc_groeneveld_24579pt__14733,422.0,142.4907386091671,355.807480705599,321.22695916546127,606.578928088472,368.47501078462847,321.22695916546127
nrc_groeneveld_24579pt__14734,372.0,138.78400833055284,349.04193787398265,276.3058338261406,583.1293138520368,357.99106731033197,276.3058338261406
nrc_groeneveld_24579pt__14735,624.0,121.5617818530857,270.6867332208213,264.67659979197697,960.6140617708564,217.39179406136975,264.67659979197697
nrc_groeneveld_24579pt__14736,588.0,122.57249692184494,270.79981600607823,293.32644114316145,973.1478301249986,219.76917423476235,293.32644114316145
nrc_groeneveld_24579pt__14737,572.0,113.58505616896306,294.8635918055072,299.7598530698113,860.8056189222765,198.66013060370477,299.7598530698113
nrc_groeneveld_24579pt__14738,525.0,117.27744485325104,275.6898553659978,275.0702400749105,908.2546581928891,207.51755035369263,275.0702400749105
nrc_groeneveld_24579pt__14739,494.0,114.99885757937294,300.49397898240267,302.6403160759943,879.4525934091491,202.12973660927364,302.6403160759943
nrc_groeneveld_24579pt__14869,362.0,64.33536104343786,214.93550720528623,190.2880130327499,512.3146635488034,227.72425066284106,190.2880130327499
nrc_groeneveld_24579pt__14870,341.0,66.45326244439785,214.93550720528623,184.4465658342413,551.2659798562272,235.24559862564618,184.4465658342413
nrc_groeneveld_24579pt__14871,328.0,65.33005112362132,214.93550720528623,174.75447961460765,534.5392602076759,231.96664477269164,174.75447961460765
nrc_groeneveld_24579pt__14872,313.0,65.17554001688002,214.93550720528623,174.75447961460765,531.6122738593685,231.40065660393878,174.75447961460765
nrc_groeneveld_24579pt__14873,294.0,66.05464675735952,214.93550720528623,175.23796018544533,545.3350740840714,234.0744002595909,175.23796018544533
nrc_groeneveld_24579pt__14874,285.0,64.1686294340197,214.93550720528623,190.2880130327499,508.5016352015309,227.009153383796,190.2880130327499
nrc_groeneveld_24579pt__14875,262.0,65.59420782466815,219.7021484914906,172.60966642511522,540.350432963662,232.41546700214664,172.60966642511522
nrc_groeneveld_24579pt__14876,249.0,65.79023222588204,214.93550720528623,174.10471408049258,541.3970354509999,233.3020392501398,174.10471408049258
nrc_groeneveld_24579pt__14877,230.0,65.99004493078125,219.7021484914906,173.17049173051606,546.2451269908913,233.57128535551763,173.17049173051606
nrc_groeneveld_24579pt__14878,219.0,64.37600064890748,219.7021484914906,182.3163198338908,516.1274697545479,227.7621361190039,182.3163198338908
nrc_groeneveld_24579pt__14879,200.0,65.00663099848838,214.93550720528623,178.33865366451326,527.7232663494566,230.6519050475078,178.33865366451326
nrc_groeneveld_24579pt__14880,185.0,64.37711159321678,214.93550720528623,184.79608389066314,513.27024579832,227.90407506027748,184.79608389066314
nrc_groeneveld_24579pt__14881,169.0,63.79396057957995,219.7021484914906,188.65399841554944,502.81899995574315,225.27058795416337,188.65399841554944
nrc_groeneveld_24579pt__14882,154.0,62.56547076845368,213.1703602960805,194.1117963236811,472.205917021813,220.38794982298666,194.1117963236811
nrc_groeneveld_24579pt__14883,151.0,63.25929944548324,214.71986248959735,188.30554101702432,487.8239037044416,223.19601152885727,188.30554101702432
nrc_groeneveld_24579pt__14884,151.0,62.76766111906138,218.02950116978516,186.54013042737952,479.5581171052892,221.0246742513518,186.54013042737952
nrc_groeneveld_24579pt__14885,131.0,62.8899400020144,218.77674243372323,186.54013042737952,482.3136982618092,221.52046511359532,186.54013042737952
nrc_groeneveld_24579pt__14886,108.0,62.768744308063894,213.1703602960805,192.04893456968543,476.7655253017875,221.201361187783,192.04893456968543
nrc_groeneveld_24579pt__14887,105.0,63.75368840729254,214.93550720528623,189.29712589625774,499.0392961707547,225.25078187267314,189.29712589625774
nrc_groeneveld_24579pt__14888,515.0,93.40974304883873,227.67260438369138,221.099717436871,715.860719775164,342.37460596572555,221.099717436871
nrc_groeneveld_24579pt__14889,489.0,94.63141555588524,220.60688651135655,204.74994565446966,725.2636232721367,344.6981783646136,204.74994565446966
nrc_groeneveld_24579pt__14890,473.0,90.52147927349534,257.0445545141754,229.3212619477614,693.263250111279,336.85633630831046,229.3212619477614
nrc_groeneveld_24579pt__14891,442.0,96.90483752462522,218.3442978171989,199.984383069649,741.5054082933523,348.7508311828762,199.984383069649
nrc_groeneveld_24579pt__14892,422.0,94.10261997173012,221.75303721206964,220.39683413199057,721.2273120342954,343.69870262916135,220.39683413199057
nrc_groeneveld_24579pt__14893,396.0,95.0065811500984,220.22632700403318,198.7311383845934,727.9605740405315,345.3675412847469,198.7311383845934
nrc_groeneveld_24579pt__14894,373.0,95.76138025931088,214.56294668908336,198.7311383845934,733.3661086202712,346.713568318902,198.7311383845934
nrc_groeneveld_24579pt__14895,352.0,93.06522005956114,227.8066301756185,222.41479012900334,713.1854745625182,341.71622050318535,222.41479012900334
nrc_groeneveld_24579pt__14896,327.0,93.06522005956114,227.8066301756185,222.41479012900334,713.1854745625182,341.71622050318535,222.41479012900334
nrc_groeneveld_24579pt__14897,307.0,89.85497026414536,309.3129165791723,227.82463313627625,687.9980923120198,335.5836606879968,227.82463313627625
nrc_groeneveld_24579pt__14898,281.0,90.688877582813,248.68342298152828,229.3212619477614,694.5828202210722,337.17603944962605,229.3212619477614
nrc_groeneveld_24579pt__14899,254.0,90.52147927349534,257.0445545141754,229.3212619477614,693.263250111279,336.85633630831046,229.3212619477614
nrc_groeneveld_24579pt__14900,234.0,86.27592967381891,306.4881724655632,228.6916997426192,659.4198908410493,328.7597540581773,228.6916997426192
nrc_groeneveld_24579pt__14901,212.0,80.75173097974452,254.66736466289134,210.16996676567877,614.1752273479854,318.23640537361393,210.16996676567877
nrc_groeneveld_24579pt__14902,201.0,74.52684558253448,254.58540024394173,226.06812164456517,521.3222646472668,297.69899958434996,226.06812164456517
nrc_groeneveld_24579pt__14903,198.0,75.50471864708241,252.7229349384025,217.7937889406881,535.6425759857897,300.770973182399,217.7937889406881
nrc_groeneveld_24579pt__14904,177.0,70.46410396196869,251.22922662597827,223.21993525292683,461.2164951848643,285.227136950981,223.21993525292683
nrc_groeneveld_24579pt__14905,186.0,67.31951480459756,218.13838486802987,197.13825576487494,413.4893474195062,275.8936290867272,197.13825576487494
nrc_groeneveld_24579pt__14906,526.0,121.2216410142115,293.52616284175747,213.35713459879096,792.2598570285377,443.99888299205344,213.35713459879096
nrc_groeneveld_24579pt__14907,500.0,124.2471576820186,243.2406138569247,218.40632289123593,802.891763693889,453.60793126262416,218.40632289123593
nrc_groeneveld_24579pt__14908,461.0,122.43013777401318,295.9205781547252,219.99515723749946,800.5013162667412,446.28275378760014,219.99515723749946
nrc_groeneveld_24579pt__14909,443.0,118.36068818002481,252.37270773272496,210.06818729177118,763.1777853835716,442.2008783334436,210.06818729177118
nrc_groeneveld_24579pt__14910,405.0,114.89893164061377,312.281138144443,204.2354984323165,748.6939646185012,432.0129351384128,204.2354984323165
nrc_groeneveld_24579pt__14911,377.0,117.42509984668816,256.1296027116713,214.15549030027773,756.7250513228732,440.41810829063144,214.15549030027773
nrc_groeneveld_24579pt__14912,345.0,113.98203334404774,255.26907412746604,202.72448509294694,732.8613474390474,433.8500285464156,202.72448509294694
nrc_groeneveld_24579pt__14913,341.0,118.36068818002481,252.37270773272496,210.06818729177118,763.1777853835716,442.2008783334436,210.06818729177118
nrc_groeneveld_24579pt__14914,356.0,100.3979283930298,223.63677028647885,207.07385940860044,646.4960073653585,404.44571175170086,207.07385940860044
nrc_groeneveld_24579pt__14915,331.0,99.45916186806562,216.51166464384656,196.58924274541235,631.4493285555518,405.8386563099826,196.58924274541235
nrc_groeneveld_24579pt__14916,335.0,97.44670680601733,217.2565163482745,201.95656168289202,616.3476913589578,402.331295909395,201.95656168289202
nrc_groeneveld_24579pt__14917,324.0,103.21780206247566,220.58179972381438,201.5297667738665,657.2886029593234,413.3005691076321,201.5297667738665
nrc_groeneveld_24579pt__14918,298.0,96.29358408232156,216.781202789545,205.03692672859026,608.1471506653504,400.14864854638313,205.03692672859026
nrc_groeneveld_24579pt__14919,291.0,99.59674871095669,216.8311604598483,195.66859668300208,631.6238071119977,406.41009046450966,195.66859668300208
nrc_groeneveld_24579pt__14920,301.0,91.87119396695952,213.91711660036523,198.3382856085293,577.4306196327675,391.5105583999115,198.3382856085293
nrc_groeneveld_24579pt__14921,259.0,94.21484914736247,215.07116511372973,202.72414529519506,593.3511285725025,396.22425764943864,202.72414529519506
nrc_groeneveld_24579pt__14980,264.0,67.10851987931512,108.79409115632187,126.9322916476105,809.7414115241772,778.8332567271946,126.9322916476105
nrc_groeneveld_24579pt__14981,256.0,65.85958522722719,108.70752985934948,127.2316222009198,791.2791479996271,777.0861970670716,127.2316222009198
nrc_groeneveld_24579pt__14982,243.0,66.16962273427481,108.79724702845685,125.65285345428815,795.9564952798054,777.5174086107513,125.65285345428815
nrc_groeneveld_24579pt__14983,234.0,64.23368399886218,108.59009264064751,124.25158082216153,767.250695377066,773.7424338519178,124.25158082216153
nrc_groeneveld_24579pt__14984,227.0,66.31817526747355,108.75464467531735,130.55045833041186,799.4436503144668,776.6152613114199,130.55045833041186
nrc_groeneveld_24579pt__14985,220.0,64.35446700420886,108.59009264064751,124.25158082216153,769.1918289370838,773.9062818709601,124.25158082216153
nrc_groeneveld_24579pt__14986,221.0,63.75281463000103,108.56324388764126,127.51362591484214,759.4384264340466,773.0938247732491,127.51362591484214
nrc_groeneveld_24579pt__14987,209.0,63.87269342366392,108.56324388764126,124.97645109429537,761.3993717604247,773.2549495808462,124.97645109429537
nrc_groeneveld_24579pt__14988,209.0,63.03825197440812,108.5384839308621,129.16868299912971,747.5703392976758,772.1418078182146,129.16868299912971
nrc_groeneveld_24579pt__14989,196.0,63.394526520226734,108.5384839308621,127.51362591484214,753.5259427292533,772.6146298495197,127.51362591484214
nrc_groeneveld_24579pt__14990,194.0,63.03825197440812,108.5384839308621,129.16868299912971,747.5703392976758,772.1418078182146,129.16868299912971
nrc_groeneveld_24579pt__14991,180.0,63.21613826057649,108.5384839308621,129.16868299912971,750.5534785364016,772.3774139310049,129.16868299912971
nrc_groeneveld_24579pt__14992,183.0,62.214711780366294,108.62614957715945,124.79480675558958,733.5211864566842,771.0640798197909,124.79480675558958
nrc_groeneveld_24579pt__14993,171.0,61.63306405961277,108.56971621277305,121.9762512355593,723.3672599617239,770.3168719201699,121.9762512355593
nrc_groeneveld_24579pt__15020,163.0,15.728318339927323,97.74369856710966,133.61106548074,399.52575690414494,544.9984126222128,133.61106548074
nrc_groeneveld_24579pt__15021,155.0,15.700712992505329,97.74369856710966,131.09650971472408,399.22730290717607,544.8449388997946,131.09650971472408
nrc_groeneveld_24579pt__15022,143.0,15.58621126916273,97.74369856710966,129.29795386517873,397.53891687970906,544.2076451490566,129.29795386517873
nrc_groeneveld_24579pt__15023,133.0,15.436346604062532,97.792484714684,130.18458703859767,394.25081077081524,543.3712651049686,130.18458703859767
nrc_groeneveld_24579pt__15024,124.0,15.436346604062532,97.792484714684,130.18458703859767,394.25081077081524,543.3712651049686,130.18458703859767
nrc_groeneveld_24579pt__15025,112.0,15.28344757939315,98.2573712750779,131.65983545009775,389.6859055279798,542.5144362579707,131.65983545009775
nrc_groeneveld_24579pt__15026,88.0,15.171988877658176,98.50417371232118,120.9122196586649,385.62555683515075,541.8870620817859,120.9122196586649
nrc_groeneveld_24579pt__15027,78.0,15.123204909084379,98.53871732541944,120.46264839067331,383.66304109679663,541.6116304655849,120.46264839067331
nrc_groeneveld_24579pt__15028,150.0,21.680888556985483,87.34525568973635,110.06808812656672,559.4655117118295,734.14322799915,110.06808812656672
nrc_groeneveld_24579pt__15029,152.0,21.614087409466173,87.79912676264098,109.4423204372484,558.1688884651156,732.2932299004391,109.4423204372484
nrc_groeneveld_24579pt__15030,136.0,21.71178945089806,87.12188725803846,109.48198088747762,559.184926822574,735.0409426634235,109.48198088747762
nrc_groeneveld_24579pt__15031,130.0,21.62699766614401,86.78358450261076,99.81733961060475,558.5144751014022,735.8103675431398,99.81733961060475
nrc_groeneveld_24579pt__15032,120.0,21.720380845919458,87.10869805256077,109.48198088747762,559.0055076357415,735.2952583123637,109.48198088747762
nrc_groeneveld_24579pt__15033,113.0,21.62699766614401,86.78358450261076,99.81733961060475,558.5144751014022,735.8103675431398,99.81733961060475
nrc_groeneveld_24579pt__15034,107.0,21.181334714224242,86.68277012738187,98.80465953586761,554.7605703415142,737.9575817970705,98.80465953586761
nrc_groeneveld_24579pt__15567,919.0,764.3432193384864,862.7070472522688,924.9206486198467,1060.269603307112,885.7472543250017,924.9206486198467
nrc_groeneveld_24579pt__15568,1140.0,634.3239042149454,892.1690817364383,808.245470829368,896.0212116907263,708.3631848189524,808.245470829368
nrc_groeneveld_24579pt__15569,663.0,746.9941310478622,739.1967489600105,855.1690785787049,958.4483136669483,814.9794945468258,855.1690785787049
nrc_groeneveld_24579pt__15570,663.0,696.359557037943,741.3035166610056,834.4346563960758,903.4715439476792,736.8013442544451,834.4346563960758
nrc_groeneveld_24579pt__15571,1163.0,787.8998564901594,867.4281718176513,848.4927651299689,940.4932814189873,816.1668566336748,848.4927651299689
nrc_groeneveld_24579pt__15572,709.0,703.2964385233746,844.6832216072852,791.2207636636365,874.9668892247258,736.2951383983069,791.2207636636365
nrc_groeneveld_24579pt__15573,1163.0,1137.9747639100665,1079.131978611298,1164.8154321487855,1106.444858199578,1158.6150750659615,1164.8154321487855
nrc_groeneveld_24579pt__15574,1163.0,1171.7686473403205,1174.889240278604,1277.1194272246564,1133.772470524996,1227.258624933465,1277.1194272246564
nrc_groeneveld_24579pt__15575,686.0,735.2078744313898,893.9929693010743,860.5534842055156,834.7683474844346,701.175383698277,860.5534842055156
nrc_groeneveld_24579pt__15576,744.0,460.9545013170002,588.9585515153441,545.683701452695,714.5143722350888,546.6515064497769,545.683701452695
nrc_groeneveld_24579pt__15577,756.0,580.3936008507005,590.0426772169234,620.0068407979068,829.209067870903,663.556716479589,620.0068407979068
nrc_groeneveld_24579pt__15578,1128.0,668.5274534853668,636.9184506834305,733.3390165201962,892.7173096496516,753.4874216373582,733.3390165201962
nrc_groeneveld_24579pt__15579,558.0,532.9926293109881,594.3293829809983,557.5074718757572,795.3351136418577,611.234571760216,557.5074718757572
nrc_groeneveld_24579pt__15580,756.0,677.4999312929914,917.4050398821637,909.0508831959623,908.8820803151365,766.4378782462944,909.0508831959623
nrc_groeneveld_24579pt__15581,1105.0,813.1922641705662,971.5195043783041,994.9088414460576,1005.7044200236696,926.9414904949912,994.9088414460576
nrc_groeneveld_24579pt__15582,558.0,597.4650532756298,693.1044129055421,729.3950503704597,853.9837015272873,680.5179169188635,729.3950503704597
nrc_groeneveld_24579pt__15583,1489.0,935.1888994263132,1055.2397030397035,1074.2537209119744,1085.9859881713871,1076.162249066622,1074.2537209119744
nrc_groeneveld_24579pt__15584,535.0,619.0559163725213,912.1757972842307,803.2363645928215,884.1737447077783,723.5832410963083,803.2363645928215
nrc_groeneveld_24579pt__15585,1093.0,873.5459868680268,1162.5827453300672,1057.4107617427696,1050.7115013903494,1008.3445349701776,1057.4107617427696
nrc_groeneveld_24579pt__15586,1489.0,1144.8654245719272,1283.8470771971859,1269.2403294891621,1172.5623811299586,1252.4291888060711,1269.2403294891621
nrc_groeneveld_24579pt__15587,791.0,755.5769451796141,1007.3504688542856,971.6787938938869,986.3683165667626,891.9958445484431,971.6787938938869
nrc_groeneveld_24579pt__15588,1896.0,1395.0418739156028,1473.732869677942,1440.781746641989,1268.7403360293008,1466.9749547966005,1440.781746641989
nrc_groeneveld_24579pt__15589,1105.0,1069.0059286817323,1197.064538684505,1268.6072301527684,1112.7252112838655,1140.273589828833,1268.6072301527684
nrc_groeneveld_24579pt__15590,1500.0,1475.8862472724113,1385.801410719485,1627.552885866171,1271.94620582495,1479.36636992744,1627.552885866171
nrc_groeneveld_24579pt__15591,779.0,900.3983343742451,1033.413331688837,1018.2444939541501,1033.5468164913661,989.2956511637655,1018.2444939541501
nrc_groeneveld_24579pt__15592,756.0,930.1559139722754,1002.978563663053,1127.2743895458323,1035.461098524801,1005.4808548641928,1127.2743895458323
nrc_groeneveld_24579pt__15593,1919.0,1729.742231501277,1841.0615152266369,1767.4990937785687,1375.306327666316,1728.091984806812,1767.4990937785687
nrc_groeneveld_24579pt__15594,1489.0,1558.7325106855533,1549.5569882027112,1630.684827026134,1297.2697338261632,1547.784049748689,1630.684827026134
nrc_groeneveld_24579pt__15595,768.0,876.5628079973933,979.6406349777659,1089.067457971156,997.5255957275983,951.0711351086775,1089.067457971156
nrc_groeneveld_24579pt__15596,756.0,937.2934315422282,1027.7603293696015,1080.4437208121253,1026.359139155852,1008.111128711913,1080.4437208121253
nrc_groeneveld_24579pt__15597,1884.0,1806.730446943727,1853.4156813363657,1906.002219135752,1392.6802703548026,1775.2316203998287,1906.002219135752
nrc_groeneveld_24579pt__15598,1128.0,1179.6861392496855,1168.82033008823,1320.8462836572942,1137.1521264289522,1222.5952162606488,1320.8462836572942
nrc_groeneveld_24579pt__15599,1500.0,1463.6003145260943,1449.5905381397688,1480.7754959530741,1250.915429707913,1460.2530109399834,1480.7754959530741
nrc_groeneveld_24579pt__15600,1489.0,1594.1767897215652,1562.7946617379466,1537.6164557311995,1303.7292353423172,1590.2103741401977,1537.6164557311995
nrc_groeneveld_24579pt__15601,1884.0,1818.3017445236517,1763.962707366145,1704.4065810345303,1397.2407642789785,1796.595368471613,1704.4065810345303
nrc_groeneveld_24579pt__15602,768.0,781.955919832463,914.2346569435997,936.0275046039221,917.3080882642801,848.9581978900745,936.0275046039221
nrc_groeneveld_24579pt__15603,1489.0,1511.6394537349079,1410.6679715974901,1478.106098018915,1270.8665155806812,1537.1498708011288,1478.106098018915
nrc_groeneveld_24579pt__15604,1093.0,1066.3687125580973,1105.862026138475,1132.2155424523175,1067.643251144689,1134.0641031200912,1132.2155424523175
nrc_groeneveld_24579pt__15605,1872.0,1865.8656115780882,1656.6464626745915,1674.8700214903856,1428.797355726835,1877.4349712005378,1674.8700214903856
nrc_groeneveld_24579pt__15606,768.0,771.5236876230884,936.9158674527093,832.0281841712888,878.2633586112315,801.3203305498897,832.0281841712888
nrc_groeneveld_24579pt__15607,1093.0,1093.652996941931,1128.1348103168534,1126.0670369970858,1057.6874655487188,1130.341594382481,1126.0670369970858
nrc_groeneveld_24579pt__15608,1919.0,1664.974158901396,1531.885080704973,1642.680736555818,1355.8998551011464,1730.6676978493501,1642.680736555818
nrc_groeneveld_24579pt__15609,1512.0,1546.4461343038497,1503.8514781234967,1548.9064133085737,1298.8711861128693,1612.8431407997198,1548.9064133085737
nrc_groeneveld_24579pt__15610,1524.0,1521.198569218301,1466.8542292168572,1560.2896742177559,1270.7790117729423,1571.3770109334853,1560.2896742177559
nrc_groeneveld_24579pt__15611,1907.0,1771.548444814096,1596.2944888082823,1756.3356144776321,1431.4766804454355,1908.3921632305658,1756.3356144776321
nrc_groeneveld_24579pt__15612,1116.0,1114.7021777364969,1155.3701012693084,1219.9065703578208,1030.785561264044,1113.4861047396205,1219.9065703578208
nrc_groeneveld_24579pt__15613,1489.0,1504.113698251216,1398.05628838458,1535.6425897255829,1253.0311229674185,1550.8143978212402,1535.6425897255829
nrc_groeneveld_24579pt__15614,1140.0,1098.2581134420288,1163.4564766413573,1252.749115903105,989.6964044052804,1073.168673841283,1252.749115903105
nrc_groeneveld_24579pt__15615,1547.0,1578.9804095098907,1266.0725491438568,1435.1183724224973,1272.5287135017932,1642.4135840276035,1435.1183724224973
nrc_groeneveld_24579pt__15616,1872.0,2051.8526236491084,1697.0584485350566,1971.9856179149356,1660.3281515634096,2432.67256255852,1971.9856179149356
nrc_groeneveld_24579pt__15617,1512.0,1691.3381632004007,1363.6258095565356,1552.7434659165206,1374.5806692910915,1869.820769812486,1552.7434659165206
nrc_groeneveld_24579pt__15618,1524.0,1657.6658556326836,1367.7572388994438,1510.277636223422,1363.385545821223,1857.0495655187447,1510.277636223422
nrc_groeneveld_24579pt__15619,1907.0,1976.0150526595403,1733.0092095017596,1998.5320948646624,1712.2887249248322,2553.5358683715285,1998.5320948646624
nrc_groeneveld_24579pt__15620,1500.0,1642.4634323368414,1366.765415020517,1606.8564758456585,1385.093634658593,1930.13864143059,1606.8564758456585
nrc_groeneveld_24579pt__15621,1884.0,1980.997636168023,1538.752859357293,2012.2179418611493,1815.4918758661659,2752.742842834676,2012.2179418611493
nrc_groeneveld_24579pt__15622,1524.0,1632.9659867902035,1402.119692717457,1677.892574591265,1402.3749565978017,1989.552277446267,1677.892574591265
nrc_groeneveld_24579pt__15623,1500.0,1652.0972323175104,1386.618801220286,1686.9938906532166,1426.744266311392,2036.2109071835455,1686.9938906532166
nrc_groeneveld_24579pt__15624,1931.0,1984.067912373648,1545.529639934813,1984.6516790225487,1904.6354322179557,2877.677821863182,1984.6516790225487
nrc_groeneveld_24579pt__15625,1404.0,1417.6577662577386,1426.872737057733,1431.7132615988598,1177.2871195667033,1427.2702974108997,1431.7132615988598
nrc_groeneveld_24579pt__15626,337.0,294.1010886901164,409.07773149527446,341.3150935660659,306.1213004308492,305.8680044545668,341.3150935660659
nrc_groeneveld_24579pt__15627,384.0,350.07225392308163,494.5173555379809,360.80767150576025,425.66641419375435,401.93546559366985,360.80767150576025
nrc_groeneveld_24579pt__15628,337.0,352.2342976510669,510.9230569248783,348.7578444665198,438.1382796266149,410.05523790098135,348.7578444665198
nrc_groeneveld_24579pt__15629,500.0,409.4632645030517,426.07057637395667,362.6269539190075,511.468028823162,488.2252489918625,362.6269539190075
nrc_groeneveld_24579pt__15630,744.0,610.3566503307061,612.36806191957,608.7703540225049,638.7727199959585,675.320658421885,608.7703540225049
nrc_groeneveld_24579pt__15631,488.0,520.7949310280638,591.9801172207427,478.61543936536265,607.1716535631673,590.8767089139203,478.61543936536265
nrc_groeneveld_24579pt__15632,756.0,732.6750408537896,866.0167864854806,801.9263854665553,727.0394390594981,804.9748507935622,801.9263854665553
nrc_groeneveld_24579pt__15633,1082.0,851.2680037180464,960.8917479372552,931.2402056743234,774.2804858985143,922.0953144489442,931.2402056743234
nrc_groeneveld_24579pt__15634,744.0,785.3754262344152,969.4920973850915,941.7798581300896,770.497057398822,856.5006203344432,941.7798581300896
nrc_groeneveld_24579pt__15635,1058.0,1028.099302907607,987.8351813570723,1023.0675752683924,852.3169734197182,1063.1393969518729,1023.0675752683924
nrc_groeneveld_24579pt__15636,512.0,606.3189096859687,950.846292012504,712.783080693026,690.6457021379756,674.8123671849155,712.783080693026
nrc_groeneveld_24579pt__15637,744.0,936.9271344768006,821.9699499169976,951.8672315417815,829.7274307409357,954.6444550082881,951.8672315417815
nrc_groeneveld_24579pt__15638,1070.0,1061.0877357174222,930.8180144686914,975.0313500426084,867.9417269243208,1049.1877519934374,975.0313500426084
nrc_groeneveld_24579pt__15639,709.0,913.5647556694909,831.1640059624121,959.9033775127972,822.1882710299731,933.9573484751828,959.9033775127972
nrc_groeneveld_24579pt__15640,744.0,787.1558726802049,902.2578010231101,921.7308691024622,774.1633430135472,814.4284906441188,921.7308691024622
nrc_groeneveld_24579pt__15641,744.0,805.9489981030438,957.7008148073844,958.020640976053,782.2283806318987,830.6317075428066,958.020640976053
nrc_groeneveld_24579pt__15642,1058.0,1133.4748611396808,1018.5401337493807,1068.744563993502,901.0095598710843,1087.5082701421368,1068.744563993502
nrc_groeneveld_24579pt__15643,1465.0,1460.0047261859133,1030.5681187921393,1068.6929580743383,1001.3788207616742,1331.8004514856352,1068.6929580743383
nrc_groeneveld_24579pt__15644,1884.0,1813.0544156824617,1043.3533364873012,1056.4209728626506,1109.202113211339,1618.4479452849164,1056.4209728626506
nrc_groeneveld_24579pt__15645,1465.0,1495.2074872919295,1055.2461946513602,1173.1995648024274,1028.9197930412645,1375.6560873493283,1173.1995648024274
nrc_groeneveld_24579pt__15646,768.0,817.6578742691071,922.9695196884609,1045.4969583155384,772.7184775736437,820.9780964686585,1045.4969583155384
nrc_groeneveld_24579pt__15647,1058.0,1063.1555020884898,973.4484365299015,1132.763024323289,896.5177116515533,1067.930288654405,1132.763024323289
nrc_groeneveld_24579pt__15648,1896.0,1994.5212453927913,983.4511412126452,1137.6731717421683,1232.0350080121277,1840.6171858619698,1137.6731717421683
nrc_groeneveld_24579pt__15649,756.0,800.2232409927403,862.4550094938614,985.0290754717346,759.8400420867129,801.7598478425498,985.0290754717346
nrc_groeneveld_24579pt__15650,744.0,769.2834685306361,854.9833875744312,934.562170053536,741.7521532186056,770.0978598017888,934.562170053536
nrc_groeneveld_24579pt__15651,1861.0,1916.4627602993482,1235.1817164102301,1356.8770647636275,1306.0725809379858,1941.5657347675995,1356.8770647636275
nrc_groeneveld_24579pt__15652,1058.0,1089.8053203216368,1072.974534034429,1256.1759841139315,891.6593375635987,1077.7769880047863,1256.1759841139315
nrc_groeneveld_24579pt__15653,1489.0,1479.1689399937788,1242.7371244558103,1403.7823630812095,1076.933669859939,1451.9932394514485,1403.7823630812095
nrc_groeneveld_24579pt__15654,327.0,389.42798897886485,491.83820990208335,377.76589941688104,483.0218030805258,420.937060077061,377.76589941688104
nrc_groeneveld_24579pt__15655,401.0,408.63687458545644,455.3194880828489,400.13528429155895,520.3925128335044,472.2279339438759,400.13528429155895
nrc_groeneveld_24579pt__15656,515.0,472.4715675725577,564.0083905439609,424.56686204387023,564.2857383406908,541.2270738764073,424.56686204387023
nrc_groeneveld_24579pt__15657,565.0,520.0991346887537,604.7636105745506,527.634599664021,590.7390138888596,587.8806817209326,527.634599664021
nrc_groeneveld_24579pt__15658,461.0,450.24274605007855,548.4537211963387,443.4021582230035,551.2968699074398,519.6716283722138,443.4021582230035
nrc_groeneveld_24579pt__15659,461.0,494.0640973932045,624.5268421403823,517.2431775916804,613.2663913849817,545.7903214988834,517.2431775916804
nrc_groeneveld_24579pt__15660,690.0,725.1535397645275,707.2780760549043,725.9211057011738,726.4622427168173,750.8178726343921,725.9211057011738
nrc_groeneveld_24579pt__15661,599.0,587.2476633477343,637.6676885158008,564.1432855275507,667.7565848805867,639.4913793587602,564.1432855275507
nrc_groeneveld_24579pt__15662,784.0,880.531739007006,795.0205240589027,872.985036842679,783.7958982310818,869.9787875850839,872.985036842679
nrc_groeneveld_24579pt__15663,885.0,988.4397775960264,817.315876485578,897.5497576558147,819.8380204855574,950.6541749417725,897.5497576558147
nrc_groeneveld_24579pt__15664,1031.0,980.1158574014737,851.712907440419,1058.8631241011158,834.3469073624927,966.4035723682861,1058.8631241011158
nrc_groeneveld_24579pt__15665,1198.0,1049.2306331875743,893.3459373031477,1071.575056857624,867.3774524721877,1033.792076802814,1071.575056857624
nrc_groeneveld_24579pt__15666,745.0,756.0553304053548,761.1932126373645,765.1777150864225,675.6935513506588,767.1644262752686,765.1777150864225
nrc_groeneveld_24579pt__15667,2304.0,1547.6606314984317,1608.976699538596,2044.0992303746114,3545.99094716019,1260.7481532174222,2044.0992303746114
nrc_groeneveld_24579pt__15668,2310.0,1555.4849137554356,2270.9103659313632,2364.5010594264168,2535.4554725257594,1417.8793489270502,2364.5010594264168
nrc_groeneveld_24579pt__15669,4519.0,2833.9516521485284,3614.5332652039438,3618.6218811306526,4266.752519099645,2343.178871714559,3618.6218811306526
nrc_groeneveld_24579pt__15670,2268.0,1411.3904415667903,1803.6155374250388,1926.6738425576955,2013.156879017662,1629.763228629448,1926.6738425576955
nrc_groeneveld_24579pt__15671,2407.0,1471.592431475596,1924.6160164705623,2003.7629511214695,2074.9301848891164,1695.5514158825317,2003.7629511214695
nrc_groeneveld_24579pt__15672,2384.0,1427.5835858745272,1773.7426421305336,1788.3980112795962,2021.490100946761,1655.8669103333984,1788.3980112795962
nrc_groeneveld_24579pt__15673,826.0,686.687610022796,827.1463000565221,822.7796458197975,1504.0215154399239,755.3565015297509,822.7796458197975
nrc_groeneveld_24579pt__15674,1628.0,1003.4588109510893,1145.3195790941622,1095.5593819832243,1806.7186793246708,1089.865616241745,1095.5593819832243
nrc_groeneveld_24579pt__15675,884.0,746.1223322145577,867.0078954567764,905.7359437680905,1440.670238871888,851.3442787882165,905.7359437680905
nrc_groeneveld_24579pt__15676,907.0,695.8067148889762,807.4209015482134,837.8436195699778,1354.049495772452,783.7002658935297,837.8436195699778
nrc_groeneveld_24579pt__15677,1326.0,972.3000346293668,1093.7276158555799,1088.194752295796,1265.4995275252315,1103.3405711231176,1088.194752295796
nrc_groeneveld_24579pt__15678,1244.0,927.236041678708,1073.5288837753455,1047.4898827027914,1207.1488251769667,1043.9217385072316,1047.4898827027914
nrc_groeneveld_24579pt__15679,1268.0,977.9630201487516,1102.7328631162013,1110.962127763938,1264.4876939111148,1115.2913272977876,1110.962127763938
nrc_groeneveld_24579pt__15680,1303.0,993.4726173279671,1113.6184708372355,1120.519140609683,1274.722046413688,1141.6793001523763,1120.519140609683
nrc_groeneveld_24579pt__15681,1500.0,1098.9889540361303,1194.3037916791952,1234.6319540983354,1358.618367102988,1324.970987018764,1234.6319540983354
nrc_groeneveld_24579pt__15682,2954.0,2448.9274010614,2659.3444360365934,2998.0160976107045,2936.662242441097,5675.025251470034,2998.0160976107045
nrc_groeneveld_24579pt__15683,341.0,342.8755118143411,404.7786643918942,374.4906705534363,481.5468008603043,299.10633157275737,374.4906705534363
nrc_groeneveld_24579pt__15684,709.0,258.51282982167083,463.99957298535,362.23731490511267,350.7172851254183,218.80046065304472,362.23731490511267
nrc_groeneveld_24579pt__15685,721.0,262.9932668833387,446.4340063685385,353.3707916177216,365.0310123788533,226.10717466142256,353.3707916177216
nrc_groeneveld_24579pt__15686,709.0,397.2665871128615,444.5276580170757,379.27012354994787,642.2943318361879,418.918395964096,379.27012354994787
nrc_groeneveld_24579pt__15687,721.0,471.3272276407878,599.6413614620222,565.7551230787047,733.2914098673903,498.08283335049407,565.7551230787047
nrc_groeneveld_24579pt__15688,721.0,621.7923653616504,929.4463198962875,906.4441491172449,876.7290189459619,663.5200928668627,906.4441491172449
nrc_groeneveld_24579pt__15689,721.0,682.4038300156802,742.514890900453,897.791665893498,932.0238578953996,749.3869831268228,897.791665893498
nrc_groeneveld_24579pt__15690,709.0,683.6709799912999,774.4766113372044,909.7545772983821,920.4003099518527,754.277635054417,909.7545772983821
nrc_groeneveld_24579pt__15691,698.0,665.6610237879294,767.3657618943857,900.4781574358358,906.3324433831498,735.9574593090246,900.4781574358358
nrc_groeneveld_24579pt__15692,721.0,550.6347938210125,618.071962172307,622.5232016805116,789.6484524856164,604.9012000558868,622.5232016805116
nrc_groeneveld_24579pt__15693,721.0,625.7976959104303,706.7433087579471,785.0687746407026,853.5873792877635,697.102999616433,785.0687746407026
nrc_groeneveld_24579pt__15694,733.0,617.1594873667025,789.6545029139365,673.2133013702802,772.4139191264798,643.8035289299584,673.2133013702802
nrc_groeneveld_24579pt__15695,1396.0,1037.8895416649468,1000.4613588530283,1091.7709363552742,1126.2023506764551,1217.3762113312164,1091.7709363552742
nrc_groeneveld_24579pt__15696,721.0,671.0793552846981,776.8278530708798,749.3705520661819,746.9685920089889,703.8662759013745,749.3705520661819
nrc_groeneveld_24579pt__15697,1372.0,1094.7153634092233,1057.7418060793143,1103.1009235139,1149.2711224797288,1396.0886738847312,1103.1009235139
nrc_groeneveld_24579pt__15698,1361.0,1106.9612262479925,1154.5126975425999,1320.578956887703,1097.342242475431,1491.5062112129574,1320.578956887703
nrc_groeneveld_24579pt__15699,1265.0,866.0233200604287,915.0576619428556,966.7482867172466,977.9508791287469,1788.2124824640878,966.7482867172466
nrc_groeneveld_24579pt__15700,652.0,408.0941480031654,312.294666795875,481.3925440074325,585.6851490210622,494.504854303263,481.3925440074325
nrc_groeneveld_24579pt__15701,2802.0,1370.2475023657414,2649.9426392916293,2705.400443708735,5092.988956915039,7105.7385322485015,2705.400443708735
nrc_groeneveld_24579pt__15702,1116.0,335.5156092466038,1152.4876342907355,1314.749886615963,5809.089802878724,331.6518282810781,1314.749886615963
nrc_groeneveld_24579pt__15703,1395.0,382.58321788557,1124.6753581400922,1217.0082010588112,6379.501001174509,399.5902295040139,1217.0082010588112
nrc_groeneveld_24579pt__15704,2092.0,660.2657925970865,1272.839337621611,1464.7561760931478,4632.755654092362,1442.4803918072696,1464.7561760931478
nrc_groeneveld_24579pt__15705,965.0,375.0307514048102,833.8900374804832,941.276971103641,6361.793981239227,197.30095339553165,941.276971103641
nrc_groeneveld_24579pt__15706,2581.0,1000.5006437507593,1706.0017413074536,1675.6472113759712,3953.7947000753056,5675.679510038984,1675.6472113759712
nrc_groeneveld_24579pt__15707,737.0,245.41148512283914,703.8425971927617,639.8632708720861,4134.407737796337,360.89034375465917,639.8632708720861
nrc_groeneveld_24579pt__15708,1791.0,446.8333154837193,1126.870285835275,1350.558959658226,6718.251872861713,495.44880090564106,1350.558959658226
nrc_groeneveld_24579pt__15709,1046.0,294.24345096130264,934.6195645218403,797.7194840134405,4615.595273173703,441.4975654795115,797.7194840134405
nrc_groeneveld_24579pt__15710,1023.0,278.5254000671493,885.5744664276125,724.4356567509773,4287.155745917335,436.9741558584763,724.4356567509773
nrc_groeneveld_24579pt__15711,1407.0,368.73813974094196,820.2621446451291,843.2441102912014,3927.477903098038,749.1018651798096,843.2441102912014
nrc_groeneveld_24579pt__15712,1134.0,311.3235154747213,688.2065440722112,766.6855045083826,3442.7527295459577,814.3787659015272,766.6855045083826
nrc_groeneveld_24579pt__15713,1232.0,231.2059580842064,723.1344218248462,698.7096024193487,3105.087043350519,475.89948805561585,698.7096024193487
nrc_groeneveld_24579pt__15714,686.0,195.27205901795992,581.9270191813365,525.6699079329975,2733.4652128082744,457.43574348952046,525.6699079329975
nrc_groeneveld_24579pt__15715,686.0,189.9313512997039,551.7177948576913,518.3821387760244,2625.3316134463475,456.4749676075383,518.3821387760244
nrc_groeneveld_24579pt__15716,698.0,203.63884238091327,581.3074448482882,559.3225114061396,2491.638804046839,547.8926207765534,559.3225114061396
nrc_groeneveld_24579pt__15717,1744.0,396.32710740834375,891.7968856172308,931.1644609465294,3239.7669419582253,1188.095492648183,931.1644609465294
nrc_groeneveld_24579pt__15718,1174.0,270.70893937667046,629.5370377356761,584.0823873457169,2368.147058294815,978.9657023165919,584.0823873457169
nrc_groeneveld_24579pt__15719,1755.0,435.9109063928966,904.5406430470122,964.4913180908625,2911.4701621662257,1634.8579232906638,964.4913180908625
nrc_groeneveld_24579pt__15720,1174.0,355.53431426039924,702.6815715035967,704.413855239111,2295.1469518721283,1602.0256524623048,704.413855239111
nrc_groeneveld_24579pt__15721,1767.0,465.6876459029547,877.853766371633,918.4138073197905,2420.320184247218,2548.5388072287124,918.4138073197905
nrc_groeneveld_24579pt__15722,1767.0,616.7269423764408,983.1522493608454,1105.9806687244309,2720.3296742556427,4012.1260040460625,1105.9806687244309
nrc_groeneveld_24579pt__15723,1790.0,627.0052000897687,1012.8258397458901,1076.30193772691,2510.9632502591635,5023.615540213365,1076.30193772691
nrc_groeneveld_24579pt__15724,284.0,100.68347326751126,348.8591232559796,313.29127367971836,1193.2016800077581,73.09264630338645,313.29127367971836
nrc_groeneveld_24579pt__15725,686.0,166.15007595255457,531.6342470717049,571.3976398931768,2006.5450037731637,250.35716554869245,571.3976398931768
nrc_groeneveld_24579pt__15726,697.0,183.74665119103236,586.8358851674725,613.2064190468384,2026.3852965530189,310.6370171580881,613.2064190468384
nrc_groeneveld_24579pt__15727,1163.0,269.9386497674212,753.3346049186265,808.066555938004,2504.0461311098256,450.6710106744121,808.066555938004
nrc_groeneveld_24579pt__15728,697.0,206.42026059188063,492.48147327372465,479.0262349353952,1810.311862755789,443.4901086678802,479.0262349353952
nrc_groeneveld_24579pt__15729,1174.0,298.44346927994945,722.9276026852936,862.0495804190969,2366.7315938422307,611.6920995819371,862.0495804190969
nrc_groeneveld_24579pt__15730,709.0,230.0632127256272,554.1961621269674,518.8685428872247,1767.4818891172756,537.5319583654406,518.8685428872247
nrc_groeneveld_24579pt__15731,1185.0,284.97728410235044,679.0847634316345,832.5410446103782,2151.110254036143,628.8603482957897,832.5410446103782
nrc_groeneveld_24579pt__15732,709.0,252.71905937888647,532.3137386697358,552.0949100838832,1735.848952130809,633.9759678679203,552.0949100838832
nrc_groeneveld_24579pt__15733,1163.0,328.9847100950815,730.4384159155662,861.972684396259,2201.3843826509938,783.3157635996349,861.972684396259
nrc_groeneveld_24579pt__15734,1163.0,346.48524713696884,800.9742477558715,905.7158877863199,2094.261030696776,907.8655388913215,905.7158877863199
nrc_groeneveld_24579pt__15735,2010.0,715.10148132642,1037.584517184651,1049.6256339214071,3641.4685938667185,1625.4787295991503,1049.6256339214071
nrc_groeneveld_24579pt__15736,1163.0,373.24677070240233,793.361044982645,911.763036916597,1976.8436561904641,1089.7222105440023,911.763036916597
nrc_groeneveld_24579pt__15737,1163.0,387.496757901051,869.1510679966086,944.548612802553,2022.1180734105026,1135.5855593010094,944.548612802553
nrc_groeneveld_24579pt__15738,1174.0,413.8176208703606,827.2180112482774,911.5764354211556,1934.8570547928214,1342.04052403383,911.5764354211556
nrc_groeneveld_24579pt__15739,686.0,299.8634196272032,470.9569112140769,541.4269267935025,1433.6884205032654,1103.646873625653,541.4269267935025
nrc_groeneveld_24579pt__15740,2035.0,666.4836743648842,1094.6584781881074,1145.3469656077343,3112.9931903200327,1879.1385525838389,1145.3469656077343
nrc_groeneveld_24579pt__15741,2046.0,669.2865669602538,1103.1683285518861,1161.708660233124,3095.5930549138925,1917.8214291976224,1161.708660233124
nrc_groeneveld_24579pt__15742,1174.0,435.51088012957155,855.293582245367,899.6936875356771,1860.1422829741755,1628.608904131564,899.6936875356771
nrc_groeneveld_24579pt__15743,2046.0,747.1216972497135,1169.6924126501635,1247.9069197103481,3099.6387788676793,2426.2706961508543,1247.9069197103481
nrc_groeneveld_24579pt__15744,1174.0,456.1156157561158,851.2765132777118,904.7736117945285,1772.0955963475742,2053.4585562576167,904.7736117945285
nrc_groeneveld_24579pt__15745,2035.0,806.9626836028443,1226.0974927551565,1269.002853257983,3099.9040152327707,2915.081645287822,1269.002853257983
nrc_groeneveld_24579pt__15746,2046.0,831.1857631311442,1301.2516049953017,1348.3746056363734,3011.3904651523276,3509.90561245343,1348.3746056363734
nrc_groeneveld_24579pt__15747,1163.0,462.17825630830436,678.2050673221338,778.2813180264261,1660.9030848506338,2541.3481905380922,778.2813180264261
nrc_groeneveld_24579pt__15748,1174.0,480.47674620300893,706.96400280628,798.1395561989369,1649.7060714597546,2965.462355760371,798.1395561989369
nrc_groeneveld_24579pt__15749,2069.0,878.2256380098622,1378.0544173938563,1396.4623213028524,3016.8286201440965,4360.17730537056,1396.4623213028524
nrc_groeneveld_24579pt__15750,2046.0,1014.8953425588684,1491.139305607486,1529.8480075274367,3306.9184775623935,5937.886680129165,1529.8480075274367
nrc_groeneveld_24579pt__15751,1163.0,552.0891017205465,777.1323407429999,899.7231726234103,1720.17890088881,4385.057058192245,899.7231726234103
nrc_groeneveld_24579pt__15752,2069.0,1034.9118070282811,1504.010476903458,1507.6557268798076,3217.9604072566644,7753.505372726682,1507.6557268798076
nrc_groeneveld_24579pt__15753,2046.0,1055.3392591997804,1555.9619548699022,1579.4025811407903,3234.963232220142,8761.74415676189,1579.4025811407903
nrc_groeneveld_24579pt__15754,2046.0,1070.5546541683646,1582.596938267211,1639.8143096403728,3232.884640537394,10113.576412260127,1639.8143096403728
nrc_groeneveld_24579pt__15755,2058.0,1180.037390029468,1641.5238086003344,1660.3542720760886,3625.550010910789,10579.931775622885,1660.3542720760886
nrc_groeneveld_24579pt__15756,2058.0,1225.6352092995226,1707.1857975069613,1731.0326584415193,3778.989555444962,12391.733777648706,1731.0326584415193
nrc_groeneveld_24579pt__15757,2011.0,1134.493175239729,1700.792916923431,1792.216559321722,3460.0863842534363,13316.93891457206,1792.216559321722
nrc_groeneveld_24579pt__15758,2035.0,1182.5317593349519,1761.0358250987783,1786.8178122354755,3654.196444813357,14895.223697277273,1786.8178122354755
nrc_groeneveld_24579pt__15759,2046.0,1357.2215962978457,1866.35262308704,1823.743633854016,4338.8966979453535,17008.947159018335,1823.743633854016
nrc_groeneveld_24579pt__15760,686.0,94.45041314302178,346.3213010732384,270.0370925815731,1114.7569168812026,78.39671122595851,270.0370925815731
nrc_groeneveld_24579pt__15761,697.0,100.2827452300058,378.0506365630144,260.46100303832907,1309.6268620120288,86.56219394717405,260.46100303832907
nrc_groeneveld_24579pt__15762,744.0,100.78680084796312,383.4407985410408,254.1256758204821,1266.3616948494198,86.95932350100793,254.1256758204821
nrc_groeneveld_24579pt__15763,709.0,121.41048268092578,395.85452376867585,412.8657329366601,1726.1767893401002,113.8335748612543,412.8657329366601
nrc_groeneveld_24579pt__15764,714.0,134.5922822938596,450.57048564434507,475.2495022635775,1885.4132552912051,124.8291150248217,475.2495022635775
nrc_groeneveld_24579pt__15765,744.0,154.74187136866564,567.6854961586201,611.1146081837978,2096.5361166289968,142.3949137012168,611.1146081837978
nrc_groeneveld_24579pt__15766,744.0,147.93947848566722,532.7819631453257,543.8120397214478,2022.0439716686,138.84090226664972,543.8120397214478
nrc_groeneveld_24579pt__15767,744.0,172.8622748985676,597.1115379834059,622.5398947253557,2291.6966856259646,154.46338440813966,622.5398947253557
nrc_groeneveld_24579pt__15768,689.0,193.7464127047851,692.5566550448688,735.8429196866138,2463.7081677865212,175.28072317687497,735.8429196866138
nrc_groeneveld_24579pt__15769,744.0,201.7073185193102,724.7905904721254,739.856612673307,2516.4566021072164,186.12764608331014,739.856612673307
nrc_groeneveld_24579pt__15770,709.0,210.49768903031176,801.3172754143019,811.4219616180242,2536.8589165420312,216.83492158910417,811.4219616180242
nrc_groeneveld_24579pt__15771,689.0,204.33722995604327,801.3172754143019,807.0430882429854,2484.40710810655,213.49259082618516,807.0430882429854
nrc_groeneveld_24579pt__15772,744.0,209.58782445422045,812.2163232112407,808.2820429395236,2513.1054938387147,221.15097136303604,808.2820429395236
nrc_groeneveld_24579pt__15773,1081.0,277.3697021203997,764.76626128036,826.4011223104454,3014.99726205205,264.3080366336391,826.4011223104454
nrc_groeneveld_24579pt__15774,1069.0,260.6869693403393,786.167228568811,872.5188740002781,2871.605711482791,261.237482075917,872.5188740002781
nrc_groeneveld_24579pt__15775,686.0,208.27467499263113,835.5296627511069,823.9047846093788,2435.232505014995,239.98654511349886,823.9047846093788
nrc_groeneveld_24579pt__15776,1081.0,275.6193968732517,796.8198936638099,801.5436344141425,2756.568509229437,321.46841264522646,801.5436344141425
nrc_groeneveld_24579pt__15777,1407.0,373.3474563026809,807.4875944696697,802.9082972747557,3252.1480262783098,371.3588161677622,802.9082972747557
nrc_groeneveld_24579pt__15778,1116.0,261.8833824912136,816.0010535050487,820.2101186954678,2646.2506348023753,322.04143996445873,820.2101186954678
nrc_groeneveld_24579pt__15779,733.0,206.6288107033184,556.6393069489644,481.33220614585264,1735.5859039662737,336.50507675112044,481.33220614585264
nrc_groeneveld_24579pt__15780,1872.0,447.4528901547162,796.2989453503069,818.5158238218618,3166.3407283769357,566.9384046961269,818.5158238218618
nrc_groeneveld_24579pt__15781,1430.0,358.076887825477,822.4523374045687,859.7089519772524,2613.455994769283,508.30510187650975,859.7089519772524
nrc_groeneveld_24579pt__15782,1860.0,446.45934262208567,812.6812686830314,829.4276987783375,3140.9990183987243,578.618989103397,829.4276987783375
nrc_groeneveld_24579pt__15783,686.0,208.89640401018633,538.5948055535879,470.69958939892007,1540.4211026655003,381.0264954758118,470.69958939892007
nrc_groeneveld_24579pt__15784,1872.0,519.5919881770488,751.36299290059,898.3720227676616,2942.2599054412835,846.7741523249341,898.3720227676616
nrc_groeneveld_24579pt__15785,1093.0,322.3165017580729,719.8917629340624,844.0005479485117,1846.9662249306189,645.6501545884273,844.0005479485117
nrc_groeneveld_24579pt__15786,1465.0,421.49099125275774,880.738647833563,935.8580230847342,2308.9006719483464,816.5098440195344,935.8580230847342
nrc_groeneveld_24579pt__15787,1081.0,377.96186252120265,800.3793321879365,872.5116239132982,1685.9703293703617,952.5015567067546,872.5116239132982
nrc_groeneveld_24579pt__15788,1814.0,622.5315442708293,1003.4617595573765,1064.6547510100775,2765.302795517114,1360.3515607519107,1064.6547510100775
nrc_groeneveld_24579pt__15789,1465.0,471.982756378342,922.5114995387869,1059.9545785278863,2065.258887308557,1154.5736318423333,1059.9545785278863
nrc_groeneveld_24579pt__15790,1360.0,459.01461808953553,898.8705358120263,1050.628362313282,1950.0755486872586,1167.084358604513,1050.628362313282
nrc_groeneveld_24579pt__15791,1058.0,386.05465607185926,752.0222176976504,810.4783346693744,1592.4683877266377,1064.266453271882,810.4783346693744
nrc_groeneveld_24579pt__15792,907.0,346.2349631964021,712.3678945838069,811.2671829531484,1564.6302297370523,1174.8975538199509,811.2671829531484
nrc_groeneveld_24579pt__15793,873.0,298.8335304945645,517.0571584238087,604.3196807658893,1332.70407499177,1039.541367181491,604.3196807658893
nrc_groeneveld_24579pt__15794,802.0,296.44327483947194,494.4406629058618,571.4754679658379,1321.1896356545597,1032.5861878626126,571.4754679658379
nrc_groeneveld_24579pt__15795,707.0,243.05928758186602,341.27362160515474,393.9543687375331,1048.7918737735226,861.4318683446082,393.9543687375331
nrc_groeneveld_24579pt__15796,2784.0,163.54666732391496,2297.4972429843333,2367.697316985761,30000.0,1238.1251342550672,2367.697316985761
nrc_groeneveld_24579pt__15797,744.0,38.1905113247079,605.96316322575,632.840462923639,30000.0,566.23889536737,632.840462923639
nrc_groeneveld_24579pt__15798,977.0,53.155392230611184,884.9100016330159,964.9493640992114,30000.0,658.8723535852439,964.9493640992114
nrc_groeneveld_24579pt__15799,756.0,41.409221639697044,675.8845694197596,528.5108094404479,30000.0,818.4380924163228,528.5108094404479
nrc_groeneveld_24579pt__15800,737.0,41.72788846160732,677.3154579193725,509.1237887368878,30000.0,818.3878333488734,509.1237887368878
nrc_groeneveld_24579pt__15801,1069.0,52.536681733491676,648.8178913401913,666.6715456808408,30000.0,942.0950884530235,666.6715456808408
nrc_groeneveld_24579pt__15802,1081.0,51.81769474776505,640.2490593484786,656.3013720583265,30000.0,942.1382915378064,656.3013720583265
nrc_groeneveld_24579pt__15803,796.0,40.22677160200201,549.2814716904846,544.1133864792763,30000.0,1087.8128077898234,544.1133864792763
nrc_groeneveld_24579pt__15804,1442.0,64.85704071476175,1157.840373998221,1125.7624189991134,30000.0,1109.0491990341593,1125.7624189991134
nrc_groeneveld_24579pt__15805,1477.0,69.33359790537462,1234.6466964105164,1166.3667600447745,30000.0,1113.0675217110775,1166.3667600447745
nrc_groeneveld_24579pt__15806,1593.0,70.51152942752522,1237.8359894424152,1257.5479632065442,30000.0,1214.8629780325655,1257.5479632065442
nrc_groeneveld_24579pt__15807,1569.0,72.91307806032431,1289.5622157396606,1344.934220402602,30000.0,1236.8313925463344,1344.934220402602
nrc_groeneveld_24579pt__15808,1628.0,83.6642358785945,1378.2638398406677,1389.7461758732384,30000.0,1283.719706197399,1389.7461758732384
nrc_groeneveld_24579pt__15809,1372.0,66.1908709416001,763.2970825355089,797.0708078610121,30000.0,1625.7418979075203,797.0708078610121
nrc_groeneveld_24579pt__15810,1710.0,111.91194411695301,1045.6695815588391,997.5386906344105,30000.0,2153.785973452752,997.5386906344105
nrc_groeneveld_24579pt__15811,1690.0,124.91600705798628,1110.3765995295525,1068.691058154735,30000.0,2168.8845916133705,1068.691058154735
nrc_groeneveld_24579pt__15812,393.0,17.9904029069913,386.85219738635834,327.3971399243775,30000.0,209.40690223004978,327.3971399243775
nrc_groeneveld_24579pt__15813,351.0,17.88845292645039,386.85219738635834,329.07597708438436,30000.0,209.4202612391072,329.07597708438436
nrc_groeneveld_24579pt__15814,317.0,16.756740666703962,385.12826090580205,273.7377169381671,30000.0,209.6075133011502,273.7377169381671
nrc_groeneveld_24579pt__15815,269.0,16.490029294952635,384.85949675765517,268.990402775509,30000.0,209.661400677006,268.990402775509
nrc_groeneveld_24579pt__15816,230.0,15.137575667969095,385.1557696229761,259.05643663915913,30000.0,209.98947419002346,259.05643663915913
nrc_groeneveld_24579pt__15817,617.0,33.454592991887495,661.8663374731219,589.9527995757668,30000.0,421.5561694707532,589.9527995757668
nrc_groeneveld_24579pt__15818,557.0,32.225048812641326,659.0807654693446,581.1772788826373,30000.0,421.5108406739898,581.1772788826373
nrc_groeneveld_24579pt__15819,679.0,34.57653825373074,673.0741526272147,653.998474555595,30000.0,421.7543873305787,653.998474555595
nrc_groeneveld_24579pt__15820,484.0,29.580886235886737,566.954293058007,494.36323033330297,30000.0,424.0139338515715,494.36323033330297
nrc_groeneveld_24579pt__15821,408.0,27.14264638070115,492.5713165301745,427.8577438970883,30000.0,424.229457324785,427.8577438970883
nrc_groeneveld_24579pt__15822,782.0,41.51528741985658,704.2640493797079,636.1761533661453,30000.0,642.7892405201374,636.1761533661453
nrc_groeneveld_24579pt__15823,694.0,37.92654155118148,577.0316600750502,571.5437831802305,30000.0,642.5513744730374,571.5437831802305
nrc_groeneveld_24579pt__15824,568.0,34.12759001749087,491.6761710092695,450.0183853524209,30000.0,642.6535898836007,450.0183853524209
nrc_groeneveld_24579pt__15825,972.0,45.65478393846432,757.851695076917,772.8598797760268,30000.0,647.43373992388,772.8598797760268
nrc_groeneveld_24579pt__15826,887.0,43.13042590526831,666.6725539071075,699.5758131790506,30000.0,646.8070320456508,699.5758131790506
nrc_groeneveld_24579pt__15827,995.0,47.77412447310548,838.1491101965921,737.1264168130352,30000.0,870.268439304657,737.1264168130352
nrc_groeneveld_24579pt__15828,1134.0,50.47591646867522,948.44818907043,805.73488019907,30000.0,870.8216824438642,805.73488019907
nrc_groeneveld_24579pt__15829,1245.0,53.98369035056212,989.643476161411,871.4249101863574,30000.0,871.8840844517314,871.4249101863574
nrc_groeneveld_24579pt__15830,862.0,43.505634815000064,611.1732643244712,590.797366915998,30000.0,869.6357538105877,590.797366915998
nrc_groeneveld_24579pt__15831,732.0,37.67728770321766,425.4980926882442,398.3259942437547,30000.0,870.6768490874172,398.3259942437547
nrc_groeneveld_24579pt__15832,709.0,22.136487575966576,325.63327988611223,332.4916874074457,30000.0,323.8663677704464,332.4916874074457
nrc_groeneveld_24579pt__15833,686.0,23.28623134239313,378.03033074478697,415.9708801488209,30000.0,330.9285067990504,415.9708801488209
nrc_groeneveld_24579pt__15834,686.0,28.02864662175746,540.5363325905062,577.407685240077,30000.0,428.42203453680327,577.407685240077
nrc_groeneveld_24579pt__15835,686.0,28.181867672592237,547.983482005159,580.1059018830616,30000.0,428.4423691028139,580.1059018830616
nrc_groeneveld_24579pt__15836,755.0,29.242843526893854,573.8091216001061,578.909212142398,30000.0,460.73698967202,578.909212142398
nrc_groeneveld_24579pt__15837,697.0,30.947520141977037,623.6251417402225,607.2233216807421,30000.0,508.84284203646973,607.2233216807421
nrc_groeneveld_24579pt__15838,697.0,32.33517807784694,445.6624644290766,414.1061896030681,30000.0,640.0261823981996,414.1061896030681
nrc_groeneveld_24579pt__15839,1050.0,41.196909381978266,577.4928680533056,600.1889328542595,30000.0,659.7075245546664,600.1889328542595
nrc_groeneveld_24579pt__15840,1110.0,41.38595431719398,630.8777644169706,624.4998225983863,30000.0,719.6775747976777,624.4998225983863
nrc_groeneveld_24579pt__15841,697.0,33.056466300024766,406.3506074099414,354.62435567850946,30000.0,742.5622210775997,354.62435567850946
nrc_groeneveld_24579pt__15842,1060.0,42.07734430908877,646.9963668137764,669.4409238296557,30000.0,759.1693614004922,669.4409238296557
nrc_groeneveld_24579pt__15843,697.0,34.82763724750678,384.9879713689077,317.794027358335,30000.0,832.795868491128,317.794027358335
nrc_groeneveld_24579pt__15844,1390.0,51.939446399871905,648.6586400030257,648.8370710933391,30000.0,859.5731165617542,648.8370710933391
nrc_groeneveld_24579pt__15845,1060.0,44.89403669720179,646.6006659748472,658.9770939888117,30000.0,857.0667686654763,658.9770939888117
nrc_groeneveld_24579pt__15846,686.0,34.268629467315066,372.82946577406364,326.0959634197088,30000.0,855.5989469065138,326.0959634197088
nrc_groeneveld_24579pt__15847,697.0,37.57583232292139,375.0773458320866,356.51590707643993,30000.0,864.3928140756083,356.51590707643993
nrc_groeneveld_24579pt__15848,1100.0,47.81428997846437,625.961440829781,656.8154410309955,30000.0,966.9703882226477,656.8154410309955
nrc_groeneveld_24579pt__15849,1470.0,60.874626807384466,616.8810911408983,668.4153268494181,30000.0,970.7254344706022,668.4153268494181
nrc_groeneveld_24579pt__15850,1810.0,77.1911620998093,622.7919309768981,648.0864549119201,30000.0,983.4401145936613,648.0864549119201
nrc_groeneveld_24579pt__15851,1390.0,59.73705922286656,634.9652237138404,659.7853882251666,30000.0,989.6025595502073,659.7853882251666
nrc_groeneveld_24579pt__15852,709.0,38.31688061724143,449.05676100430185,328.2316624789872,30000.0,996.3793387553012,328.2316624789872
nrc_groeneveld_24579pt__15853,721.0,42.126176095901734,390.05619398496617,372.89417041906916,30000.0,1055.0205758668287,372.89417041906916
nrc_groeneveld_24579pt__15854,1070.0,50.244388644130204,592.8884972819932,663.0784667108221,30000.0,1103.6346100480444,663.0784667108221
nrc_groeneveld_24579pt__15855,709.0,42.729155973358786,441.20606255060216,362.45840323033514,30000.0,1201.9267098255023,362.45840323033514
nrc_groeneveld_24579pt__15856,1390.0,73.27794376684733,579.6248859659811,700.8199960796467,30000.0,1207.0946953407154,700.8199960796467
nrc_groeneveld_24579pt__15857,1470.0,70.74122083963248,585.2230765873855,704.6397533904968,30000.0,1206.6675079604609,704.6397533904968
nrc_groeneveld_24579pt__15858,1070.0,51.74039143256549,527.5020630971742,647.5483389702787,30000.0,1223.276951631075,647.5483389702787
nrc_groeneveld_24579pt__15859,1840.0,88.94768924041335,597.2311237781053,726.8794743028781,30000.0,1237.7698432081152,726.8794743028781
nrc_groeneveld_24579pt__15860,1030.0,55.03221643669209,614.2434452491589,684.2631101247996,30000.0,1313.1253264019463,684.2631101247996
nrc_groeneveld_24579pt__15861,1390.0,81.13254845684686,718.5122948050281,737.6142219015414,30000.0,1343.9998117519385,737.6142219015414
nrc_groeneveld_24579pt__15862,1130.0,59.84686102789134,657.4946943981566,719.493343257658,30000.0,1340.996232220842,719.493343257658
nrc_groeneveld_24579pt__15863,1050.0,60.07401296834438,611.6291230161677,662.1932538668088,30000.0,1465.0151228403058,662.1932538668088
nrc_groeneveld_24579pt__15864,1390.0,83.28482625624478,778.3836880055503,811.3772050779703,30000.0,1481.8269815320148,811.3772050779703
nrc_groeneveld_24579pt__15865,1720.0,104.1179761647124,789.1949861047513,805.0128791242811,30000.0,1498.4391283463412,805.0128791242811
nrc_groeneveld_24579pt__15866,1050.0,63.89488014939695,565.2680119397552,592.9323225677678,30000.0,1592.0309506217486,592.9323225677678
nrc_groeneveld_24579pt__15867,1420.0,94.06302133404611,786.7517267953624,866.3511560784406,30000.0,1595.4887551458828,866.3511560784406
nrc_groeneveld_24579pt__15868,542.0,38.58513523880009,334.2203985633262,337.07220159302005,30000.0,1519.9018726605,337.07220159302005
nrc_groeneveld_24579pt__15869,577.0,25.35285972046304,225.8249579587474,221.94282195795486,25330.882617226456,639.5980892027757,221.94282195795486
nrc_groeneveld_24579pt__18226,883.0,676.8959726843078,732.3879242413433,691.4942095521227,730.3605432535351,748.1494847266792,691.4942095521227
nrc_groeneveld_24579pt__18227,836.0,684.5840699027034,773.4347475405111,697.4381568361144,734.0967724335507,755.6421183167057,697.4381568361144
nrc_groeneveld_24579pt__18228,793.0,659.2433192365671,774.2381797153708,690.751913877303,722.2095820861088,730.1862657489844,690.751913877303
nrc_groeneveld_24579pt__18229,764.0,605.9281765913071,749.7356114367764,580.5297572278008,694.0502159102631,673.0041374411727,580.5297572278008
nrc_groeneveld_24579pt__18230,735.0,576.1610883134257,744.5397695623166,510.3274489331944,676.804922225149,639.7965366566357,510.3274489331944
nrc_groeneveld_24579pt__18231,706.0,560.9349209216139,738.0368061206092,477.0168505359665,667.6758727441493,622.9560626043005,477.0168505359665
nrc_groeneveld_24579pt__18232,663.0,568.4071145002553,739.4239297011054,490.8590475129036,672.2864600637623,631.1699082719578,490.8590475129036
nrc_groeneveld_24579pt__18233,619.0,555.3294243194986,731.8897606470046,469.4193794539164,664.2712558501407,616.7801684759894,469.4193794539164
nrc_groeneveld_24579pt__18234,590.0,514.0928698262904,719.7183010102439,487.09946591634093,638.5746652561874,571.7193562865214,487.09946591634093
nrc_groeneveld_24579pt__18235,556.0,485.72835023161184,675.1437450131612,447.30383328447675,619.9393950888887,541.2951439597566,447.30383328447675
nrc_groeneveld_24579pt__18236,518.0,466.5278628954352,637.1755335166255,459.7662952314047,607.0802269620536,520.8403310479817,459.7662952314047
nrc_groeneveld_24579pt__18237,480.0,411.0446621839842,468.68093454474445,437.88531519988584,564.547918813747,458.7327855128891,437.88531519988584
nrc_groeneveld_24579pt__18238,431.0,409.82285953308923,469.64314249192637,437.88531519988584,563.5407210643222,457.34969328853356,437.88531519988584
nrc_groeneveld_24579pt__18239,382.0,386.13530172757913,407.2546817684056,414.4660580250889,543.7106276038085,430.90601063150865,414.4660580250889
nrc_groeneveld_24579pt__18240,330.0,387.56185798387554,386.33955165271385,391.98660683795316,544.6299349629812,432.7637792572014,391.98660683795316
nrc_groeneveld_24579pt__18241,885.0,674.3329300766853,775.3779980515461,691.1853665646942,729.3313503597105,745.3412925513952,691.1853665646942
nrc_groeneveld_24579pt__18242,845.0,656.7614184857347,771.0611160780654,690.751913877303,721.0255666094898,727.6946192052098,690.751913877303
nrc_groeneveld_24579pt__18243,813.0,624.4627334135577,759.8880577106924,605.589582231899,704.5457343246367,693.8163001498737,605.589582231899
nrc_groeneveld_24579pt__18244,778.0,605.9281765913071,749.7356114367764,580.5297572278008,694.0502159102631,673.0041374411727,580.5297572278008
nrc_groeneveld_24579pt__18245,741.0,585.9787137114098,753.6369914347464,548.19061137255,682.4879447483197,650.7371768009531,548.19061137255
nrc_groeneveld_24579pt__18246,700.0,568.5863935860057,751.0570475488364,498.7102519511604,672.1757642679322,631.4462986198438,498.7102519511604
nrc_groeneveld_24579pt__18247,666.0,548.0286000401508,736.9362136666998,476.52258305665424,659.6976338246305,608.8019421549859,476.52258305665424
nrc_groeneveld_24579pt__18248,619.0,538.9315014110211,738.3418521457079,477.40604792156245,654.073708594364,598.8392457389466,477.40604792156245
nrc_groeneveld_24579pt__18249,576.0,515.979525568468,731.970436045274,471.0291708680011,639.5942230657964,573.8711790637204,471.0291708680011
nrc_groeneveld_24579pt__18250,532.0,490.7084160204769,694.0072381529434,464.2028816544434,623.155020507498,546.6780321451287,464.2028816544434
nrc_groeneveld_24579pt__18251,480.0,502.34377198078556,722.5830460228688,464.31506452459394,630.7898502916073,559.1578753518835,464.31506452459394
nrc_groeneveld_24579pt__18252,431.0,489.0683694665281,691.673451761587,464.2028816544434,622.0692874497126,544.9246812434438,464.2028816544434
nrc_groeneveld_24579pt__18253,394.0,436.4162349614097,515.3050778752846,451.161818169767,584.9445717436643,487.97119780353756,451.161818169767
nrc_groeneveld_24579pt__18254,344.0,419.84990759593467,521.9615303826985,420.0816763699254,571.5951857480103,468.8772994033554,420.0816763699254
nrc_groeneveld_24579pt__18255,286.0,431.25045272159974,511.29212189848545,429.68388541334787,580.8105415518304,481.98291978239524,429.68388541334787
nrc_groeneveld_24579pt__18256,900.0,622.3756529385387,758.3916516468951,585.9151736059946,703.3748864382295,691.467044820863,585.9151736059946
nrc_groeneveld_24579pt__18257,865.0,622.3756529385387,758.3916516468951,585.9151736059946,703.3748864382295,691.467044820863,585.9151736059946
nrc_groeneveld_24579pt__18258,825.0,644.4913700249268,768.2715582967196,647.718006304332,715.1187754435458,715.3812052809374,647.718006304332
nrc_groeneveld_24579pt__18259,793.0,603.90304234556,751.5856209499526,583.8896890270223,692.8898665079439,670.7372398863191,583.8896890270223
nrc_groeneveld_24579pt__18260,747.0,620.2955479076498,751.3257737091305,585.9151736059946,702.2059958963134,689.1270540452953,585.9151736059946
nrc_groeneveld_24579pt__18261,721.0,559.1480421911082,740.7418424467455,484.23501825463944,666.4867721617088,621.0280726604035,484.23501825463944
nrc_groeneveld_24579pt__18262,677.0,528.2140934956055,739.2333683812723,474.6691272696459,647.3644061871288,587.1497963070051,474.6691272696459
nrc_groeneveld_24579pt__18263,642.0,505.7185498469863,726.7231360716402,479.10494304139496,632.9833810178031,562.7906656942872,479.10494304139496
nrc_groeneveld_24579pt__18264,605.0,490.7084160204769,694.0072381529434,464.2028816544434,623.155020507498,546.6780321451287,464.2028816544434
nrc_groeneveld_24579pt__18265,561.0,462.01146376694567,617.9388531549506,444.8518399460809,603.8250573899379,516.2126888447712,444.8518399460809
nrc_groeneveld_24579pt__18266,518.0,442.96056664032926,575.6210465390548,448.20821447189576,590.142685576944,495.6012709019904,448.20821447189576
nrc_groeneveld_24579pt__18267,475.0,413.647014477228,472.0471827670147,415.541150378286,566.5264345915417,461.8116947393644,415.541150378286
nrc_groeneveld_24579pt__18268,440.0,389.3161197336632,450.6935805396918,427.72628326824605,546.7007127534039,434.13594887445913,427.72628326824605
nrc_groeneveld_24579pt__18269,376.0,396.76214020436737,458.12511939836884,394.9532396988928,552.5285151212182,442.8179231530442,394.9532396988928
nrc_groeneveld_24579pt__18270,359.0,348.5212399294198,399.61782416745325,435.0733573314516,511.37106321084775,390.9189047486442,435.0733573314516
nrc_groeneveld_24579pt__18271,1632.0,1229.2535678545748,1262.7637278389,1262.5712485314518,976.3815931304516,1221.795908072365,1262.5712485314518
nrc_groeneveld_24579pt__18272,1534.0,1298.1725072762429,1321.334169548286,1266.1567714748085,997.92665018118,1280.7468858483114,1266.1567714748085
nrc_groeneveld_24579pt__18273,1458.0,1198.1306299773448,1214.0839553343328,1220.7712845079943,966.6698888556116,1195.7921857884292,1220.7712845079943
nrc_groeneveld_24579pt__18274,1377.0,1149.5129448494756,1193.4988456587296,1209.4005771687316,951.2416378946901,1155.201390306372,1209.4005771687316
nrc_groeneveld_24579pt__18275,1299.0,1114.3487693649258,1140.3986542711461,1176.7863905484694,939.7622600671023,1125.5682827842702,1176.7863905484694
nrc_groeneveld_24579pt__18276,1233.0,1063.6091015546551,1071.1826370198307,1167.1677025081735,922.6971575553341,1082.4001042943794,1167.1677025081735
nrc_groeneveld_24579pt__18277,1163.0,1025.7476447645522,1043.1833558832832,1071.9418284577562,909.5554062856693,1049.8711942030498,1071.9418284577562
nrc_groeneveld_24579pt__18278,1117.0,864.6304410690125,905.7504086751577,920.5676175963401,849.2214174506558,908.3825173266753,920.5676175963401
nrc_groeneveld_24579pt__18279,998.0,1009.9367230751905,1041.876446976974,1074.446214063435,903.957902267075,1036.2064866817807,1074.446214063435
nrc_groeneveld_24579pt__18280,909.0,869.119131150802,928.9365861861949,920.5676175963401,851.0091396685427,912.3919575080474,920.5676175963401
nrc_groeneveld_24579pt__18281,845.0,736.4073103045852,753.1749788969177,856.9922005920455,795.1454677352417,792.2078590889487,856.9922005920455
nrc_groeneveld_24579pt__18282,764.0,677.8560580838756,690.9834456325015,775.8447503169003,768.2703808453408,738.1063464536946,775.8447503169003
nrc_groeneveld_24579pt__18366,619.0,583.341168596465,664.0563868741987,713.5902840444992,721.4104632902789,649.400309074538,713.5902840444992
nrc_groeneveld_24579pt__18367,536.0,521.958994765186,596.5336637468013,602.5018588284984,688.9848112446759,592.1244701581352,602.5018588284984
nrc_groeneveld_24579pt__18368,475.0,430.1878783378448,507.32450893697563,541.8806286682656,640.1034766471175,505.07396300382874,541.8806286682656
nrc_groeneveld_24579pt__18369,1464.0,1339.7009138515527,1307.3302830904845,1280.8755253791708,1013.5421730018702,1325.5171534548015,1280.8755253791708
nrc_groeneveld_24579pt__18370,1389.0,1266.379299634726,1302.5465220246372,1266.2366106888664,988.10381562005,1253.6520601859554,1266.2366106888664
nrc_groeneveld_24579pt__18371,1322.0,1137.6699583396278,1166.863531308689,1209.4005771687316,947.4079404756269,1145.2470579366272,1209.4005771687316
nrc_groeneveld_24579pt__18372,1215.0,1168.0679467685675,1145.6451090840603,1188.246178565881,957.0002953628765,1169.966694924356,1188.246178565881
nrc_groeneveld_24579pt__18373,1140.0,1063.6091015546551,1071.1826370198307,1167.1677025081735,922.6971575553341,1082.4001042943794,1167.1677025081735
nrc_groeneveld_24579pt__18374,1053.0,901.1992598232611,968.71130883429,987.5246783350599,863.5935737422953,940.9338347894051,987.5246783350599
nrc_groeneveld_24579pt__18375,995.0,954.0200350640916,1012.7404855699257,1056.370447419614,883.6238559806498,987.4971176630437,1056.370447419614
nrc_groeneveld_24579pt__18377,851.0,754.0423158565649,782.675477324598,845.8568442625251,821.4381397422926,813.5280353019629,845.8568442625251
nrc_groeneveld_24579pt__18378,735.0,717.5863198427526,730.3347723581546,800.7018321805202,786.6698201832315,774.8888365132223,800.7018321805202
nrc_groeneveld_24579pt__18379,663.0,610.8716227600827,671.264774636427,711.1960090793928,736.0567860306287,676.268271417053,711.1960090793928
nrc_groeneveld_24579pt__18380,561.0,547.8879854575333,619.2343343976509,677.4438895676461,702.7256428049938,615.9911182770496,677.4438895676461
nrc_groeneveld_24579pt__18381,460.0,456.193600903584,527.426489547174,559.2214921787839,652.0440451316346,530.8740404862101,559.2214921787839
nrc_groeneveld_24579pt__18382,1597.0,1442.068496078931,1355.601046448697,1285.7902936932771,1049.7482256628302,1429.8215323958495,1285.7902936932771
nrc_groeneveld_24579pt__18383,1563.0,1363.4339830164943,1332.1633596373292,1276.8916102701432,1021.6965141464611,1347.8318182542307,1276.8916102701432
nrc_groeneveld_24579pt__18384,1502.0,1266.379299634726,1302.5465220246372,1266.2366106888664,988.10381562005,1253.6520601859554,1266.2366106888664
nrc_groeneveld_24579pt__18386,1377.0,1253.8811140507366,1282.7388147884758,1266.9489301369895,984.1881982843802,1242.9539381236877,1266.9489301369895
nrc_groeneveld_24579pt__18387,1273.0,1074.6811248151153,1093.5393764358075,1167.1677025081735,926.4723747434427,1091.8613654808937,1167.1677025081735
nrc_groeneveld_24579pt__18389,1068.0,924.8360853929871,992.6920071168691,1045.20498932388,872.6591398804143,961.8368061400154,1045.20498932388
nrc_groeneveld_24579pt__18390,981.0,868.1897212124084,932.4522812564911,945.1201606382555,862.5728772154297,915.4549043911001,945.1201606382555
nrc_groeneveld_24579pt__18391,862.0,929.6373303718839,994.5486687078652,1045.20498932388,874.4807128118445,966.0696005159972,1045.20498932388
nrc_groeneveld_24579pt__18392,793.0,747.1362105504971,766.2965000433733,850.2297451501147,810.6743512572004,805.9301788074918,850.2297451501147
nrc_groeneveld_24579pt__18393,663.0,633.7284971242406,680.0766950518512,748.7626222817834,746.9668001501001,696.9004037704293,748.7626222817834
nrc_groeneveld_24579pt__18394,538.0,589.4136692718009,665.0561181831677,713.5902840444992,724.5642313506656,655.1499926035132,713.5902840444992
nrc_groeneveld_24579pt__18395,435.0,494.51925605911555,537.927474887907,548.7499520670996,678.14372911382,572.2702876288392,548.7499520670996
nrc_groeneveld_24579pt__18610,2201.0,1001.2116657013806,1915.2848391269931,2125.935577149458,7517.337169910323,3365.6100143532094,2125.935577149458
nrc_groeneveld_24579pt__18611,2076.0,890.0081760077626,1694.1287177115296,1824.6252169333943,6860.421540819997,3292.22325175755,1824.6252169333943
nrc_groeneveld_24579pt__18612,1848.0,875.1639876104222,1682.0722200493462,1700.6526722714616,6771.839181354143,3281.261515914267,1700.6526722714616
nrc_groeneveld_24579pt__18613,1775.0,705.6528469863433,1442.1062295651861,1473.4901173963663,5742.799463761845,3132.330060303073,1473.4901173963663
nrc_groeneveld_24579pt__18614,1744.0,552.0069599549456,1158.98466893537,1202.1519841406569,4775.642641291987,2948.864219942868,1202.1519841406569
nrc_groeneveld_24579pt__18615,1484.0,510.90904039173506,1143.0345631985886,1079.3768226815857,4509.743923086562,2889.484114405587,1079.3768226815857
nrc_groeneveld_24579pt__18616,2335.0,1013.0774566369769,1747.9166259937542,1829.544030712755,5565.916913756493,6925.195399065036,1829.544030712755
nrc_groeneveld_24579pt__18617,2014.0,831.1567366779806,1502.0718289393621,1557.0402017378283,4660.514203926628,6609.954002295618,1557.0402017378283
nrc_groeneveld_24579pt__18618,1785.0,690.8500660337143,1380.2911823432335,1278.5278680318952,3967.4089374601244,6164.074367453859,1278.5278680318952
nrc_groeneveld_24579pt__18619,3228.0,1726.8193714155336,2175.0499606461362,2111.058450080372,6364.960346083612,21211.926031156,2111.058450080372
nrc_groeneveld_24579pt__18620,3062.0,1481.4226569510897,2065.0207438849984,2001.2338802571146,5389.259734263153,21076.92766489549,2001.2338802571146
nrc_groeneveld_24579pt__18621,2823.0,1262.4281343126054,1984.7548501705367,1852.1891108237794,4598.7534161513195,20767.882688583486,1852.1891108237794
nrc_groeneveld_24579pt__18622,1040.0,474.7777125493352,1119.462388492702,1270.190707909703,8594.934180318545,246.37637987805655,1270.190707909703
nrc_groeneveld_24579pt__18623,961.0,468.57478595005716,1110.3333086149871,1246.99375842572,8464.325330700067,246.20493233628406,1246.99375842572
nrc_groeneveld_24579pt__18624,901.0,439.47664485011853,1064.8093381012177,1120.301515458419,7862.0197824977695,245.59316334292382,1120.301515458419
nrc_groeneveld_24579pt__18625,821.0,417.64192929680587,1023.7935824099135,1026.5031083537783,7421.5950259915835,245.38980463083658,1026.5031083537783
nrc_groeneveld_24579pt__18626,742.0,395.4961042647131,934.794400545541,912.604066077643,7025.234396435263,245.45024053271922,912.604066077643
nrc_groeneveld_24579pt__18627,629.0,373.9801315887359,861.2529833329789,871.9997177574915,6703.879840242062,245.7197942342429,871.9997177574915
nrc_groeneveld_24579pt__18628,1477.0,562.8401713617602,1678.9571877867702,1719.2756127164728,11521.908312555439,421.03454261118026,1719.2756127164728
nrc_groeneveld_24579pt__18629,1358.0,543.958331999606,1614.7816994357836,1652.211298960373,11095.785166281834,418.3245532986997,1652.211298960373
nrc_groeneveld_24579pt__18630,1305.0,495.9820239214865,1463.2446344324114,1475.8057176165605,10029.542883105445,411.21342518850645,1475.8057176165605
nrc_groeneveld_24579pt__18631,1192.0,471.7073278189717,1383.6418001786344,1336.948157081391,9499.693401480139,407.52083383926845,1336.948157081391
nrc_groeneveld_24579pt__18632,1113.0,438.82387833775624,1280.5397952652963,1189.073647926147,8793.038824287874,402.46909831302986,1189.073647926147
nrc_groeneveld_24579pt__18633,994.0,404.15617364865386,983.4062140512003,989.367729089911,8062.734913550564,397.16590162571043,989.367729089911
nrc_groeneveld_24579pt__18634,868.0,369.9368251821702,894.1980602603879,888.3185959062776,7434.8405227507465,392.6387004364952,888.3185959062776
nrc_groeneveld_24579pt__18635,2067.0,607.4943339951534,2037.0432012290605,2121.0184103183847,11121.969584024293,677.3785541392558,2121.0184103183847
nrc_groeneveld_24579pt__18636,1967.0,498.10453820699314,1724.2347809065013,1750.3977721978397,9650.281060531463,656.5653841180782,1750.3977721978397
nrc_groeneveld_24579pt__18637,1775.0,396.0302420633482,1305.9993959130152,1139.0531515607327,8127.196558678031,631.2815472794388,1139.0531515607327
nrc_groeneveld_24579pt__18638,1612.0,378.6135872806848,1192.2577250443676,1060.5390762521763,7763.9751943074525,624.6521765452534,1060.5390762521763
nrc_groeneveld_24579pt__18639,1524.0,337.5134498655282,967.2569949549815,903.4354583972039,6767.0983937465335,605.2846352423356,903.4354583972039
nrc_groeneveld_24579pt__18640,1312.0,321.15959142473537,981.8848362067135,831.087307038693,6402.455480444513,597.8028409971114,831.087307038693
nrc_groeneveld_24579pt__18641,2494.0,863.8215445721961,2495.829562288373,2406.784307348659,11590.220376058978,1052.603352564886,2406.784307348659
nrc_groeneveld_24579pt__18642,2312.0,738.2585355115557,2249.988460256597,2335.8385110136624,10377.897408743678,1019.6458674716121,2335.8385110136624
nrc_groeneveld_24579pt__18643,1881.0,578.4096536873402,1814.863234056139,1641.0653395747383,8524.240215690555,972.2232354040003,1641.0653395747383
nrc_groeneveld_24579pt__18644,1683.0,540.872177918275,1561.3518860890638,1449.9932202269763,7983.773923520626,955.8295395941456,1449.9932202269763
nrc_groeneveld_24579pt__18645,1557.0,483.37331214924393,1289.1999778967856,1286.7076297970316,7217.68248601822,930.3025002133429,1286.7076297970316
nrc_groeneveld_24579pt__18646,1358.0,405.36127921315875,1106.0992224242293,1108.6554451462791,6278.086774643207,894.9868337625539,1108.6554451462791
nrc_groeneveld_24579pt__18647,2087.0,757.0044579197104,1659.1721313643302,1677.516800214748,7929.559704514748,1472.145735115582,1677.516800214748
nrc_groeneveld_24579pt__18648,1881.0,673.2224905383779,1339.5346290053935,1379.933646030752,7138.4175290030225,1430.513771228312,1379.933646030752
nrc_groeneveld_24579pt__18649,1603.0,596.8546271630006,1189.804618973702,1239.766037183367,6544.253104170331,1382.4171080953552,1239.766037183367
nrc_groeneveld_24579pt__18650,2676.0,1306.8623372902032,2683.8163095654513,2927.193617072506,8577.846358170076,3121.5487464104435,2927.193617072506
nrc_groeneveld_24579pt__18651,2550.0,1081.1405710938943,2104.439019432883,2213.505989586506,7253.458249777642,3017.3408421312097,2213.505989586506
nrc_groeneveld_24579pt__18652,2319.0,931.6314589575935,1643.9105823984273,1679.415104019969,6433.480336999825,2955.8834085911903,1679.415104019969
nrc_groeneveld_24579pt__18653,2034.0,850.7452497645231,1426.5484252044118,1508.63754594709,5996.894608228122,2899.903281617112,1508.63754594709
nrc_groeneveld_24579pt__18654,3180.0,1806.2858516965541,3276.3590146037163,3760.0990851980423,8421.024719206984,6698.680453493369,3760.0990851980423
nrc_groeneveld_24579pt__18655,2988.0,1561.1286420728914,2739.5637936068774,3383.217497359484,7393.362426056213,6621.5064158354535,3383.217497359484
nrc_groeneveld_24579pt__18656,2802.0,1329.821347011868,2318.11734971384,2497.8628176234533,6446.806759049149,6497.961088913076,2497.8628176234533
nrc_groeneveld_24579pt__18657,2577.0,1162.8363112117188,1820.8799811287768,1855.473519694584,5756.369843792813,6364.932740006864,1855.473519694584
nrc_groeneveld_24579pt__18658,4220.0,2775.7742022900834,3951.5337701752624,4482.184771066381,10157.924629495692,20041.95606569204,4482.184771066381
nrc_groeneveld_24579pt__18659,3975.0,2536.3539476187225,3500.967327868941,4120.7686612927455,9172.726322906672,20429.791215225912,4120.7686612927455
nrc_groeneveld_24579pt__18660,3769.0,2096.8065782906388,2850.917918545476,2942.2194731666264,7412.776038190899,20734.781954162718,2942.2194731666264
nrc_groeneveld_24579pt__18661,1014.0,212.99066215601349,465.83665614859865,558.8606288335164,3683.5357403987823,112.71100998394476,558.8606288335164
nrc_groeneveld_24579pt__18662,966.0,228.00374219314435,464.967427067031,577.8053310426387,3876.833437210265,113.26379038385177,577.8053310426387
nrc_groeneveld_24579pt__18663,946.0,219.1622102781857,463.89326647281365,569.525877179624,3762.9616764045095,112.92325755172067,569.525877179624
nrc_groeneveld_24579pt__18664,946.0,200.27069258022107,434.5976901010033,548.0232583794727,3514.4858104939135,112.34191556175105,548.0232583794727
nrc_groeneveld_24579pt__18665,913.0,207.57403316500992,447.5943890492653,556.4843664885278,3612.2466841573355,112.54062418068533,556.4843664885278
nrc_groeneveld_24579pt__18666,893.0,201.96566624700594,438.3739197433874,554.0809301156122,3537.152030367382,112.3841259443682,554.0809301156122
nrc_groeneveld_24579pt__18667,862.0,200.27069258022107,434.5976901010033,548.0232583794727,3514.4858104939135,112.34191556175105,548.0232583794727
nrc_groeneveld_24579pt__18668,850.0,192.8176293297385,426.87324675055504,522.6844912722489,3414.9614220279077,112.18703500943911,522.6844912722489
nrc_groeneveld_24579pt__18669,812.0,201.54058268203482,437.62446426495467,554.0809301156122,3531.4675968784577,112.37330976284059,554.0809301156122
nrc_groeneveld_24579pt__18670,776.0,203.24630395374635,439.64881988305035,552.1105321034323,3554.2858309790704,112.41762604804295,552.1105321034323
nrc_groeneveld_24579pt__18671,754.0,203.67498517666533,441.65245798389145,552.1105321034323,3560.0260529405177,112.4291426037049,552.1105321034323
nrc_groeneveld_24579pt__18672,739.0,191.19942951251767,425.1867070920223,519.7540892388552,3393.382141320448,112.1604838923649,519.7540892388552
nrc_groeneveld_24579pt__18673,716.0,189.19576402080594,424.56221523848393,516.7726011912126,3366.6823025577573,112.13135674950824,516.7726011912126
nrc_groeneveld_24579pt__18674,688.0,186.425858461435,423.05249286328166,511.2493449387063,3329.8035012848645,112.09820321802218,511.2493449387063
nrc_groeneveld_24579pt__18675,678.0,175.43198877223898,410.3729115254755,486.5467706360023,3149.0039199957296,112.07051283496234,486.5467706360023
nrc_groeneveld_24579pt__18676,650.0,176.31660025789122,410.3729115254755,486.5467706360023,3163.521278688,112.06356610432647,486.5467706360023
nrc_groeneveld_24579pt__18677,622.0,175.13810565714888,410.3729115254755,483.52895670227804,3144.1892624911798,112.07320676671664,483.52895670227804
nrc_groeneveld_24579pt__18678,604.0,168.19692744046284,410.97042788773405,455.1617991572999,3031.7397333154913,112.19510838516368,455.1617991572999
nrc_groeneveld_24579pt__18679,579.0,165.2021128728989,411.2428732628946,425.46564800410204,2986.637561424943,112.27868635517537,425.46564800410204
nrc_groeneveld_24579pt__18680,561.0,157.37978732094234,411.01181147501717,425.65790235735386,2869.753035893287,112.60241282508059,425.65790235735386
nrc_groeneveld_24579pt__18681,524.0,158.79988527668104,410.6554180545009,424.1833354326533,2890.871032049412,112.53156704042964,424.1833354326533
nrc_groeneveld_24579pt__18682,506.0,150.31150275852448,409.709282783595,418.3112892670975,2763.622955303164,113.05182282616062,418.3112892670975
nrc_groeneveld_24579pt__18683,473.0,149.2863868278147,409.22952793454834,399.0722106244583,2747.833507111577,113.13313724186162,399.0722106244583
nrc_groeneveld_24579pt__18684,448.0,153.51437732574158,415.10546993884014,431.6504301240787,2819.8848720362903,114.89611597830725,431.6504301240787
nrc_groeneveld_24579pt__18685,412.0,144.87173793583713,397.7390418284899,372.79616998091814,2683.2125017403996,114.48845040945352,372.79616998091814
nrc_groeneveld_24579pt__18686,387.0,142.90244207030196,396.3089442405409,372.79616998091814,2653.2156553527957,114.69382277409589,372.79616998091814
nrc_groeneveld_24579pt__18687,352.0,134.8336886154011,412.8301313810976,437.17067019057856,2402.2736697634055,113.85123879284968,437.17067019057856
nrc_groeneveld_24579pt__18688,474.0,169.21854026036263,425.82161100670015,521.3828561408329,2862.43712981135,140.78382169173264,521.3828561408329
nrc_groeneveld_24579pt__18689,461.0,162.4111665059401,408.299747507465,447.9780900326607,2745.316192883025,138.72728352066386,447.9780900326607
nrc_groeneveld_24579pt__18690,433.0,161.0278051483442,410.1234449920934,424.54615097363774,2721.725379352346,138.31983754363935,424.54615097363774
nrc_groeneveld_24579pt__18691,410.0,156.4119144893649,394.46927846956225,382.4941876343662,2643.5412590667925,136.9888198698254,382.4941876343662
nrc_groeneveld_24579pt__18692,397.0,147.26282736291944,366.9316438233799,322.50752769290915,2487.8049806926206,134.44777552905407,322.50752769290915
nrc_groeneveld_24579pt__18693,364.0,144.5859819838698,368.1487332219171,321.0440261677186,2442.748020116809,133.7466677269867,321.0440261677186
nrc_groeneveld_24579pt__18694,336.0,140.07644177490815,365.1665979404173,315.8741247098364,2367.566495075451,132.61875723586553,315.8741247098364
nrc_groeneveld_24579pt__18695,308.0,135.836432097697,351.4048001363791,284.23593790083544,2233.817316979639,130.77024104203613,284.23593790083544
nrc_groeneveld_24579pt__18696,1462.0,468.7065487403086,985.4355345124814,1036.9469670622088,9106.234883048024,240.93570299422723,1036.9469670622088
nrc_groeneveld_24579pt__18697,1427.0,453.29290309072644,1076.908804826373,1134.2746232717218,8793.292728388828,240.84091979855623,1134.2746232717218
nrc_groeneveld_24579pt__18698,1378.0,454.7417764607992,1082.2856152803893,1141.4049168754664,8820.631596979429,242.1768186540227,1141.4049168754664
nrc_groeneveld_24579pt__18699,1348.0,424.6376237689658,1052.3064009723194,1122.4322169612617,8179.341065074617,235.63559391857802,1122.4322169612617
nrc_groeneveld_24579pt__18700,1323.0,407.8162008841568,1053.4369865207773,1105.0404590557332,7824.822819003327,233.5761914936924,1105.0404590557332
nrc_groeneveld_24579pt__18701,1275.0,395.43547074534206,1016.6094139793399,1058.1563651968058,7557.649087315695,228.86849247944448,1058.1563651968058
nrc_groeneveld_24579pt__18702,1237.0,383.1339443816509,1000.0827288254129,1039.8237244474283,7300.742595143489,226.53578997318348,1039.8237244474283
nrc_groeneveld_24579pt__18703,1194.0,374.6816298946531,999.9208083951094,1041.46259376483,7125.438640630089,224.92220299372536,1041.46259376483
nrc_groeneveld_24579pt__18704,1166.0,347.66104899805913,983.7056137711289,963.7583335347248,6570.306955333687,218.72815846113033,963.7583335347248
nrc_groeneveld_24579pt__18705,1113.0,353.0426065786347,985.407128799187,1012.4986787461687,6681.4240626868095,220.76311857318933,1012.4986787461687
nrc_groeneveld_24579pt__18706,1060.0,350.42712124868075,985.5732078799442,1006.4373631706841,6628.243754502165,220.25872781187564,1006.4373631706841
nrc_groeneveld_24579pt__18707,1009.0,339.3439274981361,983.688361147163,973.1102259478805,6371.423070858382,215.68128475699777,973.1102259478805
nrc_groeneveld_24579pt__18708,989.0,330.931612386647,983.6072608501121,950.0283403631839,6191.439450068913,215.11988607003232,950.0283403631839
nrc_groeneveld_24579pt__18709,948.0,311.91547237853587,983.778174147873,875.436752957868,5771.18546275255,211.0806730216058,875.436752957868
nrc_groeneveld_24579pt__18710,911.0,303.3193912372058,983.3450460872886,854.0396274826633,5584.989652169685,209.2904186620808,854.0396274826633
nrc_groeneveld_24579pt__18711,878.0,285.6608426926163,963.3677019008652,831.2352265511248,5210.1186796019465,201.8156157581734,831.2352265511248
nrc_groeneveld_24579pt__18712,827.0,273.49742977971556,968.0782303066796,816.0997159680003,5022.0494053600705,200.98307343413583,816.0997159680003
nrc_groeneveld_24579pt__18713,782.0,271.6610527020009,814.5853270084411,804.0730916946962,5016.126639800733,204.77619008533986,804.0730916946962
nrc_groeneveld_24579pt__18714,712.0,159.85234488393996,613.3019441644162,574.2657804923249,2236.1972382427316,170.99073211018737,574.2657804923249
nrc_groeneveld_24579pt__18715,671.0,149.28888691635504,605.0593026836899,478.2279379441465,2120.3431560237104,165.47793809428512,478.2279379441465
nrc_groeneveld_24579pt__18716,619.0,147.83791626444793,602.2480150749917,478.3440668529014,2104.41638213531,164.72250372104565,478.3440668529014
nrc_groeneveld_24579pt__18717,567.0,143.21894782698718,593.2167191493681,461.2037205351215,2053.696277891746,162.32228592198607,461.2037205351215
nrc_groeneveld_24579pt__18718,509.0,143.92005041834904,593.6636511948673,461.2037205351215,2061.394209234349,162.68609809282384,461.2037205351215
nrc_groeneveld_24579pt__18719,457.0,136.0604272248987,585.0983501040538,382.48832995250314,1975.0222839113603,158.62104701466058,382.48832995250314
nrc_groeneveld_24579pt__18720,402.0,128.2013889292466,578.169977600293,389.69885398790564,1886.3739807609109,154.49438929188645,389.69885398790564
nrc_groeneveld_24579pt__18721,336.0,126.39254095471173,570.7550509697816,366.7539250711742,1862.4876616789866,153.39264968311528,366.7539250711742
nrc_groeneveld_24579pt__18722,286.0,118.40500521283673,345.4002673829791,311.6796136820187,1585.6256212209107,141.13596043021292,311.6796136820187
nrc_groeneveld_24579pt__18723,1910.0,504.7018282285114,1265.158162415759,1490.7539300914905,8859.433191464463,406.96085827318944,1490.7539300914905
nrc_groeneveld_24579pt__18724,1874.0,443.5370274631256,1353.0554069285947,1503.5172005358422,8122.932870352218,394.96412062584886,1503.5172005358422
nrc_groeneveld_24579pt__18725,1802.0,426.7514065199948,1350.0251396119204,1474.4497056394573,7904.557624009586,391.2308683657954,1474.4497056394573
nrc_groeneveld_24579pt__18726,1746.0,417.33241513645174,1351.5977807718148,1456.1571775128307,7727.577926494369,388.14397575650344,1456.1571775128307
nrc_groeneveld_24579pt__18727,1654.0,419.6604118585891,1254.6751232292497,1391.101381870388,7754.560343447602,392.14765290488015,1391.101381870388
nrc_groeneveld_24579pt__18728,1524.0,448.47926675179497,1257.5547044548957,1453.3303042005816,8152.14270198924,399.0600481614387,1453.3303042005816
nrc_groeneveld_24579pt__18729,1494.0,368.89494870474863,1406.0831741758548,1367.82163089278,6835.152550935861,369.9127741953466,1367.82163089278
nrc_groeneveld_24579pt__18730,1437.0,367.47933028060845,1245.7770668233736,1359.955135030075,6800.3207805726515,371.0512566641406,1359.955135030075
nrc_groeneveld_24579pt__18731,1791.0,463.2519367816136,1688.8533218996063,1550.2167070660753,8418.084041589223,393.65563422345116,1550.2167070660753
nrc_groeneveld_24579pt__18732,1705.0,452.81067119418134,1689.452928389434,1568.5747703712618,8307.898219236647,389.9357308367637,1568.5747703712618
nrc_groeneveld_24579pt__18733,1657.0,423.99879111265074,1697.5678328554552,1525.732103838481,7882.1345076234675,384.78276391555306,1525.732103838481
nrc_groeneveld_24579pt__18734,1593.0,408.21295756753904,1671.8362533876777,1516.0604494349218,7585.677715062404,379.6660659662041,1516.0604494349218
nrc_groeneveld_24579pt__18735,1510.0,397.4251757991292,1652.5752415798297,1463.9487498044696,7383.964383333664,376.09753160592845,1463.9487498044696
nrc_groeneveld_24579pt__18736,1442.0,388.65345472390004,1628.114291258295,1465.2454851315065,7220.502479558538,373.1533695428931,1465.2454851315065
nrc_groeneveld_24579pt__18737,1363.0,379.22800878453086,1583.1411447936007,1450.7959382591284,7045.448309413009,369.94783963070626,1450.7959382591284
nrc_groeneveld_24579pt__18738,1303.0,362.43220728965156,1432.096807373516,1409.4732885746394,6743.87522276716,362.52910137115646,1409.4732885746394
nrc_groeneveld_24579pt__18739,1242.0,346.06665192666236,1314.9849894562756,1338.884692641575,6434.655461621435,358.33699966172304,1338.884692641575
nrc_groeneveld_24579pt__18740,1181.0,322.2127008224389,1160.4659342733432,1206.976758346252,6000.6564913916645,349.6882639873266,1206.976758346252
nrc_groeneveld_24579pt__18741,1090.0,310.9095822144664,1072.193266816659,1043.3775556610333,5796.704512774446,345.51387581657997,1043.3775556610333
nrc_groeneveld_24579pt__18742,1029.0,291.5695241923666,943.8781336454431,872.2514976851435,5506.117737121386,339.4525436909685,872.2514976851435
nrc_groeneveld_24579pt__18743,921.0,287.7674719551992,936.0118279954413,872.2514976851435,5447.803438496469,338.22112654161504,872.2514976851435
nrc_groeneveld_24579pt__18744,847.0,264.96206583609296,789.1602687000832,799.8866562682122,5102.595952109853,330.83823950089686,799.8866562682122
nrc_groeneveld_24579pt__18745,771.0,248.0050418177898,672.4617199358067,708.4592285488333,4744.567695508501,323.0472739698699,708.4592285488333
nrc_groeneveld_24579pt__18746,673.0,234.63970101116584,623.6604660291076,665.5760176874008,4462.3040558351195,316.8523757827055,665.5760176874008
nrc_groeneveld_24579pt__18747,1517.0,328.2625795022233,1300.2976712106795,1195.8042964944748,5179.6378301567165,368.5893305085195,1195.8042964944748
nrc_groeneveld_24579pt__18748,1317.0,316.861990253166,1187.8529619254548,1173.3355690177564,5008.532610445061,362.7569175349735,1173.3355690177564
nrc_groeneveld_24579pt__18749,1282.0,298.94401473925706,1110.6810444381092,1143.53963836454,4761.749056149872,352.6848165483403,1143.53963836454
nrc_groeneveld_24579pt__18750,1220.0,290.9270548288813,1101.5884425652346,1057.0825244893058,4657.726569348267,348.99943869220766,1057.0825244893058
nrc_groeneveld_24579pt__18751,1170.0,284.5026630369903,1052.4264039546797,942.0456368352088,4576.43037989912,346.0901262369174,942.0456368352088
nrc_groeneveld_24579pt__18752,1134.0,270.3876070934678,978.4924645258252,898.4785099768153,4396.549367367756,340.95478441600727,898.4785099768153
nrc_groeneveld_24579pt__18753,1062.0,265.11828701959104,965.9400805016813,805.926056832837,4333.009443294502,337.22823481328334,805.926056832837
nrc_groeneveld_24579pt__18754,1012.0,254.82591694096925,899.6709196179871,797.9250150208965,4200.4252935782915,333.66336951709513,797.9250150208965
nrc_groeneveld_24579pt__18755,958.0,244.261829212554,813.043050651059,755.1950809209105,4066.7659252899803,328.61405767155867,755.1950809209105
nrc_groeneveld_24579pt__18756,913.0,231.5070124024497,804.634079119553,727.5894053095545,3904.7971945749096,322.41287425636574,727.5894053095545
nrc_groeneveld_24579pt__18757,839.0,223.78926862144291,777.4639930860259,691.3278577400787,3809.5954383798944,317.45094089908144,691.3278577400787
nrc_groeneveld_24579pt__18758,793.0,211.61776281635508,670.7362490555282,619.9361068309773,3584.4708585530448,308.68157395080993,619.9361068309773
nrc_groeneveld_24579pt__18759,739.0,200.33264259557183,592.1951552272371,573.683570811157,3379.2711721565843,299.1721196862294,573.683570811157
nrc_groeneveld_24579pt__18760,615.0,207.2662048906839,637.3543539883411,638.1228374316961,3517.8719059921486,303.1697403108387,638.1228374316961
nrc_groeneveld_24579pt__18761,559.0,188.3105335150201,514.6732292120747,512.8596248347598,3150.073052946701,291.47334637411876,512.8596248347598
nrc_groeneveld_24579pt__18762,1337.0,362.1195308863424,1466.2983620853365,1066.3561811191528,5159.079609505816,380.3383489920984,1066.3561811191528
nrc_groeneveld_24579pt__18763,1251.0,356.08621104681146,1438.0562001896626,1066.0802831731637,5077.521551512098,377.20558761827715,1066.0802831731637
nrc_groeneveld_24579pt__18764,1194.0,347.7118252733171,1392.6893048740758,1070.5697448754174,4963.504310132978,372.77198073637044,1070.5697448754174
nrc_groeneveld_24579pt__18765,1149.0,326.84861711369456,1255.1380126914098,1042.1598454593393,4680.320563854979,361.4858354332172,1042.1598454593393
nrc_groeneveld_24579pt__18766,1101.0,320.6546754002019,1221.7377696637313,1039.264887226318,4596.917805786269,358.0864073691056,1039.264887226318
nrc_groeneveld_24579pt__18767,1054.0,306.928085157053,1165.6496825316558,1012.9610323111825,4435.185140073983,351.3955467330074,1012.9610323111825
nrc_groeneveld_24579pt__18768,1026.0,290.4233710074783,1124.7768772358158,981.3511860416976,4239.609661899125,344.5581959978979,981.3511860416976
nrc_groeneveld_24579pt__18769,963.0,271.8406263030526,1029.4022275433022,960.0657594275026,4032.274765302969,334.1626501790576,960.0657594275026
nrc_groeneveld_24579pt__18770,933.0,260.7754319802781,995.173524230168,905.4485605891894,3899.35825364485,329.6594505699663,905.4485605891894
nrc_groeneveld_24579pt__18771,891.0,264.49651143803186,1023.9008236791826,945.052338656226,3942.233021688094,331.56789254713686,945.052338656226
nrc_groeneveld_24579pt__18772,840.0,246.96217539517104,907.8860616469545,880.0238706930149,3749.5633175565827,322.92261908631906,880.0238706930149
nrc_groeneveld_24579pt__18773,804.0,230.61724530944585,853.507408514824,793.2636838160905,3575.767297078842,314.9772980609323,793.2636838160905
nrc_groeneveld_24579pt__18774,752.0,213.84882832806124,722.198031896522,747.8469809692947,3399.8480455762924,305.55952952350685,747.8469809692947
nrc_groeneveld_24579pt__18775,686.0,205.19881144850984,682.3931451679555,681.8584481414453,3291.1569485169903,301.69041418910194,681.8584481414453
nrc_groeneveld_24579pt__18776,806.0,190.89155172397042,524.7550382085025,573.8491715362159,1784.7732005515174,277.66891416444696,573.8491715362159
nrc_groeneveld_24579pt__18777,776.0,191.76859707319565,525.1399924794227,573.8491715362159,1792.7524694172494,278.68424559961323,573.8491715362159
nrc_groeneveld_24579pt__18778,761.0,198.20371793230427,540.6276328289067,577.9859422503329,1842.8706246563688,288.76784272798153,577.9859422503329
nrc_groeneveld_24579pt__18779,758.0,202.15438042770018,572.9715485841305,599.1728049380582,1893.4943509235206,288.8663169931442,599.1728049380582
nrc_groeneveld_24579pt__18780,742.0,185.47567030939598,515.9324830453446,558.2626634706623,1732.9769145469181,272.1666821213862,558.2626634706623
nrc_groeneveld_24579pt__18781,719.0,181.4913183143299,531.8315092479625,540.7409517922964,1693.8369562013575,268.44511605472263,540.7409517922964
nrc_groeneveld_24579pt__18782,694.0,176.97281126538402,529.0734214425001,501.8616875867444,1653.0623381214352,263.17285682494855,501.8616875867444
nrc_groeneveld_24579pt__18783,666.0,178.17229875770988,526.085939802564,511.65459441967624,1658.3610875241145,266.22347855182744,511.65459441967624
nrc_groeneveld_24579pt__18784,640.0,172.56679943737151,522.9421237586849,484.07550736802887,1613.4099310356285,258.03527393485575,484.07550736802887
nrc_groeneveld_24579pt__18785,619.0,166.7348462361993,463.4178760549796,468.1478021965325,1561.1011604182772,251.24421045645266,468.1478021965325
nrc_groeneveld_24579pt__18786,2511.0,850.1970997918584,2759.6606117951173,2454.3409494646808,13909.171994726004,650.4073419015584,2454.3409494646808
nrc_groeneveld_24579pt__18787,2354.0,768.5272527975284,2652.715152410337,2316.85804879083,12939.758326423429,637.8732676535891,2316.85804879083
nrc_groeneveld_24579pt__18788,2201.0,695.9025150948477,2642.0064825374043,2178.480411210539,12032.625075536687,627.7253483297122,2178.480411210539
nrc_groeneveld_24579pt__18789,2009.0,595.9825131353075,2327.1598259968487,2009.8509820950333,10873.504498922688,599.5939792805756,2009.8509820950333
nrc_groeneveld_24579pt__18790,1856.0,497.63775981914364,1685.5799175829143,1591.7031310400762,7124.016075310984,601.5397730333892,1591.7031310400762
nrc_groeneveld_24579pt__18791,1781.0,440.2944971525565,1514.6385565945159,1497.7277022246199,6517.171230694929,581.5170128935409,1497.7277022246199
nrc_groeneveld_24579pt__18792,1573.0,419.06659035977844,1439.862205088478,1448.4467855146838,6191.236526030028,586.4456219900559,1448.4467855146838
nrc_groeneveld_24579pt__18793,1462.0,404.61687981313327,1319.7074674614187,1259.6688663231719,5988.184053109989,578.8374639627566,1259.6688663231719
nrc_groeneveld_24579pt__18794,1409.0,368.00170782981684,1120.0726397085816,1029.3040553088813,5507.681781921612,562.3948717815731,1029.3040553088813
nrc_groeneveld_24579pt__18795,1295.0,347.7230112894279,945.3900864155464,921.2028681352372,5268.1219970457205,552.4999134349172,921.2028681352372
nrc_groeneveld_24579pt__18796,1184.0,323.53480189204845,797.0972564259785,840.2833700386294,4902.821346777718,536.8138384165949,840.2833700386294
nrc_groeneveld_24579pt__18797,1032.0,317.5746656285954,775.4626654782122,798.5268973185614,4785.371334912657,534.3225781817017,798.5268973185614
nrc_groeneveld_24579pt__18798,926.0,292.5759299102988,703.643096497916,736.3718652649767,4374.56299705752,512.8535919931963,736.3718652649767
nrc_groeneveld_24579pt__18799,830.0,271.9194035269812,636.3257171188544,646.396646112575,4055.122482679745,493.14910625403274,646.396646112575
nrc_groeneveld_24579pt__18800,815.0,206.09574224383408,501.06240361671485,503.2438208164808,1536.3185103025044,404.09661535760966,503.2438208164808
nrc_groeneveld_24579pt__18801,735.0,199.56875820208774,455.87057360955316,414.7189904053487,1485.1962349101927,393.23632336722005,414.7189904053487
nrc_groeneveld_24579pt__18802,711.0,185.41563371524893,367.90588815402475,342.9503880385822,1375.6303198643911,369.7227311796041,342.9503880385822
nrc_groeneveld_24579pt__18803,661.0,192.80476873064993,406.8040495752648,387.9176230994863,1432.6100978916097,381.9892696066787,387.9176230994863
nrc_groeneveld_24579pt__18804,630.0,188.85753493921644,386.4426601302508,347.53954791632475,1397.7921846850122,376.07684578577744,347.53954791632475
nrc_groeneveld_24579pt__18805,584.0,186.27063852160114,372.8632936968604,343.7294666120456,1377.9383275038642,371.77649516028606,343.7294666120456
nrc_groeneveld_24579pt__18806,558.0,179.13192039495624,339.55737995356486,315.0671805891709,1323.4648729392873,359.9322674161285,315.0671805891709
nrc_groeneveld_24579pt__18807,491.0,175.57063177190255,327.7115665691493,301.26204433559263,1286.5526347543234,351.8705102781147,301.26204433559263
nrc_groeneveld_24579pt__18808,1320.0,304.4449015035518,1015.7540859115034,1000.1769973034415,2864.7098369079818,461.4806851603362,1000.1769973034415
nrc_groeneveld_24579pt__18809,1212.0,299.606967089604,1004.3869714655845,997.2817951858544,2837.471041800896,458.40727106018846,997.2817951858544
nrc_groeneveld_24579pt__18810,1129.0,235.2421958116903,749.4474032085409,760.862077643783,2454.8932345333274,405.7886079660039,760.862077643783
nrc_groeneveld_24579pt__18811,1082.0,214.73455139004363,564.3236772928456,627.11284938812,2204.2259150469026,383.36077761008755,627.11284938812
nrc_groeneveld_24579pt__18812,981.0,207.75155782049274,556.9461772883726,578.733339853345,2290.2937644453687,380.07377903275943,578.733339853345
nrc_groeneveld_24579pt__18813,857.0,205.9865557919505,533.4124047116134,592.7378063791278,2110.965456411148,371.76310412403774,592.7378063791278
nrc_groeneveld_24579pt__18814,758.0,193.56540227887928,453.98760770448484,471.5353471724869,1917.0071304365656,347.27491496607945,471.5353471724869
nrc_groeneveld_24579pt__18815,596.0,194.63883436246246,471.19096348991906,475.90513095731325,1934.101629387764,349.450949846173,475.90513095731325
nrc_groeneveld_24579pt__18816,437.0,185.95804432750367,407.771308807537,442.7830578665993,1798.4946693036998,332.1140541944251,442.7830578665993
nrc_groeneveld_24579pt__18817,2841.0,920.4183979081597,3045.819295725804,2597.26031415636,12163.23471435029,932.8642309663053,2597.26031415636
nrc_groeneveld_24579pt__18818,2597.0,859.9504009755457,2734.8702576615506,2547.437707775717,11462.700260539108,937.985878959283,2547.437707775717
nrc_groeneveld_24579pt__18819,2470.0,758.2281978380928,2501.221333820891,2339.3380335000406,10249.915223214066,910.2182325381141,2339.3380335000406
nrc_groeneveld_24579pt__18820,2298.0,681.1098677224758,2318.1490440602893,2386.6202315881565,9300.945763771017,880.135117252594,2386.6202315881565
nrc_groeneveld_24579pt__18821,2049.0,593.0590270802595,1810.5548332116352,1807.771430592313,6319.5776088798175,901.515270384883,1807.771430592313
nrc_groeneveld_24579pt__18822,1973.0,555.6358042335883,1585.75476948973,1653.1707025201422,5912.786031517727,883.0501501671239,1653.1707025201422
nrc_groeneveld_24579pt__18823,1854.0,509.58840955502416,1460.5207546034544,1583.3766628480068,5511.377293476091,849.853889156543,1583.3766628480068
nrc_groeneveld_24579pt__18824,1707.0,491.66844923101814,1266.112320227968,1302.6737942927764,5349.826963226427,839.5360829464039,1302.6737942927764
nrc_groeneveld_24579pt__18825,1601.0,454.56378791310834,1104.0845725885108,1145.1100908257558,5000.558557852703,819.9462222661756,1145.1100908257558
nrc_groeneveld_24579pt__18826,1467.0,424.4201873620001,954.9323308697351,1021.2476328843024,4727.271400479748,800.650040135585,1021.2476328843024
nrc_groeneveld_24579pt__18827,1323.0,389.05453966695654,874.7094481074043,924.6724439468218,4390.6330388680035,779.8447669219444,924.6724439468218
nrc_groeneveld_24579pt__18828,1209.0,351.6782791334301,805.1625912017771,833.6297122603228,4062.549778310253,749.877372375528,833.6297122603228
nrc_groeneveld_24579pt__18829,1070.0,311.0840688619069,724.8009334027482,730.1788113916435,3697.011701565771,719.5405345592703,730.1788113916435
nrc_groeneveld_24579pt__18830,1665.0,429.21057491760786,1095.6101490364927,1090.9011911358682,3763.606785687962,841.3334609736771,1090.9011911358682
nrc_groeneveld_24579pt__18831,1664.0,406.54572448428206,989.0382256443502,1088.496840479359,3649.6668359196906,806.2827702449683,1088.496840479359
nrc_groeneveld_24579pt__18832,1581.0,401.3364087687331,971.8860718904838,1029.047739735741,3600.3496872030782,804.7040267091272,1029.047739735741
nrc_groeneveld_24579pt__18833,1480.0,389.2168347452165,947.785449817695,1009.1610909107637,3511.0429527340925,793.6162660590142,1009.1610909107637
nrc_groeneveld_24579pt__18834,1427.0,358.7877361595646,879.2640275888996,835.5062944642831,3267.790168033049,770.1844657051938,835.5062944642831
nrc_groeneveld_24579pt__18835,1357.0,345.9340599769281,828.011789505729,808.2489708976484,3147.3044250978846,765.2237851138322,808.2489708976484
nrc_groeneveld_24579pt__18836,1267.0,314.66810775446197,742.9524995526945,750.6234104112383,2949.9882953311917,722.7126352047624,750.6234104112383
nrc_groeneveld_24579pt__18837,1155.0,301.4456403775898,703.8584865952081,695.5230461555223,2851.187084623439,708.7364997988834,695.5230461555223
nrc_groeneveld_24579pt__18838,888.0,238.09069048510722,449.6494098325566,454.28049186270766,1358.716154647858,565.0549754154745,454.28049186270766
nrc_groeneveld_24579pt__18839,839.0,233.36333742592922,403.12795915774905,411.26681898805106,1311.029923481308,562.0612941476419,411.26681898805106
nrc_groeneveld_24579pt__18840,823.0,228.48057030504307,391.54398588020894,406.30129538608827,1314.0967073898296,537.423762810851,406.30129538608827
nrc_groeneveld_24579pt__18841,780.0,221.20620720742613,368.59118124518506,386.0226291962146,1236.7524116015522,534.457678157998,386.0226291962146
nrc_groeneveld_24579pt__18842,780.0,217.54742771346642,361.7218298058851,381.6369177534259,1246.517461025903,513.2202628728622,381.6369177534259
nrc_groeneveld_24579pt__18843,728.0,216.45839877285928,362.07523171294326,377.32189074004776,1236.4950639735928,512.1191497989875,377.32189074004776
nrc_groeneveld_24579pt__18844,726.0,214.01870849290867,359.55869751729864,357.91343600660156,1197.9761320355408,516.2937776096002,357.91343600660156
nrc_groeneveld_24579pt__18845,606.0,263.88912610276435,662.011941881439,639.2442954822759,1529.6204181704531,608.7969605707264,639.2442954822759
nrc_groeneveld_24579pt__18846,669.0,206.31608870831994,359.99207193141706,360.380212296373,1165.7833120944138,493.36545779189356,360.380212296373
nrc_groeneveld_24579pt__18847,632.0,210.06710008563928,358.5212798010563,358.7784221777507,1189.3682420670614,501.2568473061746,358.7784221777507
nrc_groeneveld_24579pt__18848,603.0,206.23832852815434,352.49198015603866,358.019894714428,1180.917095797987,487.10288230569665,358.019894714428
nrc_groeneveld_24579pt__18849,579.0,198.6697135079052,359.4190013546548,345.71689315294293,1120.892399695893,476.2321361348712,345.71689315294293
nrc_groeneveld_24579pt__18850,560.0,190.78333829859199,351.5261237842948,326.5587142183332,1096.6949103013992,450.47176270478417,326.5587142183332
nrc_groeneveld_24579pt__18851,526.0,197.77683809856973,359.52013030060937,344.77854923356347,1115.353984213993,474.3701208737774,344.77854923356347
nrc_groeneveld_24579pt__18852,486.0,176.31587228572903,360.43144668245293,329.7664103469769,984.6564355278424,430.0619195485446,329.7664103469769
nrc_groeneveld_24579pt__18853,3383.0,1236.2133180613434,3256.358391313688,3001.136942668105,11986.147061892088,1452.894757591669,3001.136942668105
nrc_groeneveld_24579pt__18854,3104.0,1142.8701406761095,3228.804390295562,2795.0374497320813,11013.077569357558,1438.284162284986,2795.0374497320813
nrc_groeneveld_24579pt__18855,2780.0,1064.1642101552902,2790.6330701032616,2683.350634892346,10203.780006486995,1422.732065075359,2683.350634892346
nrc_groeneveld_24579pt__18856,2546.0,934.7801933092767,2342.7721956093496,2511.105349500888,9011.588900892317,1370.0625905799025,2511.105349500888
nrc_groeneveld_24579pt__18857,2307.0,837.5859234643082,2138.3871898524717,2213.52413832115,6415.938650677305,1448.662924259122,2213.52413832115
nrc_groeneveld_24579pt__18858,2188.0,792.3411488364767,1985.8071439931,2044.3318234450467,6027.3609478052895,1430.6832835176049,2044.3318234450467
nrc_groeneveld_24579pt__18859,2104.0,711.7218562095558,1682.2352986302515,1778.1845495477558,5470.625845578414,1378.7942786729777,1778.1845495477558
nrc_groeneveld_24579pt__18860,1988.0,642.5801216428788,1445.1645241693245,1558.3999674507702,5044.561035659421,1320.993214083235,1558.3999674507702
nrc_groeneveld_24579pt__18861,1816.0,613.8107495289938,1282.7661351827478,1359.447978861866,4853.470209048752,1300.044012479344,1359.447978861866
nrc_groeneveld_24579pt__18862,1674.0,551.5920073349848,1096.072928177004,1159.4510436731193,4438.377694622451,1251.4484941531616,1159.4510436731193
nrc_groeneveld_24579pt__18863,1535.0,496.55777043234116,996.2463655204016,1010.8098187575722,4073.1599834560825,1204.9297606097443,1010.8098187575722
nrc_groeneveld_24579pt__18864,1396.0,449.5113021830205,888.7920730716153,915.6708330507761,3771.013148496935,1175.7085867563308,915.6708330507761
nrc_groeneveld_24579pt__18865,1232.0,391.6159599537672,856.3911503015348,787.279623822842,3416.5303565122376,1123.0853540532414,787.279623822842
nrc_groeneveld_24579pt__18866,1750.0,494.98556787885656,1115.1631062871495,1133.737655476205,3353.855109856643,1221.5368251883533,1133.737655476205
nrc_groeneveld_24579pt__18867,1657.0,489.98692914868263,1087.6911271690606,1088.3951094703327,3316.0745543157022,1220.8638693656078,1088.3951094703327
nrc_groeneveld_24579pt__18868,1604.0,444.5839636564918,982.2381612996248,953.2243787800516,3058.5186331190594,1167.1600220302541,953.2243787800516
nrc_groeneveld_24579pt__18869,1485.0,424.15010908350854,902.5062175935045,898.5845694918264,2942.1285316079475,1141.7718068385225,898.5845694918264
nrc_groeneveld_24579pt__18870,1422.0,392.51885093055427,858.0607132179737,845.7516968950364,2738.4596060248823,1112.3599598156381,845.7516968950364
nrc_groeneveld_24579pt__18871,1282.0,373.99007759826964,811.4942148504645,787.036975050272,2642.3480949654418,1073.0177905385326,787.036975050272
nrc_groeneveld_24579pt__18872,1181.0,348.10863168364307,784.4957733260918,662.2574118095974,2497.652274609188,1027.2594860371478,662.2574118095974
nrc_groeneveld_24579pt__18873,1056.0,318.7253859777885,750.4004194010876,589.0787749048372,2317.42752780425,982.4952739521822,589.0787749048372
nrc_groeneveld_24579pt__18874,910.0,269.143369564493,475.12217171783396,476.4533726134583,1251.5699607403142,799.5343472084998,476.4533726134583
nrc_groeneveld_24579pt__18875,863.0,262.94705306882065,460.9932577518462,449.59944966362224,1224.9633207793815,783.0761527779224,449.59944966362224
nrc_groeneveld_24579pt__18876,846.0,255.00339420365185,443.3325241213384,435.18791394696507,1182.5062712969727,769.1113654651089,435.18791394696507
nrc_groeneveld_24579pt__18877,822.0,245.12970406523226,446.53652346785185,421.79646727227686,1139.7010668151654,736.7515314245958,421.79646727227686
nrc_groeneveld_24579pt__18878,3052.0,1447.3286517989357,3331.3506460941667,3076.949717581056,8821.620544417254,2787.8017758686483,3076.949717581056
nrc_groeneveld_24579pt__18879,2795.0,1199.011099124218,2473.226467457537,2391.748906814151,6074.663895307394,2918.6121822770797,2391.748906814151
nrc_groeneveld_24579pt__18880,2673.0,1080.276539862008,2227.9403610035884,2280.9993011474057,5574.005049231312,2842.7794058752174,2280.9993011474057
nrc_groeneveld_24579pt__18881,2623.0,909.9728915577475,1836.7602362125392,1796.4352189725726,4845.749947895258,2710.1429329515313,1796.4352189725726
nrc_groeneveld_24579pt__18882,2345.0,919.2024842660077,1904.4471054508588,1943.1106705178943,4885.561032993241,2718.1650561346964,1943.1106705178943
nrc_groeneveld_24579pt__18883,2213.0,828.3748324006692,1589.6993318501356,1680.3920740616777,4467.123613486586,2682.64277401632,1680.3920740616777
nrc_groeneveld_24579pt__18884,2046.0,715.3239719977821,1423.2119449834565,1428.0148196530301,4011.682114426576,2517.893602900022,1428.0148196530301
nrc_groeneveld_24579pt__18885,1879.0,651.7538752551792,1316.2985245430123,1273.8633092558284,3733.809430508598,2442.2550480568684,1273.8633092558284
nrc_groeneveld_24579pt__18886,1738.0,555.1127398050733,1156.0448972863758,1104.5932700928013,3300.15874382137,2310.599514233409,1104.5932700928013
nrc_groeneveld_24579pt__18887,1578.0,496.90462190233336,1034.0839624022851,983.8166074769769,2966.2612632357577,2242.808729268079,983.8166074769769
nrc_groeneveld_24579pt__18888,1730.0,591.394504958432,1076.8515457148299,1166.3348712112647,2829.697064332318,2428.6790302306663,1166.3348712112647
nrc_groeneveld_24579pt__18889,1617.0,524.5522676271341,991.6830821141073,1062.6085365473489,2581.9112376916537,2194.8996827752208,1062.6085365473489
nrc_groeneveld_24579pt__18890,1500.0,486.1928216749633,932.4303235751818,979.9450373451552,2398.55423199494,2126.426331231293,979.9450373451552
nrc_groeneveld_24579pt__18891,1340.0,458.21041843017287,905.9496256039314,824.2357668405409,2281.842622870863,2044.4162242149544,824.2357668405409
nrc_groeneveld_24579pt__18892,1182.0,407.1672866766179,794.4681314031205,761.3726899005738,2024.2711898048622,1880.3574949424872,761.3726899005738
nrc_groeneveld_24579pt__18893,1657.0,589.9337907018934,1087.5816444441248,1205.1503198103903,2805.5709264260518,2357.610907796975,1205.1503198103903
nrc_groeneveld_24579pt__18894,1556.0,536.4813797295454,973.9816437713652,1105.613144038982,2552.811406337657,2270.460960934119,1105.613144038982
nrc_groeneveld_24579pt__18895,1455.0,502.57304191857475,950.1726604266349,1068.5530702912213,2388.673362020215,2220.2627987653295,1068.5530702912213
nrc_groeneveld_24579pt__18896,1305.0,452.10720222215264,826.852357027317,844.8088116910152,2167.8979618468375,2096.7774919009184,844.8088116910152
nrc_groeneveld_24579pt__18897,1191.0,418.64888817093964,806.6255129624581,765.6808394826975,2030.031265516714,1994.3683370916954,765.6808394826975
nrc_groeneveld_24579pt__18898,3419.0,1876.9811969417353,4244.090415021829,3584.1189493163965,8024.70621480889,6372.029783959415,3584.1189493163965
nrc_groeneveld_24579pt__18899,3002.0,1355.6436340073494,2651.8538290965657,2580.599831647079,5330.095571697089,6497.942763780188,2580.599831647079
nrc_groeneveld_24579pt__18900,2790.0,1250.7406019563207,2382.3853747471685,2506.876527484342,4970.097945545282,6390.889058426117,2506.876527484342
nrc_groeneveld_24579pt__18901,2600.0,1130.9525519685965,1987.6075040976536,2163.8001541664075,4557.007511536937,6245.199667556391,2163.8001541664075
nrc_groeneveld_24579pt__18902,2350.0,1022.2729451992599,1742.0621217535859,1884.3287080565888,4170.341412551229,6002.185050115176,1884.3287080565888
nrc_groeneveld_24579pt__18903,2218.0,903.3997466242757,1529.6457413762848,1529.2702079564967,3647.6534691146144,5918.285098541091,1529.2702079564967
nrc_groeneveld_24579pt__18904,1973.0,806.0155528779229,1437.3451312866484,1417.0000019476267,3291.040440363546,5546.054413443273,1417.0000019476267
nrc_groeneveld_24579pt__18905,1816.0,714.0052448120507,1344.2092689200158,1283.0279687499365,2931.010389296686,5262.278943225671,1283.0279687499365
nrc_groeneveld_24579pt__18906,2218.0,887.4620779325483,1553.7509672551819,1550.4605700443828,3358.1835480086115,5809.081347194872,1550.4605700443828
nrc_groeneveld_24579pt__18907,2059.0,818.2482055731178,1434.019936703951,1476.5155936821584,3073.7201120711047,5722.573984215825,1476.5155936821584
nrc_groeneveld_24579pt__18908,1920.0,713.4841282868896,1297.527332345985,1309.4006743928594,2697.6273394269638,5305.644905201613,1309.4006743928594
nrc_groeneveld_24579pt__18909,1755.0,624.3531828968563,1209.4036322415482,1122.509806314458,2379.4062614637696,4972.367111514362,1122.509806314458
nrc_groeneveld_24579pt__18910,486.0,128.1740164365134,278.60862849472596,375.79443109793766,1325.627724212509,143.33642720084072,375.79443109793766
nrc_groeneveld_24579pt__18911,463.0,127.50118117563183,273.9370724782943,382.3671164981637,1321.7555468262558,142.34059858347155,382.3671164981637
nrc_groeneveld_24579pt__18912,447.0,122.02857665382442,270.53851267085156,349.18960717679175,1272.0592518809883,137.2278759533414,349.18960717679175
nrc_groeneveld_24579pt__18913,428.0,124.41377495428257,277.0024684472683,343.65449351889174,1291.3766231273396,139.8341998673807,343.65449351889174
nrc_groeneveld_24579pt__18914,416.0,117.9059450503233,274.31092325908196,321.1201057164,1218.9863134690768,132.86290964069414,321.1201057164
nrc_groeneveld_24579pt__18915,400.0,120.2470321750627,326.102450634263,377.1493660833265,1239.079565069949,136.51913605773862,377.1493660833265
nrc_groeneveld_24579pt__18916,376.0,119.00193088762347,295.5434572681376,326.2315024672438,1227.8030226183043,134.56811186027582,326.2315024672438
nrc_groeneveld_24579pt__18917,358.0,119.35784499033463,326.102450634263,370.716538760276,1224.4691767325342,135.16294313278678,370.716538760276
nrc_groeneveld_24579pt__18918,342.0,116.29715171186879,326.43698936350404,374.678740606584,1174.7641837322221,130.57566414294274,374.678740606584
nrc_groeneveld_24579pt__18919,329.0,115.74649771876014,331.1292293806071,387.1142998114394,1149.6146422858583,129.90701952447847,387.1142998114394
nrc_groeneveld_24579pt__18920,303.0,113.0349435928893,326.0510540381284,357.7042719302614,1122.832704903132,125.83026516894236,357.7042719302614
nrc_groeneveld_24579pt__18921,287.0,111.5328513278249,325.13997960413485,355.71541586464,1083.2648617379505,123.35122898909265,355.71541586464
nrc_groeneveld_24579pt__18922,254.0,108.3929598899995,266.00646686013727,262.10887743095117,1053.5144182674621,117.28441575505579,262.10887743095117
nrc_groeneveld_24579pt__18923,767.0,169.3287602781137,464.5965380684519,491.5961968015105,1385.0769610042223,233.2965310683351,491.5961968015105
nrc_groeneveld_24579pt__18924,703.0,166.0523717133697,457.63653429856146,477.93840538808456,1359.0984427568508,227.48480875214796,477.93840538808456
nrc_groeneveld_24579pt__18925,729.0,168.8454310905194,460.5868367722116,503.946336507293,1392.3552925981712,232.21865667987987,503.946336507293
nrc_groeneveld_24579pt__18926,678.0,162.04482314886252,451.2622284946695,465.2683431009939,1309.6954884077743,219.9473471312025,465.2683431009939
nrc_groeneveld_24579pt__18927,643.0,162.0739108162458,452.2007774221974,464.3860390369591,1312.8714170774283,219.89669695484199,464.3860390369591
nrc_groeneveld_24579pt__18928,614.0,158.83874314633294,433.99750064764766,424.2200990197864,1276.7610221598518,213.79875975277795,424.2200990197864
nrc_groeneveld_24579pt__18929,592.0,152.19896360144202,356.2965783353144,388.19203379407907,1202.6767015196415,201.65526461914342,388.19203379407907
nrc_groeneveld_24579pt__18930,563.0,152.4546651579855,351.6015471530297,378.1049061178681,1196.283353190089,202.45060446198244,378.1049061178681
nrc_groeneveld_24579pt__18931,525.0,151.88119982616973,350.73348983557855,376.66267507101037,1194.363873326994,201.25891230485513,376.66267507101037
nrc_groeneveld_24579pt__18932,487.0,153.50057466315695,369.40186765149116,394.06853545239295,1209.2926727514682,204.28323383167518,394.06853545239295
nrc_groeneveld_24579pt__18933,462.0,148.3668235954634,344.3695165171044,352.6595143609278,1148.6157348094478,195.29809157126027,352.6595143609278
nrc_groeneveld_24579pt__18934,425.0,147.35589401822136,344.6485764008892,334.128215584861,1136.3506976235278,193.57959659266984,334.128215584861
nrc_groeneveld_24579pt__18935,387.0,145.17997706773832,346.78838943185184,332.51537573507164,1112.617330678586,189.82431318810404,332.51537573507164
nrc_groeneveld_24579pt__18936,876.0,200.65761080090914,378.59896075228244,373.3106515714293,1133.8037789089783,312.80919960860786,373.3106515714293
nrc_groeneveld_24579pt__18937,818.0,212.20522142396604,443.8468072489863,456.6696555164247,1190.4801116436718,330.01952889489206,456.6696555164247
nrc_groeneveld_24579pt__18938,808.0,191.55247584303365,371.08183461604756,334.146932875617,1065.428231813346,303.14033747721777,334.146932875617
nrc_groeneveld_24579pt__18939,755.0,201.2226823154445,381.69349567302123,366.6517020145612,1103.6442957820125,319.03648644151303,366.6517020145612
nrc_groeneveld_24579pt__18940,688.0,178.72175455854375,334.0423651140946,327.0814525073409,1043.7469485699894,278.283834782145,327.0814525073409
nrc_groeneveld_24579pt__18941,703.0,198.15843161445994,376.3503601524935,344.3938219825172,1091.4730253091284,313.9773707900306,344.3938219825172
nrc_groeneveld_24579pt__18942,642.0,170.4863600699933,310.4089859071446,318.26281065810775,1008.5150168086369,265.8754230266759,318.26281065810775
nrc_groeneveld_24579pt__18943,660.0,189.8629892655822,352.2409059669956,317.8926149289466,1049.0602351654934,301.98937271877423,317.8926149289466
nrc_groeneveld_24579pt__18944,609.0,193.24382876826766,364.45247576533865,325.1059180082688,1050.6414558896217,309.5661354155969,325.1059180082688
nrc_groeneveld_24579pt__18945,541.0,203.15491210892807,389.21084054292567,362.52065806329415,1091.5501962239416,325.786197514045,362.52065806329415
nrc_groeneveld_24579pt__18946,552.0,188.94363583625992,352.2187973142868,322.0472590138891,1034.9379416401002,302.26716966407173,322.0472590138891
nrc_groeneveld_24579pt__18947,838.0,225.9374308859397,423.9880564990341,405.768254061303,1022.5205412641583,404.97071619660045,405.768254061303
nrc_groeneveld_24579pt__18948,778.0,215.574471843044,398.2269580666533,378.47352159697175,986.8340316620666,384.022446375109,378.47352159697175
nrc_groeneveld_24579pt__18949,732.0,212.09409775447568,406.78445874196814,368.5737904733845,955.6127092399158,383.20148607710416,368.5737904733845
nrc_groeneveld_24579pt__18950,683.0,201.63483626183717,417.45579066307147,352.522352561468,904.751146041019,367.224689109604,352.522352561468
nrc_groeneveld_24579pt__18951,920.0,258.393249006682,476.12115309402753,455.5341919084857,945.9526409371636,583.6895882909312,455.5341919084857
nrc_groeneveld_24579pt__18952,890.0,262.54340122439544,482.63127242052195,461.0075945749221,948.995439357989,602.8894170864966,461.0075945749221
nrc_groeneveld_24579pt__18953,843.0,241.79974647438587,440.680643068747,417.7825014873258,933.9078796901588,511.39435751748147,417.7825014873258
nrc_groeneveld_24579pt__18954,851.0,259.1692728799383,477.42864049847856,448.5358453095601,933.5977592389627,591.3581288210348,448.5358453095601
nrc_groeneveld_24579pt__18955,802.0,225.2187670310278,448.0922941952592,378.51297916369697,837.5390278456258,463.42929661000943,378.51297916369697
nrc_groeneveld_24579pt__18956,813.0,263.3558137183538,481.64133810446316,452.50072649044654,941.6610457870148,609.4147018050274,452.50072649044654
nrc_groeneveld_24579pt__18957,549.0,140.71255461593586,384.2284792459029,410.56626959128386,1367.763402145246,132.47070252148896,410.56626959128386
nrc_groeneveld_24579pt__18958,522.0,142.93884219265954,407.69795216797456,449.0848855789761,1383.9010139306856,135.1987855547507,449.0848855789761
nrc_groeneveld_24579pt__18959,473.0,130.18385495568631,393.85255735262945,443.59242235298433,1207.5636936899882,119.09494047733601,443.59242235298433
nrc_groeneveld_24579pt__18960,456.0,130.3341703543042,393.85255735262945,443.59242235298433,1209.8853012596555,119.29021405225632,443.59242235298433
nrc_groeneveld_24579pt__18961,425.0,130.5048155030424,404.3646748113996,449.0045923692741,1208.1849494386463,119.49129195127021,449.0045923692741
nrc_groeneveld_24579pt__18962,412.0,124.04387129328354,403.5658564011339,400.5817726016247,1110.552077563584,111.33528931746798,400.5817726016247
nrc_groeneveld_24579pt__18963,386.0,121.24403683397536,408.0452035211815,399.44502206144676,1069.0626674841335,107.92375342289138,399.44502206144676
nrc_groeneveld_24579pt__18964,347.0,119.03224007251833,373.84991186768787,383.5347724302453,1040.9563184972708,104.25664223002505,383.5347724302453
nrc_groeneveld_24579pt__18965,327.0,116.89042904411737,367.28571635493853,353.7089217478814,979.571971612519,100.2603969688396,353.7089217478814
nrc_groeneveld_24579pt__18966,303.0,113.60406988948547,298.36176008509864,288.92659544153287,910.9762693440699,94.90193005020241,288.92659544153287
nrc_groeneveld_24579pt__19338,747.74,573.6007111255428,617.6740449979942,532.2323567256514,647.3808734828339,531.4710257268347,532.2323567256514
nrc_groeneveld_24579pt__19339,1227.3,1027.4770148291927,1145.0456119709343,997.1165601967444,1377.3318020937554,1086.584138474628,997.1165601967444
nrc_groeneveld_24579pt__19340,2088.61,1747.7142582155263,1898.668233605654,1704.5831533555734,2147.151012289176,1872.4448169772393,1704.5831533555734
nrc_groeneveld_24579pt__19341,1454.46,1247.8636515201658,1566.7951084703589,1517.1580472714109,1754.4068263213487,1375.2773603791675,1517.1580472714109
nrc_groeneveld_24579pt__19342,574.21,486.9883911144124,603.9174015543573,505.2193828957167,520.7411200478039,455.3247637462843,505.2193828957167
nrc_groeneveld_24579pt__19343,930.73,820.7337318406875,1102.6752769926122,919.5144618263957,1087.1529887666263,796.012711659869,919.5144618263957
nrc_groeneveld_24579pt__19344,2599.72,1980.8103729871673,2820.6494047177125,2542.6053440369374,2000.9064866623303,1982.9117438529297,2542.6053440369374
nrc_groeneveld_24579pt__19345,2782.71,2290.9714546720056,2164.9045601520943,2322.184208375746,2040.980892700426,2794.7939763520335,2322.184208375746
nrc_groeneveld_24579pt__19346,1943.48,1575.4618181921944,1979.5146181372534,2041.0631176442373,1716.6645583787038,1595.233603408172,2041.0631176442373
nrc_groeneveld_24579pt__19347,2792.18,2317.1527600464497,2110.224496630083,2369.547362936423,2064.6029535833213,2827.822553445595,2369.547362936423
nrc_groeneveld_24579pt__19348,1110.56,1112.2681133417386,1315.6284761982163,1296.4967946288987,1606.661778221629,1202.7539095904951,1296.4967946288987
nrc_groeneveld_24579pt__19349,750.89,747.5103838230879,1028.8273652789032,835.7086030235889,1002.9464004576122,722.9711881912167,835.7086030235889
nrc_groeneveld_24579pt__19350,489.03,442.3920100263703,581.9011900554656,465.36824477197354,480.99788992212046,438.04789253973973,465.36824477197354
nrc_groeneveld_24579pt__19351,438.55,435.302450400126,560.9751455518909,473.8547440436828,471.442982188006,434.9537760792361,473.8547440436828
nrc_groeneveld_24579pt__19352,662.55,705.0188091575069,981.6402278100105,769.0211706731586,956.1042110480989,683.7995213518734,769.0211706731586
nrc_groeneveld_24579pt__19353,933.88,984.5990723737466,1223.6819394623271,1051.8317479919267,1476.48441123053,1058.5946043268932,1051.8317479919267
nrc_groeneveld_24579pt__19354,1590.12,1332.1940909554328,1516.4624562744764,1518.4318516445783,1536.0521367225144,1363.9187785428444,1518.4318516445783
nrc_groeneveld_24579pt__19355,2284.22,2073.6781312303992,2030.8289112760629,1991.082609405144,1845.7405375478486,2508.5142657626725,1991.082609405144
nrc_groeneveld_24579pt__19356,1583.81,1369.6685879296144,1636.4345702102848,1564.3409525383697,1563.8799770279697,1404.7700729960534,1564.3409525383697
nrc_groeneveld_24579pt__19357,744.58,880.2039444620918,961.0215256236934,957.3458730136362,1368.2870892656892,944.3044641036525,957.3458730136362
nrc_groeneveld_24579pt__19358,1804.66,1567.449095119666,1624.8597454033954,1526.3884439359565,1430.042397288943,1732.561863632436,1526.3884439359565
nrc_groeneveld_24579pt__19359,1227.3,1057.6667509222095,1097.2792601575338,1104.1143759793922,1309.6645980532205,1068.2573011796005,1104.1143759793922
nrc_groeneveld_24579pt__19360,744.58,868.2992148396095,1186.0424954008638,1003.4913357433092,1355.712724840785,931.9343802696428,1003.4913357433092
nrc_groeneveld_24579pt__19361,561.59,657.9258523141671,987.7657975005632,736.6704103451837,894.6965488977195,637.6243553571185,736.6704103451837
nrc_groeneveld_24579pt__19362,388.07,438.1014713160717,572.7951128732625,481.9073726586896,472.3716537998914,437.50658102116375,481.9073726586896
nrc_groeneveld_24579pt__20262,1330.0,529.7577770735041,1047.4714052291883,1000.3719773337477,6116.268444198196,158.0147672561076,1000.3719773337477
nrc_groeneveld_24579pt__20263,1250.0,430.7332095120039,1029.3691841026937,991.9656230990387,6832.227653140106,127.71940857564437,991.9656230990387
nrc_groeneveld_24579pt__20264,1170.0,330.7029549322605,996.7513851531819,948.0719241639572,8962.09854923413,98.58572014144053,948.0719241639572
nrc_groeneveld_24579pt__20265,1120.0,356.344986865138,1019.0143410859762,975.3072208687745,6665.210215191223,115.13090069965465,975.3072208687745
nrc_groeneveld_24579pt__20266,1060.0,378.8978376151251,1029.3691841026937,1001.8749857506957,5941.93172841091,126.31859209462847,1001.8749857506957
nrc_groeneveld_24579pt__20267,1020.0,370.88655357626317,1029.3691841026937,987.3902449900555,5807.747729834094,126.1589247507669,987.3902449900555
nrc_groeneveld_24579pt__20268,940.0,366.04095529377526,1029.3691841026937,989.6313075087165,5727.055336124114,126.07208207970197,989.6313075087165
nrc_groeneveld_24579pt__20269,1480.0,386.07515481250397,1073.9623177016567,954.6476690801733,6114.488939027626,124.71297758319723,954.6476690801733
nrc_groeneveld_24579pt__20270,1320.0,356.7823853894095,1076.1218997265228,959.9139014445904,5620.299713484366,124.09449032305464,959.9139014445904
nrc_groeneveld_24579pt__20271,1250.0,349.2387027772098,1076.1218997265228,959.9139014445904,5495.236474252617,123.98180964424343,959.9139014445904
nrc_groeneveld_24579pt__20272,1130.0,360.31883194792783,1073.9623177016567,959.9139014445904,5679.244395255197,124.15463653219724,959.9139014445904
nrc_groeneveld_24579pt__20273,1120.0,345.24300191545734,1079.098316143073,941.4868449497876,5429.374046161432,123.93132521905949,941.4868449497876
nrc_groeneveld_24579pt__20274,1090.0,343.5445838686406,1079.098316143073,944.2490227987678,5401.467587104611,123.91190905932787,944.2490227987678
nrc_groeneveld_24579pt__20275,990.0,302.6988714099147,1083.6186044205572,962.2306651362786,4745.519144549569,123.89721904353031,962.2306651362786
nrc_groeneveld_24579pt__20276,910.0,262.9364760099604,1070.4462015170739,944.1698384257595,4213.474599049788,124.84714741341675,944.1698384257595
nrc_groeneveld_24579pt__20277,840.0,221.52369667129616,1099.7038572472104,882.3506164338564,3740.6398780408235,127.00274130022497,882.3506164338564
nrc_groeneveld_24579pt__20278,800.0,244.00948562751466,1072.6668679612776,905.1498270014184,3997.168088522605,125.63352886794837,905.1498270014184
nrc_groeneveld_24579pt__20279,820.0,227.9424952250424,1068.8155182735666,889.622653557548,3813.8188932011276,126.55571967904298,889.622653557548
nrc_groeneveld_24579pt__20280,710.0,189.64806426428433,809.1316797841122,800.4163824455586,3343.4429390303485,130.4717675018065,800.4163824455586
nrc_groeneveld_24579pt__20281,610.0,174.06756772689167,739.8465156076136,695.31921386467,3169.169060746405,132.73778077769262,695.31921386467
nrc_groeneveld_24579pt__20282,1400.0,456.647361481288,1043.7352826534222,996.6339879495353,7355.027705524751,127.18464629967411,996.6339879495353
nrc_groeneveld_24579pt__20283,1370.0,438.097860857809,1055.5267492584867,1016.2744803867666,5879.699988738732,139.01647118019417,1016.2744803867666
nrc_groeneveld_24579pt__20284,1290.0,368.5822004448688,1034.6008780382695,988.688567171097,6971.225911957132,113.98730710169089,988.688567171097
nrc_groeneveld_24579pt__20285,1240.0,391.26581555137966,1045.114105620157,993.0082708650316,6204.08897066479,125.06295749292408,993.0082708650316
nrc_groeneveld_24579pt__20286,1210.0,365.7639834040847,1045.114105620157,992.7476830604649,5770.924940224878,124.46355392162937,992.7476830604649
nrc_groeneveld_24579pt__20287,1150.0,347.7741040981249,1054.0715458257328,999.4464877298468,5469.942157708588,123.54342351663094,999.4464877298468
nrc_groeneveld_24579pt__20288,1070.0,379.7165863754618,1060.3649291475515,1001.5963029088967,5040.671488609734,137.0686960271798,1001.5963029088967
nrc_groeneveld_24579pt__20289,1040.0,317.5435530330167,1050.5719653093256,973.1563668489891,4980.682467117563,123.98258514019956,973.1563668489891
nrc_groeneveld_24579pt__20290,960.0,312.3662037437172,1052.3016034479429,968.1808652876003,4898.267013021687,124.00182880358696,968.1808652876003
nrc_groeneveld_24579pt__20291,930.0,325.0651880721879,1065.459020287978,965.8350473054062,4299.537203620892,136.3201660064258,965.8350473054062
nrc_groeneveld_24579pt__20292,880.0,308.39971348262634,1062.698603167724,956.328068885508,4087.6073901043683,136.43277119072704,956.328068885508
nrc_groeneveld_24579pt__20293,830.0,288.1744062513503,1055.5176740967884,962.8215959871566,4520.142075282674,124.34383209603813,962.8215959871566
nrc_groeneveld_24579pt__20294,740.0,261.69283540034087,1045.8332867513072,967.9580844869084,4195.158149374536,124.43109545114393,967.9580844869084
nrc_groeneveld_24579pt__20295,720.0,226.86436963356232,1022.9317506635292,925.0597837947174,3797.6509257815487,126.14595111171248,925.0597837947174
nrc_groeneveld_24579pt__20296,650.0,226.96679889929214,979.34424241377,847.5941876047183,3803.064668425031,126.78716973134773,847.5941876047183
nrc_groeneveld_24579pt__20297,610.0,230.99163085659117,980.4616074757799,849.5932981535806,3848.9843282455763,126.52772634046265,849.5932981535806
nrc_groeneveld_24579pt__20298,590.0,200.12267495837008,684.157995601565,658.0946820556296,3029.5095234748374,142.2232369731593,658.0946820556296
nrc_groeneveld_24579pt__20299,1330.0,358.19094687700954,1041.3851699711795,957.2241790137216,5641.958043033491,124.18734208172519,957.2241790137216
nrc_groeneveld_24579pt__20300,1270.0,335.9475590006948,1044.2814425315892,941.6220075101181,5275.585259668482,123.91372865581658,941.6220075101181
nrc_groeneveld_24579pt__20301,1180.0,340.95481197541505,1044.2814425315892,944.0751342174997,5357.329962020678,123.95679349247474,944.0751342174997
nrc_groeneveld_24579pt__20302,1170.0,303.45118378837674,1047.5083230600617,954.0424432887924,4756.930263794442,124.38630868901546,954.0424432887924
nrc_groeneveld_24579pt__20303,1120.0,290.22316444129,1049.7833196413146,960.5394027416228,4550.042862016877,124.1940488412812,960.5394027416228
nrc_groeneveld_24579pt__20304,1070.0,289.7464656344596,1049.7833196413146,960.5394027416228,4542.682710421528,124.20493452317176,960.5394027416228
nrc_groeneveld_24579pt__20305,1010.0,284.0177877502054,1048.689111231036,927.8453495254064,4457.498693879207,124.77242426393163,927.8453495254064
nrc_groeneveld_24579pt__20306,940.0,273.7310002575725,1027.2986323091336,926.9526456899486,4336.394914258522,124.60050164709423,926.9526456899486
nrc_groeneveld_24579pt__20307,840.0,275.1683137101577,1044.7516241965852,889.7462180887974,3777.6812673250843,137.38377684875442,889.7462180887974
nrc_groeneveld_24579pt__20308,750.0,229.10291722951231,1011.2110945432185,867.6019050362687,3826.5739104800755,126.570583001364,867.6019050362687
nrc_groeneveld_24579pt__20309,690.0,207.5273752727592,957.6623739269462,784.1814551262146,3575.675288344772,128.29901480765628,784.1814551262146
nrc_groeneveld_24579pt__20310,2380.0,892.5719039802816,1493.6688894471488,1657.296800753328,15971.527459681254,265.57702508458254,1657.296800753328
nrc_groeneveld_24579pt__20311,2180.0,708.3483673226178,1446.771378844179,1625.3838911624653,13533.90143451841,257.07708643580946,1625.3838911624653
nrc_groeneveld_24579pt__20312,1970.0,646.7849235962099,1413.784072355839,1583.2136788949738,12146.09561578968,251.54865150795152,1583.2136788949738
nrc_groeneveld_24579pt__20313,1770.0,602.3104637422389,1647.4687961249329,1612.4837517071883,11178.425336912955,247.38048959529118,1612.4837517071883
nrc_groeneveld_24579pt__20314,1570.0,549.2216084420158,1632.2556256279672,1581.0078414067618,9980.530056934744,241.87412687255897,1581.0078414067618
nrc_groeneveld_24579pt__20315,2300.0,1004.3022053160707,1492.5757345322127,1746.0964094635253,18201.515939480476,269.0396201054789,1746.0964094635253
nrc_groeneveld_24579pt__20316,1770.0,612.4535760047119,1536.0695517743666,1544.796090933244,11491.694089472072,245.43261210427193,1544.796090933244
nrc_groeneveld_24579pt__20317,1660.0,635.793965710672,1405.3269607431505,1603.8779832158268,12003.833402047236,247.6384633741936,1603.8779832158268
nrc_groeneveld_24579pt__20318,2420.0,922.0151852398403,1492.7227041929286,1668.6480297507596,16372.516390255063,263.5449018035417,1668.6480297507596
nrc_groeneveld_24579pt__20319,2240.0,919.4489803335131,1492.7227041929286,1668.6480297507596,16339.024282934257,263.43965630381933,1668.6480297507596
nrc_groeneveld_24579pt__20320,2330.0,890.6829568445096,1492.3086032503577,1641.6710453104408,15974.578478742415,262.27809998214803,1641.6710453104408
nrc_groeneveld_24579pt__20321,2100.0,911.5128042858854,1492.7227041929286,1668.6480297507596,16238.935535032779,263.1235575425433,1668.6480297507596
nrc_groeneveld_24579pt__20322,2060.0,875.3735471876555,1489.4717085702828,1641.6710453104408,15778.782973388206,261.6417700274646,1641.6710453104408
nrc_groeneveld_24579pt__20323,2050.0,773.0906117121665,1459.4185034953246,1628.0646523522316,14437.449237459334,257.04042522896697,1628.0646523522316
nrc_groeneveld_24579pt__20324,1960.0,691.5172070025686,1445.6606575276992,1611.9496509094515,13258.570624293148,252.62629957787985,1611.9496509094515
nrc_groeneveld_24579pt__20325,1770.0,668.1087702667504,1409.5744369684246,1599.5156687543515,12718.163191982201,250.48041300081584,1599.5156687543515
nrc_groeneveld_24579pt__20326,1590.0,545.9947323500442,1638.3395506166244,1557.7666196880084,10003.738682727648,238.50579671408713,1557.7666196880084
nrc_groeneveld_24579pt__20327,1390.0,497.9762093958856,1603.6308861808232,1441.2749052256906,8926.380437928367,233.25810752027826,1441.2749052256906
nrc_groeneveld_24579pt__20328,1270.0,493.08868730212936,1598.6141188980794,1437.5893490114352,8819.041200859638,232.72492460993902,1437.5893490114352
nrc_groeneveld_24579pt__20329,1170.0,457.1770715408138,1351.636014495454,1283.0847384365875,8044.614146990046,228.8552471661822,1283.0847384365875
nrc_groeneveld_24579pt__20330,1100.0,423.8808963276157,1185.39904081374,1210.9773228194415,7350.234656730972,225.41875175502554,1210.9773228194415
nrc_groeneveld_24579pt__20331,990.0,416.28489977774353,1190.6890950848776,1207.2489922360678,7195.1877567649935,224.6682376460512,1207.2489922360678
nrc_groeneveld_24579pt__20332,850.0,388.5131870718832,1144.8493242078994,1092.5368936790285,6639.396037794598,222.0783864408312,1092.5368936790285
nrc_groeneveld_24579pt__20333,830.0,385.33293838446576,1133.4931473488775,1076.8116840692824,6576.892960454529,221.80052952562363,1076.8116840692824
nrc_groeneveld_24579pt__20334,2220.0,1103.0754852916457,1304.6675225646907,1702.5464077625518,22305.535886183494,280.11300063006433,1702.5464077625518
nrc_groeneveld_24579pt__20335,2150.0,1046.0804576111198,1304.6675225646907,1702.5464077625518,20065.22602822523,275.04377536247233,1702.5464077625518
nrc_groeneveld_24579pt__20336,1980.0,851.3307028700649,1283.5159261521624,1608.960171537283,15489.64855825321,261.9569998747342,1608.960171537283
nrc_groeneveld_24579pt__20337,1840.0,679.8686963309077,1182.409887495079,1583.87088175999,12982.184168983851,252.81947661796002,1583.87088175999
nrc_groeneveld_24579pt__20338,1730.0,660.6758029107848,1531.494263428486,1628.488280290188,10469.339141109322,269.3329495796874,1628.488280290188
nrc_groeneveld_24579pt__20339,1320.0,500.6066002117615,1461.072022618465,1435.2545451559579,8994.19448619009,234.92660716110424,1435.2545451559579
nrc_groeneveld_24579pt__20340,1220.0,475.7347376274314,1400.8779876661883,1367.9125454714122,8450.726535497928,232.23424056745213,1367.9125454714122
nrc_groeneveld_24579pt__20341,1140.0,450.6146481747832,1264.3638006508463,1263.8866258299613,7914.279970382909,229.56979125721483,1263.8866258299613
nrc_groeneveld_24579pt__20342,1080.0,404.9487971409999,1188.9973216402245,1185.5126400586955,6973.478594521816,225.02206826541516,1185.5126400586955
nrc_groeneveld_24579pt__20343,990.0,380.6208817925834,1143.495902042805,1066.6111952189087,6483.000571630223,221.69855139438874,1066.6111952189087
nrc_groeneveld_24579pt__20344,900.0,373.60935117389,1044.8419751905228,1053.3880235983468,6355.179903692931,222.29399407842584,1053.3880235983468
nrc_groeneveld_24579pt__20345,1850.0,704.684256937561,1475.9950809629984,1661.6669267483082,13548.668111396166,248.85616495739762,1661.6669267483082
nrc_groeneveld_24579pt__20346,1790.0,668.3988299107699,1464.6439279199992,1649.5118731136035,12742.68926312841,246.48116955242878,1649.5118731136035
nrc_groeneveld_24579pt__20347,1680.0,625.0246258759094,1464.186811774259,1629.9722247412021,11729.150137944313,242.3564597702864,1629.9722247412021
nrc_groeneveld_24579pt__20348,1600.0,573.8760861038896,1506.3668950276983,1634.6213937098366,10572.009316023094,236.65700242150484,1634.6213937098366
nrc_groeneveld_24579pt__20349,1490.0,528.5935094605419,1507.9225473934514,1600.0413226326407,9545.296428329473,231.93599767073596,1600.0413226326407
nrc_groeneveld_24579pt__20350,1300.0,464.98141608096427,1372.404010119674,1430.0879036265394,8162.1970055474,225.3084468635673,1430.0879036265394
nrc_groeneveld_24579pt__20351,1210.0,433.2482093982108,1301.0215982193397,1316.8811510598202,7501.4580048877,222.14321384212056,1316.8811510598202
nrc_groeneveld_24579pt__20352,1070.0,397.190336831368,1283.8382719212073,1240.1817384109547,6770.706805644026,218.0352934542892,1240.1817384109547
nrc_groeneveld_24579pt__20353,960.0,367.05422263481205,1170.5611287044612,1073.6775067735925,6188.461166565955,215.6641361137394,1073.6775067735925
nrc_groeneveld_24579pt__20354,900.0,353.93529609600233,1103.8972853931448,1037.7426390288817,5946.213846807717,215.53154846993945,1037.7426390288817
nrc_groeneveld_24579pt__20355,840.0,310.0455566637969,904.5249286879528,877.9880602638804,5321.4097422659015,214.3485889803152,877.9880602638804
nrc_groeneveld_24579pt__20356,3000.0,682.9206963557782,2609.9819962514844,2725.889593007297,15262.311859027437,522.8760695698047,2725.889593007297
nrc_groeneveld_24579pt__20357,2760.0,688.2630397101045,2571.536240646718,2429.25786433697,11044.337480738854,564.7611984399878,2429.25786433697
nrc_groeneveld_24579pt__20358,2520.0,782.0336072393076,2359.651569594724,2329.004356394641,9004.13813992646,626.7113952267503,2329.004356394641
nrc_groeneveld_24579pt__20359,2350.0,629.4404783882867,2289.0975422221195,2166.8908653536255,10353.834482201752,554.9579982770916,2166.8908653536255
nrc_groeneveld_24579pt__20360,2150.0,670.3949471327882,2226.952250024214,2057.128417762917,8076.092432523219,603.3417244521854,2057.128417762917
nrc_groeneveld_24579pt__20361,3710.0,1824.6848059304484,3016.0765061922616,3086.0102498629976,26718.517519973102,662.0207122565948,3086.0102498629976
nrc_groeneveld_24579pt__20362,3570.0,1790.5050177802134,3017.3585130259157,3086.0102498629976,25086.694020915886,657.2015641381802,3086.0102498629976
nrc_groeneveld_24579pt__20363,3060.0,1256.3448444928044,3018.434517979029,2888.423928870527,17143.954016290238,617.6912961568893,2888.423928870527
nrc_groeneveld_24579pt__20364,2210.0,444.5102624491634,1517.6078802431666,1596.9344546014565,8090.50712203605,509.42148063256764,1596.9344546014565
nrc_groeneveld_24579pt__20365,4490.0,1813.6211694451424,2989.9650512899448,3144.812616323927,26057.117878295372,661.2943666363158,3144.812616323927
nrc_groeneveld_24579pt__20366,4340.0,1683.8382845765927,2993.741965419892,3144.812616323927,22039.373437810445,646.7940425635211,3144.812616323927
nrc_groeneveld_24579pt__20367,4130.0,1473.001986279661,2996.347285723729,3144.812616323927,19404.62093590581,633.4714244167989,3144.812616323927
nrc_groeneveld_24579pt__20368,3920.0,1292.863892757716,2997.495861784552,2943.4613877926104,17509.47841806254,621.4574488534307,2943.4613877926104
nrc_groeneveld_24579pt__20369,3680.0,1202.0932849368955,2997.495861784552,2982.91605071238,16607.309657710557,614.8831749262205,2982.91605071238
nrc_groeneveld_24579pt__20370,3410.0,1063.574955835567,2997.507310426168,2982.91605071238,15189.093546335549,603.2555205943538,2982.91605071238
nrc_groeneveld_24579pt__20371,3320.0,995.4685060703096,2982.8789808125794,2966.1863813431446,14472.359445220189,596.7080468955031,2966.1863813431446
nrc_groeneveld_24579pt__20372,2970.0,821.6367372964282,2786.681133531917,2934.3685356326364,12579.950976954127,576.900341980877,2934.3685356326364
nrc_groeneveld_24579pt__20373,2760.0,641.0659099518193,2387.326269502492,2361.189783698135,10506.117288089672,550.157513269924,2361.189783698135
nrc_groeneveld_24579pt__20374,2560.0,596.0573497889906,2262.0234486550607,2180.5020945927286,9969.499969560757,542.2201615588549,2180.5020945927286
nrc_groeneveld_24579pt__20375,2210.0,561.5927952800738,2209.414618602358,2043.3726185635835,9552.641533638796,535.7314054730258,2043.3726185635835
nrc_groeneveld_24579pt__20376,1930.0,490.3467975465328,1892.8022921381419,1730.9939630594163,8673.099286875782,521.0536441928438,1730.9939630594163
nrc_groeneveld_24579pt__20377,1690.0,380.746006646236,1322.4616684374291,1150.3357412855426,7060.722090992722,490.36824767892386,1150.3357412855426
nrc_groeneveld_24579pt__20378,1340.0,349.76287765299037,1058.6752858764685,858.7252314952141,6073.83534937333,469.0702925366419,858.7252314952141
nrc_groeneveld_24579pt__20379,4140.0,1859.9523615507098,2992.4945231901843,2997.1685799145944,27977.50528797655,664.9086710652273,2997.1685799145944
nrc_groeneveld_24579pt__20380,3980.0,1843.9952827037293,2992.4945231901843,2997.1685799145944,27610.304403056904,664.031629131867,2997.1685799145944
nrc_groeneveld_24579pt__20381,3910.0,1810.2644336403625,2990.275629246015,2997.1685799145944,26056.86850893833,659.889255813523,2997.1685799145944
nrc_groeneveld_24579pt__20382,3860.0,1777.5548167790384,2991.546669215768,2997.1685799145944,24510.856610979405,655.0051389865669,2997.1685799145944
nrc_groeneveld_24579pt__20383,3760.0,1788.3918194960418,2991.546669215768,2997.1685799145944,25018.423901637958,656.6984746056027,2997.1685799145944
nrc_groeneveld_24579pt__20384,3730.0,1800.5104390092981,2990.275629246015,2997.1685799145944,25591.527261997227,658.5035364751081,2997.1685799145944
nrc_groeneveld_24579pt__20385,3520.0,1738.9112267788223,2992.6134695378487,2997.1685799145944,22928.897969980357,649.1125462047585,2997.1685799145944
nrc_groeneveld_24579pt__20386,3430.0,1751.3400150321327,2992.6134695378487,2997.1685799145944,23303.193863775363,650.5951475774713,2997.1685799145944
nrc_groeneveld_24579pt__20387,3530.0,1630.1678445274233,2992.6134695378487,2997.1685799145944,21379.543621302044,642.3361191668959,2997.1685799145944
nrc_groeneveld_24579pt__20388,3340.0,1683.5214279614652,2992.6134695378487,2997.1685799145944,22040.025403478856,645.3556063142984,2997.1685799145944
nrc_groeneveld_24579pt__20389,3280.0,1509.664051920824,2992.6134695378487,2997.1685799145944,19871.770861797984,634.6424775334531,2997.1685799145944
nrc_groeneveld_24579pt__20390,3120.0,1369.8090892469104,2992.6134695378487,2724.6805550478216,18282.23649991,625.1697159376027,2724.6805550478216
nrc_groeneveld_24579pt__20391,2770.0,1152.1504201222367,2995.2861060710125,2753.711017761827,16095.965773295355,609.413308873433,2753.711017761827
nrc_groeneveld_24579pt__20392,2530.0,1022.7656712486934,2989.9027400027626,2713.284014372251,14755.767719498555,597.8858628060046,2713.284014372251
nrc_groeneveld_24579pt__20393,2430.0,1019.3870538606061,2989.9027400027626,2713.284014372251,14720.131937042212,597.5574511439595,2713.284014372251
nrc_groeneveld_24579pt__20394,2230.0,979.7037426988315,2971.35232105787,2587.161302611186,14299.231013531093,593.5851143373544,2587.161302611186
nrc_groeneveld_24579pt__20395,2110.0,881.2717382543277,2822.545660564877,2556.2314022741148,13234.871522023892,582.7361388662738,2556.2314022741148
nrc_groeneveld_24579pt__20396,1950.0,769.4699402362652,2658.0414222864465,2441.2714841432216,11988.354475210117,568.4035744585452,2441.2714841432216
nrc_groeneveld_24579pt__20397,1760.0,692.1603768690762,2509.9279402030356,2226.7183391597623,11100.931555874553,556.9896908733192,2226.7183391597623
nrc_groeneveld_24579pt__20398,1590.0,641.4385687601919,2256.4650905866893,1978.5963279493483,10506.372666346884,548.71744736947,1978.5963279493483
nrc_groeneveld_24579pt__20399,1610.0,536.482438454916,1622.248564957935,1756.8100829777397,9241.725265496112,529.2715005314242,1756.8100829777397
nrc_groeneveld_24579pt__20400,4100.0,1730.244234512091,2541.1613217569743,3068.634750105496,22696.45788998262,650.967265229572,3068.634750105496
nrc_groeneveld_24579pt__20401,3900.0,1629.3880784318553,2542.818544041276,3068.634750105496,21357.563929762946,645.0459080775769,3068.634750105496
nrc_groeneveld_24579pt__20402,3580.0,1211.2110698624267,2496.231989741491,2957.503026929618,16705.835622873703,616.996414696158,2957.503026929618
nrc_groeneveld_24579pt__20403,3400.0,1129.905765826156,2492.2547486492385,2957.503026929618,15880.55715769828,610.4997020296279,2957.503026929618
nrc_groeneveld_24579pt__20404,3300.0,983.3022018375788,2487.4683665104785,2938.9733167186914,14347.126658861253,596.8792578011158,2938.9733167186914
nrc_groeneveld_24579pt__20405,3150.0,920.336050137528,2780.4336722659236,2938.9733167186914,13669.486197858285,590.142326869242,2938.9733167186914
nrc_groeneveld_24579pt__20406,2960.0,907.3657653214008,2728.1943211503108,2952.941965060037,13495.91239550196,591.2426805690128,2952.941965060037
nrc_groeneveld_24579pt__20407,2840.0,780.0006950598913,2757.793532847517,2830.710363246021,12114.438181922083,572.7624695761634,2830.710363246021
nrc_groeneveld_24579pt__20408,2670.0,730.0530370565796,2584.78391611178,2682.2665181663297,11544.914716976858,565.6519895126348,2682.2665181663297
nrc_groeneveld_24579pt__20409,2450.0,604.5660642626076,2346.535864815365,2248.0062698009415,10072.5443151887,545.1418156748847,2248.0062698009415
nrc_groeneveld_24579pt__20410,2190.0,534.9013534598838,2155.3837478782593,2154.488352076859,9226.560060332402,531.8103133091079,2154.488352076859
nrc_groeneveld_24579pt__20411,1920.0,435.6903148436798,1684.6917663409265,1763.7657356153495,7980.301074749764,509.8480598209313,1763.7657356153495
nrc_groeneveld_24579pt__20412,1700.0,399.97266772034385,1462.6764789045312,1523.9503387210573,7480.7973705893755,500.21194976590374,1523.9503387210573
nrc_groeneveld_24579pt__20413,1550.0,371.84358422192633,1239.4821548474695,1175.0607174165798,6713.457391593582,486.75768398041396,1175.0607174165798
nrc_groeneveld_24579pt__20414,1370.0,357.6700006140055,965.5509169695915,992.5685526146323,6247.901633676436,476.55802966765697,992.5685526146323
nrc_groeneveld_24579pt__20415,1240.0,347.55621118447124,956.0175653989468,947.4397949357729,6016.125567191948,471.32811376858535,947.4397949357729
nrc_groeneveld_24579pt__20416,3270.0,1514.2155628807282,3018.434517979029,3086.0102498629976,19928.21997221709,635.2423919289245,3086.0102498629976
nrc_groeneveld_24579pt__20417,3090.0,1277.303218107235,3018.434517979029,2888.423928870527,17351.170938641983,619.1727184841532,2888.423928870527
nrc_groeneveld_24579pt__20418,2870.0,1054.256606074616,3021.1302147162887,2919.1990166194264,15087.349346437322,601.1791976829873,2919.1990166194264
nrc_groeneveld_24579pt__20419,2750.0,1005.3408388202049,3003.3624841745313,2993.7280148779478,14589.902279244627,595.177029521941,2993.7280148779478
nrc_groeneveld_24579pt__20420,2620.0,816.1697700809722,2791.8183389090887,2874.8750746130922,12530.40437916678,573.7434846158611,2874.8750746130922
nrc_groeneveld_24579pt__20421,2420.0,700.9340800538205,2640.982415831867,2644.707175996455,11217.713891475714,557.4687556231879,2644.707175996455
nrc_groeneveld_24579pt__20422,2210.0,567.1622642398062,2196.8975006544474,2116.4181037752246,9629.739596678743,534.4931471018206,2116.4181037752246
nrc_groeneveld_24579pt__20423,2010.0,492.5265965353153,1621.6338045407706,1744.1752059764578,8697.50143046489,520.3432776071317,1744.1752059764578
nrc_groeneveld_24579pt__20424,1990.0,476.4961528913158,1567.147612968936,1715.162950994359,8496.267119344593,516.7994655362238,1715.162950994359
nrc_groeneveld_24579pt__20425,1700.0,400.22089941898713,1412.298992323317,1411.2271358023766,7479.353903577262,497.7063308635013,1411.2271358023766
nrc_groeneveld_24579pt__20426,1350.0,346.5164452129797,952.2060700383353,953.461898690194,5987.493417392753,468.57561757713717,953.461898690194
nrc_groeneveld_24579pt__20427,1270.0,341.55117440699127,998.657017162199,871.1167588619728,5878.034961787735,463.5362043259874,871.1167588619728
nrc_groeneveld_24579pt__20428,1210.0,320.99282111606027,965.7853310490665,809.3115368894164,5456.849742187337,453.7876135633166,809.3115368894164
nrc_groeneveld_24579pt__20429,2180.0,474.3603859285556,2056.405419688958,1959.1573098507884,9992.81680028785,503.8222150973082,1959.1573098507884
nrc_groeneveld_24579pt__20430,1900.0,506.1496513691241,1833.5465789942475,1784.9847053543579,7627.477491503536,538.6242720342285,1784.9847053543579
nrc_groeneveld_24579pt__20431,1630.0,360.0908187170675,1571.402699683388,1533.6564849505041,9471.909135441228,465.3996868815578,1533.6564849505041
nrc_groeneveld_24579pt__20432,1360.0,369.4131168831487,1298.9249560225167,1147.8487527494242,6683.450604855936,474.14480667299085,1147.8487527494242
nrc_groeneveld_24579pt__20433,7400.0,4618.500566151393,5168.313194704222,4797.683436118886,26012.204353977027,2987.0449712292084,4797.683436118886
nrc_groeneveld_24579pt__20434,7350.0,4334.311004534273,5168.313194704222,4797.683436118886,23669.35370674061,3033.037622325271,4797.683436118886
nrc_groeneveld_24579pt__20435,6860.0,3948.821339035825,5168.313194704222,4797.683436118886,21279.880003087572,3075.8472624985616,4797.683436118886
nrc_groeneveld_24579pt__20436,6460.0,3597.5926120596127,5168.313194704222,4797.683436118886,19335.467508302936,3105.712133686824,4797.683436118886
nrc_groeneveld_24579pt__20437,5900.0,3131.599756747729,5166.938074928592,4797.683436118886,17119.81476208355,3131.159169344463,4797.683436118886
nrc_groeneveld_24579pt__20438,5620.0,2590.837160613356,5166.938074928592,4595.79899517215,14440.54081659664,3142.2387121723655,4595.79899517215
nrc_groeneveld_24579pt__20439,5170.0,2428.856984152366,5166.417726364544,4595.79899517215,13414.436988019768,3137.9287551390216,4595.79899517215
nrc_groeneveld_24579pt__20440,4770.0,2180.758918212423,5166.192356152975,4634.5266934327965,11911.63959785621,3119.286749770649,4634.5266934327965
nrc_groeneveld_24579pt__20441,4380.0,1893.4195446277752,4575.322825040864,4526.84136011734,10203.258203962021,3073.5732116951895,4526.84136011734
nrc_groeneveld_24579pt__20442,3890.0,1666.8417556392935,4090.0078717574174,4252.393341280102,8922.856969091365,3015.0797625635187,4252.393341280102
nrc_groeneveld_24579pt__20443,3520.0,1406.4431540027595,3279.6255250984805,3569.5664343604376,7579.40659807772,2921.9406252748804,3569.5664343604376
nrc_groeneveld_24579pt__20444,5720.0,3626.9799162792933,4573.800321301627,4403.7274572306405,19510.278432039544,3095.3611549328025,4403.7274572306405
nrc_groeneveld_24579pt__20445,5480.0,3577.7123966371887,4573.800321301627,4403.7274572306405,19236.64513611222,3099.149879646172,4403.7274572306405
nrc_groeneveld_24579pt__20446,5350.0,3196.735173379977,4572.583382034466,4403.7274572306405,17422.478556955688,3120.399523681156,4403.7274572306405
nrc_groeneveld_24579pt__20447,5120.0,2910.0577483723237,4572.583382034466,4403.7274572306405,16092.573749149566,3130.5481218075583,4403.7274572306405
nrc_groeneveld_24579pt__20448,5000.0,2880.90964467082,4572.583382034466,4403.7274572306405,15956.174719747696,3131.2654809000705,4403.7274572306405
nrc_groeneveld_24579pt__20449,4810.0,2739.4904331255543,4572.583382034466,4403.7274572306405,15291.27489372112,3133.7649183828835,4403.7274572306405
nrc_groeneveld_24579pt__20450,4180.0,2318.2951516143407,4572.383916149435,4120.549782413526,12717.913822625158,3123.426014344879,4120.549782413526
nrc_groeneveld_24579pt__20451,3660.0,1976.9622154463448,4284.669293293555,3805.54761545777,10676.832395248117,3081.7154415178397,3805.54761545777
nrc_groeneveld_24579pt__20452,3510.0,1916.9489956905913,4119.054922327419,3805.54761545777,10322.935215304164,3070.1664155885214,3805.54761545777
nrc_groeneveld_24579pt__20453,3090.0,1816.27618330705,3914.760817856899,3790.27552776441,9733.003930019679,3047.3542181616563,3790.27552776441
nrc_groeneveld_24579pt__20454,2470.0,1434.5781931334368,3140.3406593927,2883.002374206218,7708.428951408774,2925.511216139878,2883.002374206218
nrc_groeneveld_24579pt__20455,2100.0,1323.468761953709,2508.026555413817,2541.5452928775494,7138.295489958372,2875.2473118766898,2541.5452928775494
nrc_groeneveld_24579pt__20456,5690.0,2656.853188945347,4925.865664668912,4434.14679868906,14916.269122731206,3115.7011101760536,4434.14679868906
nrc_groeneveld_24579pt__20457,5410.0,2535.873109707092,4968.670269474997,4497.0439754079425,12276.16201611848,3255.6995584374276,4497.0439754079425
nrc_groeneveld_24579pt__20458,5100.0,2326.8193066203103,4954.749165155458,4484.639892226024,11213.267792710863,3203.4666737592443,4484.639892226024
nrc_groeneveld_24579pt__20459,4730.0,1969.6598936073894,4591.602148822883,4344.5742312058965,10725.293027416732,3048.5007239366055,4344.5742312058965
nrc_groeneveld_24579pt__20460,4420.0,1808.6951286358403,4283.940188337902,4338.816404222037,9743.888193404347,3028.3863714365957,4338.816404222037
nrc_groeneveld_24579pt__20461,4080.0,1683.7716706042272,4110.287616006201,4020.2541832948555,8058.804158921805,3072.035789285679,4020.2541832948555
nrc_groeneveld_24579pt__20462,3750.0,1470.2438483027072,3401.898478401068,3513.7438399212806,7901.033331744349,2949.6398702148654,3513.7438399212806
nrc_groeneveld_24579pt__20463,3370.0,1310.7438918302057,2928.7241470225313,2991.3275340675,6350.09258342965,2863.947275985455,2991.3275340675
nrc_groeneveld_24579pt__20464,2960.0,1141.82028236815,2508.3798804448616,2508.6421168620886,6389.706036826075,2654.076640607881,2508.6421168620886
nrc_groeneveld_24579pt__20465,2810.0,1072.4967977491099,2265.2426344988735,2332.386154356963,6018.889240646993,2661.537593400857,2332.386154356963
nrc_groeneveld_24579pt__21227,592.0,106.28164729949188,410.31706082853486,279.978520713047,1558.687672866883,90.28121326511197,279.978520713047
nrc_groeneveld_24579pt__21228,568.0,106.28164729949188,410.31706082853486,279.978520713047,1558.687672866883,90.28121326511197,279.978520713047
nrc_groeneveld_24579pt__21229,518.0,100.80149896789432,413.38821868663655,282.67127028927354,1488.1940727480394,89.13454897571447,282.67127028927354
nrc_groeneveld_24579pt__21230,487.0,99.13619242554994,413.4048760628151,282.27964853376426,1448.0856968950782,88.53927565831945,282.27964853376426
nrc_groeneveld_24579pt__21231,462.0,99.41482656292344,413.69737405844444,281.7835680846192,1463.494864156791,88.7625450535797,281.7835680846192
nrc_groeneveld_24579pt__21232,434.0,97.71550488171452,411.87483954372095,293.10506182804,1372.4773021739818,87.55540784852174,293.10506182804
nrc_groeneveld_24579pt__21233,405.0,97.20749763207193,402.0530674806263,288.1076538867776,1346.6058886043181,87.26734511401224,288.1076538867776
nrc_groeneveld_24579pt__21234,384.0,96.89619137304696,383.53353507405217,285.99444041529813,1331.0469682836888,87.10769563773982,285.99444041529813
nrc_groeneveld_24579pt__21235,336.0,97.63717746567264,411.87483954372095,296.3212386309605,1368.4479590539443,87.50877845346223,296.3212386309605
nrc_groeneveld_24579pt__21236,327.0,96.54716334635113,346.2366833467675,285.9222688507535,1313.8616076874416,86.94408603695682,285.9222688507535
nrc_groeneveld_24579pt__21237,309.0,97.0128142176015,396.72772887840716,285.99444041529813,1336.84921862098,87.1659939852826,285.99444041529813
nrc_groeneveld_24579pt__21238,274.0,97.16852971928999,400.86957432664923,285.99444041529813,1344.6450154786312,87.24665585806018,285.99444041529813
nrc_groeneveld_24579pt__21239,266.0,97.24648117232312,402.24273624127494,288.1076538867776,1348.5703295144808,87.2882440180014,288.1076538867776
nrc_groeneveld_24579pt__21240,229.0,97.09064075107851,398.0741080161004,285.99444041529813,1340.7382914776813,87.20590602408706,285.99444041529813
nrc_groeneveld_24579pt__21241,574.0,114.55072175482566,413.30987246694036,286.0722415025008,1667.1713008418099,92.36251000595949,286.0722415025008
nrc_groeneveld_24579pt__21242,544.0,118.45652227594486,414.1650227821989,285.7948178457209,1718.9681292158496,93.36620245560044,285.7948178457209
nrc_groeneveld_24579pt__21243,522.0,113.94589953255856,413.0471560980597,286.0722415025008,1659.193020070462,92.21129614143445,286.0722415025008
nrc_groeneveld_24579pt__21244,503.0,113.68546955900943,411.17172745879407,286.17487344454514,1418.023709207767,96.30651661175872,286.17487344454514
nrc_groeneveld_24579pt__21245,482.0,109.02831383557432,412.1091939180995,285.51773019507914,1594.7191489105262,91.02786709099179,285.51773019507914
nrc_groeneveld_24579pt__21246,452.0,111.69278414137196,407.7125871705531,299.39083324850225,1627.8053415048457,91.03462085091455,299.39083324850225
nrc_groeneveld_24579pt__21247,433.0,109.9329116232939,407.478093876739,297.1770706690448,1604.778659200179,90.61569176561386,297.1770706690448
nrc_groeneveld_24579pt__21248,404.0,106.8724365904448,407.0341895846691,287.7136733344762,1564.9621844507733,89.91415596471194,287.7136733344762
nrc_groeneveld_24579pt__21249,385.0,107.1212257122989,412.0321617099632,275.1176113845803,1569.9159773329918,90.5926886392089,275.1176113845803
nrc_groeneveld_24579pt__21250,342.0,101.77722906709661,414.7141681087938,275.49160151477196,1501.0166373882416,89.45324363049495,275.49160151477196
nrc_groeneveld_24579pt__21251,315.0,109.35652038227377,413.7066899980839,291.573658371321,1370.4920211172462,95.2167208246371,291.573658371321
nrc_groeneveld_24579pt__21252,295.0,99.97331814066486,415.1161568250361,272.80795102302204,1476.0131762113606,89.06846221244548,272.80795102302204
nrc_groeneveld_24579pt__21253,273.0,106.93632086352403,419.56556799908,275.5259814853704,1345.603262340081,95.26174979681545,275.5259814853704
nrc_groeneveld_24579pt__21254,245.0,99.8462487866123,415.1161568250361,272.80795102302204,1473.771136882271,89.03476947736516,272.80795102302204
nrc_groeneveld_24579pt__21255,229.0,96.81018907990217,374.1981622522537,280.976573925642,1322.6569146715215,87.14927200597882,280.976573925642
nrc_groeneveld_24579pt__21256,511.0,98.9022695819626,368.1921051113944,293.31890630998026,1401.3065427720735,88.92342596082045,293.31890630998026
nrc_groeneveld_24579pt__21257,458.0,98.9022695819626,368.1921051113944,293.31890630998026,1401.3065427720735,88.92342596082045,293.31890630998026
nrc_groeneveld_24579pt__21258,422.0,97.48466393527897,410.38702803811344,289.00039733079024,1362.825600165483,87.49499279990056,289.00039733079024
nrc_groeneveld_24579pt__21259,355.0,95.1674373405689,242.54473577508963,264.4163241539615,1250.4714664598228,86.52108868993274,264.4163241539615
nrc_groeneveld_24579pt__21260,275.0,94.02956193385965,329.3358540965662,272.7404072211107,1199.5267902633475,86.31372438702377,272.7404072211107
nrc_groeneveld_24579pt__21261,925.0,240.65942417222172,746.1362986326807,779.3814659950655,3323.887724540615,207.25107559507023,779.3814659950655
nrc_groeneveld_24579pt__21262,886.0,248.70050218647475,746.1362986326807,778.8709121563293,3404.7772852874123,210.21089648051213,778.8709121563293
nrc_groeneveld_24579pt__21263,833.0,210.23662853841384,745.3538092936949,750.9944864831945,3016.3908961507445,195.8431865150534,750.9944864831945
nrc_groeneveld_24579pt__21264,750.0,237.36333734787942,746.1362986326807,776.397076984469,3290.8560491953103,206.03690394957198,776.397076984469
nrc_groeneveld_24579pt__21265,690.0,203.39216659876155,742.1213888199397,749.9594517802365,2946.3842047237763,193.21774188358538,749.9594517802365
nrc_groeneveld_24579pt__21266,693.0,171.355971284184,724.5848218590345,621.4665848689277,2570.9310343117136,179.05478983571834,621.4665848689277
nrc_groeneveld_24579pt__21267,633.0,177.77680088884728,733.4240921064392,663.8685761247021,2645.0072533786047,181.8512941076506,663.8685761247021
nrc_groeneveld_24579pt__21268,588.0,176.47367020497757,735.7580639681413,662.1556033820914,2629.9769284947774,181.2836159893718,662.1556033820914
nrc_groeneveld_24579pt__21269,576.0,170.9362557357258,724.5848218590345,620.3546823441029,2566.087109662423,178.87207699796497,620.3546823441029
nrc_groeneveld_24579pt__21270,518.0,156.4920074784761,611.9658629043297,513.4974439970176,2399.2330964192643,172.60303846690223,513.4974439970176
nrc_groeneveld_24579pt__21271,437.0,140.06227577294402,511.110731388227,422.25856004937435,2205.997006981084,165.45897257711476,422.25856004937435
nrc_groeneveld_24579pt__21272,371.0,138.47098717455987,495.9777252309937,431.549113718293,2174.5184445515133,164.3145665112754,431.549113718293
nrc_groeneveld_24579pt__21273,1020.0,225.84990174604724,715.5859216918863,759.125334853587,3174.590932680705,202.38883946979158,759.125334853587
nrc_groeneveld_24579pt__21274,987.0,231.09985945038662,704.9051373134779,775.0706040666735,3226.915526136655,205.0130337231063,775.0706040666735
nrc_groeneveld_24579pt__21275,946.0,212.5530190032959,715.5859216918863,722.2722315292389,3039.5814548708427,197.336710074943,722.2722315292389
nrc_groeneveld_24579pt__21276,905.0,210.80151980685906,715.5859216918863,721.7810218261601,3021.711085288595,196.66514831645526,721.7810218261601
nrc_groeneveld_24579pt__21277,844.0,218.69696027788314,704.020024709757,760.5853406398732,3101.3875826013827,200.3138385091736,760.5853406398732
nrc_groeneveld_24579pt__21278,794.0,197.47121707713188,710.8364961635854,707.6773652770361,2877.6750836494666,191.23183554595946,707.6773652770361
nrc_groeneveld_24579pt__21279,760.0,202.4431276001215,701.0836214579716,722.9693752908605,2935.3884878832046,194.04736879293813,722.9693752908605
nrc_groeneveld_24579pt__21280,725.0,188.01286091680157,692.5268364210475,672.3480576791032,2764.120663309339,187.53823481724652,672.3480576791032
nrc_groeneveld_24579pt__21281,680.0,189.80882519415954,694.765362495624,677.8096103964579,2785.510289301791,188.3527232929128,677.8096103964579
nrc_groeneveld_24579pt__21282,658.0,180.1390066444881,682.3176633068766,631.667130316969,2670.37296767445,183.96624274321616,631.667130316969
nrc_groeneveld_24579pt__21283,606.0,184.8641704953214,695.9042589745916,577.039545391825,2357.507930761147,191.49562411552404,577.039545391825
nrc_groeneveld_24579pt__21284,576.0,170.3173841377038,674.6746653736902,590.8196922124345,2556.3436556916736,179.62378286660282,590.8196922124345
nrc_groeneveld_24579pt__21285,538.0,153.89182085265122,569.0619941634571,468.43173968862015,2367.5433474376678,171.92883342368927,468.43173968862015
nrc_groeneveld_24579pt__21286,505.0,153.51488161027558,564.2082944756168,468.43173968862015,2363.1817196493716,171.76562703806496,468.43173968862015
nrc_groeneveld_24579pt__21287,470.0,153.19984174811879,473.88101634609075,380.5929145008458,2036.3487229807395,175.89674960876684,380.5929145008458
nrc_groeneveld_24579pt__21288,436.0,133.66762983584852,425.29956487432605,332.0189067662355,2031.9646648894773,159.68203992889275,332.0189067662355
nrc_groeneveld_24579pt__21289,388.0,141.5816621145468,350.10201941498826,346.04115648976693,1814.322176774516,166.0303713027012,346.04115648976693
nrc_groeneveld_24579pt__21290,353.0,134.12080817717242,381.9633071552754,326.0945440652481,2039.6186368686513,160.94258665550208,326.0945440652481
nrc_groeneveld_24579pt__21291,763.0,201.68263380348054,700.0898797060831,748.6594835855226,2928.7319863844073,191.85720895837994,748.6594835855226
nrc_groeneveld_24579pt__21292,696.0,187.35701968907114,683.2032279457449,711.1626282203313,2758.306387097248,185.4643686320375,711.1626282203313
nrc_groeneveld_24579pt__21293,618.0,173.27135160060308,672.0919948037713,670.5207077134523,2597.287554654314,177.67686815443318,670.5207077134523
nrc_groeneveld_24579pt__21294,523.0,125.81506097321937,466.6119408275167,369.8469753216358,2263.8477796118063,152.10351463991972,369.8469753216358
nrc_groeneveld_24579pt__21295,444.0,134.04586516526882,466.18028333772463,362.9998460631071,2054.6950338678603,159.49653717694918,362.9998460631071
nrc_groeneveld_24579pt__21296,1076.0,192.04728836253574,659.7852204706647,702.0106919196503,2431.6533065435005,196.8615665005382,702.0106919196503
nrc_groeneveld_24579pt__21297,1045.0,198.81970689338763,723.428509719785,754.4034998570634,2884.771240412538,198.0068202058318,754.4034998570634
nrc_groeneveld_24579pt__21298,1029.0,204.90094830672072,687.1210818799038,746.1373736552684,2551.57318258701,207.31849147937217,746.1373736552684
nrc_groeneveld_24579pt__21299,1003.0,170.8155840016582,621.820983966343,652.1954247466027,2566.9421292120373,181.06306014737356,652.1954247466027
nrc_groeneveld_24579pt__21300,925.0,165.88569505334803,708.8014474547367,736.3528203638454,3445.045955610982,174.98298368414535,736.3528203638454
nrc_groeneveld_24579pt__21301,929.0,201.42958971158114,721.6247982815895,782.1318777919892,3378.591523657656,200.899666358098,782.1318777919892
nrc_groeneveld_24579pt__21302,850.0,201.81689187150542,708.4824031144595,763.2601555800355,2924.597519433683,195.84917454989454,763.2601555800355
nrc_groeneveld_24579pt__21303,815.0,161.61423659576536,695.8489938928011,731.7175904070288,3375.8338146404576,171.5395836100013,731.7175904070288
nrc_groeneveld_24579pt__21304,853.0,180.99350664852741,704.1503429434936,723.1392788604388,2666.409468580247,196.32449982502465,723.1392788604388
nrc_groeneveld_24579pt__21305,751.0,209.100346713077,713.5192319091333,752.0419901485452,2597.416212891692,207.49506775716674,752.0419901485452
nrc_groeneveld_24579pt__21306,747.0,177.076029219369,697.6032249241907,627.7629823719852,2278.0646678309363,193.69073441598124,627.7629823719852
nrc_groeneveld_24579pt__21307,733.0,193.93626007686393,645.7324074528514,744.3945072178099,2806.877507354398,208.67558488887445,744.3945072178099
nrc_groeneveld_24579pt__21308,656.0,178.24085431023423,700.1865215366249,719.0944495638249,2651.4934025575903,185.99620314165725,719.0944495638249
nrc_groeneveld_24579pt__21309,621.0,168.6149347670419,616.9002192355084,606.4893986318392,2197.3452185064034,187.93597829924587,606.4893986318392
nrc_groeneveld_24579pt__21310,635.0,212.46367525059935,659.8536556910425,744.1888206364531,2292.0341589299424,230.87981924722337,744.1888206364531
nrc_groeneveld_24579pt__21311,573.0,168.86293963708334,587.9241598193612,609.7966246904779,2198.6229482642443,187.89846832830113,609.7966246904779
nrc_groeneveld_24579pt__21312,508.0,162.51101617630368,622.4519760137428,536.7590091932254,2134.0966210767615,186.44526608759764,536.7590091932254
nrc_groeneveld_24579pt__21313,493.0,162.64006788117263,610.355175489343,535.3554429303086,2124.665857521004,191.26693488229193,535.3554429303086
nrc_groeneveld_24579pt__21314,447.0,155.00220438955003,481.20389014440156,400.5443469020151,1795.8080848972595,179.6195495120509,400.5443469020151
nrc_groeneveld_24579pt__21315,387.0,138.86266522382618,485.6152023254054,417.3489376768496,2168.858500743603,171.62599963018585,417.3489376768496
nrc_groeneveld_24579pt__21316,1384.0,317.42850259313707,939.7610585177235,955.4321245670133,3312.944015106568,476.08256809477444,955.4321245670133
nrc_groeneveld_24579pt__21317,1973.0,398.4064303910563,1246.148262047224,1160.6850319876482,3793.190714474844,515.3787683792434,1160.6850319876482
nrc_groeneveld_24579pt__21318,1879.0,384.37999235939986,1225.7510869285297,1132.362702933907,3711.735190443314,508.4087811222307,1132.362702933907
nrc_groeneveld_24579pt__21319,1680.0,366.44321627982987,1159.5328876217707,1105.3412194670052,3606.1573122368254,499.2403782545767,1105.3412194670052
nrc_groeneveld_24579pt__21320,1666.0,336.9036946912557,1037.9053470068523,1005.6089301894887,3429.449829384158,483.55136711720144,1005.6089301894887
nrc_groeneveld_24579pt__21321,1506.0,354.90765305000934,1128.6279636953739,1056.3456009383267,3537.6490902896735,493.2094093813452,1056.3456009383267
nrc_groeneveld_24579pt__21322,1426.0,342.34388186235554,1098.2775118556517,1029.4542694788786,3462.3369155691294,486.5040816185173,1029.4542694788786
nrc_groeneveld_24579pt__21323,1293.0,319.8130514267203,1001.2379742641364,972.7035626503564,3325.0098866473045,474.07362175647506,972.7035626503564
nrc_groeneveld_24579pt__21324,1226.0,284.74716187218905,772.4664333344847,870.8472264941555,3104.9301623698175,453.60162444260465,870.8472264941555
nrc_groeneveld_24579pt__21325,1120.0,260.78657302534725,720.9292098390289,772.4242699528934,2921.9123954483243,436.05957999146545,772.4242699528934
nrc_groeneveld_24579pt__21326,940.0,228.94155925671063,571.4041016765507,575.5048634913912,2528.903472077993,396.8495860463749,575.5048634913912
nrc_groeneveld_24579pt__21327,653.0,220.42390182622134,518.7403904099484,545.2318505654656,2428.5043269271255,386.5173560357573,545.2318505654656
nrc_groeneveld_24579pt__21328,1799.0,647.4593829398572,1292.8588252880324,1027.8121723030663,5333.655646464622,630.0289886639097,1027.8121723030663
nrc_groeneveld_24579pt__21329,1751.0,634.9574335721925,1292.8588252880324,1011.9630122849853,5255.165514666834,624.7889661313876,1011.9630122849853
nrc_groeneveld_24579pt__21330,1684.0,603.8567397843719,1292.8588252880324,1095.2527669442688,5064.0813626019235,611.7556026867574,1095.2527669442688
nrc_groeneveld_24579pt__21331,1574.0,560.966312040548,1292.8588252880324,1157.5899964699422,4796.716100664106,592.8428105172344,1157.5899964699422
nrc_groeneveld_24579pt__21332,1541.0,503.95933167121325,1286.2764095264279,1140.619055441854,4434.012501965213,565.8606682248226,1140.619055441854
nrc_groeneveld_24579pt__21333,1461.0,469.73483683982124,1286.760338508764,1139.991153527023,4212.00016517065,548.5550946337065,1139.991153527023
nrc_groeneveld_24579pt__21334,1368.0,455.7881524049854,1286.9591720453077,1142.083387850967,4120.5687401886535,541.2470446652446,1142.083387850967
nrc_groeneveld_24579pt__21335,1297.0,355.2473126996202,1100.479018443731,1097.2372099357915,3538.67661221869,492.15511107915484,1097.2372099357915
nrc_groeneveld_24579pt__21336,1172.0,325.28828084272743,997.1938668272026,1027.0855712810792,3357.702059133022,475.9462831032065,1027.0855712810792
nrc_groeneveld_24579pt__21337,1106.0,281.6159466003762,807.7014518641832,900.4401365694258,3083.9891452784495,450.5599844817476,900.4401365694258
nrc_groeneveld_24579pt__21338,1095.0,258.011343160681,756.5121208033561,820.6122589474614,2882.259663228543,431.17934429437076,820.6122589474614
nrc_groeneveld_24579pt__21339,980.0,252.21048708490747,756.7316068162271,753.7837180013628,2809.829695030017,424.08418164354543,753.7837180013628
nrc_groeneveld_24579pt__21340,913.0,237.5348374111416,614.8030886971004,656.1414568302506,2629.020386699015,406.06421096855394,656.1414568302506
nrc_groeneveld_24579pt__21341,820.0,220.31730181249205,508.3735290946109,561.275553733877,2423.643314467977,385.08956749618795,561.275553733877
nrc_groeneveld_24579pt__21342,775.0,198.0524502346364,426.8373299774423,441.2440519206079,2155.7256092708094,357.02544664279446,441.2440519206079
nrc_groeneveld_24579pt__21343,687.0,195.72740120457354,425.7789667906057,430.85659924827087,2113.943285275264,352.59024420180634,430.85659924827087
nrc_groeneveld_24579pt__21344,617.0,191.91281677752946,421.1612038833778,438.91255467621676,2046.5275564902133,345.40895526771254,438.91255467621676
nrc_groeneveld_24579pt__21345,597.0,185.71966710449377,422.99330471594726,423.16699774717944,1940.0586710554383,334.0196601648052,423.16699774717944
nrc_groeneveld_24579pt__21346,1933.0,430.80790148803965,1240.4533196439975,1217.1704074352492,3477.867470744789,540.489580943916,1217.1704074352492
nrc_groeneveld_24579pt__21347,1879.0,350.69816330078777,1200.697261329226,1173.6195774492198,4050.3914893319047,479.1949047046479,1173.6195774492198
nrc_groeneveld_24579pt__21348,1798.0,367.6419286228607,1129.6153398537065,1170.6510837699498,3613.873733401016,497.441151260157,1170.6510837699498
nrc_groeneveld_24579pt__21349,1698.0,388.43331436563415,1133.0162285862546,1180.431228391758,3266.5389025740037,517.7122331692333,1180.431228391758
nrc_groeneveld_24579pt__21350,1665.0,323.6760070655309,1010.8691170233477,1040.8951651375078,3346.4147348738898,474.88485637054526,1040.8951651375078
nrc_groeneveld_24579pt__21351,1604.0,313.47067111734975,1016.0218015072617,1040.8951651375078,3283.475353921394,469.13057089740937,1040.8951651375078
nrc_groeneveld_24579pt__21352,1554.0,294.28957419791146,904.309369492783,940.9040606239483,2764.1203447350604,462.38097730085144,940.9040606239483
nrc_groeneveld_24579pt__21353,1456.0,283.38980432233865,943.1171762858265,972.209890086343,3096.9465699184975,450.59057548321624,972.209890086343
nrc_groeneveld_24579pt__21354,1403.0,288.94701884550466,774.7596812544606,838.6450737867832,2730.541445345645,459.5332617722318,838.6450737867832
nrc_groeneveld_24579pt__21355,1313.0,260.71920090427346,773.3211807075864,827.36883188493,2912.998307248473,434.13256415864964,827.36883188493
nrc_groeneveld_24579pt__21356,1262.0,241.02223221337502,654.6387567414503,665.2496302613221,2668.696860271145,410.01567372428036,665.2496302613221
nrc_groeneveld_24579pt__21357,1168.0,240.84184489832947,650.1890055182314,678.8186271908429,2670.1779559550114,409.1173100079108,678.8186271908429
nrc_groeneveld_24579pt__21358,1120.0,231.73901053567755,582.538043265787,636.7962134554443,2555.748202227133,398.59976920555624,636.7962134554443
nrc_groeneveld_24579pt__21359,1052.0,229.02446151386204,491.95501456668563,513.688091269921,2156.882505526521,388.22564523107184,513.688091269921
nrc_groeneveld_24579pt__21360,974.0,215.1187670005795,492.0242274050541,526.5778842532008,2354.3352411531137,379.7749001377581,526.5778842532008
nrc_groeneveld_24579pt__21361,1369.0,317.75908337734245,1013.9372264993506,996.9957017556815,3311.584125886915,471.96227195104365,996.9957017556815
nrc_groeneveld_24579pt__21362,1253.0,278.06657829884915,891.7996161097944,928.0417298222576,3066.1860439252655,447.1644279271343,928.0417298222576
nrc_groeneveld_24579pt__21363,1099.0,263.7824621938481,684.7288648851585,724.8715446225408,2506.8006776173447,434.3903195348717,724.8715446225408
nrc_groeneveld_24579pt__21364,905.0,238.93122161835845,514.9673142035327,547.2184693053582,1970.8207507618945,394.0603085032953,547.2184693053582
nrc_groeneveld_24579pt__21365,723.0,205.44050085075023,429.6939906491176,447.1937752518718,1900.9546634672854,355.23279762767766,447.1937752518718
nrc_groeneveld_24579pt__21366,653.0,197.77008882843663,427.3908711017819,431.37599906255144,1786.0304070730326,340.157639709569,431.37599906255144
nrc_groeneveld_24579pt__21367,1915.0,405.07382952172884,1119.9660586248024,1166.4676266890358,4492.431362538119,497.87326579440577,1166.4676266890358
nrc_groeneveld_24579pt__21368,1823.0,388.2238549244423,1133.972332312354,1164.6077484491746,3774.384832369646,501.181265927886,1164.6077484491746
nrc_groeneveld_24579pt__21369,1664.0,334.1462059677402,1063.77315850008,1128.2446668053933,3972.7235229195007,466.2733049009339,1128.2446668053933
nrc_groeneveld_24579pt__21370,1607.0,305.1027500193918,969.3075811338841,1051.6090369876758,3735.5393463775313,461.1449097772588,1051.6090369876758
nrc_groeneveld_24579pt__21371,1504.0,264.38137418625166,889.9211228862553,924.6299132836823,3446.7806178917285,435.4033985302969,924.6299132836823
nrc_groeneveld_24579pt__21372,1443.0,369.7165096863734,1012.0368582659173,989.848213035995,2842.400137806202,514.0968844393029,989.848213035995
nrc_groeneveld_24579pt__21373,1424.0,294.05029559830035,910.4993175301578,926.5446153251529,3170.812947863666,461.47189557658714,926.5446153251529
nrc_groeneveld_24579pt__21374,1348.0,235.358531312238,751.1523325566847,786.387644431639,3120.031933481571,410.63992650861485,786.387644431639
nrc_groeneveld_24579pt__21375,1238.0,271.762001515088,764.893965233054,762.4767708747615,2607.438583072682,447.44571290121615,762.4767708747615
nrc_groeneveld_24579pt__21376,1132.0,262.7585146795409,651.2683294275676,712.1319572391865,2535.6618841662316,434.2567429478132,712.1319572391865
nrc_groeneveld_24579pt__21377,1050.0,284.95305958684315,738.9595037044699,736.6702526821364,2392.2463516638654,453.90373165086817,736.6702526821364
nrc_groeneveld_24579pt__21378,1039.0,241.98656353831538,561.1317325030177,607.534927724164,2319.667761456537,407.48785821897764,607.534927724164
nrc_groeneveld_24579pt__21379,941.0,254.57375039444645,509.6757641986219,580.7249486172758,1862.7243081680595,406.50180846096765,580.7249486172758
nrc_groeneveld_24579pt__21380,833.0,213.3010626048771,511.4289452153675,568.7109347070552,2348.796937670787,383.24157480987793,568.7109347070552
nrc_groeneveld_24579pt__21381,705.0,240.69410291508433,445.9978225179466,499.390792621346,1744.2777768760936,389.92919175057966,499.390792621346
nrc_groeneveld_24579pt__21382,553.0,196.1113973522365,429.34553919877044,461.68481529976924,2122.7233179167797,359.0885096787146,461.68481529976924
nrc_groeneveld_24579pt__21383,2307.0,1023.2155484426853,1581.8918313932222,1641.4075755396425,4058.5001814421053,3145.764700645355,1641.4075755396425
nrc_groeneveld_24579pt__21384,2035.0,795.583386711631,1430.1925942751925,1578.401742727587,3270.522682133602,2830.8650543693075,1578.401742727587
nrc_groeneveld_24579pt__21385,1967.0,596.7315442353461,1082.7305417910745,1075.804489796676,2002.4008337209716,2328.3026050477733,1075.804489796676
nrc_groeneveld_24579pt__21386,1900.0,582.5021427965577,1127.9716203379553,1146.7654579673501,2409.2758463841187,2378.886766665331,1146.7654579673501
nrc_groeneveld_24579pt__21387,3199.0,1883.1541700511154,1560.830801288332,1924.2581813690163,7523.751413593534,3860.1848308953704,1924.2581813690163
nrc_groeneveld_24579pt__21388,3066.0,1696.4057248169238,1560.7331067850719,1917.6998140751944,6722.110050855417,3752.986075602074,1917.6998140751944
nrc_groeneveld_24579pt__21389,2879.0,1615.6908267174263,1560.7331067850719,1845.9941265465654,6363.643102332416,3695.633803192957,1845.9941265465654
nrc_groeneveld_24579pt__21390,2799.0,1441.976431791765,1559.2034628480737,1724.6083085967339,5600.927770449808,3550.1898369038236,1724.6083085967339
nrc_groeneveld_24579pt__21391,2639.0,1304.934724944514,1556.802506840613,1706.852244089378,5083.469830111948,3430.015929345692,1706.852244089378
nrc_groeneveld_24579pt__21392,2373.0,1241.0586244700278,1556.2961912649935,1691.497317085422,4843.686922178049,3367.410063734618,1691.497317085422
nrc_groeneveld_24579pt__21393,2213.0,1210.302837295616,1556.2961912649935,1644.7686329984692,4728.278107737688,3335.559546527474,1644.7686329984692
nrc_groeneveld_24579pt__21394,2053.0,1064.2423643703182,1557.4551282936009,1758.7755813866427,4180.774915438858,3167.598152779607,1758.7755813866427
nrc_groeneveld_24579pt__21395,1866.0,973.9497489003697,1572.9686160416038,1725.9513114948443,3868.917503307096,3057.9804373853726,1725.9513114948443
nrc_groeneveld_24579pt__21396,1693.0,778.405131721276,1429.7186678395205,1625.6627895124434,3184.6814120907197,2774.8025824197703,1625.6627895124434
nrc_groeneveld_24579pt__21397,1626.0,670.0371126249689,1307.5297172209296,1355.0481787460328,2746.6673286744553,2556.8609548478003,1355.0481787460328
nrc_groeneveld_24579pt__21398,1480.0,660.2612894761666,1345.8477036814547,1355.0481787460328,2707.4541850577125,2535.741464409095,1355.0481787460328
nrc_groeneveld_24579pt__21399,2109.0,1150.4423189027634,1553.7209792967992,1597.1979600873435,4496.1711942143065,3260.330363228772,1597.1979600873435
nrc_groeneveld_24579pt__21400,1885.0,716.6232179397614,1403.311934057254,1481.0960597426372,2929.005902098643,2645.942478796915,1481.0960597426372
nrc_groeneveld_24579pt__21401,1829.0,720.8486407883036,1409.2316602646272,1481.0960597426372,2946.042824082886,2654.4651667674602,1481.0960597426372
nrc_groeneveld_24579pt__21402,1788.0,629.6805441611708,1225.9850082424723,1279.037318752208,2580.494950044296,2460.4484423231347,1279.037318752208
nrc_groeneveld_24579pt__21403,1725.0,615.0457733258107,1177.3699662148135,1276.0576617560382,2522.227959545728,2427.2502565088766,1276.0576617560382
nrc_groeneveld_24579pt__21404,1676.0,561.4779393145387,1097.737576785258,1105.786434610309,2309.9453465728043,2300.611890078679,1105.786434610309
nrc_groeneveld_24579pt__21405,1543.0,523.2318690748561,1029.7051217490252,1092.2870172648916,2159.364373879817,2205.0969903071764,1092.2870172648916
nrc_groeneveld_24579pt__21406,1472.0,512.5756325942532,1022.7405546653561,1062.4307793494181,2117.557075392941,2177.703504792773,1062.4307793494181
nrc_groeneveld_24579pt__21407,1424.0,455.7154729134085,807.5582230930884,837.2504411762368,1895.5717786491414,2025.612540798924,837.2504411762368
nrc_groeneveld_24579pt__21408,1351.0,424.6736015130235,753.7851707348135,758.2059813519941,1775.1541703610835,1938.27032167266,758.2059813519941
nrc_groeneveld_24579pt__21409,1310.0,419.7095460502172,751.71715227742,763.8733951720119,1755.950100975016,1924.0152604478374,763.8733951720119
nrc_groeneveld_24579pt__21410,1252.0,414.8035159663129,745.4020882761808,754.4260978653822,1736.983007589391,1909.8483487674287,754.4260978653822
nrc_groeneveld_24579pt__21411,1223.0,392.2716683203439,691.2159778540655,692.8874985717682,1650.036851027807,1843.7779548984836,692.8874985717682
nrc_groeneveld_24579pt__21412,1118.0,351.8459644857954,665.3094831767414,632.776229092248,1494.7234000058631,1721.0706165478646,632.776229092248
nrc_groeneveld_24579pt__21413,2431.0,859.9629210234866,1468.0332510052353,1618.545058865754,3118.078525534769,2919.340767627835,1618.545058865754
nrc_groeneveld_24579pt__21414,2331.0,871.0371742781052,1583.3401819072703,1632.5272502466355,3146.5777833739717,2959.436744578137,1632.5272502466355
nrc_groeneveld_24579pt__21415,2219.0,733.2210557303799,1455.2636783389635,1498.5524043925338,2997.8263322274747,2675.3760384028747,1498.5524043925338
nrc_groeneveld_24579pt__21416,2100.0,719.9928259672276,1339.7126814695155,1440.8717377582086,2629.3675176785755,2662.292427607911,1440.8717377582086
nrc_groeneveld_24579pt__21417,1967.0,665.0584967245296,1249.5293324205397,1321.2613383348155,2431.0463903135224,2534.0128921918385,1321.2613383348155
nrc_groeneveld_24579pt__21418,1835.0,583.1624115496195,1109.0860190372612,1201.6601850527456,2382.1654818179563,2382.7786628821154,1201.6601850527456
nrc_groeneveld_24579pt__21419,1702.0,558.368776660213,1001.9823132120334,1118.5661588066191,2229.627544929676,2454.4241852449227,1118.5661588066191
nrc_groeneveld_24579pt__21420,1623.0,486.55611905675056,884.1740552437212,927.9314337851101,1977.7906367414935,2199.4471456528763,927.9314337851101
nrc_groeneveld_24579pt__21421,1139.0,349.7284522024964,663.6462094687995,635.1429184108172,1491.5484239064372,1702.777202720034,635.1429184108172
nrc_groeneveld_24579pt__21422,2680.0,934.4635408974218,1592.9606267229408,1716.3468346665427,3082.694848843271,3058.2290530223945,1716.3468346665427
nrc_groeneveld_24579pt__21423,2479.0,780.2256772342183,1622.0491323742003,1602.7404025745834,2702.261828424928,2525.804769674171,1602.7404025745834
nrc_groeneveld_24579pt__21424,2333.0,844.1086553077366,1492.262501455265,1673.4201152486803,2826.5829243997837,2883.3265242763464,1673.4201152486803
nrc_groeneveld_24579pt__21425,2080.0,594.751821154582,1162.718899640658,1264.316463588516,2569.319005585096,2181.1009798778964,1264.316463588516
nrc_groeneveld_24579pt__21426,2050.0,626.7483783315743,1187.5231401717344,1257.8790220092092,2557.561126607013,2549.606862774364,1257.8790220092092
nrc_groeneveld_24579pt__21427,1745.0,516.8058184956423,939.8890843135182,1041.4100413141355,1818.6609260001542,1915.6274991288344,1041.4100413141355
nrc_groeneveld_24579pt__21428,1685.0,538.0371998131229,1037.819310293495,1069.4820456808445,1984.4897669826369,2254.6133596966474,1069.4820456808445
nrc_groeneveld_24579pt__21429,1625.0,445.4214067996352,871.2221752188506,850.469627791305,2085.344570999596,2098.6699409319417,850.469627791305
nrc_groeneveld_24579pt__21430,1354.0,395.43242325130643,690.433135287653,742.3220878523396,1627.531588333227,1520.5624567983332,742.3220878523396
nrc_groeneveld_24579pt__21431,1285.0,457.1913284493254,752.1975939622063,797.5630537916746,1536.7262467486426,1957.2819415076415,797.5630537916746
nrc_groeneveld_24579pt__21796,300.0,65.30530093539407,118.0739318897723,131.0376269930085,642.3326372441014,72.84792796407356,131.0376269930085
nrc_groeneveld_24579pt__21797,290.0,68.51578210832606,118.95342089960481,136.37063269111084,688.1913574945872,76.75707535419568,136.37063269111084
nrc_groeneveld_24579pt__21798,280.0,66.5384444245622,118.62135100949648,133.13710040824424,667.2355124493612,74.95121317894274,133.13710040824424
nrc_groeneveld_24579pt__21799,270.0,67.9281893322367,118.91566391656094,137.11056033709554,681.9527286461388,76.21617497230092,137.11056033709554
nrc_groeneveld_24579pt__21800,260.0,61.87698621783845,118.27011998839271,135.75798125291334,723.1654486553537,70.66752320446258,135.75798125291334
nrc_groeneveld_24579pt__21801,240.0,60.927649982599206,117.48987010779665,130.71743280636466,702.5006703753598,69.26656393736275,130.71743280636466
nrc_groeneveld_24579pt__21802,230.0,60.49723492458482,116.90068909147028,129.7449566613006,691.1755588658435,68.50885826494205,129.7449566613006
nrc_groeneveld_24579pt__21803,220.0,59.22414763262201,116.98851457396616,127.46984293358052,658.4527634287473,66.36329940205866,127.46984293358052
nrc_groeneveld_24579pt__21804,210.0,59.69250731663627,116.8165560527962,128.00961677745656,670.3560712170729,67.13594324034041,128.00961677745656
nrc_groeneveld_24579pt__21805,200.0,63.27970205600312,117.85423467738165,127.2174631582419,597.7878676233017,69.21450730304491,127.2174631582419
nrc_groeneveld_24579pt__21806,190.0,62.38879842707203,121.12253541463387,140.20559449421603,578.9277496038179,67.73181876555704,140.20559449421603
nrc_groeneveld_24579pt__21807,180.0,52.44773366794662,122.12840836563986,128.2876777451887,644.6825187736584,59.781319769333116,128.2876777451887
nrc_groeneveld_24579pt__21808,160.0,57.026669401131926,122.2687883540995,135.34453080019594,604.7049694787316,63.00108410384371,135.34453080019594
nrc_groeneveld_24579pt__21809,150.0,57.251716078166815,122.40429424020992,136.36372854121598,610.0504627524197,63.32530041688572,136.36372854121598
nrc_groeneveld_24579pt__21810,140.0,56.579226429446464,123.18223659245903,130.36510025137702,594.1841209024307,62.37024861981564,130.36510025137702
nrc_groeneveld_24579pt__21811,130.0,57.026669401131926,122.2687883540995,135.34453080019594,604.7049694787316,63.00108410384371,135.34453080019594
nrc_groeneveld_24579pt__21812,110.0,57.026669401131926,122.2687883540995,135.34453080019594,604.7049694787316,63.00108410384371,135.34453080019594
nrc_groeneveld_24579pt__21813,590.0,90.88400165839154,204.24234322404394,271.10757663393554,1639.9693492704575,131.30454478697834,271.10757663393554
nrc_groeneveld_24579pt__21814,580.0,94.7315384951548,204.24234322404394,315.7948787608035,1707.1882684933862,134.45496554808295,315.7948787608035
nrc_groeneveld_24579pt__21815,520.0,83.27362358939702,192.11988570737734,181.48495759852955,1308.6986507245645,122.16634432251232,181.48495759852955
nrc_groeneveld_24579pt__21816,500.0,80.12846796709975,199.93932746839113,203.0502413976578,1232.410595904266,118.34568816125255,203.0502413976578
nrc_groeneveld_24579pt__21817,480.0,79.04783919957087,202.2446870565751,202.10796017027226,1210.5861805529821,116.73557737886908,202.10796017027226
nrc_groeneveld_24579pt__21818,460.0,79.14568381417119,192.65788770812387,190.10894712644946,1212.9280728774688,116.86391812396721,190.10894712644946
nrc_groeneveld_24579pt__21819,440.0,72.32920932811781,297.69376653547033,254.40024483452436,1246.6445737482868,113.27405108393158,254.40024483452436
nrc_groeneveld_24579pt__21820,420.0,71.08737165608709,297.385011387386,247.43399738438325,1213.9031974946572,111.839042767075,247.43399738438325
nrc_groeneveld_24579pt__21821,400.0,69.3868217908524,293.85344046468634,256.77054496278237,1164.571582999622,109.71177569265107,256.77054496278237
nrc_groeneveld_24579pt__21822,390.0,70.91171540458971,298.056031808675,247.43399738438325,1209.313105117445,111.63923746612186,247.43399738438325
nrc_groeneveld_24579pt__21823,360.0,74.19180302778041,296.05640442388125,259.2657789386057,1073.789263667145,109.7896376282365,259.2657789386057
nrc_groeneveld_24579pt__21824,330.0,73.82244624201181,298.114267070741,260.5355541221256,1061.7353463420166,109.16074325674728,260.5355541221256
nrc_groeneveld_24579pt__21825,310.0,73.43296160853978,308.52429359040786,220.05438863392837,1053.4193056807212,108.35265298595486,220.05438863392837
nrc_groeneveld_24579pt__21826,290.0,72.28152640674287,310.67517431096934,215.28935815172588,1016.7175768835649,106.47846150673918,215.28935815172588
nrc_groeneveld_24579pt__21827,270.0,73.12818583560323,308.56826526013015,220.05438863392837,1043.6024171913045,107.84750139002347,220.05438863392837
nrc_groeneveld_24579pt__21828,250.0,67.93848818167771,305.0731427891015,214.3401297364598,1115.2670116268077,107.24781877366799,214.3401297364598
nrc_groeneveld_24579pt__21829,580.0,127.59567104894236,263.6751646664342,259.0474595536204,848.6035095498921,167.17161679862915,259.0474595536204
nrc_groeneveld_24579pt__21830,560.0,105.16758246303752,257.2666784665529,247.76290784314966,1033.6531426028992,145.78249472178263,247.76290784314966
nrc_groeneveld_24579pt__21831,530.0,107.24353742903257,231.66820995276478,249.17697673870046,1052.3516911043719,147.91989394142672,249.17697673870046
nrc_groeneveld_24579pt__21832,520.0,114.71821051011783,230.6274620166491,239.301213362089,860.7264817133145,152.6786995549774,239.301213362089
nrc_groeneveld_24579pt__21833,490.0,100.4441178159732,226.19939630239736,234.87363649098774,979.7917579063007,139.69064399079585,234.87363649098774
nrc_groeneveld_24579pt__21834,470.0,97.7225023628654,259.28381350815334,254.3444504716541,1103.301665792211,140.16649804784072,254.3444504716541
nrc_groeneveld_24579pt__21835,420.0,113.20030173410048,255.5062096919773,371.46075447219687,1438.4913774194374,160.0127851171804,371.46075447219687
nrc_groeneveld_24579pt__21836,400.0,108.59833603514386,233.8168912094227,239.89617946482974,921.4843168576629,148.35787485666438,239.89617946482974
nrc_groeneveld_24579pt__21837,360.0,82.0042005641471,279.1389468769698,266.3971797537151,1051.298306236336,118.72543549738981,266.3971797537151
nrc_groeneveld_24579pt__21838,330.0,80.22979545821553,296.6972499192361,281.926070851546,1017.984975554258,114.73951448295655,281.926070851546
nrc_groeneveld_24579pt__21839,300.0,79.46434394563072,295.5568031405507,278.4265920991928,989.8710943450285,113.43289399778666,278.4265920991928
nrc_groeneveld_24579pt__21840,280.0,80.06146673710317,288.9781182629126,267.7069388602557,1006.9452030601514,114.56870643709426,267.7069388602557
nrc_groeneveld_24579pt__21841,250.0,94.9936113942646,272.3494874243826,268.3303755360652,896.5398850929531,126.67672136987053,268.3303755360652
nrc_groeneveld_24579pt__21842,230.0,85.24007596992203,300.6576710823157,292.8196641665932,908.7609740599772,115.56755557297193,292.8196641665932
nrc_groeneveld_24579pt__21843,1030.0,218.39516389025508,675.1854805834662,679.2171721112501,1440.894899672667,382.98447933986466,679.2171721112501
nrc_groeneveld_24579pt__21844,1020.0,186.65667192176855,560.1419392338911,559.9009673527881,1281.7681295290156,346.05669573046055,559.9009673527881
nrc_groeneveld_24579pt__21845,970.0,190.84685327335927,485.6434060503997,464.7112972702323,1161.5290035535115,348.02049087097333,464.7112972702323
nrc_groeneveld_24579pt__21846,900.0,204.04164487895508,574.0270082688654,574.8509179525735,1224.4232183675247,363.4065469523952,574.8509179525735
nrc_groeneveld_24579pt__21847,860.0,164.46391111996007,313.17036972415536,301.19411855869566,1144.4977523302123,313.8696892757411,301.19411855869566
nrc_groeneveld_24579pt__21848,820.0,163.32302555494365,282.8835686170028,299.2706776391784,1136.486075124501,311.9845894341283,299.2706776391784
nrc_groeneveld_24579pt__21849,780.0,162.56683541905826,287.85257754084563,299.2706776391784,1131.1806169931951,310.7359532602902,299.2706776391784
nrc_groeneveld_24579pt__21850,720.0,148.5163746260605,332.92089319640286,296.0739433691145,989.0449950509088,277.26263281781905,296.0739433691145
nrc_groeneveld_24579pt__21851,660.0,156.86593313175769,305.2102897572093,302.9325338322608,1084.6804385947585,299.7867627280606,302.9325338322608
nrc_groeneveld_24579pt__21852,580.0,152.63407119992155,310.3068937048701,309.9802855652291,1035.577548980959,288.2189016956296,309.9802855652291
nrc_groeneveld_24579pt__21853,520.0,152.42550088783824,310.4636949235826,309.9802855652291,1033.1913315378633,287.65671910183795,309.9802855652291
nrc_groeneveld_24579pt__21854,1030.0,199.49257472733092,642.5665722525686,654.0051436684672,1530.347331652704,364.3121833157804,654.0051436684672
nrc_groeneveld_24579pt__21855,980.0,215.0316935315483,603.461096374015,629.2760609894119,1286.1946862889938,378.9667100461749,629.2760609894119
nrc_groeneveld_24579pt__21856,960.0,220.7868162068761,604.5059177536758,655.4348617137048,1303.0496282296313,388.7108711424961,655.4348617137048
nrc_groeneveld_24579pt__21857,910.0,196.0680115491703,543.0120897113995,596.265173791371,1332.0237017679135,361.8493345410882,596.265173791371
nrc_groeneveld_24579pt__21858,860.0,150.0200340763652,424.5478356998201,441.7274725572564,1385.4382989953874,312.7204024608929,441.7274725572564
nrc_groeneveld_24579pt__21859,820.0,141.813073477997,372.2199773099073,389.2582118916104,1487.2194856471817,312.2608686662505,389.2582118916104
nrc_groeneveld_24579pt__21860,760.0,167.07351070387327,386.79190977774334,389.6494645692002,1174.7452317138882,324.6345857070213,389.6494645692002
nrc_groeneveld_24579pt__21861,690.0,185.92551271995262,451.29095496338226,451.4812281979258,1142.6224790888,346.6350722554449,451.4812281979258
nrc_groeneveld_24579pt__21862,650.0,139.91117693949843,276.2425784751829,301.3009351303232,1255.7897264173887,295.61194085219734,301.3009351303232
nrc_groeneveld_24579pt__21863,580.0,158.21982181253952,340.48079323104974,325.0305079772177,1116.4231664530373,309.32883671765103,325.0305079772177
nrc_groeneveld_24579pt__21864,530.0,163.4744482885451,293.75013008617015,326.8755000892495,1140.6328813047796,319.45464275516724,326.8755000892495
nrc_groeneveld_24579pt__21865,480.0,162.4746997114811,337.61108207350594,325.735756802076,992.929785260694,304.41764672866304,325.735756802076
nrc_groeneveld_24579pt__21866,400.0,157.5992369718878,330.8322234767383,312.13269026230904,946.6031571788187,290.10886500973567,312.13269026230904
nrc_groeneveld_24579pt__21867,330.0,125.80570201067638,343.82765003934657,297.2100331797197,1076.5253480993028,259.1057856699218,297.2100331797197
nrc_groeneveld_24579pt__21868,1980.0,566.1119032006071,1176.4420678812685,1109.6079625775544,2375.991229359911,2241.320213293883,1109.6079625775544
nrc_groeneveld_24579pt__21869,1970.0,412.6205414662496,1013.3166813132583,1044.9486993822682,1881.192958256408,1743.0653988020917,1044.9486993822682
nrc_groeneveld_24579pt__21870,1890.0,401.1358172496277,836.151927259812,993.4450116501943,1604.739516402765,1626.7582214039567,993.4450116501943
nrc_groeneveld_24579pt__21871,1840.0,372.90126167343806,812.3336826081651,835.840616628749,1470.2535906538783,1548.5630336819734,835.840616628749
nrc_groeneveld_24579pt__21872,1770.0,377.7244683958981,820.6215044161697,896.7185860594004,1492.7454145872175,1562.9983622564393,896.7185860594004
nrc_groeneveld_24579pt__21873,1730.0,351.91671803748756,565.1406030697674,582.1008298202179,1048.8745661283876,1338.4820914462316,582.1008298202179
nrc_groeneveld_24579pt__21874,1580.0,340.1538395348965,761.6366739210117,813.6998812821352,1513.0355653940396,1488.8389435886593,813.6998812821352
nrc_groeneveld_24579pt__21875,1430.0,310.05480948132055,536.4030534617332,552.2447335916569,1096.8191048627118,1296.417662725741,552.2447335916569
nrc_groeneveld_24579pt__21876,1330.0,245.61069523807856,531.9531475912013,512.6013536067971,1049.0841093166423,1222.4842578614455,512.6013536067971
nrc_groeneveld_24579pt__21877,1200.0,258.52813506912804,532.9591179602423,494.0855724853633,1007.2070214657971,1190.7623688797664,494.0855724853633
nrc_groeneveld_24579pt__21878,1000.0,316.25040589228917,565.3518102430504,590.3522843310212,1219.7901317522592,1464.638186989658,590.3522843310212
nrc_groeneveld_24579pt__21879,1000.0,243.94828340611224,533.9811214534124,494.68545532743906,941.8444582340429,1156.6676514411768,494.68545532743906
nrc_groeneveld_24579pt__21880,880.0,221.47486342590705,535.5619129997702,501.29623013247857,844.2853505375073,1092.2036664276072,501.29623013247857
nrc_groeneveld_24579pt__21881,840.0,170.77554608556466,506.2863282535773,389.9532157730684,680.856830016309,895.3302960793261,389.9532157730684
nrc_groeneveld_24579pt__21882,720.0,187.01952308247007,519.4241718315993,460.9865185450215,771.8502415232138,971.2719455948052,460.9865185450215
nrc_groeneveld_24579pt__21992,1191.0,8.785668045985824,672.5938837671256,604.3366753151012,30000.0,137.48653415714784,604.3366753151012
nrc_groeneveld_24579pt__21993,1133.0,7.80468143746525,627.0890361382591,566.7529666011259,30000.0,128.00890004014173,566.7529666011259
nrc_groeneveld_24579pt__21994,1308.0,15.530743074127395,774.2023645390544,690.9038890361293,30000.0,169.5665810491484,690.9038890361293
nrc_groeneveld_24579pt__21995,1140.0,9.232432550647296,661.5314843630609,592.7052156947109,30000.0,135.20559779099176,592.7052156947109
nrc_groeneveld_24579pt__21996,1189.0,9.96640076876907,698.4940747200277,601.0833391961044,30000.0,141.07620214275204,601.0833391961044
nrc_groeneveld_24579pt__21997,1245.0,12.679720976259338,740.5394685389273,656.5716755756781,30000.0,153.72847186752074,656.5716755756781
nrc_groeneveld_24579pt__21998,1308.0,15.313947538834421,763.0306494144256,679.8494268115511,30000.0,166.85229660952947,679.8494268115511
nrc_groeneveld_24579pt__21999,1357.0,19.986593763406447,812.8968635682442,741.3511459369516,30000.0,182.26438528175228,741.3511459369516
nrc_groeneveld_24579pt__22162,936.4,803.4791612001643,882.7971839486286,914.2517516039776,797.6581334477517,792.6793855590882,914.2517516039776
nrc_groeneveld_24579pt__22163,933.3,791.8536649090639,893.132811328628,906.3420469421291,793.593397582969,783.7381431653026,906.3420469421291
nrc_groeneveld_24579pt__22164,674.7,464.74947888870594,598.4587510230579,576.2556889818715,643.8785328977925,447.60858799157796,576.2556889818715
nrc_groeneveld_24579pt__22165,677.9,459.630251467495,585.5530444344643,567.3675595996887,642.8929415609264,444.126495147329,567.3675595996887
nrc_groeneveld_24579pt__22166,649.5,499.1248619463539,607.2914782183595,615.0645134096277,674.5666341711382,482.79000581830877,615.0645134096277
nrc_groeneveld_24579pt__22167,649.5,494.4985086822503,604.7542456760068,614.2262204227326,669.4202408799724,482.8387675328787,614.2262204227326
nrc_groeneveld_24579pt__22168,652.6,487.88411166864853,580.9486879714416,607.8926016915841,672.4635966221916,475.1247229166642,607.8926016915841
nrc_groeneveld_24579pt__22169,826.1,573.6125690522704,606.8930301153447,643.6563238508777,732.2891901485691,546.3515190439649,643.6563238508777
nrc_groeneveld_24579pt__22170,829.2,556.1781082816137,570.1038171206078,634.7577734402727,722.251817355961,533.5681505880277,634.7577734402727
nrc_groeneveld_24579pt__22171,832.4,560.4514838861338,603.4410433172583,634.8230148512674,727.6571975057359,526.0935548980353,634.8230148512674
nrc_groeneveld_24579pt__22172,829.2,548.8309994768218,573.7321532607482,629.0336055702684,718.2071969690923,523.4495008010197,629.0336055702684
nrc_groeneveld_24579pt__22173,848.1,536.1310870426184,569.8603445049547,619.1109121283238,711.8707444745307,510.12261250570947,619.1109121283238
nrc_groeneveld_24579pt__22174,848.1,541.1083522839369,598.222971363758,624.2738056562273,712.1172546575192,515.8057259500081,624.2738056562273
nrc_groeneveld_24579pt__22175,848.1,537.9157867394131,597.0711889119759,631.5720339839894,700.2264196933357,525.7606833149636,631.5720339839894
nrc_groeneveld_24579pt__22176,848.1,531.0285454351032,577.1247281171447,623.0245369191467,702.2941498468222,513.3630175781219,623.0245369191467
nrc_groeneveld_24579pt__22177,822.9,571.9556548873846,602.637903130732,653.6624371791172,732.7548497009376,552.6866402905799,653.6624371791172
nrc_groeneveld_24579pt__22178,807.1,591.0153176998085,647.9341565029999,709.1563457606569,738.7237942920151,569.9617656945767,709.1563457606569
nrc_groeneveld_24579pt__22179,810.3,593.7983742572079,687.7727035836897,708.7639125430462,745.6708598786291,564.7295859988199,708.7639125430462
nrc_groeneveld_24579pt__22180,819.7,583.6377882988126,616.694931335455,660.4853283190666,745.4068642568047,551.2487769762347,660.4853283190666
nrc_groeneveld_24579pt__22181,958.5,704.2213831790343,777.5061965778605,833.9129911620132,807.3317265953033,667.6485990021245,833.9129911620132
nrc_groeneveld_24579pt__22182,964.8,649.3579087193357,719.2574568842043,760.9683022271114,826.1402878068457,615.601115917097,760.9683022271114
nrc_groeneveld_24579pt__22183,961.6,699.9975369293868,768.0873823290109,834.30823906376,818.0419133711505,653.1136646416029,834.30823906376
nrc_groeneveld_24579pt__22184,980.5,657.3787802939884,720.9279414764256,755.7974667674156,802.5797891563004,612.6717566002478,755.7974667674156
nrc_groeneveld_24579pt__22185,977.4,643.5291456137013,705.1681279040076,744.9052716668233,806.6873918423543,605.0835029470861,744.9052716668233
nrc_groeneveld_24579pt__22186,961.6,700.960356494215,810.5380280041543,850.7322842177832,845.2548700930618,660.1758010491197,850.7322842177832
nrc_groeneveld_24579pt__22187,949.0,727.7571968074585,837.2023190885782,857.4612983725776,834.7212516739927,681.6629945727007,857.4612983725776
nrc_groeneveld_24579pt__22188,945.9,717.5914747792052,829.7650632591084,853.3922799270331,839.343174762936,671.4959575302533,853.3922799270331
nrc_groeneveld_24579pt__22189,1087.7,785.3956866132118,863.1988170870808,872.2060805711382,879.2639895520128,744.6466537672326,872.2060805711382
nrc_groeneveld_24579pt__22190,1081.4,766.140848679652,933.9873254982053,894.361825233121,919.176502247038,734.7371685849205,894.361825233121
nrc_groeneveld_24579pt__22191,1090.9,812.1325984214603,927.3449775844736,909.4677272663359,908.6482120679536,771.2897223989028,909.4677272663359
nrc_groeneveld_24579pt__22192,1084.6,776.7484401632664,929.4250175346345,898.1389403346501,931.1271215376646,749.2344589995756,898.1389403346501
nrc_groeneveld_24579pt__22193,863.9,341.98796015112566,553.1741170059474,559.8464843560406,916.6691258055997,349.6455637934678,559.8464843560406
nrc_groeneveld_24579pt__22194,857.6,366.8795574874656,538.5207244407126,563.9770717642093,875.2981906942124,365.7480832838431,563.9770717642093
nrc_groeneveld_24579pt__22195,857.6,346.026897078277,549.3062540827084,559.087207230405,905.7014625324592,351.20578488600364,559.087207230405
nrc_groeneveld_24579pt__22196,993.2,449.48946097519865,672.7928579503862,669.1080309566046,980.2941701728093,437.36746735842644,669.1080309566046
nrc_groeneveld_24579pt__22197,990.0,466.5277604761566,665.2435356512764,667.9519748691162,950.2453981263114,446.78763808046176,667.9519748691162
nrc_groeneveld_24579pt__22198,696.8,218.55356535089533,531.1812765967364,473.80681137339735,1111.2576146891945,245.99124806689548,473.80681137339735
nrc_groeneveld_24579pt__22199,693.6,220.1944669691606,524.3547029565369,474.5792671922436,1106.1872820190217,246.017850741994,474.5792671922436
nrc_groeneveld_24579pt__22200,706.2,214.0802646479661,522.3778838053871,477.89820714583516,1137.6920248815372,244.88870230775424,477.89820714583516
nrc_groeneveld_24579pt__22201,693.6,233.09684253478815,517.0365357606813,482.04300466557277,1060.153294165851,250.32737817317462,482.04300466557277
nrc_groeneveld_24579pt__22202,870.2,275.12057535722994,530.776089336564,512.8073618516759,1001.4787134822404,294.5527542963614,512.8073618516759
nrc_groeneveld_24579pt__22203,882.8,246.49913611864764,501.7468954133446,501.87461851285303,1102.9749214100832,272.7898757223327,501.87461851285303
nrc_groeneveld_24579pt__22204,882.8,249.9328044062612,497.89325751683475,501.8054195414959,1092.9260480077542,274.54112971157036,501.8054195414959
nrc_groeneveld_24579pt__22205,892.3,259.0328474193971,520.417475059696,500.4785219583846,1048.4954617094475,278.21246422752716,500.4785219583846
nrc_groeneveld_24579pt__22206,886.0,257.0473984288287,527.1352576016251,502.9440697520649,1063.4554606173767,278.61720034490685,502.9440697520649
nrc_groeneveld_24579pt__22207,895.4,238.55930762675945,521.459957748227,524.9942509833041,1176.079037058548,274.08492095150683,524.9942509833041
nrc_groeneveld_24579pt__22208,895.4,234.47944936485035,516.9663779507954,496.82869042353445,1155.7905388102258,268.05935965154805,496.82869042353445
nrc_groeneveld_24579pt__22209,1015.2,276.89233304356884,554.1736436750986,574.4952450574007,1285.8829536869473,315.3359227357442,574.4952450574007
nrc_groeneveld_24579pt__22210,1018.4,260.2426466886114,555.2405498786771,572.3895528305122,1367.2257894584384,307.45132623042275,572.3895528305122
nrc_groeneveld_24579pt__22211,1002.3,278.20243815070506,637.0160506508831,626.287261411488,1372.021509382706,320.7571670387191,626.287261411488
nrc_groeneveld_24579pt__22212,1009.2,266.6152693635609,632.4620129584583,616.6197429473264,1383.1790629826758,311.804542479421,616.6197429473264
nrc_groeneveld_24579pt__22213,1131.9,297.2690300324493,707.8241510004366,730.1073832413529,1595.26638472737,337.2944376238203,730.1073832413529
nrc_groeneveld_24579pt__22214,1135.0,294.92534754499894,717.2436163709989,730.0939187321014,1622.354506759764,336.58546220458953,730.0939187321014
nrc_groeneveld_24579pt__22215,681.0,139.7963846535288,505.75068879277836,443.02972544812906,1908.110425641956,240.2587838742395,443.02972544812906
nrc_groeneveld_24579pt__22216,677.9,157.09911797249967,502.88745907721324,451.51938734568455,1572.3953375277872,230.22765763005853,451.51938734568455
nrc_groeneveld_24579pt__22217,684.2,150.7949453784753,496.5180921173299,451.65995239627665,1755.3388414712545,237.514963715756,451.65995239627665
nrc_groeneveld_24579pt__22218,687.3,149.1166310014907,494.38066930409974,447.7596504759914,1777.9305916092603,236.80138140554118,447.7596504759914
nrc_groeneveld_24579pt__22219,901.7,155.5257743295416,473.2267112430968,459.77590822326994,1783.2078830849346,239.3028619706589,459.77590822326994
nrc_groeneveld_24579pt__22220,898.6,161.94128432527214,456.999507315806,463.577077631521,1644.998788937609,234.15739918950885,463.577077631521
nrc_groeneveld_24579pt__22221,901.7,130.3243979650162,443.8334593836775,447.0030955425041,2326.3665115118356,250.31867942996118,447.0030955425041
nrc_groeneveld_24579pt__22222,895.4,148.8395693580632,454.1880492447753,457.48615327319357,1910.8668914259385,240.0368275476081,457.48615327319357
nrc_groeneveld_24579pt__22223,1059.4,169.2300211263734,496.58153354778,500.26716055980836,1942.2463370645983,254.52868787891813,500.26716055980836
nrc_groeneveld_24579pt__22224,1053.1,163.27478809323102,470.55830977105154,501.96872211142835,1941.847544281186,245.66998658461728,501.96872211142835
nrc_groeneveld_24579pt__22225,1056.2,169.8185024119478,477.09241480401283,501.84633820609395,1882.6241042542106,251.5483469169618,501.84633820609395
nrc_groeneveld_24579pt__22226,1198.1,171.96940286545635,583.7898550324439,602.961034471367,2496.3566644460857,278.0681712823771,602.961034471367
nrc_groeneveld_24579pt__22227,1198.1,186.45322918884273,599.6927951050131,614.3507994670332,2235.1387506150095,281.45040715611765,614.3507994670332
nrc_groeneveld_24579pt__22228,1198.1,174.92436370422666,570.9505617805928,581.0877288488823,2240.6996830665403,265.91091974701,581.0877288488823
nrc_groeneveld_24579pt__22229,674.7,90.47613555820394,468.7842444014261,412.70096023483967,4194.608911733197,346.95735495753587,412.70096023483967
nrc_groeneveld_24579pt__22230,674.7,91.6323438521542,457.3302633803848,412.6352867620638,4057.30368798631,337.9548661450833,412.6352867620638
nrc_groeneveld_24579pt__22231,892.3,102.32889871005912,432.22363683513726,431.10378458347043,3538.6859247956727,306.303385910522,431.10378458347043
nrc_groeneveld_24579pt__22232,892.3,83.1559809404944,419.35120548846396,409.15063891695314,5390.2181817943465,394.6510112141909,409.15063891695314
nrc_groeneveld_24579pt__22233,895.4,72.97104848517151,414.2593432926075,399.2292500417121,7378.642338551303,480.72824510969076,399.2292500417121
nrc_groeneveld_24579pt__22234,895.4,83.70602767997904,440.5531700370903,407.5082435610181,5148.250884264203,382.9944209051548,407.5082435610181
nrc_groeneveld_24579pt__22235,898.6,88.18295797849882,443.1026385923242,413.76221925412267,4652.235163932797,361.575829907752,413.76221925412267
nrc_groeneveld_24579pt__22236,917.5,88.2165316864064,453.25573118282887,410.5822539182906,4610.361318454363,365.27425804997984,410.5822539182906
nrc_groeneveld_24579pt__22237,892.3,94.81770407112617,433.82224140859205,425.84929225371616,4183.347146476196,340.5786093037208,425.84929225371616
nrc_groeneveld_24579pt__22238,889.7,95.02450691600627,421.3649871539958,424.8714381283622,4238.074494391403,337.5164552601266,424.8714381283622
nrc_groeneveld_24579pt__22239,886.0,92.79144390992823,416.8458706863002,424.67300949553726,4423.280767891158,345.1217873776514,424.67300949553726
nrc_groeneveld_24579pt__22240,1075.1,93.91750377534771,463.4105649148911,457.0976294254968,5468.0442329341595,389.46570122159324,457.0976294254968
nrc_groeneveld_24579pt__22241,1062.5,91.71372246345304,448.46260218906457,454.5460199701415,5655.3288148814345,390.3476056192587,454.5460199701415
nrc_groeneveld_24579pt__22242,1062.5,93.0321265967002,452.6354312540574,454.5313265301382,5640.273006822692,392.61727680096504,454.5313265301382
nrc_groeneveld_24579pt__22243,1191.8,102.02823026172929,550.8166813756295,537.1583977050408,5897.875406380487,379.5961277980685,537.1583977050408
nrc_groeneveld_24579pt__22244,1191.8,104.35487207306225,531.1172724740194,565.0312508141052,6036.786946590139,377.53838490950045,565.0312508141052
nrc_groeneveld_24579pt__22245,1201.2,104.27910486992815,543.3452155429966,540.8049588400793,5731.165016852224,375.3193544081098,540.8049588400793
nrc_groeneveld_24579pt__22246,1198.1,108.83026962412961,547.8030155341327,544.2149999814957,5177.886122718663,354.75027833358007,544.2149999814957
nrc_groeneveld_24579pt__22247,684.2,54.147950022713026,417.31623824902766,379.6136239426479,16384.699100580314,718.1782012463959,379.6136239426479
nrc_groeneveld_24579pt__22248,665.3,52.63478338195797,420.34387824823744,370.3251352545477,15491.659466460884,704.118873981059,370.3251352545477
nrc_groeneveld_24579pt__22249,901.7,44.3538381929545,417.5930511973731,366.5871148021527,23070.009996749937,799.6224512560312,366.5871148021527
nrc_groeneveld_24579pt__22250,895.4,49.59083013817336,414.7332743569014,370.7549096842942,18786.56871072007,748.4931162008877,370.7549096842942
nrc_groeneveld_24579pt__22251,898.6,52.91231468950859,429.8108843480815,375.88171820537997,16675.628662752188,728.2309848059788,375.88171820537997
nrc_groeneveld_24579pt__22252,1040.4,59.68867383624137,415.6588235153539,419.5690427586612,17424.31281874257,699.192386051469,419.5690427586612
nrc_groeneveld_24579pt__22253,1040.4,55.885429558905166,413.54543431478265,414.2752298520794,20771.804180900603,742.2903959062735,414.2752298520794
nrc_groeneveld_24579pt__22254,1182.3,58.76720125102102,490.2221764805379,513.2957463911503,23726.220590463618,758.0849140769823,513.2957463911503
nrc_groeneveld_24579pt__22255,1182.3,59.10838698235115,491.7350669091346,512.8988955878739,23319.46123583298,752.1438910678022,512.8988955878739
nrc_groeneveld_24579pt__22256,646.3,15.284897864457493,373.03677916920947,330.1678767453222,30000.0,919.4402662504004,330.1678767453222
nrc_groeneveld_24579pt__22624,497.0,234.184508701606,444.3919053011534,472.2443269853494,562.6621240583145,371.69622976789725,472.2443269853494
nrc_groeneveld_24579pt__22625,652.0,539.6516571860094,728.0380843438119,691.6398270162318,1271.5999295047254,482.76882787376445,691.6398270162318
nrc_groeneveld_24579pt__22626,725.0,703.5379739200032,882.707623243871,872.6940296287515,1663.9259948140195,555.8752260504368,872.6940296287515
nrc_groeneveld_24579pt__22627,837.0,705.9737406436473,874.6738673907139,823.2517564699269,1903.731585540401,610.4899215747366,823.2517564699269
nrc_groeneveld_24579pt__22628,900.0,655.1687144359316,1091.0938173739244,915.8486433932574,2073.6173233079294,666.3370412940117,915.8486433932574
nrc_groeneveld_24579pt__22629,986.0,671.9512671209902,981.2872920592649,888.6040336921042,2149.2165635265833,700.9366186343728,888.6040336921042
nrc_groeneveld_24579pt__22630,1151.0,708.772816074647,1110.1668905914407,972.2934031003928,2080.7154660948695,773.3140493329244,972.2934031003928
nrc_groeneveld_24579pt__22631,1365.0,809.9215551558477,1152.831688891476,1192.830787672194,1979.920297732709,889.222281716586,1192.830787672194
nrc_groeneveld_24579pt__22632,1570.0,956.390848595907,1227.3369126004418,1175.1621068088284,1865.423424433541,1080.707359712439,1175.1621068088284
nrc_groeneveld_24579pt__22633,1972.0,1219.3793671795763,1497.096045374849,1467.5729625919541,1801.273513921202,1808.023001900737,1467.5729625919541
nrc_groeneveld_24579pt__22634,2361.0,1536.9977826203,1741.5974762590704,1805.5009425042908,1987.1707266335734,3369.649095092066,1805.5009425042908
nrc_groeneveld_24579pt__22635,2725.0,1784.1322007679198,2014.217135081211,2096.947567535415,2436.2150324650015,5949.446609562587,2096.947567535415
nrc_groeneveld_24579pt__22636,401.0,60.82330428611888,362.93707901087214,425.62224140341004,2144.8172278924726,70.97179926594738,425.62224140341004
nrc_groeneveld_24579pt__22637,518.0,148.131215709904,765.7161736746244,655.2654477458766,4915.327547396047,102.38637565800366,655.2654477458766
nrc_groeneveld_24579pt__22638,615.0,183.03991962046013,767.4905417075756,852.7044904670744,6109.537241253503,143.38973618264106,852.7044904670744
nrc_groeneveld_24579pt__22639,681.0,211.41626094454088,837.1092838914984,738.9923842769812,7791.83180495137,182.10830711905294,738.9923842769812
nrc_groeneveld_24579pt__22640,773.0,234.22101279803155,942.0574735417943,815.2803154097611,8217.63804196373,231.73307140372754,815.2803154097611
nrc_groeneveld_24579pt__22641,894.0,239.8135612069535,805.3512054549628,708.5739648657024,8329.844289898434,287.42202807554366,708.5739648657024
nrc_groeneveld_24579pt__22642,1136.0,253.61693922680365,886.2449246872224,813.780076821947,7926.347669455205,432.6094697042764,813.780076821947
nrc_groeneveld_24579pt__22643,1349.0,281.15434007651754,973.2801855205062,954.8258705930759,7246.276963203608,647.5887166030747,954.8258705930759
nrc_groeneveld_24579pt__22644,1558.0,344.56686030133676,1014.4285343929635,955.7366417950938,6895.286405936759,978.9997012876167,955.7366417950938
nrc_groeneveld_24579pt__22645,1998.0,542.5169791866979,1255.0909010762018,1241.5176545005158,5543.579835164974,2408.390852887725,1241.5176545005158
nrc_groeneveld_24579pt__22646,2341.0,738.1820154763572,1437.833312662451,1503.492860792568,4917.4567040786915,5290.684388186113,1503.492860792568
nrc_groeneveld_24579pt__22647,455.0,14.368357391939652,653.2279534660715,600.5669397782787,30000.0,228.3246742787952,600.5669397782787
nrc_groeneveld_24579pt__22648,492.0,18.558442897403726,670.6352769364895,724.3219748437285,30000.0,339.47571560732695,724.3219748437285
nrc_groeneveld_24579pt__22649,1825.0,45.675289584740646,964.8880413375227,1025.6747899686861,30000.0,1842.4574826457874,1025.6747899686861
nrc_groeneveld_24579pt__22799,364.0,348.39224294089723,443.2643380366287,428.03699029512137,750.2106894488347,350.22880684904607,428.03699029512137
nrc_groeneveld_24579pt__22800,423.0,424.44145730047353,513.0283870927899,411.6389051056864,992.1252351384675,419.608440840325,411.6389051056864
nrc_groeneveld_24579pt__22801,507.0,439.23795009154077,590.9406183853565,472.500349401459,1119.1729308699933,457.2134035821837,472.500349401459
nrc_groeneveld_24579pt__22802,566.0,418.1415839004277,657.1689705953892,548.298495101772,1210.1343856733895,499.9642442021825,548.298495101772
nrc_groeneveld_24579pt__22803,603.0,481.81225577581,615.6096478860121,649.5091030217973,1296.1314535102797,562.616329259133,649.5091030217973
nrc_groeneveld_24579pt__22804,748.0,496.7842136511446,834.9990996043882,695.2566703326088,1231.6679961827485,597.706755430613,695.2566703326088
nrc_groeneveld_24579pt__22805,892.0,591.0927625210072,738.1187048547359,721.5066269469744,1181.9398329133435,696.5744159123208,721.5066269469744
nrc_groeneveld_24579pt__22806,1016.0,703.4683490860716,888.3888654411904,786.871464228011,1146.4447044319854,848.1309776971451,786.871464228011
nrc_groeneveld_24579pt__22807,1365.0,878.8417547092446,1066.9061848252622,989.258506833038,1117.4095539607258,1356.2592087170567,989.258506833038
nrc_groeneveld_24579pt__22808,1666.0,1115.1273314457942,1431.8491748361762,1343.441747590904,1286.4399349828977,2558.585186380903,1343.441747590904
nrc_groeneveld_24579pt__22809,1958.0,1305.5481633226314,1684.8362198838417,1482.94630682858,1566.9803634891537,4330.558112093952,1482.94630682858
nrc_groeneveld_24579pt__22810,369.0,191.75778453574324,265.4938286100524,261.49029975097307,345.98222617891804,237.4698958833982,261.49029975097307
nrc_groeneveld_24579pt__22811,549.0,390.2426129134924,422.11958824195233,416.0066439209125,832.9014213475339,378.88685121508985,416.0066439209125
nrc_groeneveld_24579pt__22812,738.0,528.6786214977541,548.6228934787715,463.46569814513924,1142.320321132382,484.05162668782384,463.46569814513924
nrc_groeneveld_24579pt__22813,879.0,576.2887220973184,734.280323044921,715.8520082764048,1427.7635925716495,606.3188254125225,715.8520082764048
nrc_groeneveld_24579pt__22814,998.0,694.1476631233626,904.4142831258515,930.2068136178875,1650.608828154483,752.6204793487224,930.2068136178875
nrc_groeneveld_24579pt__22815,1142.0,761.9623582605238,1118.3724727339927,1089.4491051706523,1797.3626555492892,854.1196864059062,1089.4491051706523
nrc_groeneveld_24579pt__22816,1470.0,843.3423258700752,1230.496297704305,1312.1773355197959,1803.967496347584,979.3361480229763,1312.1773355197959
nrc_groeneveld_24579pt__22817,1772.0,1026.6726656237852,1393.7873465682396,1356.3785469634463,1734.9851860571216,1225.213191581159,1356.3785469634463
nrc_groeneveld_24579pt__22818,2063.0,1151.2164756770335,1445.399570807568,1547.1429879713592,1842.2993192924014,1548.8010334775172,1547.1429879713592
nrc_groeneveld_24579pt__22819,2645.0,1632.94581576575,1924.29193695016,1895.3054624966308,2064.9089648280114,2934.306667485823,1895.3054624966308
nrc_groeneveld_24579pt__22820,3218.0,2081.305808964334,2413.7789724232575,2551.274467628156,2569.7077991101514,5436.976309264987,2551.274467628156
nrc_groeneveld_24579pt__22821,218.0,54.051410861307254,211.48235950951414,209.18187127976057,1266.8819662649073,58.38976171236556,209.18187127976057
nrc_groeneveld_24579pt__22822,315.0,98.79753365273059,349.5473271456937,353.9857169881429,2736.692251708902,89.80378467254103,353.9857169881429
nrc_groeneveld_24579pt__22823,381.0,121.22108816810011,430.2924712637447,348.6851397768598,3520.5195205004634,125.08848325233078,348.6851397768598
nrc_groeneveld_24579pt__22824,434.0,137.93709479047735,514.3231134567532,402.8437572482138,4182.471916940895,162.40607165662158,402.8437572482138
nrc_groeneveld_24579pt__22825,481.0,146.06381179060452,645.2489137839857,542.4824783955389,4652.5053193381555,205.82464696750256,542.4824783955389
nrc_groeneveld_24579pt__22826,574.0,148.05863983286903,500.05019436319066,496.13797828261465,4621.828015853624,252.75551760913424,496.13797828261465
nrc_groeneveld_24579pt__22827,751.0,161.55051122349892,643.0822113511659,499.454902739193,4213.375822260172,371.78598212069534,499.454902739193
nrc_groeneveld_24579pt__22828,913.0,191.76919821808116,632.137209719365,504.80057509867146,3937.902029281788,557.353739214291,504.80057509867146
nrc_groeneveld_24579pt__22829,1071.0,227.97109508248488,730.6449309224539,501.53179506773347,3470.698220216675,842.214457567654,501.53179506773347
nrc_groeneveld_24579pt__22830,1374.0,355.7549135303748,847.8117702410287,698.9011564323919,2984.46188523093,2015.9823624084995,698.9011564323919
nrc_groeneveld_24579pt__22831,1700.0,486.8841545070891,1035.7463545552623,920.6969948802621,2776.3367422729852,4714.863882750253,920.6969948802621
nrc_groeneveld_24579pt__22832,332.0,52.7182981397956,214.1580250351617,211.4125582519192,1246.403628762403,58.73213210139956,211.4125582519192
nrc_groeneveld_24579pt__22833,499.0,104.97441375650989,353.8742200010473,387.01378956446985,3060.0566383758064,88.18041719236676,387.01378956446985
nrc_groeneveld_24579pt__22834,673.0,144.77819240216883,506.96503255611645,517.1813563627416,4454.70422689457,125.60537353888903,517.1813563627416
nrc_groeneveld_24579pt__22835,795.0,184.1494623784016,695.4479993038863,774.5404104268259,6035.270984524551,170.05978745808514,774.5404104268259
nrc_groeneveld_24579pt__22836,961.0,202.36090649384096,890.7416375515195,929.8051155455892,6717.523893552992,220.62237021515347,929.8051155455892
nrc_groeneveld_24579pt__22837,1140.0,208.48986064831777,929.039268729079,929.6843568845727,6578.56900629076,276.83509257255935,929.6843568845727
nrc_groeneveld_24579pt__22838,1484.0,243.514345059194,1069.63453821828,1105.090681261784,6333.34178310274,423.9847999841616,1105.090681261784
nrc_groeneveld_24579pt__22839,1790.0,326.55163627452254,1172.787892526935,1248.7887568721585,6469.591885547576,656.4515369659066,1248.7887568721585
nrc_groeneveld_24579pt__22840,2105.0,459.7405754396321,1307.9136181555384,1319.2300279660715,5604.554982285483,1034.414423202265,1319.2300279660715
nrc_groeneveld_24579pt__22841,2651.0,778.2673931654939,1779.2205723562738,1812.8399246979568,5315.414298014508,2569.373124264048,1812.8399246979568
nrc_groeneveld_24579pt__22842,3201.0,1111.0585732459176,2442.464270445791,2484.315308788456,5819.99256610141,5822.2754242080155,2484.315308788456
nrc_groeneveld_24579pt__22843,299.0,11.032812676941509,347.8242322470416,286.7369559560367,30000.0,341.99638504253033,286.7369559560367
nrc_groeneveld_24579pt__22844,367.0,13.851936615142215,406.37101339422236,344.6624317868347,30000.0,454.9399966623013,344.6624317868347
nrc_groeneveld_24579pt__22845,538.0,14.63265701860819,379.3089366556981,351.9956447545918,30000.0,686.1498201676933,351.9956447545918
nrc_groeneveld_24579pt__22846,716.0,16.069317684938422,422.09353358857527,357.26353878247147,30000.0,911.9012887764397,357.26353878247147
nrc_groeneveld_24579pt__22847,287.0,2.9258694187680403,150.5082653504453,167.42234399524767,30000.0,113.73131522452216,167.42234399524767
nrc_groeneveld_24579pt__22848,614.0,13.518373326453178,533.615474546435,488.7746800208357,30000.0,340.97168123451416,488.7746800208357
nrc_groeneveld_24579pt__22849,780.0,22.701979444984964,704.8852363418214,698.4528592642408,30000.0,459.72590758517737,698.4528592642408
nrc_groeneveld_24579pt__22850,961.0,20.44027245925232,919.2237721619886,788.2656795126112,30000.0,570.2745437265853,788.2656795126112
nrc_groeneveld_24579pt__22851,1126.0,24.930779733233262,999.1463235681015,957.9599819465875,30000.0,686.7036822519408,957.9599819465875
nrc_groeneveld_24579pt__23001,154.0,158.04312896308633,170.30427832275376,162.27053069411107,269.4366722439289,155.96498015124706,162.27053069411107
nrc_groeneveld_24579pt__23002,262.0,243.73877882662762,323.5408339108092,312.23486990476,500.6567208905504,248.95335077543768,312.23486990476
nrc_groeneveld_24579pt__23003,296.0,304.3609236148688,347.8433813700444,288.968104102523,684.41116875041,322.337885830136,288.968104102523
nrc_groeneveld_24579pt__23004,344.0,345.3799050761581,422.51011620208305,400.68147345667836,817.8959286402744,380.167216399901,400.68147345667836
nrc_groeneveld_24579pt__23005,401.0,365.7871332434916,428.1747385267456,384.55629922004795,864.5199804693675,413.00093913009925,384.55629922004795
nrc_groeneveld_24579pt__23006,440.0,398.67697125599756,555.4516586817398,470.0579748525824,891.010514463016,460.4618010039655,470.0579748525824
nrc_groeneveld_24579pt__23007,541.0,423.3556472422702,497.7538919875157,478.1557806231762,884.9251652700357,512.372893684345,478.1557806231762
nrc_groeneveld_24579pt__23008,656.0,491.83383036071064,595.0744907024518,511.5459285621264,854.9177515606062,593.5035968352923,511.5459285621264
nrc_groeneveld_24579pt__23009,758.0,580.1576957881209,630.4387655699445,605.9305772633973,840.9767749176916,725.7661189510402,605.9305772633973
nrc_groeneveld_24579pt__23010,1021.0,743.5902828322331,829.9873478616164,847.2841705450688,856.8790122664092,1148.34559449319,847.2841705450688
nrc_groeneveld_24579pt__23011,1288.0,941.6250274225977,999.5350933568623,1064.575183947041,992.1064064249396,2122.353030147754,1064.575183947041
nrc_groeneveld_24579pt__23012,1566.0,1023.3408049155885,1175.7930217878318,1191.1394873262511,1178.271001140738,3477.8326704034316,1191.1394873262511
nrc_groeneveld_24579pt__23013,253.0,153.0413396407164,196.58431651170156,184.15226407900997,229.7872652275856,151.84608407674068,184.15226407900997
nrc_groeneveld_24579pt__23014,395.0,239.58962257955582,276.37728329893804,290.96125376141305,519.2635912507753,251.22558091902428,290.96125376141305
nrc_groeneveld_24579pt__23015,537.0,316.43666253029227,342.24192441537826,289.3294257584489,709.7973440055177,333.58890010424324,289.3294257584489
nrc_groeneveld_24579pt__23016,641.0,393.1779120733803,545.7153266233674,460.0125411939729,909.640911882204,439.1114161365423,460.0125411939729
nrc_groeneveld_24579pt__23017,717.0,532.0586312544955,681.0865838119396,788.4946292932165,1107.4532143495667,599.9031703762047,788.4946292932165
nrc_groeneveld_24579pt__23018,835.0,575.4762434425982,801.6561486728461,875.7729130101669,1140.7122921056773,675.3211080247246,875.7729130101669
nrc_groeneveld_24579pt__23019,1056.0,672.5870871110033,888.0872600703806,970.3091426362531,1198.5925220080978,827.0777923682124,970.3091426362531
nrc_groeneveld_24579pt__23020,1280.0,739.0101327216499,887.4977403280544,1020.1040776727943,1188.7814147453612,986.4411544045935,1020.1040776727943
nrc_groeneveld_24579pt__23021,1495.0,905.4141499750672,1041.946685050729,1131.1869710218323,1235.8980525841018,1288.6683745204998,1131.1869710218323
nrc_groeneveld_24579pt__23022,1939.0,1240.718493152157,1554.4563815888118,1598.2355922475524,1432.881895626025,2322.2986384015335,1598.2355922475524
nrc_groeneveld_24579pt__23023,2373.0,1569.8523602625241,1780.030824236741,2043.683323371332,1838.0405762863516,4309.2206117821115,2043.683323371332
nrc_groeneveld_24579pt__23024,2781.0,1757.3534002899753,2229.6012031945133,2407.223008487697,2463.536914765925,7109.503482681038,2407.223008487697
nrc_groeneveld_24579pt__23025,136.0,46.50466725030661,147.46650904775524,144.53866147017925,944.0041370230981,42.50474211894881,144.53866147017925
nrc_groeneveld_24579pt__23026,216.0,74.97615702022892,344.9415532302264,244.69971968118074,1910.7240477417336,73.82052322133747,244.69971968118074
nrc_groeneveld_24579pt__23027,255.0,94.66627248534353,285.40665645295496,241.99001374725256,2386.781093940895,106.00149951656508,241.99001374725256
nrc_groeneveld_24579pt__23028,297.0,109.19718120557849,391.7777256167307,343.3212425566261,2771.079379809675,143.42239569424706,343.3212425566261
nrc_groeneveld_24579pt__23029,348.0,118.59436417858113,363.6590502593418,347.8883091248969,3000.063894386262,180.304912049832,347.8883091248969
nrc_groeneveld_24579pt__23030,413.0,129.45517058203623,440.48329340317736,385.7953316839779,2925.8893784445727,221.10440510841931,385.7953316839779
nrc_groeneveld_24579pt__23031,549.0,148.5185547559936,411.8137583552616,385.1158682913898,2696.990110621177,325.7309005804275,385.1158682913898
nrc_groeneveld_24579pt__23032,646.0,172.06095237185298,501.65317371749427,400.7433157244104,2519.752344025674,495.2100489365199,400.7433157244104
nrc_groeneveld_24579pt__23033,774.0,194.70061127261977,502.9066922038827,439.22955784739946,2323.58789542111,733.9139695342616,439.22955784739946
nrc_groeneveld_24579pt__23034,1024.0,308.11829282848896,644.2084508158553,606.9255672602983,1945.7404355552435,1788.6840477912647,606.9255672602983
nrc_groeneveld_24579pt__23035,1254.0,423.1443747444245,786.5491244638825,794.0726237103005,1970.34461989998,4216.190107663743,794.0726237103005
nrc_groeneveld_24579pt__23036,136.0,46.50466725030661,147.46650904775524,144.53866147017925,944.0041370230981,42.50474211894881,144.53866147017925
nrc_groeneveld_24579pt__23037,228.0,43.741210431328426,161.87874095154177,150.2994920385903,814.4961740040882,46.02994854640649,150.2994920385903
nrc_groeneveld_24579pt__23038,354.0,77.62946326472989,356.7294371783971,264.04633903107845,1942.523879288381,74.35855629838495,264.04633903107845
nrc_groeneveld_24579pt__23039,523.0,94.26177262048357,290.2581526072289,242.1148160751165,2335.6252816720416,105.7829921763458,242.1148160751165
nrc_groeneveld_24579pt__23040,597.0,112.60256604955993,610.4891358535609,479.86688556775454,3508.1773840417427,146.64935776064033,479.86688556775454
nrc_groeneveld_24579pt__23041,696.0,137.39663770315477,576.1718249064546,675.865113213333,4019.2633187092606,194.46919108290922,675.865113213333
nrc_groeneveld_24579pt__23042,819.0,155.68572958480942,682.2907127207458,740.9710468877713,4002.796396381479,247.98950356635766,740.9710468877713
nrc_groeneveld_24579pt__23043,1104.0,178.99480500522557,579.6580527909471,635.6161009569925,3712.7254682176913,370.73603659549,635.6161009569925
nrc_groeneveld_24579pt__23044,1341.0,216.5758191493879,657.3494463870732,709.1638593480635,3601.5271305573265,566.1934916072818,709.1638593480635
nrc_groeneveld_24579pt__23045,1564.0,297.65477232209656,781.4612070784409,817.8634040759567,3441.552708503723,888.9278920918204,817.8634040759567
nrc_groeneveld_24579pt__23046,2003.0,530.9143007773101,1191.7407565588767,1255.2955290468024,3373.8561469544256,2288.8445063675827,1255.2955290468024
nrc_groeneveld_24579pt__23047,2423.0,783.0816799464941,1535.429609284231,1723.017127616935,3799.754087835356,5214.836076518939,1723.017127616935
nrc_groeneveld_24579pt__23048,2826.0,1058.928695716861,1929.7987573385667,2010.707794516816,4321.329194152019,10351.141814222317,2010.707794516816
nrc_groeneveld_24579pt__23049,120.0,1.999464954805159,111.14706836117726,100.26448972588088,30000.0,112.5334504475824,100.26448972588088
nrc_groeneveld_24579pt__23050,224.0,7.259693268258362,210.04143490138256,177.76002677971928,30000.0,339.203493232365,177.76002677971928
nrc_groeneveld_24579pt__23051,283.0,8.746496779182493,274.578075622032,218.59116289558384,30000.0,452.15624565300186,218.59116289558384
nrc_groeneveld_24579pt__23052,505.0,13.19850334041849,314.49300367171367,292.1108147410548,30000.0,915.8568941121927,292.1108147410548
nrc_groeneveld_24579pt__23053,1186.0,35.879985670712394,582.2435466521566,571.864395550519,30000.0,2285.7345174984584,571.864395550519
nrc_groeneveld_24579pt__23054,450.0,9.188028497657065,325.41516625520654,275.1223589427089,30000.0,339.85575143782967,275.1223589427089
nrc_groeneveld_24579pt__23055,1078.0,18.219794666730397,588.6362857444057,690.4591493783305,30000.0,914.2380051009907,690.4591493783305
nrc_groeneveld_24579pt__23056,1942.0,64.49087167402547,1146.5182600829248,1180.5600441237737,30000.0,1838.3636726120747,1180.5600441237737
nrc_groeneveld_24579pt__23057,2293.0,127.99001115356,1462.7887896425789,1541.254602705593,30000.0,2302.008299594563,1541.254602705593
nrc_groeneveld_24579pt__23058,2703.0,214.92683293987236,1726.0843034906457,1523.262221336849,30000.0,2768.8196370481464,1523.262221336849
nrc_groeneveld_24579pt__23202,148.0,121.41428136327514,153.23708035350435,139.42545236512058,177.77118500113568,115.55969507888155,139.42545236512058
nrc_groeneveld_24579pt__23203,207.0,198.07115797925434,233.94084091156674,223.90973705067606,420.19921038805455,212.4390334426838,223.90973705067606
nrc_groeneveld_24579pt__23204,261.0,239.8507720929366,311.6631536784565,280.96597160092244,522.0285331407338,250.87093522738286,280.96597160092244
nrc_groeneveld_24579pt__23205,299.0,306.89074951669005,379.26997901756675,362.7055856275248,650.3746616093359,320.5777706248687,362.7055856275248
nrc_groeneveld_24579pt__23206,330.0,352.1598284128999,401.86713527971085,353.75702750429207,723.4709631295908,376.377488642911,353.75702750429207
nrc_groeneveld_24579pt__23207,369.0,382.2483321985896,416.4427845672915,387.46714642073783,766.959986175996,426.11939347280435,387.46714642073783
nrc_groeneveld_24579pt__23208,438.0,399.8692465128056,474.1176916001756,492.9196815289781,785.4258374706659,507.93427524571376,492.9196815289781
nrc_groeneveld_24579pt__23209,542.0,461.12266388351765,507.0139263617978,490.1353192138797,751.2832302277862,566.8828691112028,490.1353192138797
nrc_groeneveld_24579pt__23210,656.0,521.8625684817548,542.1675227265415,529.8248254914918,731.3876382243391,667.8693801505439,529.8248254914918
nrc_groeneveld_24579pt__23211,895.0,656.0647323964164,686.1714590670529,739.5063568614123,737.1569948613937,1001.5954428881739,739.5063568614123
nrc_groeneveld_24579pt__23212,1155.0,819.6409292724838,881.073918358605,913.5535462383713,867.1715880083134,1850.2572263310187,913.5535462383713
nrc_groeneveld_24579pt__23213,1377.0,923.9832563498063,1060.6421306338602,1116.8361673485526,1100.6816681815217,3390.1185987407366,1116.8361673485526
nrc_groeneveld_24579pt__23214,185.0,130.54190903671594,124.69752588719312,136.9657495709886,224.03585817986712,127.00832696179826,136.9657495709886
nrc_groeneveld_24579pt__23215,321.0,194.83483486246502,224.7752428240265,227.59472161463398,434.43616494877557,214.68454867027734,227.59472161463398
nrc_groeneveld_24579pt__23216,448.0,262.292584609194,246.67194997388265,238.77917590952637,577.897926022705,281.43254947095545,238.77917590952637
nrc_groeneveld_24579pt__23217,538.0,357.8414530239371,393.50104128585696,315.7971143387707,729.4610116054799,382.3289242844245,315.7971143387707
nrc_groeneveld_24579pt__23218,608.0,467.94233883509133,443.4017523741744,646.040843723827,889.9960500506239,520.2300566936449,646.040843723827
nrc_groeneveld_24579pt__23219,693.0,534.2384892381237,638.2920354783244,707.4977296699236,964.7411506729563,621.7587498889126,707.4977296699236
nrc_groeneveld_24579pt__23220,890.0,588.8513828848256,741.8544710658521,850.007523060433,986.9602118729342,738.5687323250924,850.007523060433
nrc_groeneveld_24579pt__23221,1100.0,641.8521828442969,766.6176968071396,909.6573218323566,975.84664011404,875.3995861719052,909.6573218323566
nrc_groeneveld_24579pt__23222,1299.0,739.782000674956,957.3483412079535,1042.211243948887,1001.1416716093989,1096.8478436135529,1042.211243948887
nrc_groeneveld_24579pt__23223,1690.0,1017.1756087895973,1266.731685913411,1390.508818019152,1193.913411646485,1998.3083116216392,1390.508818019152
nrc_groeneveld_24579pt__23224,2081.0,1327.5092736982904,1530.2714387169794,1732.490557932469,1564.7916413311495,3822.2441290739125,1732.490557932469
nrc_groeneveld_24579pt__23225,2441.0,1526.5039655351316,1894.3762655668081,2095.7914872429224,2132.0488390796927,6431.575845131772,2095.7914872429224
nrc_groeneveld_24579pt__23226,123.0,41.460789242463,122.31764766191452,116.35216987758106,641.157660606473,38.86966914568751,116.35216987758106
nrc_groeneveld_24579pt__23227,188.0,63.80645811768878,196.50057162397832,188.62204002296482,1349.6094533457467,66.25713401908327,188.62204002296482
nrc_groeneveld_24579pt__23228,219.0,79.24442760360506,215.56128939832504,211.35423278286206,1844.650722870353,96.10728996672266,211.35423278286206
nrc_groeneveld_24579pt__23229,245.0,93.96216774811124,279.67480031385765,254.20555704929797,2319.1991794904907,130.46187448047712,254.20555704929797
nrc_groeneveld_24579pt__23230,283.0,109.1593222645845,333.55695834834097,333.75530409086724,2386.6279863281798,167.25471744347698,333.75530409086724
nrc_groeneveld_24579pt__23231,334.0,120.38481925952865,327.2618698187312,332.76066747648406,2436.9551496316044,209.00165599762482,332.76066747648406
nrc_groeneveld_24579pt__23232,433.0,145.23037963570818,404.00655249535265,375.3693331007576,2348.482217852036,311.2923466244542,375.3693331007576
nrc_groeneveld_24579pt__23233,556.0,162.02073175142982,436.9061668818716,395.7464890266595,2043.3837457637585,464.4674584285265,395.7464890266595
nrc_groeneveld_24579pt__23234,660.0,180.43095286370635,461.06681823997815,419.61545455603454,1840.5509178859438,664.8648376145419,419.61545455603454
nrc_groeneveld_24579pt__23235,897.0,272.60419214168246,571.3529771557137,588.0651279060821,1652.0666022000603,1589.835004583643,588.0651279060821
nrc_groeneveld_24579pt__23236,1132.0,356.5564283512595,721.1192273768772,744.2973032245152,1601.4163973797163,3585.7417404900993,744.2973032245152
nrc_groeneveld_24579pt__23237,190.0,38.79718025256608,126.6437442724412,115.23826637781099,621.9197427146746,40.034780286566544,115.23826637781099
nrc_groeneveld_24579pt__23238,311.0,62.29029383460378,188.091426348865,186.80435832853988,1376.985779823337,66.06659818253743,186.80435832853988
nrc_groeneveld_24579pt__23239,410.0,80.66940676807668,212.4810856117846,201.71938585911568,2037.248551433016,97.99116753923764,201.71938585911568
nrc_groeneveld_24579pt__23240,487.0,103.40909585404319,368.3565507732415,386.51008770042444,2816.5266493982567,138.4606703162841,386.51008770042444
nrc_groeneveld_24579pt__23241,582.0,122.17765919882231,388.32448511966857,593.0354588425809,3038.1854890504223,182.24120593355164,593.0354588425809
nrc_groeneveld_24579pt__23242,716.0,131.56796199719653,496.24046587985225,523.0397251351174,2964.1870210625657,225.72105309511355,523.0397251351174
nrc_groeneveld_24579pt__23243,937.0,162.53330551679622,564.6765797763283,515.4958343547651,2711.696499713335,339.19164252264284,515.4958343547651
nrc_groeneveld_24579pt__23244,1153.0,191.01001802757645,551.1599964719735,557.502843782658,2613.179891835928,512.2049324647469,557.502843782658
nrc_groeneveld_24579pt__23245,1332.0,270.06250927910475,687.3387184318518,746.9124907314491,2486.6302007345594,817.0389972370583,746.9124907314491
nrc_groeneveld_24579pt__23246,1741.0,442.9079952159941,1022.7280017184154,1151.8738966197502,2530.05332703571,2052.3747505114497,1151.8738966197502
nrc_groeneveld_24579pt__23247,2124.0,645.164274916668,1215.1530527917987,1397.7327461889872,2809.421926994055,4786.901659536716,1397.7327461889872
nrc_groeneveld_24579pt__23248,2470.0,885.9416691199496,1562.9328044525141,1735.4002482068415,3599.0016435670595,9615.469082197169,1735.4002482068415
nrc_groeneveld_24579pt__23249,187.0,6.220427818329571,155.95427180407953,149.8286657771534,30000.0,339.33876757345683,149.8286657771534
nrc_groeneveld_24579pt__23250,332.0,10.39537283904437,298.550313489514,239.97038774526536,30000.0,681.9171987245954,239.97038774526536
nrc_groeneveld_24579pt__23251,545.0,14.391245264471197,362.75539104411376,281.7281590011731,30000.0,1132.7859625526726,281.7281590011731
nrc_groeneveld_24579pt__23252,666.0,16.649916242520458,328.5415343527273,264.2380807378437,30000.0,1360.3360608430494,264.2380807378437
nrc_groeneveld_24579pt__23253,864.0,21.54112846860072,415.55258835316033,353.56693390752713,30000.0,1810.287996454758,353.56693390752713
nrc_groeneveld_24579pt__23254,171.0,1.623894224187983,95.26521950672593,86.6787352887856,30000.0,113.58485981706093,86.6787352887856
nrc_groeneveld_24579pt__23255,369.0,7.725416097172069,201.5924062358369,215.13561676852584,30000.0,339.2431694309629,215.13561676852584
nrc_groeneveld_24579pt__23400,111.0,116.09261181780437,116.8139449948786,135.32322251722084,206.33162185446793,115.5271399984934,135.32322251722084
nrc_groeneveld_24579pt__23401,209.0,180.32121777757007,219.28105551606822,220.62300027569185,341.074721658733,173.97590594609093,220.62300027569185
nrc_groeneveld_24579pt__23402,248.0,232.51853293963904,286.6708073774476,305.4636481935296,463.4175064534026,228.01369105588242,305.4636481935296
nrc_groeneveld_24579pt__23403,280.0,281.37849341150866,320.81581107229954,321.5848779694771,580.2691603170816,289.75260668308044,321.5848779694771
nrc_groeneveld_24579pt__23404,320.0,319.5488562415072,381.2383557260308,364.25579260767034,642.2984510204595,339.4994513295864,364.25579260767034
nrc_groeneveld_24579pt__23405,348.0,352.6094210777039,342.57355716482215,356.8114583319298,691.6906865695954,392.9262270353219,356.8114583319298
nrc_groeneveld_24579pt__23406,417.0,387.6340349763454,456.7650118032057,395.5715251427197,729.6937553332881,495.36434672427976,395.5715251427197
nrc_groeneveld_24579pt__23407,500.0,457.60169049200147,459.01279704488627,463.165505498138,717.7455509400954,567.7449136590453,463.165505498138
nrc_groeneveld_24579pt__23408,621.0,497.2770307519453,474.0603933922826,487.24488104666824,672.9356624824765,624.8213085352987,487.24488104666824
nrc_groeneveld_24579pt__23409,859.0,614.6328001602715,614.4716007300983,688.5219997015677,695.118478330774,960.2252072912577,688.5219997015677
nrc_groeneveld_24579pt__23410,1076.0,760.4258255275835,793.1622119280962,860.4176649315403,819.3283468326309,1727.8494724793834,860.4176649315403
nrc_groeneveld_24579pt__23411,1294.0,868.3432027337305,940.6250199027095,1046.6670521992714,1046.4881001134888,3136.790028040883,1046.6670521992714
nrc_groeneveld_24579pt__23412,182.0,115.22014186271265,137.77259493578836,131.380590033167,171.20173954132898,106.98619173201915,131.380590033167
nrc_groeneveld_24579pt__23413,313.0,181.3804467994501,218.90841680819764,219.97529754853542,352.4007503435911,179.027282077786,219.97529754853542
nrc_groeneveld_24579pt__23414,416.0,245.92821445029603,243.69271185923623,257.5050782643606,517.9638477750665,259.60956634140683,257.5050782643606
nrc_groeneveld_24579pt__23415,488.0,353.999531284792,353.0103451391471,306.9406531672564,689.7664131354563,379.03232824017414,306.9406531672564
nrc_groeneveld_24579pt__23416,573.0,407.1009871623004,375.1920866673193,475.61528886500065,780.4972193462949,462.8438266009552,475.61528886500065
nrc_groeneveld_24579pt__23417,646.0,488.82057206254876,695.1676450367163,669.1067975294601,870.8644344224726,575.8455660471195,669.1067975294601
nrc_groeneveld_24579pt__23418,846.0,502.52634514659104,628.2328764776336,635.8503309633414,849.7171245101276,634.6549297645546,635.8503309633414
nrc_groeneveld_24579pt__23419,1022.0,578.464209292544,720.1426735689975,771.8676366969049,879.326821119715,788.5512901583527,771.8676366969049
nrc_groeneveld_24579pt__23420,1204.0,688.8000480035923,846.768560153381,965.7751637272519,924.2555907445644,1027.6494813120098,965.7751637272519
nrc_groeneveld_24579pt__23421,1602.0,906.9831688087254,1101.7022762587756,1296.3935199726766,1056.5443586444487,1739.0350539949698,1296.3935199726766
nrc_groeneveld_24579pt__23422,1954.0,1179.8777962528384,1412.265201630136,1617.34505427905,1399.009832514125,3361.6305592106537,1617.34505427905
nrc_groeneveld_24579pt__23423,2291.0,1368.7503207396187,1713.7748038040695,1957.132702520972,1919.9878312831213,5831.912446564658,1957.132702520972
nrc_groeneveld_24579pt__23424,110.0,36.64825709190273,113.43937961061964,107.22353615650383,593.7519487754364,35.608601041819625,107.22353615650383
nrc_groeneveld_24579pt__23425,182.0,57.19114702108877,185.2069707580387,184.5409539467805,1152.7437852491169,63.185599611407156,184.5409539467805
nrc_groeneveld_24579pt__23426,216.0,70.87240833789728,228.55582614371218,229.3688902721618,1581.520503070619,90.303982251151,229.3688902721618
nrc_groeneveld_24579pt__23427,251.0,85.85340897700887,272.8343967999998,281.4381243164448,1870.6139163647674,121.2697598333912,281.4381243164448
nrc_groeneveld_24579pt__23428,276.0,99.88116785554523,346.09247343859306,284.31033680706156,2130.8990181337354,158.35323557702495,284.31033680706156
nrc_groeneveld_24579pt__23429,310.0,113.76602535395611,285.83973010300826,293.24796665225125,2192.138134272646,199.28779820248886,293.24796665225125
nrc_groeneveld_24579pt__23430,408.0,137.18529197181024,389.85236236885004,320.34907562773117,2011.2658602665313,293.85132952231794,320.34907562773117
nrc_groeneveld_24579pt__23431,527.0,151.07778626755822,402.98560161428117,347.30301640354025,1768.5287341870871,429.1158784573487,347.30301640354025
nrc_groeneveld_24579pt__23432,634.0,174.07390347430277,401.2619637696962,386.16836810962974,1603.6091073817954,647.7795135686741,386.16836810962974
nrc_groeneveld_24579pt__23433,855.0,249.06039772576196,525.3897473893129,530.069395148091,1426.0642544856178,1515.0985033557354,530.069395148091
nrc_groeneveld_24579pt__23434,1071.0,336.55026738653663,666.9366373737413,661.5061941950262,1417.3826863701202,3434.145923055138,661.5061941950262
nrc_groeneveld_24579pt__23435,1279.0,433.15771022347093,797.5135929764704,798.5931870443594,1642.9392151044258,6968.434573904094,798.5931870443594
nrc_groeneveld_24579pt__23436,171.0,37.852037295030286,117.64581675428131,107.75254732296301,556.0516464596589,36.58436294970742,107.75254732296301
nrc_groeneveld_24579pt__23437,296.0,56.4783559883285,197.0746919018864,184.36896875573623,1119.1227046225501,62.70001737551743,184.36896875573623
nrc_groeneveld_24579pt__23438,381.0,76.08050447712225,194.57834057906743,188.08557812765875,1824.4646606932936,94.00298861398787,188.08557812765875
nrc_groeneveld_24579pt__23439,463.0,97.5038267866616,296.3504188958015,269.21370727033565,2283.6393280068737,132.28297571934715,269.21370727033565
nrc_groeneveld_24579pt__23440,553.0,110.64707972747581,317.96084236876044,511.00775884509517,2551.686392007585,172.39081748409217,511.00775884509517
nrc_groeneveld_24579pt__23441,663.0,126.17093442063167,437.38645328393176,463.8816514588733,2506.9609075620638,214.32908986657063,463.8816514588733
nrc_groeneveld_24579pt__23442,885.0,151.31062123667118,470.3199492246152,394.5290256834873,2444.952448229363,327.0869487534345,394.5290256834873
nrc_groeneveld_24579pt__23443,1069.0,187.5727202390734,465.8534723072265,489.36102447459984,2352.674567317445,503.96564817547613,489.36102447459984
nrc_groeneveld_24579pt__23444,1258.0,250.85735949522558,614.5582156069013,627.6907148888695,2215.0731897536007,791.5446804590691,627.6907148888695
nrc_groeneveld_24579pt__23445,1613.0,400.95504607587065,909.6107509648796,1075.7426306688196,2355.155614071582,1900.591309229165,1075.7426306688196
nrc_groeneveld_24579pt__23446,2000.0,596.3767242422491,1163.2052685900003,1347.5445018463672,2624.87627561236,4473.886851245929,1347.5445018463672
nrc_groeneveld_24579pt__23447,2331.0,815.7301116517915,1423.3362476502873,1640.7030277698952,3252.8581020763145,9204.010163510455,1640.7030277698952
nrc_groeneveld_24579pt__23448,267.0,8.78199371058527,268.4211029476262,244.05127317691424,30000.0,565.3206443077632,244.05127317691424
nrc_groeneveld_24579pt__23449,398.0,11.858735747462546,368.14735541604705,230.1909410424139,30000.0,901.6277588751623,230.1909410424139
nrc_groeneveld_24579pt__23450,603.0,16.435295816278014,291.11361852763645,278.01618687872167,30000.0,1358.546879696757,278.01618687872167
nrc_groeneveld_24579pt__23451,970.0,32.30269382447936,493.2793427228907,504.3997797041008,30000.0,2284.691309040641,504.3997797041008
nrc_groeneveld_24579pt__23452,264.0,4.054746453939613,145.9487555820387,138.5683315479486,30000.0,226.143651972445,138.5683315479486
nrc_groeneveld_24579pt__23453,876.0,15.132938005187038,366.71214961122905,308.6744601822578,30000.0,914.6571107115986,308.6744601822578
nrc_groeneveld_24579pt__23454,1247.0,24.43767492153778,518.1475758934237,597.6792247364646,30000.0,1360.0940996645943,597.6792247364646
nrc_groeneveld_24579pt__23455,1933.0,95.72785946389126,1081.4697077458793,1085.3513423552927,30000.0,2331.178933620651,1085.3513423552927
nrc_groeneveld_24579pt__23578,104.0,87.00033347262331,129.3356408000123,108.79096680781693,123.77908547811319,79.81493286701783,108.79096680781693
nrc_groeneveld_24579pt__23579,134.0,167.29807634816365,224.17804568294878,197.2422209771705,317.2996201046242,169.33894016625027,197.2422209771705
nrc_groeneveld_24579pt__23580,196.0,212.25470493260556,248.91570628422565,239.12008770561138,385.6013211213926,198.02507791263062,239.12008770561138
nrc_groeneveld_24579pt__23581,234.0,258.16176390425255,371.7024702200457,331.4135057929291,461.6926600682532,246.47105720878034,331.4135057929291
nrc_groeneveld_24579pt__23582,262.0,283.27937836539917,389.1160198033982,365.21750243321907,518.8605207841555,291.39976740096955,365.21750243321907
nrc_groeneveld_24579pt__23583,291.0,294.53655508468546,335.64596753458596,353.35799034761857,558.1020995276574,336.92622029192444,353.35799034761857
nrc_groeneveld_24579pt__23584,335.0,353.68809597094054,363.3044097982418,336.9844859330018,632.342046168721,472.2134729967015,336.9844859330018
nrc_groeneveld_24579pt__23585,433.0,390.47679025077775,395.4398144090582,371.3889043129085,595.2195695073552,485.6060792135551,371.3889043129085
nrc_groeneveld_24579pt__23586,515.0,450.3848798035771,464.06574013635066,437.1599290455365,590.0477666205262,562.7640834945989,437.1599290455365
nrc_groeneveld_24579pt__23587,737.0,516.7330237198205,640.6382103771033,598.1297386919058,590.2188297725284,793.7789923709919,598.1297386919058
nrc_groeneveld_24579pt__23588,935.0,644.1372627247913,786.0356277460027,768.249796607212,737.4890032483057,1562.2528165043002,768.249796607212
nrc_groeneveld_24579pt__23589,246.0,160.69175180455346,195.535898095096,184.09218005562204,283.3427233215105,149.4239766833583,184.09218005562204
nrc_groeneveld_24579pt__23590,335.0,220.39142965244582,217.30409043135674,229.18453462490547,408.73557037952025,215.3884018272466,229.18453462490547
nrc_groeneveld_24579pt__23591,412.0,286.1212013199156,340.86987822677065,299.31054850971094,519.2579779688102,295.6595203699706,299.31054850971094
nrc_groeneveld_24579pt__23592,483.0,322.0710959114657,308.6152786383393,347.4278429510751,586.7401249607859,363.0483980226845,347.4278429510751
nrc_groeneveld_24579pt__23593,554.0,358.30954316594335,429.4474107014182,390.9625050853947,653.9919615684745,451.64156158614685,390.9625050853947
nrc_groeneveld_24579pt__23594,698.0,414.0344903993813,509.5744827100193,492.59563853095176,702.7403414085995,564.4209936135054,492.59563853095176
nrc_groeneveld_24579pt__23595,860.0,480.81237697805955,523.1627243769793,486.19767931785105,705.9414118851541,655.2299440981726,486.19767931785105
nrc_groeneveld_24579pt__23596,1034.0,562.6750908791704,614.2379262653332,586.8054944214376,737.6219807303355,807.9614143734083,586.8054944214376
nrc_groeneveld_24579pt__23597,1334.0,741.0994498915162,990.005149745544,1065.937946242612,922.1928291174941,1504.547030171973,1065.937946242612
nrc_groeneveld_24579pt__23598,1635.0,950.1597225232354,1241.329040789078,1307.358902623233,1213.7558013947976,2792.4530737696214,1307.358902623233
nrc_groeneveld_24579pt__23599,150.0,44.556782721295015,160.23866143938406,138.7580195399796,698.8286655923437,55.48278168686936,138.7580195399796
nrc_groeneveld_24579pt__23600,179.0,61.634292043935794,273.22204006832425,228.25011828685382,1103.3022186163907,80.75305279651906,228.25011828685382
nrc_groeneveld_24579pt__23601,201.0,76.34937086010791,304.32170207472353,238.50490934793328,1390.8318955423174,111.17933593193999,238.50490934793328
nrc_groeneveld_24579pt__23602,221.0,93.45709227235498,315.374135841265,272.6070499239863,1585.9276985569782,146.69048514599228,272.6070499239863
nrc_groeneveld_24579pt__23603,257.0,105.09261670868172,293.84133341841795,287.15640197389314,1616.4443599123288,183.04970685518984,287.15640197389314
nrc_groeneveld_24579pt__23604,335.0,128.82367725259095,349.53348464831015,271.83031071476177,1483.3111039319901,269.6581864814682,271.83031071476177
nrc_groeneveld_24579pt__23605,449.0,138.94737648229966,328.4659921263473,291.4938477180131,1280.7592357548094,388.6583668179217,291.4938477180131
nrc_groeneveld_24579pt__23606,542.0,159.79783205800095,394.4399639339037,338.69964034708426,1173.792946415913,568.1876539426693,338.69964034708426
nrc_groeneveld_24579pt__23607,713.0,213.66912186741305,534.3202076295687,459.0303886470691,1117.702111176465,1269.0906842954678,459.0303886470691
nrc_groeneveld_24579pt__23608,904.0,278.30504152543404,654.6169868624208,626.1909091452717,1229.2532673022347,2891.6515371308624,626.1909091452717
nrc_groeneveld_24579pt__23609,125.0,25.637811469094476,85.09439287017402,88.51152372413699,474.45375029369603,29.810811834390314,88.51152372413699
nrc_groeneveld_24579pt__23610,235.0,46.069360859937206,160.8411077669311,157.59718410518735,846.4834739811284,55.512163890205834,157.59718410518735
nrc_groeneveld_24579pt__23611,318.0,63.71550283198246,184.42833327860808,189.38113467957646,1249.0598315420218,83.04745968789877,189.38113467957646
nrc_groeneveld_24579pt__23612,393.0,78.70309254717607,272.3874397504038,225.33271858309686,1576.238861972104,115.94164819194877,225.33271858309686
nrc_groeneveld_24579pt__23613,472.0,95.52284182656025,253.2880943041127,286.96414344337296,1749.775040349184,152.8118519920167,286.96414344337296
nrc_groeneveld_24579pt__23614,548.0,114.44127891818167,314.0711843239358,293.6516234189239,1786.2548571577327,196.09880321418228,293.6516234189239
nrc_groeneveld_24579pt__23615,712.0,142.14262500595035,319.88061456353097,301.423891121986,1757.91451739445,299.5578640368141,301.423891121986
nrc_groeneveld_24579pt__23616,872.0,173.96616278871903,336.198087638945,349.16910500540985,1727.8263658616129,457.74603743490366,349.16910500540985
nrc_groeneveld_24579pt__23617,1030.0,215.43221952628136,482.89087563383384,453.79717043205255,1684.4242079660744,690.0690966911251,453.79717043205255
nrc_groeneveld_24579pt__23618,1356.0,332.9294059220322,697.5259832261696,673.0603709200584,1706.8702913838504,1640.114226529368,673.0603709200584
nrc_groeneveld_24579pt__23619,1662.0,475.57613883859915,963.0610908791219,987.8282417030758,2032.0844195464301,3751.5231503291507,987.8282417030758
nrc_groeneveld_24579pt__23620,140.0,5.420596050096099,133.08079930789492,143.7243853853015,30000.0,340.68913416366166,143.7243853853015
nrc_groeneveld_24579pt__23621,213.0,8.101274682587656,236.12811756422127,230.69096088623536,30000.0,568.5787509415156,230.69096088623536
nrc_groeneveld_24579pt__23622,679.0,20.79901829643049,398.7773363179448,345.37745437411644,30000.0,1814.1362468379884,345.37745437411644
nrc_groeneveld_24579pt__23623,218.0,3.178140092229819,120.35880924134344,115.25617873357817,30000.0,226.72034683798879,115.25617873357817
nrc_groeneveld_24579pt__23624,466.0,9.491790039725696,198.80919669944703,210.7541522832765,30000.0,567.8454651714434,210.7541522832765
nrc_groeneveld_24579pt__23625,544.0,11.066910407418892,194.8056070535572,201.84588144820236,30000.0,677.6923229706389,201.84588144820236
nrc_groeneveld_24579pt__23626,715.0,14.833015055044502,274.6469795400819,235.11489479377678,30000.0,907.0059424137746,235.11489479377678
nrc_groeneveld_24579pt__23627,1318.0,37.58753451022732,654.1656824723541,750.8446549426843,30000.0,1819.7116857613237,750.8446549426843
nrc_groeneveld_24579pt__23734,123.0,149.33577806224068,174.8229948397097,171.93859024719188,261.64636719628066,150.1109513809566,171.93859024719188
nrc_groeneveld_24579pt__23735,157.0,202.62577616875248,211.01348141307403,204.2586066571513,332.5824211634433,188.5456295208406,204.2586066571513
nrc_groeneveld_24579pt__23736,183.0,249.55018035555895,334.9016572815027,310.0429901492515,421.6096244450415,252.36193232024127,310.0429901492515
nrc_groeneveld_24579pt__23737,218.0,268.00922928478917,350.4968661906707,338.0852774802667,454.2435246676286,281.0888825368829,338.0852774802667
nrc_groeneveld_24579pt__23738,249.0,269.88563562902397,338.5202629955744,356.2710681538228,473.90594451321084,304.4847832646195,356.2710681538228
nrc_groeneveld_24579pt__23739,296.0,304.4465578931805,343.1490837132284,318.76475359778226,533.5985086133419,403.47177724676396,318.76475359778226
nrc_groeneveld_24579pt__23740,370.0,343.14957611607855,402.90708216565884,344.1810269857375,534.9475940540246,449.01552578802085,344.1810269857375
nrc_groeneveld_24579pt__23741,479.0,362.8467184739247,447.5661836955018,413.9527141725709,493.2143279116797,458.0244666147608,413.9527141725709
nrc_groeneveld_24579pt__23742,683.0,460.6531398846912,621.34296566719,587.8377128285139,523.0102635825236,702.775279925001,587.8377128285139
nrc_groeneveld_24579pt__23743,833.0,554.0896679639537,763.1516376326903,751.0656004451318,641.8951333064681,1295.9355581873847,751.0656004451318
nrc_groeneveld_24579pt__23744,122.0,71.35418389426182,104.67769998466065,92.86404689771862,96.66900387740144,67.26245555165055,92.86404689771862
nrc_groeneveld_24579pt__23745,201.0,143.1411604037545,161.4701798445749,167.87740638330152,241.89873449008516,139.07222896576036,167.87740638330152
nrc_groeneveld_24579pt__23746,292.0,193.38076920095716,254.8013093804269,227.33357540580025,305.34381901328646,171.3111021686704,227.33357540580025
nrc_groeneveld_24579pt__23747,346.0,250.51962871181624,332.90086559111023,284.95524928382,428.0106554694925,256.7603291891071,284.95524928382
nrc_groeneveld_24579pt__23748,398.0,289.16045179039304,325.3378656156915,304.88249828406884,507.06626101633793,341.02515566836485,304.88249828406884
nrc_groeneveld_24579pt__23749,467.0,297.62149746094696,292.06089491296314,292.09302297052744,543.6098634986555,384.2067966804667,292.09302297052744
nrc_groeneveld_24579pt__23750,588.0,348.5527030751223,378.7003225479009,351.5644649093797,606.8239351072285,501.35705685004575,351.5644649093797
nrc_groeneveld_24579pt__23751,729.0,405.07738688390003,461.5868205501244,396.3967346078149,627.3557043783258,587.4259352623104,396.3967346078149
nrc_groeneveld_24579pt__23752,872.0,474.6807287192068,503.1868595996898,489.5723939404049,659.6934271347802,718.9811092456234,489.5723939404049
nrc_groeneveld_24579pt__23753,1143.0,624.2688250495132,796.2057623175484,772.5368260113096,830.1799856341341,1293.23511484164,772.5368260113096
nrc_groeneveld_24579pt__23754,1441.0,736.8276812126786,864.6045128112013,884.1731913667365,1025.5707509431015,2268.6549184055266,884.1731913667365
nrc_groeneveld_24579pt__23755,71.0,21.03909020969262,79.45322144291536,70.30968116998272,331.43984078447755,28.572178677657874,70.30968116998272
nrc_groeneveld_24579pt__23756,120.0,38.00920301319004,131.57911362061589,134.2000220692603,658.4763173247667,52.84634713238054,134.2000220692603
nrc_groeneveld_24579pt__23757,150.0,52.28254235690117,206.34098569432805,188.87939966402885,850.8985522519106,77.22872149664268,188.87939966402885
nrc_groeneveld_24579pt__23758,175.0,67.86761140902588,306.4455347784643,235.2589526965909,1032.3883553148141,105.21054845219378,235.2589526965909
nrc_groeneveld_24579pt__23759,183.0,86.43455185081402,249.6938110526854,255.8280422636959,1286.8913217022812,145.60233286771214,255.8280422636959
nrc_groeneveld_24579pt__23760,217.0,98.19740524237837,293.6852859814655,290.13562187154724,1255.566987767476,180.6262134422373,290.13562187154724
nrc_groeneveld_24579pt__23761,299.0,112.54673572768765,321.2332231756054,294.47422862711653,1112.9277188794633,251.35013542560438,294.47422862711653
nrc_groeneveld_24579pt__23762,402.0,121.42847417844827,313.2679192759103,267.64491389804755,953.3406241638305,350.3739604571944,267.64491389804755
nrc_groeneveld_24579pt__23763,480.0,138.8305052687492,373.4072721369687,319.0862799494669,910.5910685619201,515.6928842480319,319.0862799494669
nrc_groeneveld_24579pt__23764,640.0,184.14216929139155,510.23867215683924,451.1409257857711,880.0942565273685,1107.7305005670776,451.1409257857711
nrc_groeneveld_24579pt__23765,802.0,247.13467025777155,638.3366480982097,585.8249451496911,1039.6036226245758,2533.639674487826,585.8249451496911
nrc_groeneveld_24579pt__23766,106.0,20.111555185805617,78.56047827852107,68.43760760188763,333.5069931068823,27.976632306006678,68.43760760188763
nrc_groeneveld_24579pt__23767,200.0,36.901857482961574,132.37837248047816,138.487301088117,585.7470284854824,52.08665254913287,138.487301088117
nrc_groeneveld_24579pt__23768,270.0,54.54163330506351,191.75217741581272,176.34346425338794,909.638414751371,78.60585225063198,176.34346425338794
nrc_groeneveld_24579pt__23769,332.0,71.19340554819763,282.61744653294426,255.69628843211223,1141.975870382676,110.67695578757264,255.69628843211223
nrc_groeneveld_24579pt__23770,381.0,93.08447681646845,253.96342075694696,233.44661224491247,1396.1387573996303,154.2984686628094,233.44661224491247
nrc_groeneveld_24579pt__23771,469.0,98.25402664835927,290.18617792171904,278.3966713205838,1292.6842967757095,180.65968387047778,278.3966713205838
nrc_groeneveld_24579pt__23772,613.0,120.30899833832703,335.8994251818486,270.22926139341314,1221.7752092367252,265.19644212532904,270.22926139341314
nrc_groeneveld_24579pt__23773,744.0,154.3027875648959,309.5960160503159,303.716806655181,1297.1261954628042,415.3005615337323,303.716806655181
nrc_groeneveld_24579pt__23774,889.0,190.02913689390044,374.85696945217927,364.10997186072547,1271.0633711771745,617.2685074829323,364.10997186072547
nrc_groeneveld_24579pt__23775,1162.0,264.52645480638427,538.2555848174655,552.1466587588428,1421.88905677602,1404.9331473906373,552.1466587588428
nrc_groeneveld_24579pt__23776,1461.0,364.7847887365278,652.199564536047,702.1080053609005,1610.0856623102977,3093.666116905383,702.1080053609005
nrc_groeneveld_24579pt__23777,50.0,1.5995959422045123,51.67001996508721,59.981585154534265,17531.484206010275,112.37702374415973,59.981585154534265
nrc_groeneveld_24579pt__23778,105.0,2.6976501498821994,95.5563630710235,103.53213478399117,27756.84583542698,225.8808855538271,103.53213478399117
nrc_groeneveld_24579pt__23779,176.0,8.56250372248008,237.79914470608128,213.65738748490284,30000.0,564.9893912306926,213.65738748490284
nrc_groeneveld_24579pt__23780,285.0,13.207712828263684,216.36495280415687,198.30971879454233,30000.0,914.8324004034569,198.30971879454233
nrc_groeneveld_24579pt__23781,373.0,14.21227549781642,230.16673380852285,193.80182114968306,30000.0,1142.278185524563,193.80182114968306
nrc_groeneveld_24579pt__23782,603.0,19.90795428269403,376.13254194514957,290.12064249667685,30000.0,1836.1281910455293,290.12064249667685
nrc_groeneveld_24579pt__23783,687.0,34.624820883367605,478.4664945890912,454.61369863798006,30000.0,2285.479219110154,454.61369863798006
nrc_groeneveld_24579pt__23784,189.0,2.783182406759341,106.67559761083163,105.9064604556931,21867.274117269728,228.26768068645006,105.9064604556931
nrc_groeneveld_24579pt__23785,245.0,5.367851192070809,121.52166275915889,112.22688849756348,30000.0,339.42480832120987,112.22688849756348
nrc_groeneveld_24579pt__23786,331.0,7.242054901924997,229.88844830903992,180.03470388687842,30000.0,453.48067586060915,180.03470388687842
nrc_groeneveld_24579pt__23787,402.0,8.79706548225477,223.1927090433675,216.51559323953634,30000.0,566.8684910586967,216.51559323953634
nrc_groeneveld_24579pt__23788,757.0,17.714206424323184,265.78917093668855,225.09764969323638,30000.0,1136.0910988087212,225.09764969323638
nrc_groeneveld_24579pt__23789,894.0,20.59830376912571,282.7002755765368,268.2200286637971,30000.0,1365.1967960975146,268.2200286637971
nrc_groeneveld_24579pt__23790,1147.0,31.08799086696761,406.3585510411878,416.6978886926757,30000.0,1820.8330773823438,416.6978886926757
nrc_groeneveld_24579pt__23791,1430.0,48.948189492247415,561.7641968611309,574.8045944035299,30000.0,2283.7585600116768,574.8045944035299
nrc_groeneveld_24579pt__24563,4034.1,2847.2404604829326,3448.563536629172,3374.969422960345,2794.413443412606,2976.443067474616,3374.969422960345
nrc_groeneveld_24579pt__24564,2525.3,2155.715903637884,2335.609882500569,2376.8872824170408,2627.772163024929,2077.6592214641455,2376.8872824170408
nrc_groeneveld_24579pt__24565,3595.6,2498.8903002497973,2904.7089958047054,2809.6189737730697,2517.350436079412,2581.1857490869847,2809.6189737730697
nrc_groeneveld_24579pt__24566,2191.0,1679.2173216185631,1902.5001300334798,1906.8136030263329,2245.577929362304,1643.1790574421052,1906.8136030263329
nrc_groeneveld_24579pt__24567,3042.4,2271.8337073242405,2345.50975782556,2597.913506202078,2256.658225636175,2265.1980879626103,2597.913506202078
nrc_groeneveld_24579pt__24568,1944.9,1556.6334206146323,1802.901424981162,1646.192557234647,2141.9518130493097,1534.2750151892417,1646.192557234647
nrc_groeneveld_24579pt__24569,2540.6,2047.624045936308,2071.646615320551,2215.798872774007,2116.5454672534142,2019.855257917794,2215.798872774007
nrc_groeneveld_24579pt__24570,1702.7,1373.736117740729,1678.0924617823616,1487.32337950776,2023.4306074248345,1408.8090814085583,1487.32337950776
nrc_groeneveld_24579pt__24571,1944.9,1935.4610568703501,1864.6140108053019,2162.0410008449862,1976.1892846399262,1869.5003080806832,2162.0410008449862
nrc_groeneveld_24579pt__24572,1444.9,1259.310666433909,1582.1684505696096,1353.7999630940383,1942.633831895469,1325.961841400516,1353.7999630940383
nrc_groeneveld_24579pt__24573,1575.1,1574.4678126684576,1543.925589585879,1798.1758862326387,1737.3199658897286,1516.2664394804708,1798.1758862326387
nrc_groeneveld_24579pt__24574,1111.4,1099.0949647353787,1320.7975102399498,1203.8265528517816,1850.7974374403232,1194.6151426010836,1203.8265528517816
nrc_groeneveld_24579pt__24575,819.5,1214.9544290568913,1457.5978797949936,1243.543882642075,1422.1915181058284,1056.4872967054382,1243.543882642075
nrc_groeneveld_24579pt__24576,954.1,1111.9078942206186,1368.4730410434881,1167.644280126454,1322.4234700926627,977.6771396955135,1167.644280126454
nrc_groeneveld_24579pt__24577,1097.4,1154.3435369113133,1354.5279084344108,1156.636516223847,1334.1373757563433,1000.7029552596108,1156.636516223847
nrc_groeneveld_24579pt__24578,1156.1,1108.9701694349208,1303.951227214203,1135.260998357255,1296.314771978314,969.7292051148625,1135.260998357255
zhao2020__14,2900.0,3171.569294394249,3659.050037526121,3139.048599870941,3046.2517072159176,2461.8040110503866,3139.048599870941
zhao2020__15,2000.0,2293.5634234247304,2351.229485183852,2427.0139110678124,2164.1605369900553,2045.6970106233853,2427.0139110678124
zhao2020__16,1100.0,1403.7948928413327,1727.3794714139144,1463.4197843017153,1762.4418490639546,1364.418891413005,1463.4197843017153
zhao2020__17,3100.0,2254.5022347018653,3075.5854032143543,3511.2342250308907,3624.9345525685185,2841.01692217703,3511.2342250308907
zhao2020__18,1700.0,1365.0131570071494,2162.199766619057,2308.180679451579,3798.1312306229725,1124.9042707866106,2308.180679451579
zhao2020__19,1100.0,1145.3113016011216,2347.876582924707,2064.943650629996,3247.925664420127,763.9925109163172,2064.943650629996
zhao2020__20,2800.0,1619.845721993481,2758.367679811255,3522.167186883943,7771.077587855859,6830.747679457645,3522.167186883943
zhao2020__21,2100.0,750.3280415795946,1631.4141545524155,2135.722953578967,10877.675801313739,950.1870302035251,2135.722953578967
zhao2020__22,900.0,341.9156514121801,828.491780403096,1060.887603242234,11756.155147045298,138.88150972478,1060.887603242234
zhao2020__23,1300.0,53.68308026277067,934.7032113623533,1358.7287941170516,30000.0,835.1463679624353,1358.7287941170516
zhao2020__730,3200.0,3779.3031240132113,3363.4238426722854,3105.1409100407745,4695.778900289454,4310.013547416442,3105.1409100407745
zhao2020__731,3300.0,3977.4809839927484,3354.4400276915503,3254.5086935333106,4861.523756850385,4596.590668701584,3254.5086935333106
zhao2020__732,3900.0,3961.9470833517285,3367.328492060927,3279.2973563044566,4826.764348879387,4550.475281115274,3279.2973563044566
zhao2020__733,3900.0,4146.47883496877,3755.2272177707346,3756.9273669473187,4997.900151699037,4862.4688646683,3756.9273669473187
zhao2020__734,5100.0,4232.706695035635,3785.6480062607184,4008.626892267103,5014.354219073373,4923.307387484237,4008.626892267103
zhao2020__735,5100.0,4286.167836872601,4006.8688865277213,4170.821978770602,5054.3043596279795,4996.793910120237,4170.821978770602
zhao2020__736,4600.0,4099.876952460401,3903.8798932273035,3898.548490943391,4858.444413888004,4677.457547705484,3898.548490943391
zhao2020__737,4600.0,3971.473619368001,3645.7456051298955,3621.7463638149347,4753.467665173847,4504.176553900284,3621.7463638149347
zhao2020__738,4000.0,4292.062799800336,3828.517164034485,4069.0670893154606,5012.284474955235,4940.623338104555,4069.0670893154606
zhao2020__739,4000.0,4357.9928157499635,4009.1338343441876,4233.161564033377,5066.387654682089,5037.733812880226,4233.161564033377
zhao2020__740,5400.0,4157.383744951844,4497.869109382404,4298.537214940136,4654.659062457109,4530.466374930027,4298.537214940136
zhao2020__741,6700.0,4819.554940420369,5080.171360190839,5529.999768249269,5229.408801550321,5461.523258367953,5529.999768249269
zhao2020__742,5700.0,4174.9327788312,4619.968613432323,4676.099205331089,4669.968941817497,4568.479781937636,4676.099205331089
zhao2020__743,5500.0,4447.126028335963,5095.014035345254,5236.903604253459,4901.535302087021,4933.512267692576,5236.903604253459
zhao2020__744,6800.0,4711.619742854487,5124.558081036964,5477.408836557074,5135.901264590271,5310.830126557908,5477.408836557074
zhao2020__745,4200.0,4018.51995209807,4484.330120432783,4421.319647563159,4546.239291593554,4380.834750259388,4421.319647563159
zhao2020__746,3900.0,4119.941232172037,4665.6474759755465,4690.123490117198,4626.423367838127,4504.814730765049,4690.123490117198
zhao2020__747,4400.0,3856.979794612869,3784.3062019984322,3842.9615426494283,4271.2504538921885,4007.2217626087336,3842.9615426494283
zhao2020__748,4900.0,4160.380309641219,4073.4706805282876,3995.6651934602087,4544.190900818239,4381.369262699955,3995.6651934602087
zhao2020__749,4900.0,4346.378026831181,4175.938992761153,4084.3815216259363,4728.677707801974,4634.514089792097,4084.3815216259363
zhao2020__750,5400.0,4166.154621710915,4165.333582241666,4096.759231298432,4546.59973842555,4373.485354270116,4096.759231298432
zhao2020__751,2100.0,3488.594820643786,2864.868964534742,2480.5067523955645,4170.610414871607,5568.460996689469,2480.5067523955645
zhao2020__752,2100.0,3592.2967179938796,3569.5267639906465,2598.423288784914,4353.446803722283,6048.024552042127,2598.423288784914
zhao2020__753,2500.0,3593.5317351336635,2501.491469160975,2712.84872123559,3781.4974179677106,4587.304556719489,2712.84872123559
zhao2020__754,2500.0,4020.268400798231,3103.9720618096776,2716.5487905804534,4292.772231016802,5752.815736604364,2716.5487905804534
zhao2020__755,3000.0,4296.039857002461,3146.593074041686,2960.396209845582,4166.85254403416,5260.481417461237,2960.396209845582
zhao2020__756,3100.0,4496.629506196494,3263.430364449121,3108.1650160362456,4320.01023201196,5520.802404318543,3108.1650160362456
zhao2020__757,3600.0,4777.380413344448,3781.5555422334764,3690.5591049575132,4538.7749807929,5526.7465984757,3690.5591049575132
zhao2020__758,3700.0,4800.0265591376965,3895.0561816941727,3752.049504630474,4569.825980405168,5508.122031707544,3752.049504630474
zhao2020__759,3700.0,4931.8569413072155,3922.7930712448783,3787.909096449764,4710.513010876864,5745.8202346222215,3787.909096449764
zhao2020__760,3900.0,2679.0551081590916,3225.907260561647,3554.1899262138945,3969.343639350037,2886.5260884666027,3554.1899262138945
zhao2020__761,7000.0,5236.47895964937,5238.702700637127,5353.7118079949205,5861.407316798913,5922.440677170968,5353.7118079949205
zhao2020__762,9000.0,7253.221267059156,5665.011912773456,6274.36912308666,7998.20398814988,9651.739986361401,6274.36912308666
zhao2020__763,3800.0,4319.452729198418,3818.5799784173455,4081.4537740974697,4694.72681703429,4248.883009694834,4081.4537740974697
zhao2020__764,6600.0,6908.3037997800175,6115.22043030642,6348.832925437736,7452.31032840749,8679.555029981795,6348.832925437736
zhao2020__765,3900.0,3133.759871249331,4400.970649663685,4465.7038528197945,3558.424624127214,3166.8516198365733,4465.7038528197945
zhao2020__766,13000.0,12176.714228016845,9440.556103017672,10853.796284948416,19922.16510752193,16504.380971275532,10853.796284948416
zhao2020__767,5000.0,4314.533749256957,6715.840152548483,6153.859656925456,4977.624595366602,4397.932705772387,6153.859656925456
zhao2020__768,6000.0,3883.7131464258573,4575.8707680331845,4724.015715112195,4839.544561173912,3393.8687713768986,4724.015715112195
zhao2020__769,12700.0,9299.59485292489,11120.67785954083,12389.672455889278,20783.46436683698,7488.365043510558,12389.672455889278
zhao2020__770,7700.0,6923.988447413767,7439.606821502612,10830.154416385456,12733.987732602483,5630.317676025636,10830.154416385456
zhao2020__771,2100.0,1619.7884407043962,2992.3157256570335,2208.659324276635,2417.859265905572,1695.0846075882537,2208.659324276635
zhao2020__772,2100.0,1647.9775431998855,2991.619687013758,2261.197643005015,2443.2931091901273,1725.0301220489698,2261.197643005015
zhao2020__773,2100.0,2034.5478362998567,3219.054726869019,2845.99255080849,2758.1996868481983,2124.3307874195025,2845.99255080849
zhao2020__774,2100.0,1775.3419556958258,2703.582521457522,2298.825204443594,2447.6797433969773,1789.4766152283853,2298.825204443594
zhao2020__775,2200.0,2643.0527728855945,2841.0280825480254,2890.1140984435547,2945.6305294772396,2607.7472781475103,2890.1140984435547
zhao2020__776,1700.0,2448.4479510583046,2840.8934282430114,2686.963361906,2797.5135167561393,2405.833229504656,2686.963361906
zhao2020__777,1700.0,2493.9461390806287,2771.4538816873646,2686.963361906,2832.5446981585483,2453.204474142047,2686.963361906
zhao2020__778,2700.0,2138.193928314713,2476.9588880826864,2485.4627990622957,2551.6313283126296,2080.5997333704204,2485.4627990622957
zhao2020__779,2700.0,2299.8391255348365,2592.383841642692,2608.1061309150527,2677.7518973669585,2255.0435156814638,2608.1061309150527
zhao2020__780,2700.0,2338.1562460746427,2756.6668060609004,2612.0149051791263,2708.1462598939333,2295.4168970424207,2612.0149051791263
zhao2020__781,2100.0,2547.9394308298006,2824.2885909525544,2763.319173561709,2871.3527736303845,2515.398842021523,2763.319173561709
zhao2020__782,2100.0,2591.613309680359,2833.836358362899,2896.387610774819,2904.675742137859,2560.943682897132,2896.387610774819
zhao2020__783,2100.0,2628.579520155213,2841.0744252096865,2932.6251973336334,2932.7050754936918,2599.418991550143,2932.6251973336334
zhao2020__784,3100.0,2520.5048073521716,2828.1564289656817,2765.9065674386165,2848.5899565260834,2493.580449218194,2765.9065674386165
zhao2020__785,3100.0,2592.921486371745,2870.158031050522,2930.858406723082,2904.3010791579018,2569.6234113109513,2930.858406723082
zhao2020__786,3200.0,2550.4293367087967,2861.8564465541544,2796.206281287697,2871.687449613819,2525.0336514003166,2796.206281287697
zhao2020__787,3100.0,2624.617618932784,2846.1241465046905,2964.488451550657,2928.1361225510436,2611.053207292718,2964.488451550657
zhao2020__788,2200.0,2274.120491682132,2437.0567908537105,2636.5999142720307,2643.6417863836573,2249.9217253116435,2636.5999142720307
zhao2020__789,2300.0,2205.157624343719,2461.3798877419727,2641.905183849873,2587.0556329442193,2175.473273402398,2641.905183849873
zhao2020__790,2400.0,2189.6234957128,2507.9005912503276,2670.977042819335,2573.3698963789225,2165.342079579131,2670.977042819335
zhao2020__791,2500.0,2373.8315615826145,2804.4826126922053,2794.506696597027,2715.5150794854026,2360.9694929491575,2794.506696597027
zhao2020__792,2500.0,2638.4794098321577,2862.88392414791,3006.038465312603,2902.675379936572,2645.6041689752456,3006.038465312603
zhao2020__793,2600.0,2643.3041515248974,2845.621726403581,3041.9195874410293,2900.35558939542,2648.4204805738495,3041.9195874410293
zhao2020__794,2200.0,2078.0247121161433,2625.3568188745153,2739.6159229040686,2460.2186516969437,2071.992990793432,2739.6159229040686
zhao2020__795,2700.0,2641.3657196996246,2835.9614657813217,3065.2117352713517,2893.2392359647133,2644.2970763900175,3065.2117352713517
zhao2020__796,2500.0,2564.924992282329,2925.2413504614497,3005.441057077588,2835.078661718103,2569.3473365860923,3005.441057077588
zhao2020__797,2600.0,2440.4601720506107,2834.291189845937,2847.083126361118,2740.822988917647,2450.4477307795587,2847.083126361118
zhao2020__798,2600.0,2479.997548666644,2882.2057836985105,2864.3855684242385,2770.956518973924,2490.571086828873,2864.3855684242385
zhao2020__799,2700.0,2491.5956608786682,2884.2558205267337,2904.2869539552057,2779.767730639126,2502.3236084765167,2904.2869539552057
zhao2020__800,3000.0,2757.795034166769,2977.544876528121,3162.6527912377496,2979.0357686278903,2774.0991793941585,3162.6527912377496
zhao2020__801,3000.0,2750.602789786825,3014.51109452024,3032.428125624956,2975.639520024265,2773.666927080321,3032.428125624956
zhao2020__802,3000.0,2750.602789786825,3014.51109452024,3032.428125624956,2975.639520024265,2773.666927080321,3032.428125624956
zhao2020__803,3100.0,3061.3977382951466,3185.742398951786,3314.3589021925477,3222.010128934648,3111.177591221171,3314.3589021925477
zhao2020__804,3200.0,3011.3017984919898,3155.873075907398,3322.0287291177374,3179.5169397342206,3057.6404095598573,3322.0287291177374
zhao2020__805,3600.0,3624.328040428244,3503.303520932096,3731.485699847231,3677.7094181922967,3748.341329140709,3731.485699847231
zhao2020__806,3700.0,3586.0110020705733,3496.9874435863935,3731.485699847231,3647.3705083661007,3706.3692447300596,3731.485699847231
zhao2020__807,3600.0,3505.2614582041606,3488.7709847580413,3584.1199087491655,3595.317594598103,3630.1631199905087,3584.1199087491655
zhao2020__808,3600.0,3831.342314785761,3815.530025539721,3958.9573140779503,3963.4847389439383,4068.563449815604,3958.9573140779503
zhao2020__809,3600.0,3894.499259923673,3842.7665601649223,3958.9573140779503,4011.9955195585176,4131.600035997195,3958.9573140779503
zhao2020__810,3600.0,3769.475406306685,3865.5662065701163,3954.265944513147,3974.3623748209225,4052.410597408527,3954.265944513147
zhao2020__811,2200.0,2222.74620511817,1529.8664092304887,1498.9519909808882,2902.8194592432574,2269.0021785783047,1498.9519909808882
zhao2020__812,2500.0,2618.9894784791363,2008.7099919890882,2131.2380826566223,3511.1582887486493,2937.2868614054787,2131.2380826566223
zhao2020__813,2500.0,2185.6521592620443,2930.5918722286806,2520.1471775135183,3269.509441056297,2497.578185622348,2520.1471775135183
zhao2020__814,3300.0,3475.27546712102,3095.613496947277,3586.8508424323727,4173.714178366742,3861.412412701228,3586.8508424323727
zhao2020__815,2700.0,2583.7537009903353,3394.8372366537074,3236.701998068171,3567.9689069539304,2907.8443710509096,3236.701998068171
zhao2020__816,3400.0,3660.7407162000377,3222.1916555614234,4033.0902453698936,4276.763951389478,4044.8092218808592,4033.0902453698936
zhao2020__817,2500.0,2219.317498349926,3374.1025718195183,3134.845896110462,3266.9633028295425,2496.1725075182417,3134.845896110462
zhao2020__818,2000.0,1692.8541710727468,3094.3972565213876,2771.4831604455794,2703.9282545892656,1818.759986463886,2771.4831604455794
zhao2020__819,2900.0,2565.9641091475055,3334.6556508970616,3361.6450701710482,3523.559048212723,2857.8837070675354,3361.6450701710482
zhao2020__820,2000.0,1823.3456740951942,3248.7744433165867,2363.939929272484,2853.361890696879,1996.6904008900578,2363.939929272484
zhao2020__821,4200.0,4710.784498695376,4417.868510240527,4979.718155237942,4876.214169132651,5248.43767338983,4979.718155237942
zhao2020__822,2200.0,1802.4003322643127,2542.754546479322,2227.09785954445,2714.3192185731223,1965.676465569785,2227.09785954445
zhao2020__823,3500.0,3417.2790291839597,3262.9104489021706,3431.5303452093963,3779.9366342872445,3444.6609366637263,3431.5303452093963
zhao2020__824,5200.0,5490.789803195836,5566.296330370684,5606.469424680515,5226.615618867256,5987.5215245153195,5606.469424680515
zhao2020__825,2900.0,2678.837387178342,3211.851777295785,3246.4045719710575,3111.159937550289,2677.8540159655668,3246.4045719710575
zhao2020__826,4200.0,3854.461508792114,3876.759177040691,4222.603471298852,3872.885350198759,3799.702073130977,4222.603471298852
zhao2020__827,4200.0,3901.540751554257,3887.5890173735197,4222.603471298852,3900.412365319683,3842.152322773747,4222.603471298852
zhao2020__828,4200.0,3873.597639224432,3901.9284137071427,4204.067607792495,3881.536292416042,3815.284079667965,4204.067607792495
zhao2020__829,4200.0,3911.582950668455,3944.387980363189,4252.2097655857715,3899.0956158894387,3846.531818413031,4252.2097655857715
zhao2020__830,4100.0,3966.3685237782847,3990.606361974628,4408.03337729557,3926.167960325067,3892.797705858479,4408.03337729557
zhao2020__831,4200.0,3950.3500831043984,3970.500491026616,4273.623771599513,3916.855941251543,3878.404036986552,4273.623771599513
zhao2020__832,4300.0,3936.3667229660673,3969.3519409408923,4279.742059032011,3907.3482675877085,3864.9889830510533,4279.742059032011
zhao2020__833,4300.0,3810.97172624499,3918.2118221721526,4199.278351517122,3833.4472844438105,3751.317123556135,4199.278351517122
zhao2020__834,4300.0,3960.004147879978,4002.0258886170814,4351.985567191782,3913.5543687239874,3881.8034145562196,4351.985567191782
zhao2020__835,4300.0,4073.893457296488,4321.069470358035,4707.846900889106,3984.4525385837583,3995.904969116965,4707.846900889106
zhao2020__836,6200.0,6508.744695712728,6213.973055187544,6611.0952193751755,6150.36532341638,7483.186091880679,6611.0952193751755
zhao2020__837,4700.0,4584.019651077339,4245.914213732354,4230.126512815889,4276.279625960173,4593.721838387494,4230.126512815889
zhao2020__838,3200.0,2405.604567054781,2891.849271761252,3022.621941219005,2742.0704529136174,2387.8790595126334,3022.621941219005
zhao2020__839,5000.0,5223.80236200748,5176.083692155733,4698.216501200112,4905.093969108716,5546.215160853446,4698.216501200112
zhao2020__840,7300.0,7417.9865129136015,7122.766385462776,7499.259629205138,7129.0778596552,8643.185877033866,7499.259629205138
zhao2020__841,3100.0,3049.398290447704,3228.8203247282063,3449.7420862425774,3198.640241631254,3103.0887892962946,3449.7420862425774
zhao2020__842,5900.0,5381.17027359518,5606.900298571765,5287.170969050123,5358.081455843864,5941.751365677187,5287.170969050123
zhao2020__843,3200.0,3254.207191656191,3508.4921835667815,3701.2484829482632,3472.2073992504447,3466.520507356261,3701.2484829482632
zhao2020__844,9000.0,8283.839657716602,8662.888606194198,9062.494781483032,11634.439284926997,10728.664906082427,9062.494781483032
zhao2020__845,1200.0,2568.3829915282704,1792.043716230038,1888.52104167172,3429.4690256821896,2931.235369194024,1888.52104167172
zhao2020__846,3200.0,3609.962098070121,1955.2607174681734,2320.5776457887996,4359.910428932887,5003.884283614524,2320.5776457887996
zhao2020__847,1600.0,2217.127479015665,2048.7424824500217,2079.844791698263,3198.816303591429,2512.2010194626523,2079.844791698263
zhao2020__848,1600.0,2452.5310446907906,2166.083081371792,2165.8136643514044,3397.583834437727,2760.931901658796,2165.8136643514044
zhao2020__849,1600.0,2165.243693957775,2351.8270553432017,2292.941175966856,3208.738479237281,2472.090714329919,2292.941175966856
zhao2020__850,2100.0,3462.9454916636623,2882.13266671714,2880.6081995838085,4381.564415994528,4438.368647518545,2880.6081995838085
zhao2020__851,1900.0,2638.4937366897657,2889.8111766939487,2530.952028859134,3590.2205091107976,2983.857974983645,2530.952028859134
zhao2020__852,3200.0,3075.233994288978,2831.126358555707,2759.7938309983706,3995.3775502364215,3646.1394626723954,2759.7938309983706
zhao2020__853,2200.0,3154.288676932203,2836.0544646999288,2841.7686316989025,4044.1839542219855,3727.2385266164492,2841.7686316989025
zhao2020__854,2400.0,3640.509456192157,3040.0513902083617,3184.0811071203793,4562.6292154134335,4784.209137307205,3184.0811071203793
zhao2020__855,2000.0,2683.7500261985406,2934.204754926059,2613.5840622544897,3642.2029955034063,3057.275604957259,2613.5840622544897
zhao2020__856,4600.0,5086.263309362742,5419.925459000671,4716.92987648302,5351.219613199484,7137.758204219311,4716.92987648302
zhao2020__857,4600.0,4662.7941324901585,4717.952876735076,4330.147337298816,5256.197796406377,6576.645985603727,4330.147337298816
zhao2020__858,3300.0,3967.603067482908,3469.085188299639,4065.345735743553,4733.751491048715,5018.859966471752,4065.345735743553
zhao2020__859,2300.0,2070.6301893235473,3370.206536131419,3048.428712235602,3082.1124226777843,2278.2778630746684,3048.428712235602
zhao2020__860,3600.0,1721.017672401911,3008.4970719000053,2103.0239600651307,2736.2914280682066,1878.5101801814337,2103.0239600651307
zhao2020__861,3100.0,2431.25584513925,3000.0755169912786,3027.9310117117316,3348.397061414606,2675.2993813183384,3027.9310117117316
zhao2020__862,3000.0,3876.404455149362,3437.757254192646,4019.4182625213843,4277.975424113594,4144.75120684016,4019.4182625213843
zhao2020__863,2800.0,2387.7532696975577,3055.038663337929,3015.067000134993,3280.981632826377,2599.5926885202794,3015.067000134993
zhao2020__864,3200.0,4168.079324749663,3686.5798655105405,4279.765084694313,4502.441777704871,4568.122764576465,4279.765084694313
zhao2020__865,3900.0,4335.316661521771,3931.683043411461,4681.484343356767,4669.974609885868,4879.250418947754,4681.484343356767
zhao2020__866,5300.0,5945.311941456567,5495.925464545867,6732.609103784661,6154.447321119089,7979.929233244701,6732.609103784661
zhao2020__867,4700.0,4610.936835609309,4388.148083194525,5198.850397806412,4932.689506986124,5380.253366936296,5198.850397806412
zhao2020__868,3900.0,4218.2299703161125,3792.815762406632,4212.981173877312,4467.441614381766,4529.710694617661,4212.981173877312
zhao2020__869,4200.0,4498.523659613943,4323.066200416782,4683.119518797836,4724.2798097888635,5007.134994707143,4683.119518797836
zhao2020__870,6400.0,6160.554109859418,5254.4463546841,6160.728050719569,6347.24147850374,8233.81003518435,6160.728050719569
zhao2020__871,2200.0,1398.6576911669495,2814.6774221349397,2137.7982833288247,2205.1570953328956,1467.9248296459314,2137.7982833288247
zhao2020__872,2300.0,1394.3840756652485,2993.7087128328685,2202.2830240199673,2173.1062426230083,1447.0280446172017,2202.2830240199673
zhao2020__873,2700.0,1839.7572869545857,2800.919776456139,2405.6088039101196,2504.0927747016217,1873.7480050165618,2405.6088039101196
zhao2020__874,2700.0,1898.550177143419,2688.4309625529454,2488.098873837002,2522.4807533803237,1910.9994704318456,2488.098873837002
zhao2020__875,3700.0,2615.9013403888316,3474.8064594560656,3358.9111204031424,3006.7913931143316,2583.9835661070124,3358.9111204031424
zhao2020__876,3100.0,2356.966669705869,3306.465168514782,3075.808681793377,2821.3775329740592,2330.289025974381,3075.808681793377
zhao2020__877,3200.0,2295.470559611217,3303.966756648194,2983.6221012613587,2776.1691024082993,2269.6997278398726,2983.6221012613587
zhao2020__878,4300.0,3162.0894007539996,4073.3552152149,4028.988744216665,3329.823213831224,3096.6690417942227,4028.988744216665
zhao2020__879,5000.0,3684.2341155475997,4558.592337753692,4706.6557450516875,3639.6864999446166,3610.0150629801865,4706.6557450516875
zhao2020__880,4100.0,4953.285077660515,5198.433886294935,6302.918228749816,4538.43311031628,4999.627266124052,6302.918228749816
zhao2020__881,5300.0,5830.637712206572,5539.10127241605,5937.036109812727,5322.39825524879,6245.449870828161,5937.036109812727
zhao2020__882,5300.0,3927.2528964383237,3628.132010126303,3535.5962588145567,3792.816435910429,3873.997959899751,3535.5962588145567
zhao2020__883,5800.0,6277.388157278352,5855.87939549679,6417.800733320512,5821.595634277297,7023.165166217814,6417.800733320512
zhao2020__884,5800.0,4468.346806588988,3956.840439116558,4002.8304083680678,4165.30471216478,4443.8152858948715,4002.8304083680678
zhao2020__885,4800.0,4498.063755859184,4027.4216122133075,4098.7931688392055,4192.67516587581,4494.355990820324,4098.7931688392055
zhao2020__886,5700.0,5692.54901955148,5532.0675955093675,6104.339521985693,5188.8149869799045,6037.6258246073985,6104.339521985693
zhao2020__887,6900.0,7643.0460566894735,7109.941812976549,7724.096719662603,7961.044403612508,10076.918375826805,7724.096719662603
zhao2020__888,6900.0,6029.327781637414,5948.0608343648455,6366.944664197816,5552.055150596987,6591.477601849995,6366.944664197816
zhao2020__889,6200.0,6874.5400788484485,6714.939733459626,7284.610819738198,6695.834794678233,8299.060634901429,7284.610819738198
zhao2020__890,6200.0,4968.829072858175,4755.64946914433,4502.864916578322,4604.486771861078,5141.059943113709,4502.864916578322
zhao2020__891,8200.0,8127.8598764354,7562.050924865891,8434.61612003572,8955.093127507225,11303.41337074252,8434.61612003572
zhao2020__892,7900.0,8128.813221029898,7562.050924865891,8434.61612003572,8957.121420219557,11305.817602342235,8434.61612003572
zhao2020__893,2500.0,1902.56849897746,2502.211391425877,2590.7467567724025,2332.5316790092725,1887.0519726447994,2590.7467567724025
zhao2020__894,2600.0,1929.008912296346,2552.1288917893485,2623.0668602374967,2345.8558590671446,1915.933445544349,2623.0668602374967
zhao2020__895,10000.0,9490.639547039962,8167.308322221779,8701.15079355754,11917.082578826436,14041.923767914637,8701.15079355754
zhao2020__896,3300.0,2414.845142576058,3018.278089075547,3075.984723737644,2706.752154582611,2411.7119001066517,3075.984723737644
zhao2020__897,3100.0,2641.715869467175,3013.7833885401988,3262.4606693586907,2873.660119177012,2647.813985273088,3262.4606693586907
zhao2020__898,4000.0,3177.843179090307,3592.9666762316037,3672.433103725734,3291.717504789838,3250.403974981174,3672.433103725734
zhao2020__899,4300.0,3004.0752177464337,3478.6985686628295,3456.9789333105446,3158.211318049358,3067.9639289722313,3456.9789333105446
zhao2020__900,4800.0,3808.561272657977,4014.2176429932815,4062.5019051028694,3796.7040186415443,3953.4376114261877,4062.5019051028694
zhao2020__901,5300.0,4967.83093349428,5264.243407547198,4934.133032204138,4878.34676089454,5370.915359333619,4934.133032204138
zhao2020__902,6400.0,8037.838569037811,8021.407829290411,8369.517188150576,8368.370972093528,9575.088508131974,8369.517188150576
zhao2020__903,5400.0,4796.492194394474,4845.2394527346805,4743.608384517785,4758.489307952845,5170.765937950556,4743.608384517785
zhao2020__904,6700.0,6376.155202192098,6681.195127000905,6238.525806117829,6490.112225810855,7295.957372712403,6238.525806117829
zhao2020__905,3000.0,2451.667438187382,3082.458281975066,2964.3524778134656,2707.4824138493577,2483.285413112631,2964.3524778134656
zhao2020__906,6800.0,7807.496055396107,7919.622463967883,8170.876329507873,8279.669011659358,9233.733939077207,8170.876329507873
zhao2020__907,6800.0,4523.480586522125,4752.098299260747,4348.852583358409,4561.424602386703,4845.358658484946,4348.852583358409
zhao2020__908,2800.0,2683.6196333229677,3064.1600115861156,3201.366130704371,2932.4932474296065,2764.115950223123,3201.366130704371
zhao2020__909,2900.0,2535.7117956198576,3111.435029881049,3072.183629102455,2783.6520223960792,2577.4203908473673,3072.183629102455
zhao2020__910,9500.0,10105.997149107141,8902.958848609967,10302.647206030846,14445.818996140995,13808.745319291143,10302.647206030846
zhao2020__911,4100.0,3073.9546870538884,3792.9187804611583,3454.0561158694377,3290.994654114512,3175.98847639478,3454.0561158694377
zhao2020__912,9500.0,10166.818096835837,8897.460307834843,10302.321342744284,15054.175756059087,13921.930503529205,10302.321342744284
zhao2020__913,3800.0,3381.7179242091706,3829.3931414523176,3772.6562017120864,3591.4911813805966,3506.8467791185935,3772.6562017120864
zhao2020__914,10200.0,10381.112363382623,9236.108434360402,10381.406375324912,16710.486567419623,14567.026895391367,10381.406375324912
zhao2020__915,5000.0,3800.499399027227,4357.787671300774,4348.713842614293,4011.147767281243,3944.568193007487,4348.713842614293
zhao2020__916,12700.0,11019.976915529222,11170.188570066526,10645.239490972192,23337.217149526346,16350.28867997448,10645.239490972192
zhao2020__917,4700.0,4137.197804444592,4488.182228551734,4429.108749389533,4359.616000587303,4311.862291975238,4429.108749389533
zhao2020__918,4200.0,4627.929165423858,4645.994219753874,4817.061842541223,5036.210449466424,4906.7969723929655,4817.061842541223
zhao2020__919,5900.0,5137.2805851165585,5251.75299823253,5330.135340323715,5956.5738071408105,5714.318245953703,5330.135340323715
zhao2020__920,5500.0,5100.971699782057,5085.8618721122575,5123.972620459137,5968.115445233322,5594.347777766012,5123.972620459137
zhao2020__921,3000.0,3365.0245352366283,3820.4860131512123,3587.2709529170174,3618.4796088683197,3281.2025729372795,3587.2709529170174
zhao2020__922,6000.0,6388.132164454524,5465.078770984001,6933.292042712809,8700.55506139153,7535.281502790376,6933.292042712809
zhao2020__923,6300.0,5712.900571895408,4913.224344374637,5899.838426913158,7257.071565173151,6435.023675625821,5899.838426913158
zhao2020__924,7300.0,6407.628933693716,5465.917234619024,6979.156026861119,8771.428688825954,7506.520638347917,6979.156026861119
zhao2020__925,7200.0,7845.265635873174,7483.248113981756,8825.818495173497,12698.255900763203,9361.27562058513,8825.818495173497
zhao2020__926,8600.0,9764.96193262432,9815.624791726972,10983.219968687416,21344.716081187427,12199.15941932281,10983.219968687416
zhao2020__927,10800.0,10077.073033074152,10561.596690769427,11753.905115761374,23422.084531071552,10755.125727417038,11753.905115761374
zhao2020__928,10700.0,10209.158589834758,10602.421760297097,11884.498355560607,24248.767703950387,10798.41335913044,11884.498355560607
zhao2020__929,4900.0,4863.352837231447,4841.124531127624,4850.464987086682,6479.880178820645,4789.1586675474355,4850.464987086682
zhao2020__930,10000.0,11733.20426125793,12473.584315798013,12045.51195279082,30000.0,12025.631360382245,12045.51195279082
zhao2020__931,14800.0,12027.770716435929,13015.709183025898,12481.096105297818,30000.0,10994.253261048427,12481.096105297818
zhao2020__932,6700.0,6591.75154992837,6148.075575765999,7348.722120870885,10824.856633444766,6142.470847828714,7348.722120870885
zhao2020__933,3500.0,3611.74516265138,4169.702393301156,3951.2835748924203,4334.602597114397,3153.611588550614,3951.2835748924203
zhao2020__934,7900.0,8146.691224137538,9045.067744846487,10893.524839027072,16579.33002804939,6186.430559849504,10893.524839027072
zhao2020__935,3500.0,3473.4409738146064,3370.3524710793067,3383.410975965695,3873.44231707104,4674.087022102001,3383.410975965695
zhao2020__936,2400.0,2599.6876753773718,3012.637746883829,2724.6182750150747,3072.083879959471,2926.888835428211,2724.6182750150747
zhao2020__937,1600.0,2823.7247326492293,3049.791676263979,2896.360119291236,3240.4611002325514,3239.9291975087617,2896.360119291236
zhao2020__938,3400.0,3435.1673559206884,3317.015491666892,3335.851163104936,3831.2112047401292,4553.344511774098,3335.851163104936
zhao2020__939,3400.0,3464.245394895719,3314.6917905246073,3335.851163104936,3858.399568279694,4624.3112063952485,3335.851163104936
zhao2020__940,3500.0,3547.9000934507,3393.828574942,3372.7943582562043,3932.941023148704,4825.348826035455,3372.7943582562043
zhao2020__941,3500.0,3134.0848644529237,3304.475827632651,3154.726184292822,3509.489685599586,3790.8872803916684,3154.726184292822
zhao2020__942,3300.0,3401.036723316998,3305.8968428100175,3242.5931203020336,3798.460945426126,4469.4131931505935,3242.5931203020336
zhao2020__943,3200.0,3570.0533297046873,3394.830864314239,3372.7943582562043,3951.754593330662,4877.731418164647,3372.7943582562043
zhao2020__944,3000.0,3247.5936581989977,3218.5462950214737,3272.262723578058,3640.2890921319486,4085.334352490093,3272.262723578058
zhao2020__945,3600.0,3796.286354327113,3809.0217879648458,3990.7807781349056,3679.8874523045583,4036.078800273616,3990.7807781349056
zhao2020__946,5000.0,5118.950763662798,5064.727331292633,5063.996705641968,5180.489157712527,5916.077256007586,5063.996705641968
zhao2020__947,8900.0,9389.288540236921,8704.573741436283,8800.754490312998,16060.414469643129,14528.946359096393,8800.754490312998
zhao2020__948,8400.0,9360.573382155379,8588.07823006765,8800.754490312998,15202.244038914938,14155.46275943147,8800.754490312998
zhao2020__949,5900.0,5758.320685061163,5731.366011473618,5802.2471029482285,6134.209837666963,7029.179782930407,5802.2471029482285
zhao2020__950,4500.0,4599.57999936101,4383.864440113786,4461.006893381551,4456.484957701736,5010.772103767549,4461.006893381551
zhao2020__951,7900.0,9348.609494685648,8060.52466175114,8845.912295565458,14287.543340927825,13645.855538348284,8845.912295565458
zhao2020__952,6800.0,6795.306747303754,6830.202148023415,7443.769743857892,7562.666426350708,8538.749209294438,7443.769743857892
zhao2020__953,6600.0,6684.399194056586,6772.725474786685,7075.729077856976,7490.574248245405,8427.412319714194,7075.729077856976
zhao2020__954,9300.0,9521.223835988329,9191.634603752971,8520.55770392031,18151.454908017164,15069.01500876458,8520.55770392031
zhao2020__955,2300.0,2196.138390369907,2107.6565780220576,1783.5306784927825,2444.2412985093447,2019.555901365776,1783.5306784927825
zhao2020__956,3100.0,2513.9983320293013,2135.0113718591274,1901.7910806756192,2944.5168556192534,2691.18252930739,1901.7910806756192
zhao2020__957,2200.0,2270.2457155509514,2268.755551998084,1880.92335469411,2567.926900977557,2157.376909131821,1880.92335469411
zhao2020__958,2700.0,2514.74383057891,2170.407787834622,1967.8901220044365,2957.6742603851317,2695.87176617725,1967.8901220044365
zhao2020__959,1800.0,2209.715414103087,2266.9495462839977,1832.1241636701297,2497.219742216766,2066.223103449468,1832.1241636701297
zhao2020__960,3200.0,3200.107706303197,2229.2965346851684,2167.8743561631604,3402.5523661367715,3583.845996691991,2167.8743561631604
zhao2020__961,2700.0,2621.952858097247,2217.1024990337414,2075.2885612128753,3036.7205247681277,2804.160267985076,2075.2885612128753
zhao2020__962,3600.0,2879.0886557372714,2230.9884952547823,2108.7938750449684,3242.639577699237,3181.65729871494,2108.7938750449684
zhao2020__963,3400.0,3218.793610002352,2279.186015185573,2222.0897032286475,3426.215747401678,3587.855881288049,2222.0897032286475
zhao2020__964,2300.0,2403.5918132249817,2249.5187779971347,2069.5667377350337,2828.7126826619633,2471.7546981149653,2069.5667377350337
zhao2020__965,3200.0,3400.2403540782084,2396.60078076341,2378.5981753646474,3539.7941078103636,3817.517530859549,2378.5981753646474
zhao2020__966,3500.0,3428.55920186665,2412.9263991609805,2394.8011602104557,3556.7090372336984,3851.8777523240446,2394.8011602104557
zhao2020__967,1700.0,2021.8376550184248,3097.8717741401083,2237.4715298365422,2599.579823311349,2049.9809034523414,2237.4715298365422
zhao2020__968,2200.0,2489.0799123379115,2951.9639696895106,2520.5550562264407,2988.228873365412,2535.5212382964173,2520.5550562264407
zhao2020__969,2300.0,2460.5465896367646,2960.87084693881,2514.686447919947,2963.074684830578,2500.6282966882463,2514.686447919947
zhao2020__970,2700.0,2900.0899263702736,2985.2000597203155,2772.8150107117076,3372.084284568389,3114.2876044799013,2772.8150107117076
zhao2020__971,1800.0,2014.4475623262765,3159.9079161819805,2264.0218678722586,2594.5081833112154,2037.6221436201663,2264.0218678722586
zhao2020__972,2700.0,2848.428430568125,2996.0816759033232,2737.3288642827893,3323.1188526405044,3031.3464385741677,2737.3288642827893
zhao2020__973,4100.0,3956.2939426152557,3175.9277960622335,3267.1614675838255,3966.8154184535983,4444.358483165788,3267.1614675838255
zhao2020__974,3200.0,3563.8394171947034,3042.1195725318453,3089.765578422343,3755.532506338465,3833.6047968638813,3089.765578422343
zhao2020__975,3200.0,3590.0648356012316,3090.9849966833144,3132.360437933998,3779.0623421311147,3866.8328188224887,3132.360437933998
zhao2020__976,3600.0,3934.032217432736,3220.7367687425913,3336.9726100535654,3980.377860851903,4411.491325585587,3336.9726100535654
zhao2020__977,4000.0,4088.0607495955737,3295.1930012159764,3658.802289111967,4031.7700932541707,4588.942760743826,3658.802289111967
zhao2020__978,1400.0,1759.7434566490654,2364.028316488804,2165.483736693673,2419.9414494833795,1770.9337839527511,2165.483736693673
zhao2020__979,2700.0,2856.272380949329,3247.0859285389756,2754.5144885073964,3267.037413021632,2827.7930424001706,2754.5144885073964
zhao2020__980,2700.0,2792.194078289574,3258.502832336109,2785.9793347040763,3210.152311524752,2745.871747734797,2785.9793347040763
zhao2020__981,2300.0,2340.1311001621275,3036.4249121153916,2532.115291680447,2882.1932825840076,2306.0017999116435,2532.115291680447
zhao2020__982,3600.0,4161.745253513101,3540.5494836369526,3887.2855431010325,4101.788055959454,4199.389757092506,3887.2855431010325
zhao2020__983,1300.0,1768.7743793643335,2464.2343411099273,2278.1589316856043,2434.3263447164704,1775.503935922165,2278.1589316856043
zhao2020__984,1800.0,2183.8743716400254,2774.9535006218425,2384.569946942253,2757.6502392015313,2150.0297027629517,2384.569946942253
zhao2020__985,3600.0,3905.518651729097,3443.278955950843,3481.9236707537475,3924.801937607496,3867.8375203089545,3481.9236707537475
zhao2020__986,3200.0,3451.4045434770574,3368.7647559558495,3238.0544187614523,3626.4171582815707,3366.3810559887643,3238.0544187614523
zhao2020__987,1400.0,1738.5114280113735,2468.069798039523,2291.157594125086,2411.1290914114416,1749.278244127418,2291.157594125086
zhao2020__988,1800.0,2033.2093166467264,2677.1838034929406,2316.2726005227432,2648.0037104842295,2018.0403046107135,2316.2726005227432
zhao2020__989,4500.0,4469.684665619406,3673.9242639644153,4067.142814850683,4347.994834183327,4687.382586380842,4067.142814850683
zhao2020__990,5000.0,5040.6664763095305,3764.821352778584,4765.237883338833,4609.43349573027,5341.790377979877,4765.237883338833
zhao2020__991,4100.0,4354.976111940942,3624.913290944557,3951.3992662892924,4261.7545898467415,4505.436853170752,3951.3992662892924
zhao2020__992,1800.0,2345.0943557169235,3099.3902310718454,2462.988385948992,2884.4341544653375,2307.8297959476877,2462.988385948992
zhao2020__993,2700.0,2916.669148687623,3417.3344923380023,2862.2169101945256,3266.3294699108046,2822.4471331960644,2862.2169101945256
zhao2020__994,5300.0,5240.340816767413,3858.012072313286,4814.616042901238,4664.626603279851,5488.938735281176,4814.616042901238
zhao2020__995,4500.0,4693.732407270366,3736.609446291796,4349.318586837976,4484.9478119317355,4983.866538230377,4349.318586837976
zhao2020__996,4100.0,4286.808951992156,3697.5033708540072,4046.4553014996627,4197.991938543199,4362.1281575363,4046.4553014996627
zhao2020__997,2300.0,2312.869040529084,3164.675006499613,2521.8915318717773,2861.6490660500176,2278.7973878095613,2521.8915318717773
zhao2020__998,1500.0,1899.1017579388488,2667.550900651343,2379.9255565283643,2547.600230892884,1900.8051539024984,2379.9255565283643
zhao2020__999,2700.0,2980.0548850256246,3472.298198964448,2900.6813378041147,3307.759981892993,2881.588066201703,2900.6813378041147
zhao2020__1000,2300.0,2580.027150527353,3377.92497709769,2672.700665015666,3030.1332710350043,2497.162890039632,2672.700665015666
zhao2020__1001,4500.0,4769.54124490816,3800.1666049467444,4456.441191786041,4522.503405747527,5039.8680896141905,4456.441191786041
zhao2020__1002,3200.0,3463.9086806975924,3520.926192736512,3398.7951843119013,3619.1813871575846,3349.7695550820163,3398.7951843119013
zhao2020__1003,5000.0,4986.207844237574,3982.9348253997186,4614.781827074035,4631.683122950421,5213.418398635182,4614.781827074035
zhao2020__1004,1500.0,1842.084070711434,2509.05609497333,2032.5116625286723,2538.3118418742597,1898.2871968499785,2032.5116625286723
zhao2020__1005,1600.0,1810.307815447617,2468.5235482932235,1994.4910020305044,2513.0548132271947,1870.217735101274,1994.4910020305044
zhao2020__1006,1400.0,1682.3225386605507,2487.949810602435,1899.083128032499,2412.4668424696642,1756.6255886759923,1899.083128032499
zhao2020__1007,4300.0,4573.053935470338,3573.8613777435426,4413.492675261349,4274.428401293612,4416.128403873796,4413.492675261349
zhao2020__1008,4100.0,4257.907583183985,3538.7024597639047,4290.287110928527,4062.442169935408,4056.914981707051,4290.287110928527
zhao2020__1009,1900.0,2129.4852705438875,2800.1269823106654,2443.078003680805,2711.305218970698,2111.0264246427278,2443.078003680805
zhao2020__1010,4500.0,4530.979125878799,3569.530220035223,4413.492675261349,4234.766469291858,4347.676901973738,4413.492675261349
zhao2020__1011,1800.0,2112.4095653784725,2781.406070994189,2393.8404358034213,2700.911324532975,2098.2892576063327,2393.8404358034213
zhao2020__1012,5200.0,4923.095936270859,3635.606730457643,4586.6509194004,4565.359030805386,4932.145024297406,4586.6509194004
zhao2020__1013,5200.0,4950.015549094231,3635.606730457643,4586.6509194004,4585.826679168726,4969.936106140408,4586.6509194004
zhao2020__1014,4100.0,4162.8089287339135,3536.3967124456212,4323.987251376909,4000.2317914672194,3954.2757481889926,4323.987251376909
zhao2020__1015,3600.0,3716.5532116882728,3478.29422453556,3605.648968890396,3702.390872981317,3482.9861541840473,3605.648968890396
zhao2020__1016,2600.0,2950.178255170597,3323.5616429515712,3102.7769385480606,3148.3220844737057,2681.584102207875,3102.7769385480606
zhao2020__1017,2300.0,2551.7273524812435,3127.2220833184365,2721.0664884968633,2949.7033456111053,2416.5226821742976,2721.0664884968633
zhao2020__1018,3200.0,3315.392788422403,3583.4510758611796,3351.740103470359,3400.878676204849,3035.949323796134,3351.740103470359
zhao2020__1019,2600.0,2950.178255170597,3323.5616429515712,3102.7769385480606,3148.3220844737057,2681.584102207875,3102.7769385480606
zhao2020__1020,2300.0,2434.9365121583437,3097.30624746815,2712.0845888633853,2887.0563383221624,2335.444135446118,2712.0845888633853
zhao2020__1021,3100.0,3278.753576567407,3592.2118692999848,3227.9084338117345,3364.4873015445655,2985.5493471801637,3227.9084338117345
zhao2020__1022,3600.0,3817.5556879505743,3588.072861641954,3742.9254053651325,3739.6629594741826,3546.4375684684965,3742.9254053651325
zhao2020__1023,3100.0,3277.4549711441696,3927.3613754868074,3244.6461076191295,3238.1563787730156,2863.5179848539797,3244.6461076191295
zhao2020__1024,2300.0,2237.055046476577,3509.2328904177543,2661.557264282274,2693.908685127999,2146.5736161436766,2661.557264282274
zhao2020__1025,5100.0,5312.23666932649,3935.087525175136,4899.734262550555,4752.180383812067,5164.003086179147,4899.734262550555
zhao2020__1026,5100.0,5230.231509047754,4622.498726344117,4836.613984170999,4671.594250454208,5032.12785418239,4836.613984170999
zhao2020__1027,3600.0,3820.3894128400866,3788.8491142020257,3717.2117775993274,3578.841090055803,3352.4129523689903,3717.2117775993274
zhao2020__1028,1500.0,1737.8590117450312,2442.275722469753,1948.8640376492713,2351.840508411097,1740.7350493582744,1948.8640376492713
zhao2020__1029,4000.0,4081.2985204506904,4094.5128858755834,3862.345722673419,3803.45786841285,3685.3065507481488,3862.345722673419
zhao2020__1030,4500.0,4580.0716345147,4349.402220936774,4539.651087167028,4155.686806087376,4220.561623624973,4539.651087167028
zhao2020__1031,2700.0,2739.01077910995,2822.213182742475,2879.5678895639444,2968.301627061209,2511.8693708605997,2879.5678895639444
zhao2020__1032,1800.0,2009.7028291276115,2472.354900448708,2275.8926771406555,2531.1660453448317,1958.1759696542858,2275.8926771406555
zhao2020__1033,2300.0,2163.802845541989,2819.012748133077,2979.163889905142,2543.480408497773,2103.928931128421,2979.163889905142
zhao2020__1034,5400.0,5138.425691587228,4359.290906839255,5434.642719431302,4523.556846299963,4849.689425945671,5434.642719431302
zhao2020__1035,2300.0,2153.4303584973527,2827.5864749306093,2994.3517842458346,2532.266292211895,2093.45277751781,2994.3517842458346
zhao2020__1036,2700.0,2472.048019625484,3207.3206936943725,3289.104993263433,2736.4374805505167,2363.429802324151,3289.104993263433
zhao2020__1037,2700.0,2614.807519294003,3298.3704512141476,3453.6254339182215,2820.1279286247,2477.4204701913905,3453.6254339182215
zhao2020__1038,4500.0,4308.906085679912,4019.7328575318043,4793.905181582063,3824.5000198285798,3865.9388046593203,4793.905181582063
zhao2020__1039,1800.0,1908.5081479667479,2731.910702981677,2779.646551555001,2332.2859395835953,1859.896357081275,2779.646551555001
zhao2020__1040,3100.0,2852.2409824573524,3391.849940741419,3735.0421131052613,2946.135159017066,2657.765395896253,3735.0421131052613
zhao2020__1041,5300.0,5012.686372734783,4466.521205501787,5364.139492657307,4464.260044795456,4783.217321835704,5364.139492657307
zhao2020__1042,4500.0,4347.5723664466195,4060.494647081079,4735.400708959173,3823.6385175890427,3872.9247419004555,4735.400708959173
zhao2020__1043,3200.0,2802.1188827586143,3401.517659786465,3691.429845636656,2910.1516072789386,2613.7873649414455,3691.429845636656
zhao2020__1044,1800.0,1956.946227779448,2774.0421096305327,2719.0344281631496,2348.9846695399287,1891.2032360502171,2719.0344281631496
zhao2020__1045,3600.0,3439.1237333484905,3749.7677346994756,4219.116831212298,3269.2497129777576,3105.8777112561584,4219.116831212298
zhao2020__1046,3600.0,3468.0471203846696,3677.9350031890854,4245.388273009156,3280.191891610576,3125.222666504927,4245.388273009156
zhao2020__1047,3900.0,3628.951157056804,3729.924340367955,4079.7715081995484,3361.782073863131,3242.6369391066746,4079.7715081995484
zhao2020__1048,4100.0,3885.844022825524,3768.014612991649,4236.103870400803,3491.258864145284,3426.992288629758,4236.103870400803
zhao2020__1049,2300.0,2280.153892850537,1767.659575481437,1965.8736209249864,2540.9015300972164,2325.7077432325677,1965.8736209249864
zhao2020__1050,2300.0,2277.529755746042,1766.385808310132,1959.8709754813788,2550.1147165447424,2331.1686351527283,1959.8709754813788
zhao2020__1051,2300.0,2260.3195527175862,1818.275670517598,2051.3696863109144,2637.236940195589,2416.502745993166,2051.3696863109144
zhao2020__1052,2100.0,1948.6002379668905,1606.3658955138526,1875.8624002332162,2238.8682987238035,1866.562525149716,1875.8624002332162
zhao2020__1053,2100.0,2049.8126333534174,1752.642102641421,2001.1061851477914,2387.5370959322945,2044.7789460684814,2001.1061851477914
zhao2020__1054,2100.0,1971.4712460288608,1875.9492509566385,2181.744925685306,2399.245495668352,2021.6533020337208,2181.744925685306
zhao2020__1055,2300.0,2397.9807032809267,2038.8918646829206,2378.5780817871705,2773.8259766061446,2503.5455417734966,2378.5780817871705
zhao2020__1056,2300.0,2401.0965777870088,2122.3835563721923,2491.3388474177013,2773.614919018962,2477.6039715267384,2491.3388474177013
zhao2020__1057,2100.0,2172.5840442648246,2332.035490511621,2357.8899734535908,2619.7270521555965,2221.5965935658396,2357.8899734535908
zhao2020__1058,2300.0,2427.3989442423326,2400.326931309678,2558.399946547192,2820.144626022769,2502.032150731888,2558.399946547192
zhao2020__1059,2100.0,2204.2363158324933,2318.634137967446,2396.0742738168055,2648.7842049708556,2255.7654744418583,2396.0742738168055
zhao2020__1060,2300.0,2281.1270249919544,2333.048471954094,2413.285302644401,2711.679925977907,2340.8600181359216,2413.285302644401
zhao2020__1061,2000.0,1974.1128011015182,2278.8220856386506,2070.333873868271,2454.560083462159,1981.294280453767,2070.333873868271
zhao2020__1062,2600.0,3014.299528924761,3014.4764648776054,2801.324479161225,3256.489678561333,3156.4086571304824,2801.324479161225
zhao2020__1063,2300.0,2564.4427520324266,2843.903271827334,2525.8097507516186,2899.817699845741,2571.390910098397,2525.8097507516186
zhao2020__1064,1900.0,2025.3014664659747,2471.696276296983,2254.358198320621,2497.7035602005485,2014.128308530824,2254.358198320621
zhao2020__1065,2000.0,1775.6383362328231,2437.632596421245,2183.9212143674476,2323.596495786364,1798.0573852906725,2183.9212143674476
zhao2020__1066,2000.0,1809.1038426263221,2437.9753209305277,2233.567329555424,2349.2731949632007,1827.5333283530363,2233.567329555424
zhao2020__1067,2100.0,2327.7270466931286,2798.342405834245,2455.134460428057,2721.9602922477975,2309.187263787293,2455.134460428057
zhao2020__1068,2300.0,2374.6256467025214,2863.8024850353904,2518.8936965869498,2760.171398504189,2361.716088802122,2518.8936965869498
zhao2020__1069,2600.0,2840.3983978616393,3115.382710763433,2732.526687100435,3037.207774361693,2768.1134805949655,2732.526687100435
zhao2020__1070,2500.0,2803.7591387446782,3118.7829052850548,2728.537636823857,3007.9332519608765,2722.619779815124,2728.537636823857
zhao2020__1071,2500.0,3062.581721152551,3266.40007227891,2823.917893348015,3177.4184698470813,2988.303620956605,2823.917893348015
zhao2020__1072,2200.0,2717.206862967313,3179.1484961376564,2703.926671156671,2930.255740236636,2603.9717907591294,2703.926671156671
zhao2020__1073,2600.0,2983.9868102695996,3305.369008870745,2871.989800069533,3111.1198526245807,2880.647600859264,2871.989800069533
zhao2020__1074,2300.0,2161.3840527854854,3017.6251736780373,2418.7643415308585,2620.3306768448756,2165.9766340974006,2418.7643415308585
zhao2020__1075,2000.0,1987.9042091431722,2725.0367438663557,2387.2367701604953,2519.6749572041526,2033.950561944348,2387.2367701604953
zhao2020__1076,2500.0,2941.156941819931,3446.401384030987,2790.852545236782,3043.0288359237716,2774.2651993107115,2790.852545236782
zhao2020__1077,2100.0,1987.4504410898612,2753.3809702377926,2155.9326491725433,2516.4747356613866,2030.6614472353335,2155.9326491725433
zhao2020__1078,2300.0,2198.0797760365476,3030.9263928699393,2328.5061917216763,2628.218685410902,2178.749010698836,2328.5061917216763
zhao2020__1079,2300.0,2426.180457746464,3226.509174299628,2502.6084523650893,2742.397581682685,2335.144596904167,2502.6084523650893
zhao2020__1080,1900.0,1682.3121779973442,2210.5105940938047,1816.984705112449,2290.924486106647,1750.7569035981126,1816.984705112449
zhao2020__1081,2500.0,2933.071999840369,3049.2441852028296,2831.4651414604896,2997.042552003314,2709.4707091964324,2831.4651414604896
zhao2020__1082,2500.0,2929.145650489713,3232.4891418447646,2771.7426635253632,2978.4470783597335,2686.490250852444,2771.7426635253632
zhao2020__1083,2500.0,3324.2261499537467,3421.2291083201053,2915.9083611588712,3205.231494925705,3040.1723257662875,2915.9083611588712
zhao2020__1084,2200.0,2441.962863881602,3000.9592994599575,2533.910221724347,2727.2403039211813,2336.9648139756305,2533.910221724347
zhao2020__1085,2000.0,1915.2313022280953,2563.804901835037,2117.7788688957557,2439.729523129401,1952.7221434192143,2117.7788688957557
zhao2020__1086,2100.0,1851.0707484058692,2523.018817517157,2050.1514502988693,2399.3443114382017,1901.2563633697914,2050.1514502988693
zhao2020__1087,2100.0,2343.183004462559,3023.8303567413673,2495.89142498229,2667.8198826996054,2260.963378664372,2495.89142498229
zhao2020__1088,2300.0,2241.9490459858835,2980.167818197222,2427.0789325445803,2614.507346621417,2188.4751879439914,2427.0789325445803
zhao2020__1089,2500.0,2778.002004062994,3355.414777943767,2820.229106977889,2872.244306040595,2554.6409531208265,2820.229106977889
zhao2020__1090,2000.0,1939.8684443447937,2792.2895318944675,2073.4971503899988,2410.356752407112,1938.9707423645677,2073.4971503899988
zhao2020__1091,2200.0,2170.121396660503,2351.502897847246,2371.570345163568,2517.40972756035,2098.55119683437,2371.570345163568
zhao2020__1092,2200.0,2267.2528065664237,2223.2945055170526,2329.147137750451,2561.0626180913105,2167.8310656401873,2329.147137750451
zhao2020__1093,2200.0,2291.1057700309048,2222.9877296574987,2316.3927451249583,2574.888567490056,2186.4667808670274,2316.3927451249583
zhao2020__1094,2600.0,2672.0672324454004,2441.8169792161452,2573.863931153898,2775.9808012495523,2470.0014587850733,2573.863931153898
zhao2020__1095,2100.0,1926.564239534676,2228.401581726279,2067.609524663032,2338.6077160338714,1886.9031871219022,2067.609524663032
zhao2020__1096,2100.0,1975.0510392267292,2230.851352004056,2160.719129538681,2369.9707234443304,1927.2161991337869,2160.719129538681
zhao2020__1097,2300.0,2093.898563716032,2255.3344399848593,2209.2287122405346,2444.906772178516,2024.799839924137,2209.2287122405346
zhao2020__1098,2300.0,2057.5469363037732,2266.484524633606,2220.3817144658065,2419.4651682103195,1994.1663115843946,2220.3817144658065
zhao2020__1099,2500.0,2547.1391424678095,2484.6959050274945,2567.4560497887687,2704.1471671413046,2381.4194571057087,2567.4560497887687
zhao2020__1100,2300.0,2035.8511213671486,2304.2354280449063,2223.9630439031407,2394.865528319525,1973.6778914049912,2223.9630439031407
zhao2020__1101,1900.0,1658.0708924546348,1893.229558664303,1833.1764646500633,2122.313364140821,1645.6122079946365,1833.1764646500633
zhao2020__1102,2200.0,2209.0289508876194,2085.870562229749,2385.921283313714,2490.500567994346,2121.0432279860565,2385.921283313714
zhao2020__1103,2600.0,2557.5570822956965,2377.356238674745,2534.765205748121,2696.1137530419824,2408.4747872901057,2534.765205748121
zhao2020__1104,1900.0,1639.060495117799,1905.7728292427296,1770.532685946916,2099.2172386653124,1628.0624132027867,1770.532685946916
zhao2020__1105,2200.0,2041.2966677701188,2101.2139213916194,2317.7020017230143,2377.923738498943,1984.680879518412,2317.7020017230143
zhao2020__1106,2300.0,1982.2164477709325,2120.6232544175227,2296.4811704406793,2336.220067359047,1936.4224487276565,2296.4811704406793
zhao2020__1107,2100.0,1864.3266690815403,2117.0305218939316,2276.557168561101,2254.2448584259864,1833.6256000631006,2276.557168561101
zhao2020__1108,2100.0,1891.3488933264857,2115.622554363825,2297.834484798787,2273.0369274593486,1857.7045314909765,2297.834484798787
zhao2020__1109,2500.0,2421.2077146968554,2566.4960019445484,2705.434909662935,2616.4553302304244,2335.3714540944557,2705.434909662935
zhao2020__1110,2500.0,2345.886029308921,2490.6647107514973,2699.9117137170792,2503.7682084443895,2233.622571169948,2699.9117137170792
zhao2020__1111,2200.0,2071.3543033771157,2157.5571124940875,2373.4418028524615,2279.980893129818,1961.4653259757297,2373.4418028524615
zhao2020__1112,2300.0,2008.5880607066854,2150.840308630333,2322.2220076358994,2237.0604190751415,1905.005495368716,2322.2220076358994
zhao2020__1113,2500.0,2449.2624357999616,2265.0821365439383,2781.561829387524,2485.0813902668688,2269.845856623102,2781.561829387524
zhao2020__1114,2300.0,2074.8523842237078,2099.760429722473,2523.2799496868856,2232.874029928543,1936.9930639732938,2523.2799496868856
zhao2020__1115,2300.0,2101.260019753406,2104.005023905356,2526.0298110538256,2250.095938231598,1959.7959773408852,2526.0298110538256
zhao2020__1116,2600.0,2578.757362450013,2677.3285204075924,3067.1623993450244,2536.5473583151074,2370.449363991356,3067.1623993450244
zhao2020__1117,2600.0,2649.2225451394966,2791.889219316777,3041.703340347304,2567.696420579639,2429.049784712073,3041.703340347304
zhao2020__1118,2600.0,2678.9233966268134,2821.3524448671214,3041.703340347304,2586.17092104714,2454.8203389007776,3041.703340347304
zhao2020__1119,1100.0,981.5550793432077,910.562379434648,997.0680048693615,1211.6576559953257,1145.208493408036,997.0680048693615
zhao2020__1120,1000.0,1018.5373567570882,967.2263989776942,985.4831106163933,1229.3631208231852,1173.3649173625693,985.4831106163933
zhao2020__1121,3100.0,2354.797017779499,3042.5041558082344,2689.4115413830255,5834.82186825995,2520.1245714179754,2689.4115413830255
zhao2020__1122,3200.0,2488.756201226088,3047.640361003449,2726.487315632355,6002.911928090417,2619.2898640607877,2726.487315632355
zhao2020__1123,3700.0,2497.7584219569394,3080.216627772059,2789.3628059423972,5960.413497946777,2640.5583725223123,2789.3628059423972
zhao2020__1124,3800.0,2509.4713306421213,3017.6492538927087,2838.210158843127,5938.497352749787,2661.0700894168863,2838.210158843127
zhao2020__1125,4900.0,3006.4846470369475,4043.781783508322,3371.3707449875933,6542.129054019466,3038.987234508596,3371.3707449875933
zhao2020__1126,5000.0,3035.1976415539802,4061.1734649642376,3429.106413733399,6568.622827214698,3065.230041314146,3429.106413733399
zhao2020__1127,4400.0,2853.2962235719297,3344.808917459193,3457.5553301036175,6289.620184642181,2965.239586930481,3457.5553301036175
zhao2020__1128,3800.0,2907.5687800094315,3584.9007065917485,3477.0471858240626,6353.322378527087,3009.6961047040536,3477.0471858240626
zhao2020__1129,3900.0,2841.068641267129,3365.1381479400065,3361.431825888495,6262.403314944246,2963.6529919539776,3361.431825888495
zhao2020__1130,4400.0,2694.7237580234714,3321.38088217313,3218.4174109027813,6058.827775221364,2859.672715847785,3218.4174109027813
zhao2020__1131,5400.0,2470.8233787105123,3392.7777109939793,3358.8385654633407,5037.475025661463,2808.650550208103,3358.8385654633407
zhao2020__1132,4200.0,2503.7410840591633,3464.672292933575,3516.298946741629,5027.287515405089,2857.5103177443652,3516.298946741629
zhao2020__1133,4200.0,2382.232306107746,3574.6141912133917,3435.776250755561,4795.1404923135215,2731.48579600461,3435.776250755561
zhao2020__1134,5500.0,2821.5649565911945,3951.072655831091,3732.1541436576804,5476.446553121635,3214.0249815414145,3732.1541436576804
zhao2020__1135,5500.0,2925.5603901283835,4225.6037357947935,4034.896548889428,5626.014883380377,3327.471594257534,4034.896548889428
zhao2020__1136,6600.0,3928.528776659644,4533.405417199015,4767.62911733577,6970.278147082573,4207.900604574745,4767.62911733577
zhao2020__1137,6600.0,3848.701655650879,4499.308839543949,4787.303798552853,6872.571572549451,4149.123040084587,4787.303798552853
zhao2020__1138,4700.0,2669.8251528748656,3322.909268720051,3372.638106877095,4736.50531348635,3350.3037643908415,3372.638106877095
zhao2020__1139,5100.0,2846.5964085129735,3464.0156629792396,3459.513736670101,4942.609241005787,3670.726353066929,3459.513736670101
zhao2020__1140,5600.0,2727.2100192296575,3482.45436981184,3537.381396525925,4724.125407118605,3570.9823203867268,3537.381396525925
zhao2020__1141,5200.0,2952.96455690329,3563.3635002142137,3522.555020085587,5044.758753015901,3932.4086479698776,3522.555020085587
zhao2020__1142,2100.0,2517.8511823518897,1863.992089066904,2022.856628423843,4969.931249924373,3105.428995903186,2022.856628423843
zhao2020__1143,2100.0,3108.447784222759,3073.0676755685217,2233.8209667581023,5884.394977019157,3879.7977776262305,2233.8209667581023
zhao2020__1144,2500.0,2498.8799188583002,2098.0547040323454,2217.329586545443,4558.514310713728,3092.2152879365567,2217.329586545443
zhao2020__1145,2400.0,3233.8944325702078,3372.949943173432,2517.3582768904866,5570.375888015207,3970.847079345213,2517.3582768904866
zhao2020__1146,3000.0,3442.31804716677,3242.106931165642,2678.1891201276535,5198.6778003755735,4356.115173464283,2678.1891201276535
zhao2020__1147,3100.0,3560.866496017893,3549.6798246778567,2773.433039897283,5277.927445259688,4576.861546822676,2773.433039897283
zhao2020__1148,3500.0,4157.568019119658,4430.980796737811,3571.0692698665853,5855.019389657082,5886.721699434335,3571.0692698665853
zhao2020__1149,3700.0,3388.840054979473,3283.945308768545,3252.981232620423,4868.24573476587,4908.9204035693465,3252.981232620423
zhao2020__1150,3800.0,3557.6844908339413,3442.6349225060962,3321.8749097045657,5078.543312776912,5320.211075325885,3321.8749097045657
zhao2020__1151,2800.0,1361.338179185763,2947.7199605491805,2797.710629276256,14608.048230271914,946.9341397519722,2797.710629276256
zhao2020__1152,3100.0,1189.3195014135304,2772.26221590816,2600.921726075058,13391.09159777031,940.9326521096435,2600.921726075058
zhao2020__1153,3500.0,1408.4943381488365,3051.612109644087,2941.481640483358,14612.20137784986,992.3442288495983,2941.481640483358
zhao2020__1154,3500.0,1374.8165815244317,2964.2710585936225,2908.013097071664,14394.11956331582,989.6411213015882,2908.013097071664
zhao2020__1155,4800.0,2044.1828049091541,4057.075253253481,3823.874526927933,17396.92386441536,1156.6702823423311,3823.874526927933
zhao2020__1156,4800.0,1968.7411915530165,3625.434346900975,3776.7145421205414,16992.725146845354,1152.5615725038108,3776.7145421205414
zhao2020__1157,4300.0,1618.5135965033824,3484.944365170674,2937.008396433894,15033.544484663107,1128.8154194203075,2937.008396433894
zhao2020__1158,3800.0,1537.6698714485287,3482.0892600723564,2884.3848788093414,14503.590261855783,1131.5091022554818,2884.3848788093414
zhao2020__1159,4400.0,1447.8241967468475,2965.0990091988497,2810.326740200541,13920.089561630133,1133.443164707904,2810.326740200541
zhao2020__1160,3800.0,1569.3695800145188,3498.0063803373287,2895.4826106892024,14619.507214164543,1144.5204944070165,2895.4826106892024
zhao2020__1161,5000.0,1703.4571626615166,3642.279869343983,3316.71054002614,12866.814674818439,1670.5460146161313,3316.71054002614
zhao2020__1162,4100.0,1420.6465039395096,3103.652510152268,2879.9385733591985,11239.12496342132,1681.402696126153,2879.9385733591985
zhao2020__1163,6100.0,2821.821181073853,4741.10080261414,4719.12847477573,16983.83653278934,1871.143484452313,4719.12847477573
zhao2020__1164,4200.0,1366.4213353089065,2992.620947897255,2914.872028689975,10861.945372669372,1700.0422797454416,2914.872028689975
zhao2020__1165,5100.0,2276.7685433079205,4403.561299498846,4692.246760729712,14921.80734559318,1869.2200981010412,4692.246760729712
zhao2020__1166,6000.0,3124.240029840975,4860.6846225531835,4989.649219106718,17845.04006870595,1941.675188808405,4989.649219106718
zhao2020__1167,5100.0,2314.5333995482456,4439.073611383428,4777.6550308386795,15008.869790764458,1891.0046368460069,4777.6550308386795
zhao2020__1168,4900.0,1530.8586403751165,2818.898579852375,2841.4845842991085,9699.062442599175,2613.154197337182,2841.4845842991085
zhao2020__1169,5400.0,1804.7499006238513,2984.120930067076,3185.868572735948,10428.301466106665,2962.4010587632865,3185.868572735948
zhao2020__1170,5000.0,2034.5346440514882,3168.0657528902866,3366.7216059076068,11246.924181659928,3083.547609143704,3366.7216059076068
zhao2020__1171,5100.0,1659.4278632291937,2963.3196442236017,2959.052761185792,9741.976183273837,3002.637284514595,2959.052761185792
zhao2020__1172,2100.0,1758.2164379050948,2572.0056836596095,1972.2279123720346,13770.36546883514,1216.1279537893845,1972.2279123720346
zhao2020__1173,2100.0,1680.4900494213898,2556.1967170529974,1906.0638012802267,13320.590316948834,1206.2493980221927,1906.0638012802267
zhao2020__1174,2400.0,1037.4241187440332,1675.6599251283433,1556.3120075447598,9036.718151110872,1157.7886000173633,1556.3120075447598
zhao2020__1175,2500.0,1599.976077948118,2225.5920927831125,2043.0347164219072,11360.614118017094,1464.8220228545313,2043.0347164219072
zhao2020__1176,3000.0,2263.632957914826,3175.2464844882893,2435.4608933512786,11845.668005287898,2285.7307739009407,2435.4608933512786
zhao2020__1177,3000.0,2706.610873863742,3471.3372486093504,2529.0431992455397,13115.93474315418,2467.5530741294697,2529.0431992455397
zhao2020__1178,3700.0,2093.750883821103,3308.9352330033303,2884.2600370752825,9560.399946628437,3485.611184700493,2884.2600370752825
zhao2020__1179,3800.0,2006.5004570290241,2789.1354414464836,2748.406620512615,9195.111667354517,3553.2584192713925,2748.406620512615
zhao2020__1180,3700.0,2394.8209463957105,3887.1082317996757,3080.2750776295516,10379.457925748018,3714.6234913230514,3080.2750776295516
zhao2020__1181,2200.0,900.5262127938552,1539.0726882542588,2496.0900350671513,30000.0,180.1584338809005,2496.0900350671513
zhao2020__1182,2300.0,908.2523881106531,1539.0726882542588,3284.300716680581,30000.0,180.00265676063654,3284.300716680581
zhao2020__1183,2400.0,515.9070016872435,2590.9074161075782,3053.6996691705385,29287.059067132534,1151.424662258716,3053.6996691705385
zhao2020__1184,1100.0,831.1403933868544,1423.6921299910805,2277.029030515797,30000.0,165.15708742340937,2277.029030515797
zhao2020__1185,1200.0,840.5480145687667,1475.6482968163668,2343.0714866341614,30000.0,170.27538392375024,2343.0714866341614
zhao2020__1186,1300.0,809.8336148744992,1489.3928688331684,1907.5135829117576,30000.0,174.80362054675166,1907.5135829117576
zhao2020__1187,1300.0,794.9169493037738,1503.578702322275,1859.0801018396917,30000.0,177.20709576751938,1859.0801018396917
zhao2020__1188,1100.0,828.1311606328953,1530.9865026970087,1939.150387975401,30000.0,180.03003028028664,1939.150387975401
zhao2020__1189,1700.0,571.4760579781539,2902.1656217383875,2711.151820198295,30000.0,1009.1622055512323,2711.151820198295
zhao2020__1190,1700.0,575.5847872161239,2924.4301030157512,2724.0149492722285,30000.0,1019.5177095311581,2724.0149492722285
zhao2020__1191,2600.0,432.90231889334564,2338.303021659364,2387.113773366312,30000.0,602.8416305133627,2387.113773366312
zhao2020__1192,2700.0,427.27106191711243,2366.027831562949,2405.2371968083557,30000.0,609.2262355220399,2405.2371968083557
zhao2020__1193,3200.0,433.23408046132494,2373.501507145149,2467.0160758450183,30000.0,614.7756540894745,2467.0160758450183
zhao2020__1194,3100.0,477.62583671083667,2786.535222661198,3454.5444528059597,30000.0,617.8440185137151,3454.5444528059597
zhao2020__1195,4200.0,699.9220214703469,3314.6249576458063,3393.713030351034,30000.0,678.3184541842039,3393.713030351034
zhao2020__1196,3700.0,577.9895834161975,3199.183632512668,3278.707167740606,30000.0,681.1863726478614,3278.707167740606
zhao2020__1197,4200.0,715.2624404088075,3337.4394853778817,3516.156174214564,30000.0,684.4377475766998,3516.156174214564
zhao2020__1198,3700.0,574.7561103050247,3219.6979574198804,3302.543540607778,30000.0,687.7620633161616,3302.543540607778
zhao2020__1199,3400.0,505.0189539201586,3179.985673219562,3283.781832174947,30000.0,696.2982129361695,3283.781832174947
zhao2020__1200,3400.0,468.5580634256355,2835.446729572429,3265.3138636806652,30000.0,704.5568616954233,3265.3138636806652
zhao2020__1201,3600.0,413.89492424612166,3159.358145845585,2898.7291483657236,30000.0,1037.8875177521272,2898.7291483657236
zhao2020__1202,4500.0,608.0689053160386,3704.1813386854533,3862.856497136692,30000.0,1031.8182083709814,3862.856497136692
zhao2020__1203,5200.0,1178.1165699263563,3832.881526943964,4487.735652954258,30000.0,1028.0352440887536,4487.735652954258
zhao2020__1204,5100.0,1235.8212845564826,3833.5243276298775,4487.735652954258,30000.0,1026.8309613617519,4487.735652954258
zhao2020__1205,3800.0,407.009444825044,3189.373208007024,2824.080550374742,30000.0,1065.2380846784577,2824.080550374742
zhao2020__1206,4600.0,762.0238475055471,3828.280352446168,4069.1940646070784,30000.0,1049.1007606424369,4069.1940646070784
zhao2020__1207,4500.0,838.728096588426,3893.2529201872003,4109.29196232401,30000.0,1062.4356275559471,4109.29196232401
zhao2020__1208,4300.0,607.1891400788913,3607.4878997088817,3905.614596748227,30000.0,1514.7142130705017,3905.614596748227
zhao2020__1209,4700.0,616.4323498253219,3703.77194363277,4104.448884233427,30000.0,1581.6699809624786,4104.448884233427
zhao2020__1210,4500.0,692.0800761691828,4108.525746962229,4539.830212347309,30000.0,1592.4406577836785,4539.830212347309
zhao2020__1211,4500.0,720.6176352638641,4139.235448096526,4741.348107417938,30000.0,1598.9011123153603,4741.348107417938
zhao2020__1212,2100.0,304.1190149014989,2023.0944754347781,1560.5688143256002,30000.0,641.0774029789242,1560.5688143256002
zhao2020__1213,2100.0,359.8165988742474,2176.1962844156833,1759.688746604916,30000.0,657.0604801670257,1759.688746604916
zhao2020__1214,2400.0,282.90929585513163,1547.5283006187647,1439.6045154244584,30000.0,759.3003684909511,1439.6045154244584
zhao2020__1215,2400.0,335.0069859621505,2246.25251767699,1624.6247355786775,30000.0,782.8617599033576,1624.6247355786775
zhao2020__1216,3000.0,376.10669735928553,2118.942791405442,1848.2734624273953,30000.0,1103.4926431812733,1848.2734624273953
zhao2020__1217,2800.0,726.739481677062,2755.264335970032,2399.681801186914,30000.0,1125.7048824367614,2399.681801186914
zhao2020__1218,3500.0,659.9630885936328,3558.5420603829757,2609.4724803578974,30000.0,1576.273919097774,2609.4724803578974
zhao2020__1219,3500.0,939.9788684843267,3739.305560600904,3134.5747097275394,30000.0,1689.3197023936807,3134.5747097275394
zhao2020__1220,3600.0,969.0635833347748,3880.444865618118,3231.6173589337013,30000.0,1805.1038798448185,3231.6173589337013
zhao2020__1225,8100.0,38.88190967209807,2578.6210496621384,2393.0890619375978,30000.0,474.9209772624656,2393.0890619375978
zhao2020__1226,5400.0,5138.425691587228,4359.290906839255,5434.642719431302,4523.556846299963,4849.689425945671,5434.642719431302
zhao2020__1227,4500.0,4308.906085679912,4019.7328575318043,4793.905181582063,3824.5000198285798,3865.9388046593203,4793.905181582063
zhao2020__1228,4100.0,3885.844022825524,3768.014612991649,4236.103870400803,3491.258864145284,3426.992288629758,4236.103870400803
zhao2020__1229,3600.0,3439.1237333484905,3749.7677346994756,4219.116831212298,3269.2497129777576,3105.8777112561584,4219.116831212298
zhao2020__1230,3100.0,2852.2409824573524,3391.849940741419,3735.0421131052613,2946.135159017066,2657.765395896253,3735.0421131052613
zhao2020__1231,2700.0,2472.048019625484,3207.3206936943725,3289.104993263433,2736.4374805505167,2363.429802324151,3289.104993263433
zhao2020__1232,2300.0,2163.802845541989,2819.012748133077,2979.163889905142,2543.480408497773,2103.928931128421,2979.163889905142
zhao2020__1233,1800.0,1908.5081479667479,2731.910702981677,2779.646551555001,2332.2859395835953,1859.896357081275,2779.646551555001
zhao2020__1234,5300.0,5012.686372734783,4466.521205501787,5364.139492657307,4464.260044795456,4783.217321835704,5364.139492657307
zhao2020__1235,4500.0,4347.5723664466195,4060.494647081079,4735.400708959173,3823.6385175890427,3872.9247419004555,4735.400708959173
zhao2020__1236,3900.0,3628.951157056804,3729.924340367955,4079.7715081995484,3361.782073863131,3242.6369391066746,4079.7715081995484
zhao2020__1237,3600.0,3468.0471203846696,3677.9350031890854,4245.388273009156,3280.191891610576,3125.222666504927,4245.388273009156
zhao2020__1238,3200.0,2802.1188827586143,3401.517659786465,3691.429845636656,2910.1516072789386,2613.7873649414455,3691.429845636656
zhao2020__1239,2700.0,2614.807519294003,3298.3704512141476,3453.6254339182215,2820.1279286247,2477.4204701913905,3453.6254339182215
zhao2020__1240,2300.0,2153.4303584973527,2827.5864749306093,2994.3517842458346,2532.266292211895,2093.45277751781,2994.3517842458346
zhao2020__1241,1800.0,1956.946227779448,2774.0421096305327,2719.0344281631496,2348.9846695399287,1891.2032360502171,2719.0344281631496
zhao2020__1242,5100.0,5230.231509047754,4622.498726344117,4836.613984170999,4671.594250454208,5032.12785418239,4836.613984170999
zhao2020__1243,4500.0,4580.0716345147,4349.402220936774,4539.651087167028,4155.686806087376,4220.561623624973,4539.651087167028
zhao2020__1244,4000.0,4081.2985204506904,4094.5128858755834,3862.345722673419,3803.45786841285,3685.3065507481488,3862.345722673419
zhao2020__1245,3600.0,3820.3894128400866,3788.8491142020257,3717.2117775993274,3578.841090055803,3352.4129523689903,3717.2117775993274
zhao2020__1246,3100.0,3277.4549711441696,3927.3613754868074,3244.6461076191295,3238.1563787730156,2863.5179848539797,3244.6461076191295
zhao2020__1247,2700.0,2739.01077910995,2822.213182742475,2879.5678895639444,2968.301627061209,2511.8693708605997,2879.5678895639444
zhao2020__1248,2300.0,2237.055046476577,3509.2328904177543,2661.557264282274,2693.908685127999,2146.5736161436766,2661.557264282274
zhao2020__1249,1800.0,2009.7028291276115,2472.354900448708,2275.8926771406555,2531.1660453448317,1958.1759696542858,2275.8926771406555
zhao2020__1250,1500.0,1737.8590117450312,2442.275722469753,1948.8640376492713,2351.840508411097,1740.7350493582744,1948.8640376492713
zhao2020__1251,5100.0,5312.23666932649,3935.087525175136,4899.734262550555,4752.180383812067,5164.003086179147,4899.734262550555
zhao2020__1252,5200.0,4923.095936270859,3635.606730457643,4586.6509194004,4565.359030805386,4932.145024297406,4586.6509194004
zhao2020__1253,4300.0,4573.053935470338,3573.8613777435426,4413.492675261349,4274.428401293612,4416.128403873796,4413.492675261349
zhao2020__1254,4100.0,4257.907583183985,3538.7024597639047,4290.287110928527,4062.442169935408,4056.914981707051,4290.287110928527
zhao2020__1255,3600.0,3817.5556879505743,3588.072861641954,3742.9254053651325,3739.6629594741826,3546.4375684684965,3742.9254053651325
zhao2020__1256,3100.0,3278.753576567407,3592.2118692999848,3227.9084338117345,3364.4873015445655,2985.5493471801637,3227.9084338117345
zhao2020__1257,2600.0,2950.178255170597,3323.5616429515712,3102.7769385480606,3148.3220844737057,2681.584102207875,3102.7769385480606
zhao2020__1258,2300.0,2551.7273524812435,3127.2220833184365,2721.0664884968633,2949.7033456111053,2416.5226821742976,2721.0664884968633
zhao2020__1259,1900.0,2129.4852705438875,2800.1269823106654,2443.078003680805,2711.305218970698,2111.0264246427278,2443.078003680805
zhao2020__1260,1600.0,1810.307815447617,2468.5235482932235,1994.4910020305044,2513.0548132271947,1870.217735101274,1994.4910020305044
zhao2020__1261,5200.0,4950.015549094231,3635.606730457643,4586.6509194004,4585.826679168726,4969.936106140408,4586.6509194004
zhao2020__1262,4500.0,4530.979125878799,3569.530220035223,4413.492675261349,4234.766469291858,4347.676901973738,4413.492675261349
zhao2020__1263,4100.0,4162.8089287339135,3536.3967124456212,4323.987251376909,4000.2317914672194,3954.2757481889926,4323.987251376909
zhao2020__1264,3600.0,3716.5532116882728,3478.29422453556,3605.648968890396,3702.390872981317,3482.9861541840473,3605.648968890396
zhao2020__1265,3200.0,3315.392788422403,3583.4510758611796,3351.740103470359,3400.878676204849,3035.949323796134,3351.740103470359
zhao2020__1266,2600.0,2950.178255170597,3323.5616429515712,3102.7769385480606,3148.3220844737057,2681.584102207875,3102.7769385480606
zhao2020__1267,2300.0,2434.9365121583437,3097.30624746815,2712.0845888633853,2887.0563383221624,2335.444135446118,2712.0845888633853
zhao2020__1268,1800.0,2112.4095653784725,2781.406070994189,2393.8404358034213,2700.911324532975,2098.2892576063327,2393.8404358034213
zhao2020__1269,1500.0,1842.084070711434,2509.05609497333,2032.5116625286723,2538.3118418742597,1898.2871968499785,2032.5116625286723
zhao2020__1270,1400.0,1682.3225386605507,2487.949810602435,1899.083128032499,2412.4668424696642,1756.6255886759923,1899.083128032499
zhao2020__1271,3600.0,4161.745253513101,3540.5494836369526,3887.2855431010325,4101.788055959454,4199.389757092506,3887.2855431010325
zhao2020__1272,2700.0,2856.272380949329,3247.0859285389756,2754.5144885073964,3267.037413021632,2827.7930424001706,2754.5144885073964
zhao2020__1273,4500.0,4769.54124490816,3800.1666049467444,4456.441191786041,4522.503405747527,5039.8680896141905,4456.441191786041
zhao2020__1274,3600.0,3905.518651729097,3443.278955950843,3481.9236707537475,3924.801937607496,3867.8375203089545,3481.9236707537475
zhao2020__1275,2700.0,2792.194078289574,3258.502832336109,2785.9793347040763,3210.152311524752,2745.871747734797,2785.9793347040763
zhao2020__1276,2300.0,2340.1311001621275,3036.4249121153916,2532.115291680447,2882.1932825840076,2306.0017999116435,2532.115291680447
zhao2020__1277,1800.0,2183.8743716400254,2774.9535006218425,2384.569946942253,2757.6502392015313,2150.0297027629517,2384.569946942253
zhao2020__1278,1400.0,1738.5114280113735,2468.069798039523,2291.157594125086,2411.1290914114416,1749.278244127418,2291.157594125086
zhao2020__1279,5000.0,4986.207844237574,3982.9348253997186,4614.781827074035,4631.683122950421,5213.418398635182,4614.781827074035
zhao2020__1280,4100.0,4286.808951992156,3697.5033708540072,4046.4553014996627,4197.991938543199,4362.1281575363,4046.4553014996627
zhao2020__1281,3200.0,3463.9086806975924,3520.926192736512,3398.7951843119013,3619.1813871575846,3349.7695550820163,3398.7951843119013
zhao2020__1282,2700.0,2916.669148687623,3417.3344923380023,2862.2169101945256,3266.3294699108046,2822.4471331960644,2862.2169101945256
zhao2020__1283,2300.0,2312.869040529084,3164.675006499613,2521.8915318717773,2861.6490660500176,2278.7973878095613,2521.8915318717773
zhao2020__1284,1800.0,2033.2093166467264,2677.1838034929406,2316.2726005227432,2648.0037104842295,2018.0403046107135,2316.2726005227432
zhao2020__1285,1500.0,1899.1017579388488,2667.550900651343,2379.9255565283643,2547.600230892884,1900.8051539024984,2379.9255565283643
zhao2020__1286,1300.0,1768.7743793643335,2464.2343411099273,2278.1589316856043,2434.3263447164704,1775.503935922165,2278.1589316856043
zhao2020__1287,5300.0,5240.340816767413,3858.012072313286,4814.616042901238,4664.626603279851,5488.938735281176,4814.616042901238
zhao2020__1288,4500.0,4469.684665619406,3673.9242639644153,4067.142814850683,4347.994834183327,4687.382586380842,4067.142814850683
zhao2020__1289,5000.0,5040.6664763095305,3764.821352778584,4765.237883338833,4609.43349573027,5341.790377979877,4765.237883338833
zhao2020__1290,4500.0,4693.732407270366,3736.609446291796,4349.318586837976,4484.9478119317355,4983.866538230377,4349.318586837976
zhao2020__1291,4100.0,4354.976111940942,3624.913290944557,3951.3992662892924,4261.7545898467415,4505.436853170752,3951.3992662892924
zhao2020__1292,3200.0,3451.4045434770574,3368.7647559558495,3238.0544187614523,3626.4171582815707,3366.3810559887643,3238.0544187614523
zhao2020__1293,2700.0,2980.0548850256246,3472.298198964448,2900.6813378041147,3307.759981892993,2881.588066201703,2900.6813378041147
zhao2020__1294,2300.0,2580.027150527353,3377.92497709769,2672.700665015666,3030.1332710350043,2497.162890039632,2672.700665015666
zhao2020__1295,1800.0,2345.0943557169235,3099.3902310718454,2462.988385948992,2884.4341544653375,2307.8297959476877,2462.988385948992
zhao2020__1296,1400.0,1759.7434566490654,2364.028316488804,2165.483736693673,2419.9414494833795,1770.9337839527511,2165.483736693673
zhao2020__1297,4000.0,4088.0607495955737,3295.1930012159764,3658.802289111967,4031.7700932541707,4588.942760743826,3658.802289111967
zhao2020__1298,3200.0,3590.0648356012316,3090.9849966833144,3132.360437933998,3779.0623421311147,3866.8328188224887,3132.360437933998
zhao2020__1299,2700.0,2848.428430568125,2996.0816759033232,2737.3288642827893,3323.1188526405044,3031.3464385741677,2737.3288642827893
zhao2020__1300,2300.0,2460.5465896367646,2960.87084693881,2514.686447919947,2963.074684830578,2500.6282966882463,2514.686447919947
zhao2020__1301,1700.0,2021.8376550184248,3097.8717741401083,2237.4715298365422,2599.579823311349,2049.9809034523414,2237.4715298365422
zhao2020__1302,4100.0,3956.2939426152557,3175.9277960622335,3267.1614675838255,3966.8154184535983,4444.358483165788,3267.1614675838255
zhao2020__1303,3600.0,3934.032217432736,3220.7367687425913,3336.9726100535654,3980.377860851903,4411.491325585587,3336.9726100535654
zhao2020__1304,3200.0,3563.8394171947034,3042.1195725318453,3089.765578422343,3755.532506338465,3833.6047968638813,3089.765578422343
zhao2020__1305,2700.0,2900.0899263702736,2985.2000597203155,2772.8150107117076,3372.084284568389,3114.2876044799013,2772.8150107117076
zhao2020__1306,2200.0,2489.0799123379115,2951.9639696895106,2520.5550562264407,2988.228873365412,2535.5212382964173,2520.5550562264407
zhao2020__1307,1800.0,2014.4475623262765,3159.9079161819805,2264.0218678722586,2594.5081833112154,2037.6221436201663,2264.0218678722586
zhao2020__1308,3600.0,2879.0886557372714,2230.9884952547823,2108.7938750449684,3242.639577699237,3181.65729871494,2108.7938750449684
zhao2020__1309,3200.0,3400.2403540782084,2396.60078076341,2378.5981753646474,3539.7941078103636,3817.517530859549,2378.5981753646474
zhao2020__1310,2700.0,2621.952858097247,2217.1024990337414,2075.2885612128753,3036.7205247681277,2804.160267985076,2075.2885612128753
zhao2020__1311,2200.0,2270.2457155509514,2268.755551998084,1880.92335469411,2567.926900977557,2157.376909131821,1880.92335469411
zhao2020__1312,3500.0,3428.55920186665,2412.9263991609805,2394.8011602104557,3556.7090372336984,3851.8777523240446,2394.8011602104557
zhao2020__1313,3400.0,3218.793610002352,2279.186015185573,2222.0897032286475,3426.215747401678,3587.855881288049,2222.0897032286475
zhao2020__1314,3100.0,2513.9983320293013,2135.0113718591274,1901.7910806756192,2944.5168556192534,2691.18252930739,1901.7910806756192
zhao2020__1315,2700.0,2514.74383057891,2170.407787834622,1967.8901220044365,2957.6742603851317,2695.87176617725,1967.8901220044365
zhao2020__1316,2300.0,2196.138390369907,2107.6565780220576,1783.5306784927825,2444.2412985093447,2019.555901365776,1783.5306784927825
zhao2020__1317,3200.0,3200.107706303197,2229.2965346851684,2167.8743561631604,3402.5523661367715,3583.845996691991,2167.8743561631604
zhao2020__1318,2300.0,2403.5918132249817,2249.5187779971347,2069.5667377350337,2828.7126826619633,2471.7546981149653,2069.5667377350337
zhao2020__1319,1800.0,2209.715414103087,2266.9495462839977,1832.1241636701297,2497.219742216766,2066.223103449468,1832.1241636701297
zhao2020__1320,2600.0,2705.849301722381,3269.4205852296413,2952.584757832936,2810.6440960949885,2135.167277914605,2952.584757832936
zhao2020__1321,2300.0,2458.1583136489958,3218.409806532366,2855.7084696461493,2682.2855895756497,2005.908228955005,2855.7084696461493
zhao2020__1322,2000.0,2329.8056062377623,3228.0171586597194,2791.1798146247042,2620.2520264368077,1939.719793874026,2791.1798146247042
zhao2020__1323,1800.0,1751.979009766783,2753.784933259934,2139.9947445918156,2311.99576066877,1623.6100754754893,2139.9947445918156
zhao2020__1324,3900.0,4688.490848691372,3543.2404276640896,4500.219585578005,4109.533316980261,3484.507345152369,4500.219585578005
zhao2020__1325,3600.0,3806.3533360706497,3485.142008267916,4285.1932898235,3606.3295512672453,2954.4772595929453,4285.1932898235
zhao2020__1326,3100.0,3369.8170017136617,3805.74823635917,3684.5169818796203,3192.2434479017115,2528.8525295896247,3684.5169818796203
zhao2020__1327,2800.0,3103.602651450028,3319.90174806056,3229.870900007739,2999.2769415637017,2327.5546282803743,3229.870900007739
zhao2020__1328,2500.0,2771.577611956012,3274.4526801840175,2952.584757832936,2843.2326226839173,2168.212141107731,2952.584757832936
zhao2020__1329,2200.0,2317.798061215713,3203.190672513959,2771.7006322183856,2617.659917595558,1935.01472965237,2771.7006322183856
zhao2020__1330,1800.0,1970.0086617137363,2989.911011561355,2288.264217394711,2429.249954175888,1742.9379134913565,2288.264217394711
zhao2020__1331,1700.0,1780.3719800359881,2717.3377827103322,2108.4382956000195,2339.420715714569,1647.1217070273321,2108.4382956000195
zhao2020__1332,4200.0,4485.905077901074,4359.927051340555,4563.328301457242,4021.3516153828614,3393.8962396918996,4563.328301457242
zhao2020__1333,3800.0,3766.820655685307,4275.365223218415,4291.684501708673,3576.00225878614,2936.610134837585,4291.684501708673
zhao2020__1334,3400.0,3478.929818229181,3850.0222237976113,3714.870207894778,3295.6149173596273,2640.623708060161,3714.870207894778
zhao2020__1335,3400.0,3454.350831936082,3841.5048548632585,3712.319856801898,3269.352297480345,2613.354692831026,3712.319856801898
zhao2020__1336,3100.0,3395.952776102633,3828.1022183295595,3640.7245027958406,3206.424763639202,2548.1054981247507,3640.7245027958406
zhao2020__1337,2800.0,3076.801589377562,3522.7633372381465,3198.91645272325,2983.3390006283016,2315.839690216776,3198.91645272325
zhao2020__1338,2500.0,2679.4350241690486,2953.1560733357887,2794.3049066705294,2787.016716291099,2120.738972740384,2794.3049066705294
zhao2020__1339,2200.0,2249.270520734132,2730.1888031442695,2557.9419716230295,2554.380414055236,1887.6967348457736,2557.9419716230295
zhao2020__1340,1900.0,1973.5080968097657,2980.5331260595303,2353.333342059964,2417.8570390071854,1738.9740974317142,2353.333342059964
zhao2020__1341,1600.0,1590.5265634145326,2552.167083591533,1982.8572126629508,2228.2501521089666,1540.2465588784169,1982.8572126629508
zhao2020__1342,3900.0,4770.241258417318,3582.1001683549684,4163.938088732529,4121.71052719374,3689.457114648066,4163.938088732529
zhao2020__1343,3600.0,4305.5641686974595,3478.4025904111177,3666.629078016831,3920.886970995113,3401.8491585750726,3666.629078016831
zhao2020__1344,3200.0,3961.5552141223334,3459.0117167587377,3495.6163571779584,3771.122407950332,3191.693527541616,3495.6163571779584
zhao2020__1345,3000.0,3383.0988752237995,3310.182156403427,3120.8897813249714,3444.646747938251,2791.8119127110426,3120.8897813249714
zhao2020__1346,2600.0,3131.611689481963,3235.0080199304934,3051.2746073539365,3281.1832607826022,2606.4076926223192,3051.2746073539365
zhao2020__1347,2300.0,2776.3377790989,3190.69567466519,2586.0461883737585,3011.167147935724,2311.632365035084,2586.0461883737585
zhao2020__1348,2000.0,2398.2655650781426,3135.9691789242106,2389.984365631208,2776.6229036182713,2069.0498771331113,2389.984365631208
zhao2020__1349,1600.0,1925.5907405949004,2828.630164419459,2103.457969897621,2509.376500136575,1807.9477247013149,2103.457969897621
zhao2020__1350,1400.0,1687.7612490293886,2421.403007037999,1984.9656834799705,2303.649962023776,1641.2890538231418,1984.9656834799705
zhao2020__1351,4100.0,4751.436949726373,3578.2996287061746,4163.938088732529,4111.781698652793,3673.0780266383917,4163.938088732529
zhao2020__1352,3700.0,4266.209801892887,3477.877722986583,3674.924618917322,3904.6757417134713,3377.6885283551187,3674.924618917322
zhao2020__1353,3500.0,4340.116557663422,3546.473953509829,3651.616132112065,3946.8144745555487,3413.974078125935,3651.616132112065
zhao2020__1354,3200.0,3820.4120994967807,3429.2575118495415,3496.319275706267,3699.231740059804,3098.484492970931,3496.319275706267
zhao2020__1355,2800.0,3467.8287295599075,3323.3716487231986,3133.409209492744,3496.4569408518378,2852.6016171613383,3133.409209492744
zhao2020__1356,2500.0,3107.5242655471993,3259.890264436013,3100.3448692858465,3256.5801205995117,2575.31016685381,3100.3448692858465
zhao2020__1357,2200.0,2814.1563657835923,3285.1607075148836,2699.752706289183,3004.297782417759,2298.173699109589,2699.752706289183
zhao2020__1358,1800.0,2373.2615602996475,3218.8911781482816,2433.910575183925,2755.602526949059,2043.4422558368462,2433.910575183925
zhao2020__1359,1600.0,1909.357934323858,2891.508457302363,2116.4327084902347,2501.0748277416105,1797.551574858648,2116.4327084902347
zhao2020__1360,1300.0,1723.6769210428101,2335.6906039810297,1875.2271621175198,2303.46173470502,1670.7433659881947,1875.2271621175198
zhao2020__1361,3800.0,3709.974729066953,2760.870442439208,2768.610169711355,3196.124463339288,3098.2824772762187,2768.610169711355
zhao2020__1362,3500.0,3190.1276083286043,2630.730821433579,2447.818024356249,3136.7086145364797,2863.8018623114044,2447.818024356249
zhao2020__1363,3200.0,2617.861267424705,2401.7911714259367,2356.255716448714,2891.3275938328984,2479.1539950493316,2356.255716448714
zhao2020__1364,2900.0,2602.314138953395,2443.0189678357438,2274.1638324901946,2886.4005901470787,2457.72801606322,2274.1638324901946
zhao2020__1365,2800.0,2506.333859393748,2347.7001474135395,2114.862750459462,2791.86995193947,2343.625763975876,2114.862750459462
zhao2020__1366,2500.0,2478.2382282240196,2371.6903897476695,2133.102041141367,2778.2843366149295,2323.602051615945,2133.102041141367
zhao2020__1367,2200.0,2425.4029469612396,2369.7882294963065,2123.2438331676008,2745.898345195193,2284.5350358924047,2123.2438331676008
zhao2020__1368,1900.0,2361.3106124616406,2329.8644913313037,2034.4329913952372,2523.30880767654,2051.312407252307,2034.4329913952372
zhao2020__1369,1600.0,2117.2711301321183,2162.8851043194527,1948.9139517523543,2290.1688618597027,1816.1234478705358,1948.9139517523543
zhao2020__1370,3900.0,3004.717290348022,2575.868164868045,2387.468127536222,3081.4749329813203,2768.975719897601,2387.468127536222
zhao2020__1371,3600.0,3691.8311696634632,2771.1351305919607,2966.7813649309637,2868.4798196683214,3047.3643649774763,2966.7813649309637
zhao2020__1372,3800.0,3733.3434784993124,2767.6191674079982,2966.7813649309637,3137.7703807679864,3129.248341931712,2966.7813649309637
zhao2020__1373,3500.0,3705.7028503790348,2751.269986854876,2958.181998655801,3162.3794779640116,3105.4635966934256,2958.181998655801
zhao2020__1374,3300.0,3032.2474827428073,2562.7888287003707,2369.861430430498,3081.5056156987594,2781.3817481565593,2369.861430430498
zhao2020__1375,3000.0,2912.940779549229,2608.134499322878,2332.628074143107,3038.300148590103,2715.428275359073,2332.628074143107
zhao2020__1376,2800.0,2694.83882431429,2594.8913159403855,2189.1249477846254,2950.726569883385,2581.823072515031,2189.1249477846254
zhao2020__1377,2500.0,2609.929685976224,2394.8580008098174,2356.255716448714,2884.3033406953546,2469.6877239004025,2356.255716448714
zhao2020__1378,2200.0,2380.851023512782,2350.7359499459617,2133.4796788472827,2718.9025382369323,2250.959348569315,2133.4796788472827
zhao2020__1379,1900.0,2358.28547433077,2342.7059613447395,2043.7997860428316,2526.4516681258583,2049.1744798197087,2043.7997860428316
zhao2020__1380,1600.0,2083.8709281244182,2150.3204055436163,1892.9112680824414,2230.4526626685924,1767.4218210675272,1892.9112680824414
zhao2020__1381,2600.0,1976.7051273369025,1101.7103957837105,1205.350237610854,1700.766983499842,1501.643583951045,1205.350237610854
zhao2020__1382,2400.0,1986.5186846684487,1132.264406151602,1207.6048008899998,1715.7830336626432,1511.021106836182,1207.6048008899998
zhao2020__1383,2700.0,2058.0092953572885,1329.9117045588202,1261.4840419004045,1865.2591052480323,1653.7054849336298,1261.4840419004045
zhao2020__1384,2500.0,2057.9526428087083,1226.6261257919186,1235.9647060961263,1782.4923826249174,1572.1320696311568,1235.9647060961263
zhao2020__1385,2200.0,1997.1497553677486,1131.3077360883572,1226.2631260821304,1725.4198065494913,1519.9606111794924,1226.2631260821304
zhao2020__1386,2800.0,2209.472819350521,1686.676499312203,1390.7086442989535,2109.672659048694,1954.8148820947051,1390.7086442989535
zhao2020__1387,2500.0,2186.2153342901233,1352.0377262027266,1325.4578745863794,2004.8336451884727,1807.4295188669807,1325.4578745863794
zhao2020__1401,2100.0,2262.336441320551,1899.6436983788965,1796.74560637154,1674.3933787183644,2183.8243340921426,1796.74560637154
zhao2020__1402,1800.0,2148.033602064644,1926.1058828283076,1698.096019601288,1633.3773304773797,2050.920142102658,1698.096019601288
zhao2020__1403,3200.0,2903.659370967404,3030.190510521646,2702.4525736828627,1925.1300609833038,2496.2446227062646,2702.4525736828627
zhao2020__1404,3300.0,2515.323249892267,2665.3522127072533,2590.860856512609,1795.9321872396554,2236.339947040523,2590.860856512609
zhao2020__1405,3200.0,3086.9611339689723,3186.434702932527,2567.5095283678747,1995.0490061481323,2628.240745554127,2567.5095283678747
zhao2020__1406,1400.0,1804.0628048511946,1611.7833236067988,1570.8136475185831,1524.6909413962,1796.5679578456316,1570.8136475185831
zhao2020__1407,1500.0,1523.885415245558,1404.1671703638133,1444.6585619534496,1432.989903956267,1587.86282792593,1444.6585619534496
zhao2020__1408,2000.0,2001.8833250841428,2019.023292021911,1884.4729906949417,1601.0092971446143,1883.1653435045364,1884.4729906949417
zhao2020__1409,2500.0,2303.8094472155817,2500.582830204146,2529.6034636901636,1719.8635848814479,2088.538412111569,2529.6034636901636
zhao2020__1410,2500.0,2486.2483338748602,2609.5689223211166,2574.993814930684,1786.8040863490842,2216.2427446045363,2574.993814930684
zhao2020__1411,3100.0,2646.015126800084,2783.7181386552666,2843.2798633909306,1953.7913386145722,2485.483911965731,2843.2798633909306
zhao2020__1412,3500.0,3245.3199308863027,2970.4040055280693,2905.518478972443,2383.403060219546,3199.207429231538,2905.518478972443
zhao2020__1413,4100.0,3605.8950902534884,3440.407869168405,3215.6733757749435,2826.767622588255,3852.3244762938825,3215.6733757749435
zhao2020__1414,1100.0,1429.9011297956083,1196.9267744707697,1331.9899117526143,1398.918923324963,1512.207687823581,1331.9899117526143
zhao2020__1415,1800.0,1920.8334925500476,1954.4731742148003,1920.9646674810822,1569.0864116542054,1798.7074006984476,1920.9646674810822
zhao2020__1416,1900.0,1789.6671240850155,1781.2423816808735,1901.8043487924365,1514.5488425841972,1698.5351247901722,1901.8043487924365
zhao2020__1417,2600.0,2492.005821820574,2263.374411645928,2256.5344958512665,1926.2787485823658,2426.517546447127,2256.5344958512665
zhao2020__1418,1500.0,1426.5437048664455,1467.1961538125986,1406.1848341875893,1362.6951479581355,1426.9036747462414,1406.1848341875893
zhao2020__1419,1500.0,1490.9113568975183,1470.9543978115223,1434.7857400058142,1390.5285533144254,1475.9098347664406,1434.7857400058142
zhao2020__1420,2100.0,2117.355905610927,1888.7745746444257,1889.3018988708154,1680.9737012727146,2015.05163394834,1889.3018988708154
zhao2020__1421,1100.0,1213.0246337091917,1114.9539153019125,1186.394091592137,1258.2085370252491,1252.512393424399,1186.394091592137
zhao2020__1422,1100.0,1226.412045798684,1114.94404041284,1193.068818036173,1263.7607548550313,1262.455768534255,1193.068818036173
zhao2020__1423,1100.0,1289.4276059571114,1208.9997112824353,1252.7771505356993,1293.1633447316674,1312.5068825182993,1252.7771505356993
zhao2020__1424,1600.0,1724.6936384887752,1588.7203063920135,1571.1364909042006,1421.116040940314,1590.9608214392074,1571.1364909042006
zhao2020__1425,1200.0,1062.9192722951689,1131.4417614977933,1001.755394038368,1445.2716409136576,1158.981715777403,1001.755394038368
zhao2020__1426,2100.0,1707.6992183671334,1831.3872409872577,1701.5734601281595,2122.892859604799,1834.4115282588327,1701.5734601281595
zhao2020__1427,1500.0,1170.7959253682586,1418.1632053965,1325.5001661575893,1665.4642165049934,1267.0788582688288,1325.5001661575893
zhao2020__1428,2600.0,1992.6061390925952,2805.641634833158,2672.5362447301013,2010.119048986972,1996.3871183239535,2672.5362447301013
zhao2020__1429,1100.0,1129.3240153667143,1296.4705964848213,1342.2349679332049,1626.864005125934,1222.6229548850322,1342.2349679332049
zhao2020__1430,1900.0,1653.002603322725,2078.500451918932,2108.663153707811,1773.9877437272771,1683.0831877525436,2108.663153707811
zhao2020__1431,2800.0,2289.168298920808,2232.1200241226697,2329.5528586513487,2038.3741492373993,2800.267162682916,2329.5528586513487
zhao2020__1432,2800.0,2315.0295805559695,2141.6673686014456,2376.7407967828435,2061.807730342486,2832.661368988013,2376.7407967828435
zhao2020__1433,900.0,1036.0898563616297,1195.4261512673083,1194.5435819531565,1532.5551044699077,1116.9662218167493,1194.5435819531565
zhao2020__1434,1600.0,1322.0833897098792,1446.934913221623,1443.0212006425234,1527.5479218664454,1354.0417144514884,1443.0212006425234
zhao2020__1435,1600.0,1347.6198898563543,1540.6426787754574,1497.9891116100207,1549.086386114992,1386.7536674608368,1497.9891116100207
zhao2020__1436,2300.0,2052.7643169848684,1970.5256240264266,1983.4596797312263,1826.6374299294898,2484.861330205429,1983.4596797312263
zhao2020__1437,1200.0,1096.6168691357882,1107.7751787088262,1127.3974316841657,1337.3813586242595,1103.9625532508269,1127.3974316841657
zhao2020__1438,1800.0,1577.2416793295306,1602.9868987555833,1533.2629493340341,1436.6090988660321,1750.2969510450744,1533.2629493340341
zhao2020__1439,1900.0,2008.489044281308,1480.7248402551074,1695.4259216012765,6958.232702128634,1505.0458534432398,1695.4259216012765
zhao2020__1440,1600.0,1605.973018881956,1131.6823325857686,1239.0701393828408,6498.889482220573,1133.137809879849,1239.0701393828408
zhao2020__1441,1000.0,1461.9503888259196,856.2799595347093,787.9065938828809,6314.475022352029,587.4891729704613,787.9065938828809
zhao2020__1442,1000.0,1463.7787036399543,858.6060217970091,786.7401888586279,6327.758745956137,586.8702359026857,786.7401888586279
zhao2020__1443,2500.0,2311.888790406083,2093.441218364006,2146.149357949176,8808.87563588485,1555.0931698975648,2146.149357949176
zhao2020__1444,2000.0,1880.6135990324383,1752.080765383841,1859.0977451229508,8323.601278628781,1177.673457304758,1859.0977451229508
zhao2020__1445,1200.0,1683.2284187070622,1113.632556024147,1068.4956642371255,7869.3241627420575,611.2916024116342,1068.4956642371255
zhao2020__1446,1500.0,1731.7303057816068,1214.9380208776179,1085.1786697804002,8263.418339557624,616.0890284887764,1085.1786697804002
zhao2020__1447,2300.0,1577.7862675546367,2245.189385889139,2211.2665461889246,3717.6658518764566,1523.9533182116295,2211.2665461889246
zhao2020__1448,1900.0,1599.6843573826304,1703.2802155791005,1792.4377143421286,3145.610827197267,1173.861243942893,1792.4377143421286
zhao2020__1449,1800.0,1664.5393163729448,1729.7203989237453,1815.659488333993,3376.2627396897665,1192.312065886708,1815.659488333993
zhao2020__1450,1200.0,1353.025049713105,925.3222580737848,860.8262386797027,2813.331157503448,617.8534230739532,860.8262386797027
zhao2020__1451,2900.0,1769.2962826873559,2535.6153571221475,2602.6274537212944,4347.066659967171,1565.650290735269,2602.6274537212944
zhao2020__1452,2300.0,1777.3165107465713,2054.405763420767,2100.1843419757165,3802.1420717323317,1227.309778830471,2100.1843419757165
zhao2020__1460,1800.0,2077.5095421234682,1551.6083511333368,1747.28378337482,7371.908258949843,1514.7072386699622,1747.28378337482
zhao2020__1461,1500.0,1664.6831158123302,1286.923089708968,1431.322078878395,6885.392297901256,1141.4117001092875,1431.322078878395
zhao2020__1462,900.0,1626.980134121421,953.5588907577259,879.246077635457,7456.867708631771,606.079198264438,879.246077635457
zhao2020__1463,900.0,1600.522203338583,897.282777178897,876.6524313887448,7268.580630750377,601.7800731393036,876.6524313887448
zhao2020__1464,2200.0,2613.6631035451687,2518.318374570684,2436.8673261778954,10882.780335327569,1595.3504420196446,2436.8673261778954
zhao2020__1465,1800.0,2083.9691153662798,1891.1941196940832,2126.1202369923462,9754.853243480255,1211.0712822651885,2126.1202369923462
zhao2020__1466,1100.0,1805.0197348697313,1339.8547143947633,1208.7009486101224,8924.28867279361,624.9411181244589,1208.7009486101224
zhao2020__1467,2700.0,3238.5535136814465,2665.829834047619,2508.9125326004037,14255.509533252767,1663.3027793970784,2508.9125326004037
zhao2020__1468,2200.0,2401.0483227665823,2079.935410287495,2264.626164080976,12248.534550781485,1256.0013701004632,2264.626164080976
zhao2020__1469,1300.0,1983.882715314978,1602.4989789744468,1468.1922899597098,10663.093661038294,645.3342332514645,1468.1922899597098
zhao2020__1470,3300.0,5528.4724046863885,2357.804000839761,2980.0659734867386,30000.0,1883.738642469632,2980.0659734867386
zhao2020__1471,2700.0,3028.752557736679,2378.8734195274515,2504.826517131842,21661.248304617104,1360.9480294948419,2504.826517131842
zhao2020__1472,1700.0,2260.1758565803784,1705.3111895575455,1626.5261576264297,13885.60531584895,672.5565203567941,1626.5261576264297
zhao2020__1473,1100.0,1481.2262599161843,1123.2159724958276,961.0178880666294,7049.60703055178,314.38836894870445,961.0178880666294
zhao2020__1474,1500.0,1468.1288010782953,1654.0904844910153,1873.4068270773846,3244.4688071685423,1472.3159292668633,1873.4068270773846
zhao2020__1475,1300.0,1487.2187104655693,1254.2505228009966,1355.2322262666648,2790.1104911978696,1136.017220620618,1355.2322262666648
zhao2020__1476,900.0,1284.6025659557013,902.7924380012275,884.0864985794467,2578.8993625603707,602.8666434178315,884.0864985794467
zhao2020__1477,800.0,1366.6297278460977,1005.1241538172739,969.9575996879581,2863.086935204193,616.740023624314,969.9575996879581
zhao2020__1478,2100.0,1709.6980352649273,2423.2824491162046,2549.7273497757174,4171.575644561183,1567.9455960314222,2549.7273497757174
zhao2020__1479,1700.0,1729.2035151861853,1978.0769307876135,2074.835064264343,3619.179389704075,1214.944251370691,2074.835064264343
zhao2020__1480,1100.0,1439.0518131929662,1195.9349393620305,1061.2940279297025,3125.967693527803,632.8570747892146,1061.2940279297025
zhao2020__1481,2600.0,2114.352924123503,2845.4360154342257,2794.89643284602,5405.132942637297,1646.8067977894186,2794.89643284602
zhao2020__1482,2000.0,1981.3711001769427,2147.320217337408,2520.398320710806,4788.588830982602,1298.6601141538215,2520.398320710806
zhao2020__1483,2000.0,1970.167153663434,2132.9883037520585,2518.5457677371114,4723.549400829461,1293.576033370805,2518.5457677371114
zhao2020__1484,1400.0,1480.85957402366,1282.2655110959677,1186.9659919229991,3284.44947678548,640.1864655692157,1186.9659919229991
zhao2020__1485,2700.0,2444.1151446062813,2699.2241292781705,2592.7125677554436,7186.837043235324,1435.3126479246148,2592.7125677554436
zhao2020__1486,1500.0,2046.5772175295715,2156.933248795337,1846.5333149407595,6856.223108629604,820.9790383512448,1846.5333149407595
zhao2020__1487,1800.0,1687.5861359966204,1746.0715608385776,1586.685391779759,4285.002068056693,692.821360672279,1586.685391779759
zhao2020__1488,1600.0,1860.0619269180982,1898.2695440345788,1797.408640923838,5438.508304895004,735.3483393069077,1797.408640923838
zhao2020__1489,1700.0,1770.0565487574318,1863.969147937078,1719.238651495411,4812.781057278889,712.2397971941015,1719.238651495411
zhao2020__1490,2400.0,2219.5831019510592,1943.1747221223918,1851.3155133951846,8645.783383700695,842.563225935559,1851.3155133951846
zhao2020__1491,1600.0,1388.1225352739964,1134.694396217034,1200.9183369533237,3130.5459012503247,339.8794042209335,1200.9183369533237
zhao2020__1798,1300.0,1475.731628668075,1006.0227152569075,1319.4414490769611,3849.7550096365185,350.203098616354,1319.4414490769611
zhao2020__1799,2200.0,1992.5671889329808,1935.7203528723237,1812.5198985479874,7127.228533695314,761.2177676514353,1812.5198985479874
zhao2020__1800,1600.0,1622.4173344240585,1740.003370951322,1538.656384343255,4019.230896009641,653.6827548085531,1538.656384343255
zhao2020__1801,2300.0,2420.21269709816,2973.9211813157954,2821.3786917720627,7213.960315376603,1363.4409356375515,2821.3786917720627
zhao2020__1802,1300.0,1390.747160113924,1028.1157741705013,966.2587820667829,2804.292959505911,591.0430718539604,966.2587820667829
zhao2020__1803,2000.0,1810.3899690742726,2042.9121340688841,2128.2167395590914,3652.6999042754856,1157.7475411181408,2128.2167395590914
zhao2020__1804,2200.0,2061.401945826699,2866.263537494066,2781.4671249625057,5162.926384389485,1554.6987853044432,2781.4671249625057
zhao2020__1805,1200.0,1506.5008209947903,1307.697086837679,1402.9791768794355,2547.3909240808102,1060.1060576893283,1402.9791768794355
zhao2020__1806,1400.0,1454.0173941623707,1517.0731143737212,1579.6816052577262,2733.3562656751897,1310.8085206927774,1579.6816052577262
