row_id,y_true,y_pred_ANN,y_pred_RandomForest,y_pred_HistGB,y_pred_PINN,y_pred_GPR,y_pred_Proposed_Hierarchy
helical_coil_r123__169,126.6,156.26551404751922,115.04559202898562,112.56309712027993,121.86246488835862,120.0856051909991,112.67549329731214
helical_coil_r123__26,178.3,226.9859706146885,245.41843010376914,187.56167578161077,193.57628834065707,221.0917052777286,187.67407195514446
helical_coil_r123__240,110.3,141.4309296060816,128.96220748899862,127.39840638760157,131.82215581867504,106.50327059391971,127.51080256496523
helical_coil_r123__180,265.4,234.0409754090135,233.34464061312372,257.41979270032783,207.0319474069985,189.89638635716193,257.5321888777504
helical_coil_r123__92,161.1,189.69038954205053,158.52759949699458,158.8066156737822,165.48948280498365,173.9085349550058,158.91901184688135
helical_coil_r123__228,251.5,187.56714893607344,240.97098252927518,248.87589351394598,218.91321361640783,193.02754670289863,248.98828969131702
helical_coil_r123__250,215.3,187.53045781004235,244.9031077236264,249.02683430217775,233.5072095423294,184.5377618471869,249.13923047967398
helical_coil_r123__3,102.8,119.72518517480468,105.12622730118416,104.190831251073,81.07195662517033,107.80641381132337,104.30322742574093
helical_coil_r123__211,396.2,388.7769565988895,281.0256234334608,334.5432308634653,387.4832072644358,427.8908876172955,334.65562704114564
helical_coil_r123__38,141.5,91.86929380274174,127.90139583821488,129.4744671288705,122.99074337798275,92.34320550995288,129.58686330154984
helical_coil_r123__89,121.5,148.027007029936,124.02199405809358,121.63581782427583,129.95804245412998,122.04931338292222,121.74821399649855
helical_coil_r123__51,152.1,131.93088007800384,148.58804863666228,163.5500899922156,131.97349506181396,109.46560426769292,163.6624861648434
helical_coil_r123__46,237.0,241.66457712067063,222.90620878011168,247.27188703008363,199.3940525385165,228.12668943229352,247.38428320562065
helical_coil_r123__75,110.0,102.20156727171408,92.79801517580628,86.75381044130957,94.51392873533501,94.62780936274787,86.86620661474014
helical_coil_r123__184,90.7,67.91206999237326,94.74975034677483,88.85704531021642,93.09961250978276,67.16031983289324,88.96944148753589
helical_coil_r123__88,117.5,127.986879099336,113.53482116843387,116.54038872210299,114.81482079673968,99.43447939527304,116.6527848937881
helical_coil_r123__62,128.0,199.0610232843073,147.85352917219566,150.97006773325714,145.6316091231082,172.15095235317395,151.08246390880154
helical_coil_r123__80,98.2,121.27116427275486,107.52990977705373,97.60195104594173,100.00141934929866,102.22587199166937,97.7143472183412
helical_coil_r123__226,313.4,340.5633524500008,278.31360652837463,285.60738475066825,291.13170578128853,367.55494807822737,285.7197809283486
helical_coil_r123__166,244.5,206.3425257068298,241.6766315033756,254.46746043115348,216.9186192447592,212.10877281958088,254.5798566088265
helical_coil_r123__227,189.2,140.36992190438465,179.45790681699532,201.73196437065587,173.7267339718383,139.75218413673664,201.84436054792377
helical_coil_r123__232,355.8,326.6615341842735,303.2530276856449,303.3988817883028,310.7399580706013,351.0068731589312,303.5112779657843
helical_coil_r123__95,201.0,231.6553613620511,218.7034181194241,202.57824220680348,198.69533095986114,227.08568721375966,202.69063838066123
helical_coil_r123__191,316.5,366.8762934332736,512.1716437024941,469.92188047882826,327.91679435104174,387.2024223702593,470.03427665631716
helical_coil_r123__256,389.2,406.63607036095965,284.04435469325506,307.4447791936666,407.80273590334383,436.8836889413585,307.5571753715311
helical_coil_r123__255,352.7,366.15005087095375,291.5859199937453,290.26064065347873,369.52849487103197,392.7731200882053,290.3730368312475
helical_coil_r123__210,380.9,349.51613531088157,320.50190200695334,348.08379515602724,362.31755830271743,379.4951007568929,348.1961913337076
helical_coil_r123__112,78.3,63.46687880036956,71.90125770232623,67.1464553869363,73.79382102731536,46.434082353197276,67.25885155812061
helical_coil_r123__50,130.4,109.5494864228709,127.25190656733358,135.92731514775994,115.30345643898036,89.30891843382322,136.03971132035826
helical_coil_r123__246,312.0,375.5264869965234,291.3044928643336,261.1493884548144,305.9965597881003,334.8615756472958,261.2617846328336
helical_coil_r123__135,128.6,112.65635963877922,129.97002715526085,138.00750837230868,132.25242570817278,93.2246215420407,138.11990454518687
helical_coil_r123__130,106.3,158.57306939621841,137.27862214501027,125.746684793574,141.17774100432464,139.41454030791635,125.8590809673802
helical_coil_r123__187,262.1,197.95347129791062,244.90038744061383,251.32110169344725,230.2354467790899,207.36229407983205,251.4334978710024
helical_coil_r123__104,135.7,114.36467927029338,119.26401747188977,117.55309251757309,129.22696768312485,105.71936734732058,117.6654886909521
helical_coil_r123__248,369.0,432.489010267666,202.23571951488128,285.8422866183322,372.94458196493395,424.84673292296117,285.95468279659445
helical_coil_r123__252,295.9,282.673317972871,287.2130944083757,296.6498415256043,319.3620588669021,299.6552285860276,296.76223770338044
helical_coil_r123__70,71.8,66.74588826077476,84.32057556106462,75.10194117476955,93.89626338568777,64.84561547541873,75.21433734661667
helical_coil_r123__225,298.1,318.09585557706123,258.27034427073227,281.6488801216806,276.8767403896332,328.7503514437276,281.76127629936093
helical_coil_r123__94,181.4,210.6400518098717,197.68127962570486,174.26986273710438,181.68942280717974,198.55490710501263,174.3822589104613
helical_coil_r123__192,323.8,366.2069671037976,505.60700146973784,459.86933169107755,328.44898683451356,387.178928286747,459.98172786855906
helical_coil_r123__101,78.8,59.43102411510103,81.31685059847055,81.89014168365252,84.37913388480895,56.34988780899585,82.00253785507249
helical_coil_r123__54,190.1,187.46596429119396,200.4116721375337,202.720294021188,171.85517304068017,171.05857895693734,202.8326901947659
helical_coil_r123__118,198.0,196.8199244863946,167.1654115686259,174.0118212781557,179.64730142054898,184.18051112810102,174.12421745237435
helical_coil_r123__131,122.0,195.90317897844662,173.36498088558312,142.05750809376812,161.35446850239,179.91160274823824,142.16990426828136
helical_coil_r123__84,150.8,197.3933093866828,158.334890857293,148.2986391358579,149.00481303963684,188.96189499866438,148.41103531015756
helical_coil_r123__145,131.3,167.18251517918642,125.18930781595606,126.53831694419165,110.14786504938981,124.44549890376963,126.6507131219825
helical_coil_r123__7,129.8,158.69058076611128,126.32531422707466,136.40883642873203,114.2280025705131,144.80938640459837,136.52123260346625
helical_coil_r123__100,144.3,173.2017086562084,133.84384228401183,147.7702010876069,131.50173053080243,152.91679933870984,147.8825972626357
helical_coil_r123__183,333.6,352.03710758002177,293.91135344145727,308.13561230197274,315.4025981468873,381.929953766057,308.24800847982254
helical_coil_r123__98,102.6,112.34662568072027,100.51993383946214,106.59160187425822,102.95381898599679,106.76286969420593,106.70399804787291
helical_coil_r123__243,261.6,322.4392697734607,246.35021694699412,240.57792263606444,268.20500093228134,269.6453947720956,240.69031881401736
kaeri_nonuniform__453,898.0,842.3022158627571,780.7356250549363,804.9820817077534,826.2014528675862,823.0085988614543,804.9820817077534
kaeri_nonuniform__116,2494.1,2274.7284979183723,2389.7286462058087,2365.985692557735,2812.2808935265575,3026.8138744484327,2365.985692557735
kaeri_nonuniform__218,1418.5,1801.4174640226927,1544.5611035465813,1454.2363083104924,2026.5518563375642,1733.2105494891532,1454.2363083104924
kaeri_nonuniform__152,1775.5,2860.7847836595215,1915.2033950816992,2045.3219437906257,3476.1497985545125,3679.095523131301,2045.3219437906257
kaeri_nonuniform__278,1689.4,1670.1019599472063,1787.7285575870278,1797.169382004985,2061.791112892022,1930.406902357366,1797.169382004985
kaeri_nonuniform__142,2907.4,3512.2368075966483,2709.018661916095,2834.2421952877694,4707.768788556511,5965.0819067217235,2834.2421952877694
kaeri_nonuniform__20,1088.5,852.1555775180354,858.9940489369603,906.1050874665707,713.1813326322274,783.8669021567149,906.1050874665707
kaeri_nonuniform__69,2232.9,2426.157845343129,2464.314040217483,2292.365835593501,2942.606667700207,3475.6034788876764,2292.365835593501
kaeri_nonuniform__484,946.0,912.3599382246626,935.6479868176698,914.3488739779926,799.0212589496679,1348.7430353457307,914.3488739779926
kaeri_nonuniform__143,2939.6,3549.060397239096,2440.56337631545,2797.0355609309054,4733.187440639528,6015.627085196383,2797.0355609309054
kaeri_nonuniform__83,1712.2,2783.099740210266,1806.2329395071847,1707.5872698787252,2891.868625770754,3505.9748163091285,1707.5872698787252
kaeri_nonuniform__583,348.0,507.7977092258263,403.3195085222854,396.9719330988964,421.5450060528637,439.5624581597817,396.9719330988964
kaeri_nonuniform__307,1313.8,1263.2777493767665,1479.936086295021,1397.9922766478537,1790.1919881109466,1150.3868852746946,1397.9922766478537
kaeri_nonuniform__828,1136.4,2843.9774351844108,1625.461456360266,1509.4369997556662,3181.0090870906033,3336.704969612769,1509.4369997556662
kaeri_nonuniform__689,347.0,513.3020931737702,429.28415581040275,422.8070517634943,425.958463094908,442.68046486148137,422.8070517634943
kaeri_nonuniform__806,1785.5,4371.077192896559,2094.2902625894526,2157.726339360765,3510.4399605159942,4097.195749790396,2157.726339360765
kaeri_nonuniform__748,2795.4,2668.027532535473,2852.2616945673194,2920.7980924073013,3174.847858152075,2859.5178339269532,2920.7980924073013
kaeri_nonuniform__401,2424.3,2555.543036658246,2465.426234404928,2483.893647344983,2862.2074693597856,3142.4450570592867,2483.893647344983
kaeri_nonuniform__129,2762.5,2582.7300649245594,2763.330656865841,2629.084903330314,4915.027898971131,5115.526684425127,2629.084903330314
kaeri_nonuniform__444,447.0,425.16405024239884,439.6688744934737,478.09207368156285,449.5283573295072,462.0284521857628,478.09207368156285
kaeri_nonuniform__180,1295.8,1554.576330630784,1247.3107187303563,1305.4892883681405,1834.158673343838,2003.514337230352,1305.4892883681405
kaeri_nonuniform__363,2218.0,1943.1324048884512,1991.4169649752953,2074.0627316046207,2279.7087064146453,2242.1377442058015,2074.0627316046207
kaeri_nonuniform__187,1362.9,2005.7578612924992,1646.898062138664,1644.331389052197,2380.7846090838007,2482.03276249588,1644.331389052197
kaeri_nonuniform__670,452.0,484.4310613947267,471.55938119690904,429.87683528683704,384.06390551126026,437.8116368205443,429.87683528683704
kaeri_nonuniform__223,1657.4,1781.5518799158735,1462.3767254921509,1473.8346691374709,2068.9334557784264,1754.6852949824706,1473.8346691374709
kaeri_nonuniform__427,401.0,315.7495600991419,414.84304155393284,402.18939517069157,277.4674018976793,340.79080427781014,402.18939517069157
kaeri_nonuniform__313,2332.2,2529.6170055377684,2304.909252293803,2334.0806746619573,2906.338236200138,3375.394711250991,2334.0806746619573
kaeri_nonuniform__437,1504.0,1150.272078407749,1098.0018873670026,1105.6121082412137,1209.0254157030613,1680.0030407190534,1105.6121082412137
kaeri_nonuniform__157,1268.5,2582.583247595694,1344.0465398372166,1343.1348571924261,2160.011775287886,3127.3313704116895,1343.1348571924261
kaeri_nonuniform__602,850.0,1005.075343734166,885.6129208071744,871.709660751019,1032.1717643931047,1167.014610433674,871.709660751019
kaeri_nonuniform__158,1268.5,2582.583247595694,1344.0465398372166,1343.1348571924261,2160.011775287886,3127.3313704116895,1343.1348571924261
kaeri_nonuniform__433,599.0,618.2851039108238,607.3041192940553,636.8771637692239,609.6689222795715,727.181403640945,636.8771637692239
kaeri_nonuniform__406,2300.1,2345.6675283202835,2324.0781587525057,2337.7590347386626,2505.5989240130066,2855.426262715791,2337.7590347386626
kaeri_nonuniform__365,2308.1,2229.739204213843,2163.488674823693,2172.9714998492295,2473.9036159369452,2485.526949798258,2172.9714998492295
kaeri_nonuniform__185,1484.2,1737.2228836206104,1505.793389545236,1455.6785936092401,2253.858570180239,2319.547739400895,1455.6785936092401
kaeri_nonuniform__634,299.0,406.84709504748554,292.5842076384763,306.52119532621066,287.7708595012461,335.0903176473359,306.52119532621066
kaeri_nonuniform__703,4543.4,4334.799964838957,4714.030621576591,4399.672013282722,4843.627970074205,6126.367962065276,4399.672013282722
kaeri_nonuniform__546,623.0,724.6163396709512,632.8598929790317,646.4810979417406,707.9962018964094,757.6930962085427,646.4810979417406
kaeri_nonuniform__737,4406.0,4334.799964838957,4714.030621576591,4399.672013282722,4843.627970074205,6126.367962065276,4399.672013282722
kaeri_nonuniform__475,346.0,409.2402694921818,293.87667883948404,291.7863380413942,288.94948237273496,335.77849448199123,291.7863380413942
kaeri_nonuniform__672,649.0,704.6077266786629,640.4109363989955,653.170575984797,596.0958199421224,587.421563098577,653.170575984797
kaeri_nonuniform__179,1247.1,1565.782083843512,1238.9747012439818,1296.1712549541182,1841.5429991456028,2015.954656638832,1296.1712549541182
kaeri_nonuniform__171,1311.5,1156.814308437255,1242.2719970359276,1318.264655310207,1499.5431654193146,1519.271310548284,1318.264655310207
kaeri_nonuniform__236,1771.4,1496.548457125496,1613.0986058578517,1681.346755342384,1915.6736593033854,1635.4633292510769,1681.346755342384
kaeri_nonuniform__45,678.3,1247.8424087832802,713.8445094434693,682.1194014259382,1268.4589794565686,1730.9751829483746,682.1194014259382
kaeri_nonuniform__328,2744.9,2268.3415221479227,2752.0321565106856,2672.452851231476,2383.995342123833,2742.5268055377105,2672.452851231476
kaeri_nonuniform__336,2787.0,2592.2951584825882,3463.6825170064867,2880.4894799322274,2925.983018700002,3297.2409200001343,2880.4894799322274
kaeri_nonuniform__381,2552.6,2954.3928810538487,2558.28369727231,2489.130771417432,2992.2744943807206,3033.1062577033968,2489.130771417432
kaeri_nonuniform__252,1575.7,1308.24786449557,1613.5451763123797,1642.445056911617,1878.657811755713,1242.0372214130796,1642.445056911617
kaeri_nonuniform__578,449.0,427.77108194938006,509.1240733602151,488.35572820496014,498.4462276719047,475.50525705295365,488.35572820496014
kaeri_nonuniform__131,3113.2,2609.328138713201,3029.292681671624,2867.9066279447325,5166.374451944964,5289.858997379141,2867.9066279447325
kaeri_nonuniform__100,2018.2,2699.78270798053,2003.132016814546,2021.771785492916,4013.9170211721976,4254.937759113277,2021.771785492916
kaeri_nonuniform__599,498.0,477.13098480694356,484.81827711235366,467.52213907095114,450.1808374883164,461.787636213336,467.52213907095114
kaeri_nonuniform__796,1308.5,2665.271731608175,1660.9908338707269,1722.867937319518,2793.929115035199,2984.2775877825934,1722.867937319518
kaeri_nonuniform__829,1418.7,3352.3010519590703,1908.7111094524364,1548.5265635776752,3989.414457264496,3981.169506905925,1548.5265635776752
kaeri_nonuniform__463,349.0,384.52640970281885,350.9639978964314,334.4933957685374,307.55310689327996,357.70874080700446,334.4933957685374
kaeri_nonuniform__679,500.0,560.5841062080686,601.5856987667705,609.3556485286824,619.5433219409057,565.772637349814,609.3556485286824
kaeri_nonuniform__407,1747.1,2218.7076741490387,1730.7203610522572,1750.6768424233026,2460.5933291186093,2562.2575355716967,1750.6768424233026
kaeri_nonuniform__66,1796.3,2677.8283944922123,1795.3997025265035,1710.1822554258752,2930.3461968037623,3546.2912550135843,1710.1822554258752
kaeri_nonuniform__700,2617.5,2779.030089248658,2719.337237157389,2743.692584830494,3150.9654425117797,2822.731737873583,2743.692584830494
kaeri_nonuniform__572,504.0,516.1952581612082,558.3581742459409,549.1026467229859,516.3340895076356,496.14952626605753,549.1026467229859
kaeri_nonuniform__677,446.0,467.4298620468494,450.2230275331744,440.8850552778702,415.5441855065903,432.02756775462836,440.8850552778702
kaeri_nonuniform__621,249.0,236.7023728805387,247.43652293968944,244.69598989086316,177.72792465003218,236.48301545152736,244.69598989086316
kaeri_nonuniform__810,1589.0,1891.5280403220818,1860.2955653824865,1785.793243012392,2266.413383159876,1444.620731819707,1785.793243012392
kaeri_nonuniform__674,729.0,787.3957654009853,860.0951812723482,849.7349131232764,792.823110804912,737.227743013182,849.7349131232764
kaeri_nonuniform__331,1839.3,2452.6121532725065,2051.584489934371,1991.486180635438,2650.5188170404876,2774.4323969971765,1991.486180635438
kaeri_nonuniform__640,550.0,512.5491074990634,545.0221744302504,533.4194273571012,446.2686358336178,612.633131302645,533.4194273571012
kaeri_nonuniform__777,1970.0,3604.971739803947,2289.7821443656035,2308.2907751353764,3685.252094659556,4176.572635818233,2308.2907751353764
kaeri_nonuniform__324,2356.2,2337.0965514270815,2324.3818319088714,2380.9725875670724,2477.610186759629,2821.350158454112,2380.9725875670724
kaeri_nonuniform__608,995.0,915.446587110524,882.4201791321265,869.5937163624529,1007.1314461688452,1013.976165575085,869.5937163624529
kaeri_nonuniform__746,1842.4,1800.3743821447904,1766.0300200486283,1717.5934062324038,2498.989253796486,1809.446650818287,1717.5934062324038
kaeri_nonuniform__544,1049.0,1155.8401704008272,1112.3772401839701,1105.821951779683,1214.9957698858275,1685.5369802935945,1105.821951779683
kaeri_nonuniform__30,735.1,1304.8834122861645,746.7015568190586,789.252494087472,1310.7033179512393,1866.1195726839394,789.252494087472
kaeri_nonuniform__886,25200.0,20021.27028367945,24267.362112462928,22846.74819479874,28298.76251792963,14815.971230375815,22846.74819479874
kaeri_nonuniform__36,675.2,1055.7262664344833,637.6941769155994,717.7814388030773,1057.4010539308435,1538.5463856573872,717.7814388030773
kaeri_nonuniform__732,2953.1,2753.3563886425727,2899.543616775288,2987.168431269076,3222.789258509183,2960.999721266646,2987.168431269076
kaeri_nonuniform__111,3315.3,2631.8643272204936,3033.6507058445686,2904.216040029728,5199.159736917643,5323.088208306775,2904.216040029728
kaeri_nonuniform__653,752.0,881.7013505435773,783.986558729328,787.7378357911015,886.6957041599161,978.2288734533128,787.7378357911015
kaeri_nonuniform__500,897.0,912.7859880381569,910.3140361018526,914.8209126633678,1005.561378187426,1009.6377836953354,914.8209126633678
kaeri_nonuniform__450,443.0,490.6645691282864,421.97828674894095,462.22138833139246,363.27356833071065,410.5253404578989,462.22138833139246
kaeri_nonuniform__509,346.0,296.5732259064584,358.6696782224814,353.2008948784915,232.62722435792162,297.25688291821365,353.2008948784915
kaeri_nonuniform__362,2536.5,2328.6549669383003,2351.5256559706954,2280.239311188277,2498.4711782225972,2513.586824429251,2280.239311188277
kaeri_nonuniform__289,1329.1,1251.872588400894,1420.1194294366912,1370.1412030263077,1782.1198554635569,1127.2682266904906,1370.1412030263077
kaeri_nonuniform__203,1395.1,1762.8427382582659,1389.8758286451393,1325.845644738319,2184.296660722872,2293.974225513643,1325.845644738319
kaeri_nonuniform__668,1046.0,920.3228586302542,1106.142508694176,1091.4491851370433,1026.4253691695646,1005.4260086900232,1091.4491851370433
kaeri_nonuniform__326,2672.8,2260.2136779259113,2759.0840066099818,2655.0617339903233,2376.592573808119,2727.024753564088,2655.0617339903233
kaeri_nonuniform__133,3224.1,2658.3408970355654,3046.2470409733037,2982.190119971963,5130.263351751501,5324.084048701023,2982.190119971963
kaeri_nonuniform__130,2762.5,2592.2868633586886,2785.2499894174184,2653.2825191175066,4901.465644717398,5120.377965462468,2653.2825191175066
kaeri_nonuniform__47,801.4,1216.2073342666383,824.524807104048,881.0452530335707,1143.923541391852,1529.721437006275,881.0452530335707
kaeri_nonuniform__388,2153.8,2895.992974033532,2197.470481627242,2287.5159759621556,2962.657861500411,3177.4569504167935,2287.5159759621556
kaeri_nonuniform__380,1502.7,1570.9683592197694,1616.6906761049677,1632.8535677686596,1973.0041483587497,1872.903185630938,1632.8535677686596
kaeri_nonuniform__821,2087.1,3898.499858719223,2560.3641202168783,3037.740119573172,4558.873439348257,3544.3977047215726,3037.740119573172
kaeri_nonuniform__2,662.6,1505.675337772861,710.2183271623517,676.4739413313231,1525.749712390884,1900.3947527799814,676.4739413313231
kaeri_nonuniform__514,848.0,785.3698864238086,808.2127299214275,829.6460770502503,793.6103204029927,735.6589318183723,829.6460770502503
kaeri_nonuniform__306,1553.4,1270.3279420476442,1568.0107801061758,1627.253110999562,1619.0655503162118,1111.7562666364013,1627.253110999562
kaeri_nonuniform__431,905.0,914.0424241734758,919.697436532031,917.94650475046,801.5433775913261,1354.1094868288794,917.94650475046
kaeri_nonuniform__335,2795.0,2592.2951584825882,3463.6825170064867,2880.4894799322274,2925.983018700002,3297.2409200001343,2880.4894799322274
kaeri_nonuniform__135,1230.9,2582.583247595694,1344.0465398372166,1343.1348571924261,2160.011775287886,3127.3313704116895,1343.1348571924261
kaeri_nonuniform__213,1511.3,1512.2178811732938,1521.9005446809356,1544.3600744150601,1617.9658844985483,1379.7523440461575,1544.3600744150601
kaeri_nonuniform__128,2751.7,2577.892288273548,2761.4712222427092,2633.9146160216123,4916.987296581166,5109.136247222096,2633.9146160216123
kaeri_nonuniform__447,947.0,914.3872426280874,855.0965163406224,902.4728687785246,1006.2596915934441,1010.6885358458819,902.4728687785246
kaeri_nonuniform__346,2222.0,2023.746899243998,2218.6809699170853,2176.4212997478694,2256.986568768944,2221.7620040249876,2176.4212997478694
kaeri_nonuniform__506,847.0,841.9159669299374,809.4624597599508,830.9541283010761,827.0126222752283,822.595834282468,830.9541283010761
kaeri_nonuniform__434,701.0,716.2444094336173,682.544940619998,726.6665704608001,767.2103383777725,970.0005143836865,726.6665704608001
kaeri_nonuniform__877,1500.0,1747.968408772257,1461.0846810544638,1413.044685282609,2065.7264979000984,2219.773785084048,1413.044685282609
kaeri_nonuniform__356,2801.0,2974.7614695527286,2616.9451476889176,2641.9904656586077,3117.08551137371,3189.080023120174,2641.9904656586077
kaeri_nonuniform__866,738.0,1005.954102906816,1171.6664731432409,897.7508839843767,1460.0983112509896,1563.520612905002,897.7508839843767
kaeri_nonuniform__643,948.0,915.5561680718258,919.1396416891662,919.4213228957743,794.1582882426537,1348.5792698112311,919.4213228957743
kaeri_nonuniform__770,1221.0,884.8586177938892,1141.8181051103356,1154.5143322922336,906.8800029347275,816.2955482464666,1154.5143322922336
kaeri_nonuniform__151,1775.5,2860.7847836595215,1915.2033950816992,2045.3219437906257,3476.1497985545125,3679.095523131301,2045.3219437906257
kaeri_nonuniform__598,996.0,1152.9353881049724,1106.6056209999242,1092.33158230812,1211.805848449997,1680.4823810797607,1092.33158230812
kaeri_nonuniform__650,1098.0,1152.6194383511615,1106.0185421711178,1091.9672531832089,1211.4582639993184,1679.933794792636,1091.9672531832089
kaeri_nonuniform__557,407.0,491.5101701365771,429.5939877412237,450.40979298947747,364.15738651179953,410.9518054673206,450.40979298947747
kaeri_nonuniform__468,249.0,211.0122120785419,205.72167771289267,202.45612563303578,151.34623872452255,205.5466952615994,202.45612563303578
kaeri_nonuniform__550,1051.0,1149.5141642000888,1166.5254835381975,1147.3226464120119,1336.551232410871,1566.2613484201252,1147.3226464120119
kaeri_nonuniform__743,4599.7,4500.686926858408,4537.862721334675,4539.345827623843,4937.409007515492,6264.8637537030345,4539.345827623843
kaeri_nonuniform__627,198.0,211.3329390276361,206.32143159886218,209.14518153108475,151.89843190823754,206.969120915564,209.14518153108475
kaeri_nonuniform__97,1880.4,2790.5482930900316,1866.3714866682703,1850.9616543747038,3787.1897996641,4003.5607162358588,1850.9616543747038
kaeri_nonuniform__238,1498.4,1631.828303182374,1453.7342500476807,1523.8794798818926,2155.462107435801,1696.852189128744,1523.8794798818926
kaeri_nonuniform__411,2390.3,2405.038174134387,2366.1890042579143,2316.49593728859,2580.6134476167354,2857.8035768609516,2316.49593728859
kaeri_nonuniform__595,701.0,719.6125902641477,713.886061467736,713.2158662225718,771.1996047641459,973.3641314393374,713.2158662225718
kaeri_nonuniform__819,2679.8,3507.962494190429,2915.5105526134466,2605.6201917271046,4163.665554185775,2434.8647139242553,2605.6201917271046
kaeri_nonuniform__82,1719.4,2784.9265832602423,1809.967456479825,1694.1964772371127,2902.0867925197404,3511.453721323864,1694.1964772371127
kaeri_nonuniform__181,1233.3,1848.5320449209346,1329.0967991941982,1306.678890191845,2077.4415887232167,2236.776708856647,1306.678890191845
kaeri_nonuniform__776,2311.6,3409.069572040105,2284.8865472807074,2288.4010787424513,3548.9105678816923,4098.087379747129,2288.4010787424513
kaeri_nonuniform__127,2322.3,2617.87896051872,2327.2044053492245,2343.9286884204134,4561.460788784892,4820.45412450798,2343.9286884204134
kaeri_nonuniform__483,799.0,765.9286254431402,773.104578398979,739.2012041298229,675.0822543800896,1088.114165273444,739.2012041298229
kaeri_nonuniform__736,4782.2,4379.565280288866,4374.579713902351,4305.325540361893,5109.972334775329,6581.848865270124,4305.325540361893
kaeri_nonuniform__596,794.0,864.9745181414728,817.0959187108077,803.4387912181129,906.4502528172262,1195.2283348892322,803.4387912181129
kaeri_nonuniform__312,2332.2,2515.892292127229,2333.6125313199227,2314.7012853440306,2875.7909450229563,3343.5592347862244,2314.7012853440306
kaeri_nonuniform__487,698.0,715.5286168900142,684.434825102746,689.9769589430546,766.388932421328,971.6827973397707,689.9769589430546
kaeri_nonuniform__738,4079.4,4293.697022109331,4169.203580707419,4317.766899113762,4659.440822790144,5824.9949871535355,4317.766899113762
kaeri_nonuniform__198,1061.5,1669.1555014568657,1199.6538376515293,1176.2719373151238,1809.320025725854,2036.6046252214344,1176.2719373151238
kaeri_nonuniform__421,1723.1,1973.691707196991,1863.1887219808616,1780.6528320799032,2371.9838514391954,2330.595853373276,1780.6528320799032
kaeri_nonuniform__25,735.1,1907.6579187316602,881.3978620771945,824.9636377049566,1686.600659695644,2127.324638889825,824.9636377049566
kaeri_nonuniform__558,571.0,716.5248721626584,653.3444678839711,671.8281719605224,577.6615731671104,618.5642519680868,671.8281719605224
kaeri_nonuniform__165,2928.4,3587.956496046523,2595.922823703426,2856.433266534336,4791.063043319206,6059.816581182334,2856.433266534336
kaeri_nonuniform__582,299.0,411.0837387102769,299.7093757452979,302.4337153282978,289.73265759014095,335.6786700458604,302.4337153282978
kaeri_nonuniform__14,845.5,1520.100503400829,828.5087174813401,844.8882046729304,1548.7137315066193,2072.315728181949,844.8882046729304
kaeri_nonuniform__150,2292.3,2339.550499999749,2294.286074924179,2390.7111644833153,2869.96187928154,3269.4616863342458,2390.7111644833153
kaeri_nonuniform__132,3136.4,2615.839895072798,3029.3823133339542,2906.71047745903,5163.089700112401,5294.857954860501,2906.71047745903
kaeri_nonuniform__618,400.0,484.9121633667606,531.2700856887889,509.7586258661486,385.1158685900989,440.26019239161405,509.7586258661486
kaeri_nonuniform__676,351.0,386.9791199609793,348.8782742968573,333.1910646895348,309.0066228472776,359.49370868742614,333.1910646895348
kaeri_nonuniform__542,824.0,865.3716627874952,831.9397781344838,791.9753333427334,908.8907424060126,1195.1615917336308,791.9753333427334
kaeri_nonuniform__606,672.0,682.0642747015214,682.188702255476,688.5178159197312,710.8305683809583,723.7385406873033,688.5178159197312
kaeri_nonuniform__309,2035.6,2497.6378680795365,2325.3534031869776,2045.360212389003,2949.3845087050317,3213.0739222213265,2045.360212389003
kaeri_nonuniform__755,1754.2,4020.9146343718094,2629.672224927075,2410.2055558776087,3470.342980668516,3070.764974699877,2410.2055558776087
kaeri_nonuniform__551,451.0,426.38161575817384,439.67123235580664,468.1280114371032,451.13904014936725,463.8124070775804,468.1280114371032
kaeri_nonuniform__10,943.3,1900.8680081619395,903.4625378980497,889.9938250940971,1751.2709257970787,2280.439816936038,889.9938250940971
kaeri_nonuniform__648,851.0,865.0046911203289,810.2690836768703,768.5584091035034,904.9063778037022,1196.7532544803905,768.5584091035034
kaeri_nonuniform__349,2783.0,2088.7605426930295,2536.8091351321364,2462.130179307691,2131.023721573726,1995.3088371617519,2462.130179307691
kaeri_nonuniform__812,1304.7,2261.5579334402973,1427.7975467668455,1579.5457979606654,2693.989323179935,2067.7881302526357,1579.5457979606654
kaeri_nonuniform__136,1229.2,2573.9912465798006,1688.4144702566807,1256.934173631999,2148.5869752345434,3119.8302846274923,1256.934173631999
kaeri_nonuniform__51,896.0,1912.256326041671,926.5806148892495,935.2458158832085,1769.5148145396593,2346.5920806402987,935.2458158832085
kaeri_nonuniform__448,1104.0,910.7329052615892,997.085971882777,1048.1072856385856,1127.2171571329686,1136.1530023841683,1048.1072856385856
kaeri_nonuniform__371,1667.0,1909.221001267907,1690.082730260077,1696.3409577566597,2323.9642702655233,2249.0443977825294,1696.3409577566597
kaeri_nonuniform__613,846.0,789.3021739072802,614.8778110771414,744.8323619842463,714.2437462180737,731.6139483217038,744.8323619842463
kaeri_nonuniform__620,721.0,702.9244251764466,661.8826721995922,678.2623060930688,597.1485797742159,587.5227233281895,678.2623060930688
kaeri_nonuniform__273,1487.6,1582.4011016856475,1573.3697271026413,1589.6573570569312,1737.040530152736,1369.2864605724208,1589.6573570569312
kaeri_nonuniform__579,550.0,569.2027245343705,600.3923172100849,571.3082484105835,617.1696553454241,560.153958835703,571.3082484105835
kaeri_nonuniform__451,648.0,713.4458051676344,636.8196315420388,667.0221740509562,576.626632064793,615.2994581531306,667.0221740509562
kaeri_nonuniform__684,449.0,429.9410196506364,512.1726819569868,492.1924555783283,500.10043883232936,478.56712724589573,492.1924555783283
kaeri_nonuniform__633,199.0,255.745157284081,197.69369521217644,201.91618766294548,154.49144186531728,207.72580199899562,201.91618766294548
kaeri_nonuniform__492,648.0,727.6830057612267,645.3680734442503,667.3430568954664,709.7058663034849,758.4466283004163,667.3430568954664
kaeri_nonuniform__671,552.0,610.7011954600666,537.5488342302234,537.787859766813,497.33541567723796,519.9939449662654,537.787859766813
kaeri_nonuniform__651,500.0,478.31056711542436,479.7686668878578,466.4569559174048,451.41272426415827,463.028661262444,466.4569559174048
kaeri_nonuniform__758,2697.5,3464.544119593979,2809.214954285822,2782.395310106758,4798.803727067085,2899.303034200914,2782.395310106758
kaeri_nonuniform__510,449.0,488.962723540762,491.78280156969385,509.1851075819531,387.2640432700716,444.0448966186186,509.1851075819531
kaeri_nonuniform__297,1598.1,1599.15535928965,1527.4496340934588,1539.9614886329316,1743.586892963474,1451.9654481721257,1539.9614886329316
kaeri_nonuniform__629,400.0,391.53704120821607,399.9019919181556,387.5349535807882,386.27624900903027,403.38572793083586,387.5349535807882
kaeri_nonuniform__502,1194.0,998.318282300923,1158.1025500697556,1160.085728356058,1250.1639787094905,1270.3033747278603,1160.085728356058
kaeri_nonuniform__110,2970.0,2610.23384893433,2910.7262770656926,2806.4533065779115,5013.077467933651,5214.85625610386,2806.4533065779115
kaeri_nonuniform__38,987.5,868.6032807075541,863.6207710539746,902.949793126787,713.871022994268,837.9581260830856,902.949793126787
kaeri_nonuniform__781,3750.9,3945.1073033281796,3523.47600877046,4216.419923712908,4212.836239946653,5038.377791101299,4216.419923712908
kaeri_nonuniform__78,2163.1,2435.5782878032137,2250.5004439896393,2187.462737138356,3909.134291035233,4319.291459927525,2187.462737138356
kaeri_nonuniform__281,1003.0,1422.8956062498337,1256.4696890752673,1215.2883043361394,1291.896756522306,645.0405347555228,1215.2883043361394
kaeri_nonuniform__630,554.0,426.5356004948159,493.35766747040446,475.087195599618,496.0748562180257,477.1950323986942,475.087195599618
kaeri_nonuniform__147,1834.2,2585.947111192343,1830.6462532391904,1822.6105402167882,2965.153064262648,3591.7288704794337,1822.6105402167882
kaeri_uniform__595,2789.3,3232.5584697937534,2123.1157662193245,2051.2705661598434,3020.2457854335476,3247.5911481192566,2051.2705661598434
kaeri_uniform__510,4283.7,3559.2812887877635,3462.2019937553614,3630.906675512847,3316.61978895485,3203.6473241878653,3630.906675512847
kaeri_uniform__492,2730.8,2133.6949972229936,2721.8869877520565,2769.1807344144027,2568.303249301251,2063.511501541295,2769.1807344144027
kaeri_uniform__325,2228.5,2161.959002426492,2223.2887748758476,2203.5934153531216,2172.193587387248,2101.1314897124885,2203.5934153531216
kaeri_uniform__437,3338.7,3434.7600839938896,3946.3424775432873,3630.968629043538,3522.713295356734,3715.4055425151796,3630.968629043538
kaeri_uniform__539,2849.1,2742.4310113294214,2479.9519297258353,2623.189574325003,2672.8782105858772,2603.5651832934855,2623.189574325003
kaeri_uniform__472,4307.7,4577.896218105455,4303.57464605909,4463.190728174082,3551.872721332156,3986.063827039184,4463.190728174082
kaeri_uniform__139,1141.0,1425.5295657378758,1344.9545634134774,1265.5032533712065,1230.9794187973714,1296.796273058434,1265.5032533712065
kaeri_uniform__501,3059.4,2529.168299053448,3086.7712907111572,3028.563070887506,2779.6077673310883,2197.2304907356156,3028.563070887506
kaeri_uniform__449,3934.1,3738.7507277158948,3818.5716469232048,3961.295454481001,3457.320691841334,3318.3707223335173,3961.295454481001
kaeri_uniform__512,3997.9,3532.5322398936055,3532.1481320619473,3595.65897741993,3291.139867891329,3172.992551003146,3595.65897741993
kaeri_uniform__280,2640.7,2259.751387334476,2635.962025136252,2629.9961909479603,2567.6668938004773,2392.9576810545905,2629.9961909479603
kaeri_uniform__48,1812.3,1595.7032351993937,1857.380900646089,1959.6796351541893,1701.6974872290739,1855.6724125419933,1959.6796351541893
kaeri_uniform__121,2185.7,2140.5988535141296,2142.645113121403,2009.84790381125,1820.4344945858452,1940.689381673128,2009.84790381125
kaeri_uniform__133,1420.4,1512.0550346826699,1428.4905136876803,1395.9152200423252,1302.0078586691427,1391.2632009186373,1395.9152200423252
kaeri_uniform__47,1801.7,1658.4430141170553,1874.0311784681082,1963.535680317177,1722.009042727104,1878.5279585929948,1963.535680317177
kaeri_uniform__125,1155.2,1308.2065703664723,1253.0412457157593,1305.5747507078838,1242.393129096735,1311.9680631663687,1305.5747507078838
kaeri_uniform__221,1858.0,1539.7111793370377,1977.8307590921854,1973.2240648920972,2218.5468818773534,1313.9774406398235,1973.2240648920972
kaeri_uniform__212,2424.6,1859.7391700685732,2270.703311824307,2158.4177714249563,1924.7073104609624,789.9982428641387,2158.4177714249563
kaeri_uniform__429,3775.1,3267.796874960898,3674.368572499134,3851.1387682857667,3765.122532910628,3782.1672373679544,3851.1387682857667
kaeri_uniform__624,274.3,816.7765238226491,439.3977629730768,245.8785483454101,1127.46733310288,1543.2856866351601,245.8785483454101
kaeri_uniform__174,1697.1,1598.4292515247218,1904.897959021279,1936.0344538682682,2087.754311141545,1413.5093871209042,1936.0344538682682
kaeri_uniform__124,1013.4,1237.77746100064,1256.6259056865804,1233.7918044105766,1209.5521299309871,1262.9199979409377,1233.7918044105766
kaeri_uniform__300,2525.8,2238.583671323456,2483.625045083835,2464.841323700298,2720.310165196351,2534.099530553258,2464.841323700298
kaeri_uniform__152,1818.7,1814.9328427522335,1671.7559664077137,1720.51767446802,1485.6313222036017,1599.9734813369962,1720.51767446802
kaeri_uniform__585,157.5,221.66371000399045,237.32949004955884,240.27275332347938,576.9795337880297,727.0805622439394,240.27275332347938
kaeri_uniform__326,2176.9,2189.7985536040533,2237.2524761731556,2260.4432704153446,2193.473853276495,2130.958388181429,2260.4432704153446
kaeri_uniform__548,4667.5,3541.6411663729596,4048.9471490927426,4101.7831806295135,3156.506538708314,3426.9033302124667,4101.7831806295135
kaeri_uniform__65,2752.8,2755.0786668472006,2743.9383655794218,2637.491179174345,2814.219570301027,2974.446043770687,2637.491179174345
kaeri_uniform__279,2310.9,2221.8057679472854,2308.2872720540945,2255.0078825258524,2500.178003246245,2215.8658665088183,2255.0078825258524
kaeri_uniform__274,1643.3,1915.4298410938509,1838.7465814892205,1794.0801838965635,2290.7269694778042,1894.292842154144,1794.0801838965635
kaeri_uniform__75,2321.0,1753.194632068354,1902.9101372122202,2012.435669680349,1778.6656781302336,1933.871749495199,2012.435669680349
kaeri_uniform__13,820.3,890.3091050406645,820.0269632183805,791.3757421076092,1019.2753641779688,993.0585829823455,791.3757421076092
kaeri_uniform__203,1634.5,1448.4138632529186,1714.3771910088574,1726.9424726610414,1223.7221180070746,389.16743056493215,1726.9424726610414
kaeri_uniform__625,455.3,1002.026147885905,507.41421229612604,353.5294121327881,1404.846492522919,1795.2141878139278,353.5294121327881
kaeri_uniform__368,2642.3,2139.4769413120516,2669.6848782878596,2644.6291855736545,2202.1522907270505,2165.538371584703,2644.6291855736545
kaeri_uniform__190,1604.4,1558.3949171125962,1414.0521098079755,1579.6479375210345,1655.195796658447,387.1766425839428,1579.6479375210345
kaeri_uniform__183,2206.1,1777.013893781154,1974.6967386375388,2043.7610380346662,2124.6586912426274,1589.2891854830343,2043.7610380346662
kaeri_uniform__389,2391.5,2347.5518599717557,2866.0280516661483,2830.7937444398194,2614.4658528242358,2480.9191989830947,2830.7937444398194
kaeri_uniform__632,2534.6,2676.131034227315,1897.4483419645348,2000.8899705597605,3164.7458777917623,3350.308579648791,2000.8899705597605
kaeri_uniform__611,223.3,417.89641697016674,237.9171620499919,215.55111034456502,885.5269489772122,1139.4286274939836,215.55111034456502
kaeri_uniform__409,896.0,886.3813104357688,916.0404421824728,938.8047777747003,881.8724449891528,843.0025769401365,938.8047777747003
kaeri_uniform__379,2035.0,1781.2930516669373,1800.599950653062,1793.084378326083,2327.957892775883,1893.7361007582542,1793.084378326083
kaeri_uniform__462,2462.3,2290.6035023239733,2811.2278321726626,2942.3640428387716,2611.929587684676,2420.3044614271143,2942.3640428387716
kaeri_uniform__476,3464.4,3701.450610546895,3369.205931669624,3530.2134205575203,3146.770823455486,3261.011306825733,3530.2134205575203
kaeri_uniform__435,4143.3,4005.102753184177,4453.473781178601,4155.073738723473,4034.872537579566,4245.273985357668,4155.073738723473
kaeri_uniform__640,1782.0,2458.6010251536563,1256.3844628066613,1420.8034659032658,2636.7029152600735,2914.6549345036274,1420.8034659032658
kaeri_uniform__644,2220.1,2927.8037901142757,2388.300550567956,2369.9658365026467,3335.9930504701715,3459.011821411604,2369.9658365026467
kaeri_uniform__380,1817.3,1750.4357245399012,1804.582031994558,1759.4060695412277,2263.156770752585,1850.3825290493571,1759.4060695412277
kaeri_uniform__574,3965.0,3250.528657057249,4090.975557663951,3774.0932980417465,3596.2774258658933,2980.6797094397784,3774.0932980417465
kaeri_uniform__214,2516.2,1861.6848707057084,2217.392078697425,2044.4142869550003,1861.8441528758744,758.4954900311966,2044.4142869550003
kaeri_uniform__342,2406.8,2161.724844144722,2408.6654947136535,2429.5990055413645,2193.3283210887735,2130.5904539109624,2429.5990055413645
kaeri_uniform__536,3229.7,2703.9730893323945,2975.4564730780144,2938.0846367391387,2887.2059823452996,3150.2173826047447,2938.0846367391387
kaeri_uniform__359,2648.4,1995.123141246027,2524.8260626581678,2471.3690976360604,2187.113313777289,2138.1395901835485,2471.3690976360604
kaeri_uniform__642,1601.8,3288.902280695779,2008.5332540790982,2483.812874192455,3779.62421537301,3814.179203827133,2483.812874192455
kaeri_uniform__631,2315.5,2361.4045251313896,1952.673801993418,1793.6472620539964,2949.525408560912,3155.5323985734867,1793.6472620539964
kaeri_uniform__92,1797.3,1739.4610541330103,1774.1754821779502,1822.2630387117645,1515.935491645982,1627.5172898223866,1822.2630387117645
kaeri_uniform__87,1186.5,1276.580282868706,1261.1262357203086,1395.4558576708052,1242.1323264673692,1306.3678725848335,1395.4558576708052
kaeri_uniform__396,1148.4,1352.0380080545733,1264.3905725827024,1512.2618738793217,1160.5478874335988,1222.1818245185787,1512.2618738793217
kaeri_uniform__401,1564.9,1700.6536590202732,1610.7576613763747,1765.728165146148,1300.0863138585864,1424.3078495042635,1765.728165146148
kaeri_uniform__283,3198.3,2441.535885241411,3039.5597260609034,2748.0435186477157,2680.9212243709208,2586.8058093342092,2748.0435186477157
kaeri_uniform__80,2084.3,1871.765536512788,1975.7417890787763,1856.0550963139333,1618.3992765722135,1750.8908389247472,1856.0550963139333
kaeri_uniform__29,2363.2,2233.6992912229407,2304.6764414368213,2284.0509851435536,2173.072698495024,2286.2632922730836,2284.0509851435536
kaeri_uniform__583,97.3,115.70123624186985,160.82987323434074,147.36337041483617,374.04991336046743,516.6474057061417,147.36337041483617
kaeri_uniform__303,2282.6,2375.761027613158,2311.2162412383846,2247.7867072863423,2394.9975649018047,2303.4254747576842,2247.7867072863423
kaeri_uniform__406,2281.1,2788.6432172781733,2837.4170994532337,2283.89995481636,2365.700955326188,2815.2919140158992,2283.89995481636
kaeri_uniform__202,1542.2,1412.2933095078436,1479.5030275806603,1533.1188175161237,1198.2920216583796,370.6291431862682,1533.1188175161237
kaeri_uniform__618,1890.5,1969.510016438534,1750.7991050815062,1669.2171249995172,2426.9949509010876,2661.5809934421814,1669.2171249995172
kaeri_uniform__88,1181.5,1283.1297571606228,1243.0693867015425,1332.644726622133,1242.2580229722923,1306.0820811829037,1332.644726622133
kaeri_uniform__140,1157.4,1414.9782651825346,1308.880013900542,1255.6500092811207,1222.8650540562896,1286.1077849825178,1255.6500092811207
kaeri_uniform__569,1758.1,1757.0340950056323,1999.5602219815319,1800.371656469229,2171.8894894846153,1765.874554767778,1800.371656469229
kaeri_uniform__159,1537.7,1719.5420191218416,1699.6427525508523,1631.9792799676493,2011.1832237075012,1017.5103858825305,1631.9792799676493
kaeri_uniform__24,943.3,1055.9823571444592,890.6782157422647,887.5354051760429,1109.7304978974123,1126.7815392814869,887.5354051760429
kaeri_uniform__390,4669.4,4635.5611012135405,5086.9880222863185,4539.180360297107,3383.0522674321046,4147.75535174327,4539.180360297107
kaeri_uniform__268,2592.3,2520.6911839118748,2783.1055497120956,2743.3376395128776,2491.4146647186876,2341.2369296343873,2743.3376395128776
kaeri_uniform__502,4322.0,3998.7070756451476,3477.3160389260743,4200.222781589189,4099.959701103088,3672.650505130952,4200.222781589189
kaeri_uniform__628,1282.5,1812.1906039683377,1491.8435208325918,1217.0880239751134,2371.0517834333273,2643.703454467946,1217.0880239751134
kaeri_uniform__128,1214.3,1391.1957275796933,1276.612992945819,1288.6037573802328,1309.4837546248607,1408.873180953741,1288.6037573802328
kaeri_uniform__513,3803.7,3243.4753636608125,3228.1193811011963,3249.8358990420516,3158.1316617288385,3008.523470889308,3249.8358990420516
kaeri_uniform__166,1661.3,1567.7362227054691,1968.0355562433278,1966.7289424347648,2147.9784107053097,1280.6217996574355,1966.7289424347648
kaeri_uniform__70,2340.9,2308.6190844595626,2336.673795492563,2240.7227084372935,2241.1092819672913,2366.0578593051177,2240.7227084372935
kaeri_uniform__208,1905.6,1823.1145395735966,2117.6814873602257,1925.6970763112577,1854.538805816991,704.9772646536096,1925.6970763112577
kaeri_uniform__584,121.2,145.79683715510012,163.79116897074454,180.2903774104496,440.6528351064363,587.1828585600149,180.2903774104496
kaeri_uniform__393,4227.7,4587.786555508746,4378.163438174433,4432.407542032202,3124.517613344097,3970.167369124435,4432.407542032202
kaeri_uniform__261,3321.5,2723.6389244743846,3358.999254140725,3148.32420730761,2647.1520376762655,2577.9308097032017,3148.32420730761
kaeri_uniform__427,4190.9,3639.0143065928105,3924.2658095926304,4081.579037679905,4163.184020660175,4066.3708356736506,4081.579037679905
kaeri_uniform__68,2518.0,2542.2109293924063,2514.844914548604,2436.307018103736,2564.21120577687,2702.8344868503295,2436.307018103736
kaeri_uniform__294,2195.4,2137.7152366546293,2170.8868917095633,2202.1210174946837,2576.982672205781,2301.0384017273086,2202.1210174946837
kaeri_uniform__184,2239.2,1808.7154203750783,2051.7507240937416,2069.0470413680905,2163.3955604986418,1635.3822964073797,2069.0470413680905
kaeri_uniform__466,1882.2,1679.8662851324293,1940.8682637211705,2058.2123964236443,2218.5210849074347,1858.259932501833,2058.2123964236443
kaeri_uniform__244,2757.9,2814.2815703220244,2797.6546064694244,2771.9510762654777,2814.721995188763,2663.9460972383745,2771.9510762654777
kaeri_uniform__301,2951.5,2356.532115051392,2851.3123404933067,2713.9327914563423,2787.366539790813,2698.5532486266484,2713.9327914563423
kaeri_uniform__518,3120.5,3216.614785537162,3342.312119217869,3068.282985841058,3144.516798817518,2994.898586472384,3068.282985841058
kaeri_uniform__366,2436.5,1912.6856306892728,2405.483449908382,2369.8733501262514,2068.090294326904,1960.8849750767015,2369.8733501262514
kaeri_uniform__537,3094.0,2717.5688204967396,2879.245180044385,2972.4842630060766,2857.8133051145314,3045.381427815027,2972.4842630060766
kaeri_uniform__164,1929.5,1780.710676148706,1940.9482491334234,1858.7528429112308,2154.6742695773555,1172.147271757807,1858.7528429112308
kaeri_uniform__322,1778.9,1965.4798318274854,1795.3141953263869,1841.20636379977,2059.9072064456855,1923.9062070804227,1841.20636379977
kaeri_uniform__28,2495.6,2564.547314489892,2433.984292646124,2469.6921256276205,2545.3137234765163,2681.382858500575,2469.6921256276205
kaeri_uniform__64,1776.3,1744.9976718043172,1923.7753484988264,1976.3767449304198,1779.9334156772204,1945.6046902523656,1976.3767449304198
kaeri_uniform__58,2407.1,2200.9528019341174,2274.786287549626,2158.4167642821667,1982.2874866461148,2187.481449720712,2158.4167642821667
kaeri_uniform__170,2219.8,1692.6794565912871,1905.3928412742978,2091.7292270425082,2136.982271571777,1417.4927226800023,2091.7292270425082
kaeri_uniform__85,1331.4,1359.9260350663308,1338.5693394837765,1384.9539401585585,1279.5089351085091,1356.1636865763483,1384.9539401585585
kaeri_uniform__586,218.1,335.10235428072053,249.13276677088575,276.7742997950873,744.6299681161743,896.3328299613463,276.7742997950873
kaeri_uniform__638,1390.1,2076.2201769385824,994.4484927997169,1160.9386696653582,2255.6640474742258,2618.6088747717945,1160.9386696653582
kaeri_uniform__285,1981.7,1957.1664764890304,2162.8980409121355,2205.6168618419774,2272.5947908955804,2026.951539613463,2205.6168618419774
kaeri_uniform__481,2433.5,2548.6970277097894,2641.3676674002577,2715.90539566402,2662.606502394572,2507.2360487985648,2715.90539566402
kaeri_uniform__434,4383.1,4346.871357130052,4708.713452222893,4487.380766735066,4327.578069366291,4553.577529866696,4487.380766735066
kaeri_uniform__521,2855.6,2478.674760007713,2966.6774448581186,2827.168895554578,2764.5252739404773,2587.674178963369,2827.168895554578
kaeri_uniform__498,1189.8,1174.2537192955192,1446.8992155165015,1457.787154643098,1637.7319829234034,1285.4531021419807,1457.787154643098
kaeri_uniform__357,2161.6,1810.1017003358656,2174.194066090922,2158.066756175445,2101.3552505075413,1991.8411578577275,2158.066756175445
kaeri_uniform__592,1676.2,1978.5923870610907,1615.2070231960008,1816.586441585018,2286.7172880091957,2469.9277786064304,1816.586441585018
kaeri_uniform__227,1480.9,1551.664727589638,1663.5533563031615,1670.4677910305554,2047.3057094821534,1021.9801338801485,1670.4677910305554
kaeri_uniform__581,2080.9,2144.563759486444,2687.718772698943,2285.967605149721,2319.4559289875156,2034.343671448308,2285.967605149721
kaeri_uniform__417,1833.1,1381.0374507683703,1556.9672493480277,1756.6222323473698,1203.5526839765341,1281.7577648101214,1756.6222323473698
kaeri_uniform__319,2603.2,2298.208601323199,2565.427471921288,2440.068768473273,2322.5299188051636,2314.2154404281437,2440.068768473273
kaeri_uniform__630,2096.8,2115.1923408328753,1883.9951224695267,1534.9005230496873,2729.82728410419,2957.973175221508,1534.9005230496873
kaeri_uniform__421,2700.7,1722.8692533825017,1822.121748662643,2007.2020136942508,1707.4737372897685,1777.4417276361244,2007.2020136942508
kaeri_uniform__109,1488.0,1595.936674616587,1569.9192148196266,1466.2570738170464,1396.9072881542031,1490.0912743745753,1466.2570738170464
kaeri_uniform__167,1648.9,1541.8268029756725,1888.7022498634483,1981.6669325641244,2117.3149712404966,1274.8828996563072,1981.6669325641244
kaeri_uniform__383,1646.9,1800.8856793835448,1821.5082575802173,1829.9888111372447,2311.445862149558,1903.1726195025938,1829.9888111372447
kaeri_uniform__99,1311.2,1538.240485275404,1389.521402201926,1413.2439221266548,1300.9837254351266,1384.9130747743209,1413.2439221266548
kaeri_uniform__235,1795.2,1301.6406907165049,1935.9278850211733,1972.248747641849,2013.1018778417483,1203.279504919124,1972.248747641849
kaeri_uniform__514,3839.0,3190.491964647933,3226.4117085196117,3164.4451919490884,3135.752500709981,2983.2121041168684,3164.4451919490884
kaeri_uniform__304,2677.7,2523.4815193441505,2651.042631111058,2651.907108859522,2536.4792627725274,2507.49141213354,2651.907108859522
kaeri_uniform__432,5378.1,4830.205988582615,5083.506543376303,5232.544388421775,4629.10053326042,4889.228944525331,5232.544388421775
kaeri_uniform__120,2030.3,2060.73513824402,2072.588791569754,2004.953497729339,1764.8076474480456,1879.638576361005,2004.953497729339
kaeri_uniform__527,5229.4,4196.779541844145,4563.063073489297,4656.493741217189,3590.0832880739654,3838.000045490102,4656.493741217189
kaeri_uniform__275,1632.3,1919.5593674813554,1857.371513329931,1805.121199989382,2295.003957285199,1899.7701097357058,1805.121199989382
kaeri_uniform__336,2900.1,2494.3189302748797,2894.2510489257625,2858.8531471392175,2343.584527731437,2391.9179181175396,2858.8531471392175
kaeri_uniform__544,1773.4,1560.3059435563757,2023.0972891139186,1833.2241313622378,2083.4829630777726,1740.727020708344,1833.2241313622378
mentor_master__53,986.3944408979722,1295.3966032959677,639.1578278304818,954.7859897271356,1291.858491105323,727.1016623840765,983.831694328885
mentor_master__20,1988.3895767447289,4102.3740292652365,3417.6131013671106,3441.997678152662,3470.7580721350773,2452.427452522083,3098.7054364744254
mentor_master__31,2003.2121205738829,1297.661116866001,1047.5054012368892,1578.166403208447,1292.8123612868987,717.687798792766,1607.8041083496846
mentor_master__12,4551.684970033573,3995.712042491006,4133.956989616073,4114.176100650359,3437.799173196863,1940.0994421380856,4096.556758976137
mentor_master__33,2652.031006603527,1263.482307245091,1491.0642988581728,1548.1970928414846,1284.8803238149633,853.2221313291562,1635.4888583185877
mentor_master__48,4545.360447579374,3509.84213172429,2966.8975803803864,3129.1829528408844,3075.3507179755597,212.69572121279316,3527.873842402383
mentor_master__27,2237.2011179282003,3887.6450279696032,2110.51140530315,1874.0203872611185,3292.7619823970326,1342.1973602754156,1876.056551552057
mentor_master__43,1504.2391857333096,1227.2442828264282,1240.5045362726325,1354.952691313758,1249.7651017659737,781.5604568557499,1400.2527778827352
mentor_master__4,5886.3333817258035,4276.3929512749,2737.9467166553186,3170.9161320179287,3635.047996738416,2753.8712986227483,3157.4281816072858
mentor_master__24,3095.7424802649102,4097.002254615569,2350.5354492058705,2184.004785531841,3426.7642148001933,2426.694706508306,2162.076866736723
mentor_master__41,1529.2098128582795,1226.373436582751,1235.0616131610043,1303.6172713866226,1259.252764783548,824.3077635635007,1391.8713809840522
nrc_groeneveld_24579pt__18461,1556.0,1797.0617594764974,1599.872847605636,1588.3484417806367,1648.3018880161178,1688.4740297935894,1588.3484417806367
nrc_groeneveld_24579pt__2298,2012.0,1995.4396405520263,2024.5958729130732,2046.7082170704364,1965.599955225565,2002.8554701733694,2046.7082170704364
nrc_groeneveld_24579pt__6302,8720.0,7128.304363726526,7930.517552458778,8460.466640287286,7091.080727824621,6631.752562276161,8460.466640287286
nrc_groeneveld_24579pt__18916,376.0,481.17045586790493,409.51354361492776,387.80527127168796,437.7171558235832,554.4113111488631,387.80527127168796
nrc_groeneveld_24579pt__5812,5710.0,4708.118353393973,5424.555260044278,5165.093794117462,4413.171974781178,4792.9323685069585,5165.093794117462
nrc_groeneveld_24579pt__54,631.0,759.7557254224383,585.9973833371773,631.962252912903,731.5870981694482,821.9757237731152,631.962252912903
nrc_groeneveld_24579pt__11810,287.0,452.286191941697,345.382600148121,391.26133309135633,526.4104332035503,474.8152495686827,391.26133309135633
nrc_groeneveld_24579pt__5621,2230.0,2007.4383486971963,2149.6989720881706,2087.160492805025,1607.4920501461868,2083.945645110621,2087.160492805025
nrc_groeneveld_24579pt__23492,1061.0,1463.8902125584239,1263.5809510633562,1279.1610016302773,1338.8784242097852,1490.808904091401,1279.1610016302773
nrc_groeneveld_24579pt__14914,356.0,380.6001174040706,304.77442016747085,336.6814230791773,458.5300519407793,339.8201020140797,336.6814230791773
nrc_groeneveld_24579pt__7079,2104.1,2086.5896477868573,1990.4959939761989,2086.433284684984,2259.4795129752592,2043.5884504874375,2086.433284684984
nrc_groeneveld_24579pt__18174,1522.0,1716.71880478841,1509.2872752385367,1536.447752464391,1959.8242189808768,1834.3848200285454,1536.447752464391
nrc_groeneveld_24579pt__16001,260.0,274.0563030277435,258.12988648717743,250.82235060998468,336.4243650692088,272.9988120810373,250.82235060998468
nrc_groeneveld_24579pt__21753,360.0,498.46170240656613,424.04755350499073,414.13773900732457,541.9012250065595,482.7680005341242,414.13773900732457
nrc_groeneveld_24579pt__8381,1651.0,1761.1168775806889,1543.219875593257,1738.877033303106,1519.2803472753433,1667.7417873361576,1738.877033303106
nrc_groeneveld_24579pt__16450,2958.0,2666.9859795245284,2810.1083090699904,2935.7112948396953,2373.13782314151,2744.616427735878,2935.7112948396953
nrc_groeneveld_24579pt__11030,1294.0,1448.7123317640928,1325.6317190813256,1269.576796323764,1256.5621069972588,1328.8628001959412,1269.576796323764
nrc_groeneveld_24579pt__19907,1970.0,2882.2281554379683,2454.5682752158796,2329.6219469193175,2450.672572514887,2713.3052308499578,2329.6219469193175
nrc_groeneveld_24579pt__15240,1014.0,991.1701947282907,984.9495323764913,946.8999519896488,944.1277001132107,934.9672254432131,946.8999519896488
nrc_groeneveld_24579pt__13755,3055.0,2896.019111646232,3046.978032389911,3272.601320202028,1937.9642336965774,2355.373179549875,3272.601320202028
nrc_groeneveld_24579pt__21928,2411.0,2060.707083803869,2380.806973924404,2543.0662171410963,2088.204733409845,2220.253672689022,2543.0662171410963
nrc_groeneveld_24579pt__1156,1165.0,1169.5452475274933,1177.0952592662702,1197.804373990955,1098.856307613292,1169.7201140284967,1197.804373990955
nrc_groeneveld_24579pt__8183,838.0,1054.428387767632,859.311517676778,922.9327360116141,1018.7101469296512,998.6863728969495,922.9327360116141
nrc_groeneveld_24579pt__5028,3848.0,3283.544250832654,3726.6996474280295,3890.5433033204226,4062.6588636738916,4128.1380095484,3890.5433033204226
nrc_groeneveld_24579pt__23395,974.0,999.7993576169715,945.2356050291553,995.5197548501986,883.7438362133371,938.142853528472,995.5197548501986
nrc_groeneveld_24579pt__18161,1742.0,1919.1964260876632,1724.486696227878,1828.4397072314473,1978.7611835191133,1832.6156012096635,1828.4397072314473
nrc_groeneveld_24579pt__10987,3395.0,3101.006764196361,3277.7490361907194,3449.37418990545,2886.239573338698,3295.205096799269,3449.37418990545
nrc_groeneveld_24579pt__584,2050.0,2153.61699243272,1987.2464269013708,2180.957482971934,1730.6694657108385,1936.5306419235071,2180.957482971934
nrc_groeneveld_24579pt__634,686.0,459.4458254175711,554.3140291517466,577.0828343270572,509.42907741890315,536.1525564967151,577.0828343270572
nrc_groeneveld_24579pt__12935,347.0,503.69743318027855,486.30459673875396,486.90910489688474,483.49952235208303,444.11176293637635,486.90910489688474
nrc_groeneveld_24579pt__8053,1197.0,1675.2042587071169,1466.4494237301292,1614.7252769587758,1309.6143837811608,1536.183224304085,1614.7252769587758
nrc_groeneveld_24579pt__8875,2721.0,2382.026476259881,2455.4551081476407,2416.6183831827984,2296.062298320451,2463.670156851005,2416.6183831827984
nrc_groeneveld_24579pt__18592,774.0,733.6390712636102,772.0551313651159,754.5277387434053,759.7513045145571,740.5906463480269,754.5277387434053
nrc_groeneveld_24579pt__18304,1531.0,1530.2796357530362,1485.7011540043804,1597.0656251169482,1243.770235295945,1426.4319291554796,1597.0656251169482
nrc_groeneveld_24579pt__15751,1163.0,1568.8297774500024,1310.3163071384533,1244.663026215916,1328.269758229099,1625.3889087385967,1244.663026215916
nrc_groeneveld_24579pt__20886,1418.0,974.5638184884195,1172.2492257218291,1166.1087923125247,1026.9600356457909,1004.8997327212755,1166.1087923125247
nrc_groeneveld_24579pt__9591,1779.0,1862.581117372497,1921.3891804312486,2013.9839499101172,1981.8842429759754,1886.2064351477934,2013.9839499101172
nrc_groeneveld_24579pt__21908,2096.0,2179.463772092558,2163.840828754566,2059.3484879138605,2037.5733515281102,1966.0963760573093,2059.3484879138605
nrc_groeneveld_24579pt__23428,276.0,404.89284775000135,327.35156561741036,291.4519968280121,487.1785790519918,471.37485105460263,291.4519968280121
nrc_groeneveld_24579pt__22922,655.0,614.1122149868648,586.5053675759679,592.8049772278204,503.96336732145744,584.8238171986037,592.8049772278204
nrc_groeneveld_24579pt__24397,773.0,689.51191027467,804.159200080324,760.7669157529014,718.6222181072231,760.4031096449484,760.7669157529014
nrc_groeneveld_24579pt__3873,402.0,443.4133602840844,387.60589470698017,391.7947850620845,352.78772388628187,374.41677459460493,391.7947850620845
nrc_groeneveld_24579pt__24231,460.0,472.4189270637876,406.11488526101704,442.77618315752824,530.1461318347879,530.1418328233431,442.77618315752824
nrc_groeneveld_24579pt__16682,542.0,554.8566017395195,532.0547995301715,575.538061567079,683.1561746828938,533.2207363073945,575.538061567079
nrc_groeneveld_24579pt__20901,1832.0,2237.642578925728,2064.4878882091734,2147.4843686101203,1895.773572718917,2151.765919679962,2147.4843686101203
nrc_groeneveld_24579pt__8083,2430.0,2944.9952697593235,2467.3120678359705,2643.2092928096004,2402.441135623843,2735.0795623592394,2643.2092928096004
nrc_groeneveld_24579pt__22057,1831.5,1716.182891201481,1634.7498415624407,1614.79885278986,1545.314069682331,1745.5299101034411,1614.79885278986
nrc_groeneveld_24579pt__10154,4120.0,3623.7263561814825,3929.693664365005,4127.319353516943,3080.7093110316882,3536.806418908756,4127.319353516943
nrc_groeneveld_24579pt__6901,1110.4,930.8276039378898,1061.3203944133295,992.6680553702574,942.6185907671744,934.9485015673067,992.6680553702574
nrc_groeneveld_24579pt__11180,1472.0,1492.3839014424705,1386.296858253473,1458.5488224019343,1069.521521103129,1325.6686739054364,1458.5488224019343
nrc_groeneveld_24579pt__10639,229.0,407.5276408202214,354.5735233335667,390.12442196880426,374.4881352898465,357.2828736276891,390.12442196880426
nrc_groeneveld_24579pt__11690,1372.0,1509.3066746006994,1712.306748277114,1686.955825653045,1916.4717480321624,1559.3833337617261,1686.955825653045
nrc_groeneveld_24579pt__22265,956.4,1380.930235403345,1255.5415512739821,1234.2920541380283,1308.831953382741,1354.1579765554077,1234.2920541380283
nrc_groeneveld_24579pt__21539,1310.0,1299.628164306968,1123.0333769992637,1271.0820027658501,1057.4381470665,1095.556212311625,1271.0820027658501
nrc_groeneveld_24579pt__14950,217.0,246.0289061410001,210.8865294336078,199.28645953162768,193.28853486707888,190.37032123748506,199.28645953162768
nrc_groeneveld_24579pt__21994,1308.0,964.8299768368847,1290.6255090082632,1190.202957422525,870.2040171871892,768.036430888374,1190.202957422525
nrc_groeneveld_24579pt__12084,1629.0,1477.7383055337225,1559.2524087415256,1519.0200140122288,1647.9166043123648,1483.582198277238,1519.0200140122288
nrc_groeneveld_24579pt__5708,2407.0,2288.3317213665855,2427.596874198946,2177.9701189718735,2124.534795084827,2240.42626067154,2177.9701189718735
nrc_groeneveld_24579pt__454,750.0,790.8438323072857,835.9245916568356,833.7319447764314,1143.059325599131,1032.691556374944,833.7319447764314
nrc_groeneveld_24579pt__15694,733.0,790.2247712765756,767.9264206206992,783.3102003913577,796.5123800254069,794.9765525372233,783.3102003913577
nrc_groeneveld_24579pt__5080,3304.0,3088.7280495774417,3385.5597957613604,3550.6646853961083,3380.9523222785792,3530.677976786539,3550.6646853961083
nrc_groeneveld_24579pt__22230,674.7,644.3964152616651,794.2410163140618,733.1744266776604,646.7517592721663,902.4468702990029,733.1744266776604
nrc_groeneveld_24579pt__11736,1767.0,1705.2729906165748,1652.6206149752766,1491.5183639442016,1465.8808590873005,1496.3018565946259,1491.5183639442016
nrc_groeneveld_24579pt__15343,4442.0,3290.8232912890553,3819.6760033863043,3628.1562103924175,2878.669949238019,3445.7981247144066,3628.1562103924175
nrc_groeneveld_24579pt__3063,1499.0,1492.431977194704,1502.5472985665176,1569.5074845966894,1440.2750069364351,1197.15020624168,1569.5074845966894
nrc_groeneveld_24579pt__23524,425.0,793.8546864749982,731.5754197314983,667.0607239127132,780.5875082350766,714.0222221515719,667.0607239127132
nrc_groeneveld_24579pt__17255,2173.0,2365.1056741115076,2155.375541724567,2144.2804889795607,1979.169397154565,2251.2235967129486,2144.2804889795607
nrc_groeneveld_24579pt__22562,2524.0,2764.669738578619,2593.6228314541772,2129.787912437521,2561.0460192465416,2955.2840159752573,2129.787912437521
nrc_groeneveld_24579pt__18123,2550.0,2909.195818192886,2490.457383425319,2501.8956766054803,2637.419211854288,2808.346636064711,2501.8956766054803
nrc_groeneveld_24579pt__9412,1609.0,1330.5613552300365,1571.4943099268185,1592.9509058342403,1653.8792859621449,1538.4297835557443,1592.9509058342403
nrc_groeneveld_24579pt__69,4140.0,4000.5105906988933,3873.740882695594,3722.0738732887107,3584.8820387507703,4064.994224367741,3722.0738732887107
nrc_groeneveld_24579pt__20641,1676.0,1740.019458580151,1669.9555468469375,1673.680235490921,1497.4040971810368,1625.5027980246884,1673.680235490921
nrc_groeneveld_24579pt__10416,1535.0,1151.9827450802275,1340.475669715202,1302.93445154966,1105.6129046957656,1207.2409128147776,1302.93445154966
nrc_groeneveld_24579pt__802,1520.0,1623.1095188900213,1688.1542716244592,1658.0064471374646,1844.0661645607984,1749.6353200864287,1658.0064471374646
nrc_groeneveld_24579pt__14,1199.0,1532.3644576363338,1202.0663251522028,1099.5694574661427,1712.9279251699645,1737.9779751726983,1099.5694574661427
nrc_groeneveld_24579pt__18299,959.0,1177.2322681360772,1019.5646512096104,1014.5529731872948,1328.7120790293586,1265.1169580948015,1014.5529731872948
nrc_groeneveld_24579pt__102,3161.0,3585.4766407083835,3062.843756044367,3066.226059793677,3054.1655846592234,3483.7614050651914,3066.226059793677
nrc_groeneveld_24579pt__15098,1372.0,1595.267825364924,1449.1308420053338,1485.821385452947,1430.3975423977997,1303.2938144802456,1485.821385452947
nrc_groeneveld_24579pt__14026,1117.0,1362.7058243312017,1556.0017678831728,1283.1612427351904,1442.6664881151453,1452.7226210224278,1283.1612427351904
nrc_groeneveld_24579pt__6782,1583.0,1586.1244183846898,1602.887696954185,1520.2444777743826,1577.3774875065437,1546.6636196417164,1520.2444777743826
nrc_groeneveld_24579pt__14479,340.0,307.8614596499389,296.9158998256978,287.60301559055637,339.5969173269382,271.6660991619198,287.60301559055637
nrc_groeneveld_24579pt__11965,1181.0,1129.8350975690814,1102.0193302729008,1001.4203855504852,753.9441166356294,958.2479804781372,1001.4203855504852
nrc_groeneveld_24579pt__21349,1698.0,1436.3367423729303,1569.927536280002,1604.971622547816,1048.5032472906128,1266.732817786486,1604.971622547816
nrc_groeneveld_24579pt__13319,2016.0,1747.6474179093464,1907.6789398765154,1968.5921498937298,1434.3580319817117,1369.8198236132857,1968.5921498937298
nrc_groeneveld_24579pt__13099,137.0,179.07393349898587,168.9446202652679,161.62772733741028,229.5288131648588,148.4450542635216,161.62772733741028
nrc_groeneveld_24579pt__4883,4019.0,3104.7952913073545,3596.5236890937363,3821.3658827372083,3107.584756398217,3223.069978846125,3821.3658827372083
nrc_groeneveld_24579pt__10348,369.0,445.44205200983674,354.08995441604674,369.84970940741005,452.4665865925112,403.52081231135037,369.84970940741005
nrc_groeneveld_24579pt__13673,1753.0,1509.7893974078524,1730.5047243756499,1717.4727469355394,1281.6319518100781,1544.177772784017,1717.4727469355394
nrc_groeneveld_24579pt__1899,2012.0,1696.9625214656094,2009.3985366058255,2123.9781943635335,1900.889088785735,2118.6117071218014,2123.9781943635335
nrc_groeneveld_24579pt__3805,1673.0,1478.0899831634752,1646.2102319931155,1766.1295451794394,1251.4643920825067,1484.3203798174372,1766.1295451794394
nrc_groeneveld_24579pt__24208,1241.0,1042.7545844684585,1259.685450802986,1157.865860220491,1196.1130004942966,1014.9543838749998,1157.865860220491
nrc_groeneveld_24579pt__3560,1318.0,1024.5336883776997,1271.2388903394074,1353.3014091693947,1055.0152930504148,1073.6014310542823,1353.3014091693947
nrc_groeneveld_24579pt__22354,2593.0,2772.1342989164054,2690.0093223169497,2695.655712890331,2845.2190396330775,3055.4635901229617,2695.655712890331
nrc_groeneveld_24579pt__14157,2873.0,2752.4008863267113,2588.6599816637427,2640.4672614816827,2541.927115072045,2728.9627607022817,2640.4672614816827
nrc_groeneveld_24579pt__15028,150.0,180.44401832040694,130.7530400004585,120.88362253021707,133.28341577881721,35.972131918054366,120.88362253021707
nrc_groeneveld_24579pt__16728,3003.0,3264.9388735647626,3226.832074170685,3083.7777522946753,2982.311399137755,3269.986129089249,3083.7777522946753
nrc_groeneveld_24579pt__3859,772.0,779.0342497302737,861.6649342224842,966.2209504448427,1021.9511398262777,954.2180366691605,966.2209504448427
nrc_groeneveld_24579pt__7664,1289.365,1489.1995106792567,1389.2242264938525,1395.2394179803782,1313.5027254339386,1402.547850005775,1395.2394179803782
nrc_groeneveld_24579pt__22377,3991.0,4394.565238307989,3784.774994850555,4073.9547876423194,3764.4900378688753,4399.730989273435,4073.9547876423194
nrc_groeneveld_24579pt__17993,1791.0,2044.1147094637447,1762.0889941292503,1693.6964503569802,1983.4405815129073,2036.9436524561117,1693.6964503569802
nrc_groeneveld_24579pt__19559,2130.0,2333.8298263309803,2313.858910711038,2504.4959862654523,2237.492467926914,2534.725717919859,2504.4959862654523
nrc_groeneveld_24579pt__4485,1463.0,1465.6341214031215,1491.061947185709,1465.3333720367787,1430.123946724646,1498.3209304133977,1465.3333720367787
nrc_groeneveld_24579pt__6767,249.0,258.13783016809975,258.8752228667051,255.35045068669345,268.2164277850856,268.04974675731364,255.35045068669345
nrc_groeneveld_24579pt__22785,973.0,1073.6678118749965,1036.1833442415873,1095.586340832482,1167.437417216329,1075.490613791457,1095.586340832482
nrc_groeneveld_24579pt__7464,2761.0,2158.844148118332,2785.999581461792,2726.6163033599864,2161.021837614656,2397.5809725424665,2726.6163033599864
nrc_groeneveld_24579pt__13921,2018.0,2267.2747578132867,2029.9316619014287,2075.0149347553674,1813.1977547704093,2345.608883930434,2075.0149347553674
nrc_groeneveld_24579pt__23371,923.0,768.2168134860158,605.2947381996511,673.144874607892,779.634926756367,727.242238968226,673.144874607892
nrc_groeneveld_24579pt__578,769.0,844.5953129958802,785.8759773008438,729.2361977017,1038.619011168066,1003.5819700941155,729.2361977017
nrc_groeneveld_24579pt__12869,3221.0,2870.9801695475985,2961.8893626680447,2652.4942429903112,3028.1581791460194,2407.866586394649,2652.4942429903112
nrc_groeneveld_24579pt__16266,3220.0,2966.4274701784097,3137.9472793862446,2909.5190468724654,2836.8330467554288,3094.994355923796,2909.5190468724654
nrc_groeneveld_24579pt__1699,3420.0,2720.641574964538,3351.327188068942,3359.1730324472196,2915.919720516192,3037.598480025697,3359.1730324472196
nrc_groeneveld_24579pt__12859,1630.0,1752.0103260820206,1535.0434854937494,1861.3096075580254,1171.5181965977401,1555.2593875901096,1861.3096075580254
nrc_groeneveld_24579pt__5863,1280.0,1251.5894166919115,1368.2964764918695,1102.6924054477188,1222.8427057224283,1449.7741810711468,1102.6924054477188
nrc_groeneveld_24579pt__19489,1720.0,1876.2776479725255,1667.2745684279334,1743.6151272278637,1315.3171890880626,1809.6610962069624,1743.6151272278637
nrc_groeneveld_24579pt__20316,1770.0,1653.794687871318,1709.2043198875062,1872.8164565770091,1850.479865107009,1781.1791852686845,1872.8164565770091
nrc_groeneveld_24579pt__14283,625.0,598.3032641584103,598.9102453531236,603.8894391500236,628.5543146285926,714.5962115239063,603.8894391500236
nrc_groeneveld_24579pt__8334,1707.0,1690.039191409113,1757.9633302593227,1726.2347235614204,1476.8839564544312,1731.5653670421743,1726.2347235614204
nrc_groeneveld_24579pt__12945,873.0,953.76261154723,873.6988430193032,802.7764470068109,757.9265970822321,802.4255804114429,802.7764470068109
nrc_groeneveld_24579pt__23706,238.0,228.23497939581094,217.94532827081005,218.61991286873223,266.78959021749756,154.98007181191718,218.61991286873223
nrc_groeneveld_24579pt__21826,290.0,262.55458964832434,277.4255148177718,246.42457679620765,336.6841999464289,265.1807935963938,246.42457679620765
nrc_groeneveld_24579pt__9456,1559.0,1704.9144541362757,1744.7574880433122,1596.0845860508525,1649.0148554854507,1754.4014183231136,1596.0845860508525
nrc_groeneveld_24579pt__427,1523.0,1824.0408385615506,1542.0944969323552,1566.0478710103203,1518.2466342192843,1639.7296103761691,1566.0478710103203
nrc_groeneveld_24579pt__14698,341.0,402.2346562336432,346.224318239984,337.4613736031576,455.9112495010407,405.8959499721388,337.4613736031576
nrc_groeneveld_24579pt__21593,500.0,399.6521344069279,552.2648977861726,532.5888967376984,505.7716552290687,332.1387333886161,532.5888967376984
nrc_groeneveld_24579pt__23035,1254.0,1306.2438598163274,1428.745920274744,1425.6962121215233,1144.7063898217934,1539.7932010197535,1425.6962121215233
nrc_groeneveld_24579pt__6171,637.9,458.93963589027857,625.460240006398,604.4041827671817,509.51904038562685,472.8820388718637,604.4041827671817
nrc_groeneveld_24579pt__19200,11241.0,9923.320584035971,11766.315886013615,12028.57026535914,11687.972192409065,11108.294133652484,12028.57026535914
nrc_groeneveld_24579pt__16511,2802.0,3089.9305627790327,2667.8649996477975,2761.1559620745006,2786.183526812985,3116.627572370105,2761.1559620745006
nrc_groeneveld_24579pt__12851,2453.0,2229.3764417266716,2211.8911898385168,2225.6667521106606,1942.7566435792187,2389.2588068713426,2225.6667521106606
nrc_groeneveld_24579pt__648,721.0,810.194357058245,781.9127491974986,820.1856423668617,652.0790725814173,842.3469872042277,820.1856423668617
nrc_groeneveld_24579pt__24359,137.0,122.30138637201225,139.48309728753586,139.0128604683625,178.41450461806238,148.6161764183868,139.0128604683625
nrc_groeneveld_24579pt__21641,450.0,641.3306625189153,748.4146081352096,690.5848145526431,688.8907287631416,587.6330288473848,690.5848145526431
nrc_groeneveld_24579pt__8735,6175.0,5757.676645974403,5729.359111451413,6216.673806008832,5442.97858269238,5459.781256888973,6216.673806008832
nrc_groeneveld_24579pt__10501,1546.0,1614.6748270679807,1532.9867250381842,1387.5620743040683,1505.1320394570084,1606.3922811271796,1387.5620743040683
nrc_groeneveld_24579pt__6858,671.0,618.1601313289947,672.9261668471643,669.949073619162,725.7199821413449,635.8212461018715,669.949073619162
nrc_groeneveld_24579pt__18839,839.0,862.7987596044272,788.8808510233251,841.0001635422894,781.8418827049093,804.7926895973667,841.0001635422894
nrc_groeneveld_24579pt__2717,2008.0,1758.1199884005748,2006.4970014061291,1977.9462858228653,1848.9341392208728,1757.676180837068,1977.9462858228653
nrc_groeneveld_24579pt__23533,657.0,587.4652067577772,546.5148463589315,529.6611549954522,714.3296899603719,619.6324386900867,529.6611549954522
nrc_groeneveld_24579pt__3903,653.0,776.5511248439716,735.2704191058922,776.0240598506393,876.0848355997954,862.662234667244,776.0240598506393
nrc_groeneveld_24579pt__20698,463.0,532.9013267609554,562.3336827452829,550.4648269616082,428.46392214869473,440.6720564280647,550.4648269616082
nrc_groeneveld_24579pt__12116,1553.0,1498.2119410822495,1438.6799689900843,1437.9622023541303,1244.608645282152,1387.997271147565,1437.9622023541303
nrc_groeneveld_24579pt__24572,1444.9,1308.6906552833607,1437.1329664815846,1421.2871716142329,1692.7510948810298,1564.0814686980466,1421.2871716142329
nrc_groeneveld_24579pt__5931,1520.0,1245.6315056776416,1424.8125564684065,1464.8588255779587,1157.3612457630156,1298.6875192715618,1464.8588255779587
nrc_groeneveld_24579pt__14167,491.0,641.0103867670392,606.7084944547961,561.2785497376535,712.719928128535,680.5165717302868,561.2785497376535
nrc_groeneveld_24579pt__4615,2387.0,2215.8854032096688,2167.0072205567967,2165.468476991642,1997.8133505259411,2155.5477109258964,2165.468476991642
nrc_groeneveld_24579pt__6824,505.0,479.1439416035288,497.88173858410244,486.07886581659125,479.84232621468544,533.9265953655582,486.07886581659125
nrc_groeneveld_24579pt__2888,1017.0,1018.4917363992002,1119.4735233830218,1080.332046020603,1020.0912635694305,1038.4672771365688,1080.332046020603
nrc_groeneveld_24579pt__10299,1913.0,1781.8500886134327,1919.0980842846495,1832.9378682078702,1617.8354641123897,1771.187410436499,1832.9378682078702
nrc_groeneveld_24579pt__21970,1753.0,1530.2003443636252,1728.3495260947786,1720.5029384263867,1288.5679457357057,1565.3768204793237,1720.5029384263867
nrc_groeneveld_24579pt__22406,1556.0,1427.2796477520642,1422.1581108186888,1499.308773312043,1695.6956249856469,1616.51391149345,1499.308773312043
nrc_groeneveld_24579pt__2824,2500.0,2251.976296557173,2500.250420484682,2237.6922454838227,2366.3998438171448,2187.1738712947567,2237.6922454838227
nrc_groeneveld_24579pt__1797,4919.0,5102.482865954871,4440.815604718716,5121.955176572367,5314.462353303233,4844.094106078767,5121.955176572367
nrc_groeneveld_24579pt__19929,3120.0,3209.0034880539815,3033.2864265051144,3200.5630616761523,2627.3947147091703,3005.259303963575,3200.5630616761523
nrc_groeneveld_24579pt__20812,1566.0,1510.5028064304097,1581.0522200234507,1456.424191673338,1205.526742056695,1344.4624467015972,1456.424191673338
nrc_groeneveld_24579pt__1856,759.0,686.0258070085441,764.6383544388959,752.9807279771131,739.1504667622621,692.9316457722101,752.9807279771131
nrc_groeneveld_24579pt__5726,2844.0,3091.307217712382,2849.984280257173,2963.0061393685637,3733.1504078117914,3632.5456407358156,2963.0061393685637
nrc_groeneveld_24579pt__513,1395.0,1427.1978181415298,1387.513637778144,1323.8966784120025,1029.4031396333212,1197.9062329869862,1323.8966784120025
nrc_groeneveld_24579pt__20715,816.0,854.5820645278318,704.8821427148888,792.1203715678785,915.0798817718247,861.593842701114,792.1203715678785
nrc_groeneveld_24579pt__21156,1273.0,1222.6624672747448,1316.3174202887737,1393.4874691972343,1027.803649876105,1174.7250252742067,1393.4874691972343
nrc_groeneveld_24579pt__6459,2208.2,2842.38455287657,2429.515600714073,2355.4287492641147,2489.362771956429,2610.093059144496,2355.4287492641147
nrc_groeneveld_24579pt__2021,2501.0,2152.449565494814,2254.692830753109,2553.8565273469476,2247.907273817524,2470.9490637214985,2553.8565273469476
nrc_groeneveld_24579pt__13831,626.0,601.5509251964728,556.5211709018363,655.7779720461018,528.409752312521,531.9753521729074,655.7779720461018
nrc_groeneveld_24579pt__17519,1153.0,1177.195865351786,1174.7799865156928,1194.3921353193227,1576.8007806628457,1347.9450241727025,1194.3921353193227
nrc_groeneveld_24579pt__9285,609.0,711.1760281782358,605.3937163805292,633.7767747270339,584.680398117993,585.5912860599262,633.7767747270339
nrc_groeneveld_24579pt__23860,8763.0,9774.32197891347,11976.018620446719,10937.1929981049,14303.98525417758,11025.551606823716,10937.1929981049
nrc_groeneveld_24579pt__1151,1215.0,1220.7261522459326,1215.2300759030918,1224.513327660216,1466.9941858412597,1330.2132554830143,1224.513327660216
nrc_groeneveld_24579pt__3228,1229.0,1201.1260484731204,1256.8669309135344,1335.1978808648098,1488.3061750017278,1373.6185746755493,1335.1978808648098
nrc_groeneveld_24579pt__3054,1003.0,979.7218434035025,1000.5782534049257,1010.0048598979633,885.908682124566,770.8082084344288,1010.0048598979633
nrc_groeneveld_24579pt__4133,1126.0,817.2504161194171,1022.8627738633264,948.7347470062779,799.5790647262713,809.8008844989988,948.7347470062779
nrc_groeneveld_24579pt__10743,986.0,868.1516361317036,962.7344865903985,897.9601308190984,783.683414024298,877.9549111413787,897.9601308190984
nrc_groeneveld_24579pt__2691,1967.0,1672.4140520734836,1946.8453946383584,1828.73259007618,1731.5520547346866,1652.6584666197762,1828.73259007618
nrc_groeneveld_24579pt__3929,1265.0,1081.9301025471977,1236.4121102048914,1156.8859182832314,945.83372816696,946.7742790468938,1156.8859182832314
nrc_groeneveld_24579pt__4424,252.0,298.38104353916856,264.49590357303845,278.6529287064284,397.324009754075,344.2564172580253,278.6529287064284
nrc_groeneveld_24579pt__17555,2603.0,2374.4073462306587,2638.5866269284315,2602.486759731415,2555.85140034305,2649.849341040085,2602.486759731415
nrc_groeneveld_24579pt__7599,534.0,508.90408485304414,494.1499212717734,478.1718642850699,389.1075575822157,501.2621709947719,478.1718642850699
nrc_groeneveld_24579pt__15313,387.0,384.71093408613126,377.63267704773597,373.0670980199376,376.6665175778392,328.8135414544529,373.0670980199376
nrc_groeneveld_24579pt__48,1167.0,1398.4236073579893,1177.1428853745417,1054.458521347166,1607.964213054467,1594.1184686158722,1054.458521347166
nrc_groeneveld_24579pt__3641,2098.0,1947.5888076221675,2055.6008816427734,1967.1041333070784,1727.116485745658,1832.3991062681405,1967.1041333070784
nrc_groeneveld_24579pt__5975,4280.0,3454.2731179116827,4099.410472965329,4317.5145528470475,3904.83727385351,3953.194301745186,4317.5145528470475
nrc_groeneveld_24579pt__9510,681.0,560.5475011849186,665.7718765745337,626.8413125045402,671.2685990589257,544.6431758965617,626.8413125045402
nrc_groeneveld_24579pt__9271,631.0,671.0696747735069,627.3724277292675,598.7835373007496,737.0564462952723,604.1413371986011,598.7835373007496
nrc_groeneveld_24579pt__4849,3902.0,3689.8720496925084,3611.7013565650122,3554.4045897244096,3236.3470889541686,3715.173717789247,3554.4045897244096
nrc_groeneveld_24579pt__14536,569.0,509.19328801243387,537.9681336603569,426.712050324723,495.34499144879874,505.10838195014236,426.712050324723
nrc_groeneveld_24579pt__10128,3626.0,3628.605056254489,3790.277626146777,3939.064762117055,3671.8253530445536,3802.9904041675168,3939.064762117055
nrc_groeneveld_24579pt__19837,1520.0,1836.0939092502033,1648.5807400994993,1809.41014467214,2013.2381422754515,2008.14175132885,1809.41014467214
nrc_groeneveld_24579pt__17039,484.0,503.3884652540339,500.3652748467425,480.2026316081362,619.3280701954777,484.77566597996554,480.2026316081362
nrc_groeneveld_24579pt__2394,1519.0,1556.7367109891886,1531.7054884423205,1545.8693425783613,1489.907491475517,1516.9465353977607,1545.8693425783613
nrc_groeneveld_24579pt__5257,988.0,1208.04264901824,987.8869497780648,987.9270362670666,870.6274641597072,981.0777885803711,987.9270362670666
nrc_groeneveld_24579pt__20291,930.0,943.4553191120605,1021.7460449609312,966.5492434352492,938.9109812953877,809.9505193125696,966.5492434352492
nrc_groeneveld_24579pt__24173,342.0,362.19579100263286,351.4359488612158,316.66307514132546,481.8035478825083,434.0236689697629,316.66307514132546
nrc_groeneveld_24579pt__13998,1578.0,1592.6147084078177,1560.3986986037419,1656.4451445726547,1529.5537433000595,1570.623252572228,1656.4451445726547
nrc_groeneveld_24579pt__16111,4488.0,4111.320783693643,4416.844207611078,4278.735198734868,3722.111235692266,4252.051566030929,4278.735198734868
nrc_groeneveld_24579pt__3709,1140.0,1000.5076017725665,1161.987381324895,1137.6928116864956,1006.2028729746332,1012.5720715188656,1137.6928116864956
nrc_groeneveld_24579pt__23785,245.0,198.7172611459078,168.8127974543422,173.08701110235938,289.66710851268203,159.42068147770965,173.08701110235938
nrc_groeneveld_24579pt__10165,6419.0,4677.309969665772,6115.842302832012,6070.47187014044,4729.484238832847,5351.613950301229,6070.47187014044
nrc_groeneveld_24579pt__13870,702.0,867.4703366589638,890.5141977929213,911.5227211754974,606.0082579821021,756.5414500212087,911.5227211754974
nrc_groeneveld_24579pt__13634,1137.0,917.2981858147331,931.3138759130109,938.8965303556389,934.3242992355576,921.2375856077956,938.8965303556389
nrc_groeneveld_24579pt__5613,4716.0,4476.558379831645,4292.465186537591,4590.7192287720645,3963.089124303775,4467.642747102068,4590.7192287720645
nrc_groeneveld_24579pt__21391,2639.0,2926.737490788267,2466.781294599744,2500.378818541002,2587.1642658982605,2980.0867102466136,2500.378818541002
nrc_groeneveld_24579pt__17018,1631.0,1488.620858147631,1528.517852928737,1376.0304218596032,1578.762794799932,1625.7857459185361,1376.0304218596032
nrc_groeneveld_24579pt__24013,786.0,802.8041740333886,844.4411681706312,860.8824478865712,824.1551746005008,726.703956940468,860.8824478865712
nrc_groeneveld_24579pt__13856,602.0,752.4133386074523,724.7369324388267,790.9310606129349,502.4442513156486,695.7314234992557,790.9310606129349
nrc_groeneveld_24579pt__16649,2198.0,2087.3166716389646,2087.5022693461315,1933.1673747439963,1948.0159792905545,2155.457029379434,1933.1673747439963
nrc_groeneveld_24579pt__6456,3041.0,2778.893500648688,3026.0430396001157,3095.5685200759813,2283.701691410196,2427.9236825887447,3095.5685200759813
nrc_groeneveld_24579pt__4216,1966.0,1914.7399053274214,2118.909153534225,2064.573514237222,1801.8583202251946,2371.4040588577614,2064.573514237222
nrc_groeneveld_24579pt__9092,1430.0,1136.2336719156688,1460.1792977489947,1384.1419006382391,1186.692314954351,1157.3038076853413,1384.1419006382391
nrc_groeneveld_24579pt__12806,816.0,711.4865625552394,635.7426763534538,725.0847135643052,732.004108373084,851.8156796168287,725.0847135643052
nrc_groeneveld_24579pt__17444,581.0,613.3383685539466,577.2660759643397,601.6364840183377,679.2262884271469,669.4336314516887,601.6364840183377
nrc_groeneveld_24579pt__3407,4949.0,3334.5385819867593,4759.44807588888,4467.948651050026,3165.8237701380663,3746.4736807863164,4467.948651050026
nrc_groeneveld_24579pt__958,1015.0,1039.2708904129709,1022.0841143830842,1016.4267353832389,1287.5244600079575,1036.069060024462,1016.4267353832389
nrc_groeneveld_24579pt__13525,2735.0,2920.5398425413982,3217.0310592124265,2995.0308588779526,3029.19129278338,3160.200011061598,2995.0308588779526
nrc_groeneveld_24579pt__13106,704.0,649.2423564707926,729.236956329749,701.1316227347229,645.5990996417779,577.8585068508011,701.1316227347229
nrc_groeneveld_24579pt__16090,1022.0,1296.4771796162102,1089.4614279948125,1206.954624389902,1407.9015899376052,1392.99587466704,1206.954624389902
nrc_groeneveld_24579pt__8664,2465.0,2397.0103349476917,2351.86605596805,2517.586967660855,2090.4159732405196,2325.741285186007,2517.586967660855
nrc_groeneveld_24579pt__13819,2437.0,2154.751650877251,2286.2168476384454,2261.9530615890103,1645.2487927084223,1856.7094795333364,2261.9530615890103
nrc_groeneveld_24579pt__7647,1240.0,1091.304284285527,1161.7059524218457,1095.372245963075,1052.3718143882488,1116.779046198635,1095.372245963075
nrc_groeneveld_24579pt__21282,658.0,609.6731206020992,616.146169716212,666.4415931232786,648.4573867408849,702.5143909708739,666.4415931232786
nrc_groeneveld_24579pt__20249,4940.0,4816.88482525249,5055.908528260763,5231.644112916633,4158.319420924571,5097.578605725183,5231.644112916633
nrc_groeneveld_24579pt__16574,2784.0,3023.2390970547567,2714.49134672044,2713.5979533806535,3209.5202838363602,3273.4453728298686,2713.5979533806535
nrc_groeneveld_24579pt__7662,1226.946,1396.9018526283382,1332.2820107745254,1338.345372446075,1285.6273072273727,1366.263458408215,1338.345372446075
nrc_groeneveld_24579pt__22438,2408.0,2337.03534463115,2308.966085574686,2322.2340993475973,2383.0605075310295,2719.045870356464,2322.2340993475973
nrc_groeneveld_24579pt__16596,1437.0,1544.2741915469821,1448.9431498117383,1549.5881991081933,1463.497184585423,1638.6834918232385,1549.5881991081933
nrc_groeneveld_24579pt__15873,765.1,787.6061965619938,820.1480958712668,822.5485847485749,825.3175465748301,758.7570671864013,822.5485847485749
nrc_groeneveld_24579pt__23896,1944.0,1443.5750833090526,1928.5688632460726,2319.114074402687,1733.9739481135002,1566.5437564954038,2319.114074402687
nrc_groeneveld_24579pt__8325,2907.0,2828.6750095850725,2481.6446565285355,2765.9135128068365,2442.7941127368053,2679.7136376218414,2765.9135128068365
nrc_groeneveld_24579pt__6738,640.0,617.4517460404919,661.5547251244494,655.6586546793684,580.7747976029417,647.1035778047795,655.6586546793684
nrc_groeneveld_24579pt__14480,366.0,335.13571283178175,316.9854439312303,318.5640080221979,371.9175898017316,300.0252303376248,318.5640080221979
nrc_groeneveld_24579pt__2303,2023.0,2132.2433845158566,2006.6223888819466,1994.3137461229014,2120.7906318379514,2136.3289586477968,1994.3137461229014
nrc_groeneveld_24579pt__18679,579.0,602.3579656587597,537.8903381757228,547.0159368078356,593.6494887452105,566.9003123105604,547.0159368078356
nrc_groeneveld_24579pt__20973,572.0,424.48698820286324,329.8087269412062,379.76182175742787,397.06061932369454,366.26858255141633,379.76182175742787
nrc_groeneveld_24579pt__9965,293.0,463.27311072550503,368.766165613247,379.81392324557436,468.1842938843355,458.50269743069,379.81392324557436
nrc_groeneveld_24579pt__22972,1285.0,1213.1660816780416,1083.6076614214207,1076.0440950095383,1124.889096309681,1202.8205916040795,1076.0440950095383
nrc_groeneveld_24579pt__22796,2004.0,1814.5258769751717,1763.9545139500221,1833.0320167631767,1599.403263696682,1733.7570237901887,1833.0320167631767
nrc_groeneveld_24579pt__8498,1229.0,1396.9805022915175,1425.5326799922364,1407.2753605209239,1325.405892093362,1383.6886441070806,1407.2753605209239
nrc_groeneveld_24579pt__24210,1010.0,876.5560883540688,1326.4235745458525,1035.4749756782717,945.0853573177121,846.2012759450542,1035.4749756782717
nrc_groeneveld_24579pt__3252,3273.0,2086.0810700085976,2902.0253286976094,2494.4807148439704,2303.5156442175553,2699.650640114336,2494.4807148439704
nrc_groeneveld_24579pt__8612,2498.0,2890.6394616120806,2784.679483304706,2865.2211895220885,3018.8312527059447,3275.286015465848,2865.2211895220885
nrc_groeneveld_24579pt__742,716.0,1285.9441483101466,921.6810407560566,838.3324229672883,1802.213837409828,1270.8346591072268,838.3324229672883
nrc_groeneveld_24579pt__5016,1975.0,2017.3242933520019,2077.0124332660384,2184.4779728676435,1751.8133407920518,1969.0129812041566,2184.4779728676435
nrc_groeneveld_24579pt__17866,1552.0,1653.8022960239873,1612.0413660508686,1499.5171824760237,1424.0061653158589,1617.5563768766672,1499.5171824760237
nrc_groeneveld_24579pt__14227,481.0,489.54048012410937,436.0616346672609,398.3575253184965,405.1753257129266,450.8429036579383,398.3575253184965
nrc_groeneveld_24579pt__2917,1463.0,1412.9814489104733,1453.0849699499627,1469.1622140019915,1600.3106969787325,1421.2211656985085,1469.1622140019915
nrc_groeneveld_24579pt__8859,4314.0,3416.094742532863,4105.135733953737,4126.487020827512,3349.9170350200457,3821.3044047183785,4126.487020827512
nrc_groeneveld_24579pt__317,1116.0,1302.209649542836,1181.6886861159721,1135.397465790657,1285.385014867721,1379.3244102669635,1135.397465790657
nrc_groeneveld_24579pt__11556,1300.0,1355.5751485985313,1300.1605545402317,1361.0745279080047,1225.6893516977786,1184.0011119097253,1361.0745279080047
nrc_groeneveld_24579pt__18067,982.0,896.4817968267452,910.1189401652654,936.5521633998566,805.7062965201112,799.2052206727585,936.5521633998566
nrc_groeneveld_24579pt__3624,581.0,567.2122539530633,523.8760527204265,508.63110078037784,563.5421790744931,546.9388849850205,508.63110078037784
nrc_groeneveld_24579pt__16897,2495.0,2437.878449682925,2314.633231318753,2304.7995459593903,2485.5276908986675,2610.211988044177,2304.7995459593903
nrc_groeneveld_24579pt__13111,416.0,463.88472466051996,435.51625812282316,434.5761330122778,530.3170469611823,433.84132220096654,434.5761330122778
nrc_groeneveld_24579pt__11836,497.0,428.17974261807115,405.32611813307125,412.5009482390847,479.545982115704,447.78931097862835,412.5009482390847
nrc_groeneveld_24579pt__22889,2026.0,1534.6705770031872,1545.1702588949954,1549.2916606216743,1569.2956643771274,1758.6614498588683,1549.2916606216743
nrc_groeneveld_24579pt__11319,793.0,815.6907189222603,813.1899886273171,833.4252134125853,685.904410680459,746.6305314899314,833.4252134125853
nrc_groeneveld_24579pt__15754,2046.0,2517.683578858825,2130.0498473796306,2111.2902968126978,2634.8052211044037,2625.783599430881,2111.2902968126978
nrc_groeneveld_24579pt__7925,1620.0,1530.2646935854527,1354.2092186683242,1424.573012745826,1373.5803057809649,1614.1398961667567,1424.573012745826
nrc_groeneveld_24579pt__7497,3402.0,3534.5956530595145,3694.583170625969,3840.1770063981785,3148.9606428348984,3436.4018254570883,3840.1770063981785
nrc_groeneveld_24579pt__14516,755.0,713.105980441913,765.4073125570595,724.2652758426648,811.0605779959476,712.8515846284065,724.2652758426648
nrc_groeneveld_24579pt__10767,1352.0,1475.9559328965586,1545.9329719270672,1412.8334513707046,1240.226743955708,1331.9172426952307,1412.8334513707046
nrc_groeneveld_24579pt__17798,1740.0,1793.9048022817299,1836.441899149219,1730.1495587318236,1689.7910685708982,1837.7778544199707,1730.1495587318236
nrc_groeneveld_24579pt__21787,1450.0,1652.4216669808463,1595.683150758009,1399.0509638658382,1161.7141458882236,1400.418467826628,1399.0509638658382
nrc_groeneveld_24579pt__2125,2026.0,2004.954731861026,2162.5498897893485,2119.2138350227483,2157.7958803754764,2395.7414171937885,2119.2138350227483
nrc_groeneveld_24579pt__2711,2037.0,1833.2142019651776,2001.0058025057438,2110.5784016259886,1802.2326246057266,1856.2123008296796,2110.5784016259886
nrc_groeneveld_24579pt__10345,482.0,381.3242110724807,414.3677009933992,341.8817925550547,440.9285042755991,343.88258487683066,341.8817925550547
nrc_groeneveld_24579pt__9570,8013.0,4978.490400914751,7122.884233992126,7170.027764862825,4909.690795675687,6141.041330435314,7170.027764862825
nrc_groeneveld_24579pt__1768,4520.0,4804.943500674169,4784.580655951647,3965.1716937310853,4026.002808435983,4813.740059066604,3965.1716937310853
nrc_groeneveld_24579pt__8932,1789.0,1713.5962872621012,1614.597672298827,1632.7178318503848,1626.8703122467289,1761.765696365455,1632.7178318503848
nrc_groeneveld_24579pt__3983,2600.0,1706.7469572118316,2163.0248742482695,2053.833644315313,1493.093525173653,1389.5962125228716,2053.833644315313
nrc_groeneveld_24579pt__19254,1091.63,1353.4142872795119,1122.031278071588,1177.3971439200343,1398.9297437044688,1386.1201096221262,1177.3971439200343
nrc_groeneveld_24579pt__9228,735.0,456.96135724869777,583.2951112603247,513.9289448330263,567.3642978169352,407.0232318849239,513.9289448330263
nrc_groeneveld_24579pt__3106,2562.0,2310.803632251248,2552.8088277831193,2490.233922904496,2514.7160561150945,2269.368108687876,2490.233922904496
nrc_groeneveld_24579pt__357,1700.0,1569.7371905674222,1569.4826653733328,1547.8858570445288,1582.6370324576603,1521.485560669604,1547.8858570445288
nrc_groeneveld_24579pt__11096,1104.0,977.6007967661479,1041.5003941838625,961.4619022155316,1072.9309930331954,1063.2238951518848,961.4619022155316
nrc_groeneveld_24579pt__13814,2021.0,1820.1203591415047,1937.701134698477,1959.5102896697942,1432.1255282097209,1592.8703579566188,1959.5102896697942
nrc_groeneveld_24579pt__8683,1649.0,1403.3876654048127,1395.4304079124242,1269.9982763882167,1148.195052606684,1137.9934268604784,1269.9982763882167
nrc_groeneveld_24579pt__506,721.0,744.5252188612255,810.4132609017637,808.0423550916222,660.0974046025062,771.3279776074199,808.0423550916222
nrc_groeneveld_24579pt__20839,1188.0,1001.9718392091991,944.6922866253324,968.4148677261959,1037.1068833199856,1022.5138514713274,968.4148677261959
nrc_groeneveld_24579pt__13289,2492.0,1707.3872813058358,2246.4391193202246,2155.8892787397676,1676.0371606447882,1576.4693228867372,2155.8892787397676
nrc_groeneveld_24579pt__14267,1240.0,1106.9644615966138,1199.7407791464702,1132.086668624182,978.5885667939367,1016.4161295157162,1132.086668624182
nrc_groeneveld_24579pt__5296,1492.0,1518.8378859466009,1788.803943460919,1762.4724209243127,1471.964457662682,1534.5406453666062,1762.4724209243127
nrc_groeneveld_24579pt__7060,2526.8,2232.417355757695,2478.3895860136718,2461.4620946690325,2717.9077999017086,2526.6168283918673,2461.4620946690325
nrc_groeneveld_24579pt__10329,476.0,785.7132117185591,601.9845128784989,548.918379048703,791.1362911722297,701.7041419285333,548.918379048703
nrc_groeneveld_24579pt__2052,992.0,1004.7950523126283,996.6747664498827,1017.1327900889115,1059.1110488298511,1020.3413433598532,1017.1327900889115
nrc_groeneveld_24579pt__12191,1147.0,1136.690970650719,1101.5914239404838,1145.7161785979192,950.3538194531097,991.7737692378894,1145.7161785979192
nrc_groeneveld_24579pt__11109,1011.0,753.9356256601535,933.1838143346326,809.1914675508069,959.4041221433431,875.4109127872473,809.1914675508069
nrc_groeneveld_24579pt__16568,3012.0,3299.193860403875,3028.4445338503615,3013.5663384264944,3704.3696692286394,3767.624868110503,3013.5663384264944
nrc_groeneveld_24579pt__9246,775.0,498.01599826431806,613.4252074723723,564.5628405646171,675.4524036013172,545.4479997745526,564.5628405646171
nrc_groeneveld_24579pt__11665,1049.0,960.5256888641428,814.9375384569906,821.9242955671298,962.8011659028059,1024.1395754236105,821.9242955671298
nrc_groeneveld_24579pt__13035,871.0,676.8328193905263,784.8546328225177,867.9434781378284,621.1582935404082,606.3646299579173,867.9434781378284
nrc_groeneveld_24579pt__9588,2279.0,1975.8701227300305,2371.2072614253925,2046.4639802017691,2227.191937976106,2252.690931989978,2046.4639802017691
nrc_groeneveld_24579pt__10341,875.0,929.3960000368662,760.6790746945175,768.9433554207568,898.6988206326226,861.1302083517098,768.9433554207568
nrc_groeneveld_24579pt__15940,465.0,414.7969995495099,463.8204636791178,485.3541725962629,533.9504369783402,414.6698946889049,485.3541725962629
nrc_groeneveld_24579pt__5317,511.0,524.4724743992207,499.56206274709353,537.8945234095321,531.7263426866044,534.8833050203227,537.8945234095321
nrc_groeneveld_24579pt__24556,1175.7,1257.716851880013,1241.0090935584408,1260.4094698413899,1199.4885063072688,1091.7808927819806,1260.4094698413899
nrc_groeneveld_24579pt__4279,444.0,469.78497212548524,439.617001194116,456.7334793155987,482.58535580319403,565.2054104840311,456.7334793155987
nrc_groeneveld_24579pt__877,1971.0,1703.4504405961932,2099.3909120920002,1962.8753878924408,2054.0440103339747,1857.458766563353,1962.8753878924408
nrc_groeneveld_24579pt__9674,2838.0,2982.0142544761948,2250.7519282891476,2326.0014899256953,2849.174023935286,2790.643939302906,2326.0014899256953
nrc_groeneveld_24579pt__10943,3942.0,3482.8050981092792,3695.2139794756818,3856.8143113611313,2970.949200836357,3354.471925409861,3856.8143113611313
nrc_groeneveld_24579pt__16981,3303.0,3456.223349897554,2639.5886760405115,2797.2177153875678,3070.142514670441,3217.89080834689,2797.2177153875678
nrc_groeneveld_24579pt__23473,703.0,1074.0682973719934,919.813035511461,923.6550925044054,980.4136360474419,930.9399840719169,923.6550925044054
nrc_groeneveld_24579pt__3837,804.0,714.8708902361883,889.9616472279616,809.9406349728616,544.6427826099731,579.0818638577134,809.9406349728616
nrc_groeneveld_24579pt__21450,600.0,522.5282512781075,479.7431306942086,536.6312281120704,552.0319295753796,436.8046889791676,536.6312281120704
nrc_groeneveld_24579pt__14214,734.0,803.8255985136966,803.5481172828996,798.8845478807017,913.3135213070302,890.1557254780936,798.8845478807017
nrc_groeneveld_24579pt__18369,1464.0,1324.7596012218296,1390.8335449577212,1403.5953520555088,934.0015251431648,1156.119610237104,1403.5953520555088
nrc_groeneveld_24579pt__407,779.0,971.0624203509226,822.5515346465979,842.8273337861466,997.8435189992182,1017.7497144595392,842.8273337861466
nrc_groeneveld_24579pt__13384,2302.0,1758.073417094494,2215.8340554707265,1900.7707154090062,1389.0971347472043,1286.2248123723937,1900.7707154090062
nrc_groeneveld_24579pt__14727,811.0,790.3575646053632,852.3332140313584,836.3079344926896,760.660922620765,725.971055877639,836.3079344926896
nrc_groeneveld_24579pt__10577,441.0,371.8070525714123,453.9012415614114,445.7597698432878,407.52526552889896,335.90863122234896,445.7597698432878
nrc_groeneveld_24579pt__8231,4881.0,4324.932840038498,4378.159913640865,4649.534930781509,3824.9696729776897,4380.386245363008,4649.534930781509
nrc_groeneveld_24579pt__975,1030.0,1155.3601073378786,1054.055744639658,1066.143271884401,1406.2679045781729,1066.0023443437794,1066.143271884401
nrc_groeneveld_24579pt__23600,179.0,217.75306629581286,240.63821744277084,218.1524563494204,272.1595599878167,219.56488447978617,218.1524563494204
nrc_groeneveld_24579pt__17435,338.0,551.4752722063118,380.4475502745554,465.90788531428177,580.3278072717309,557.0743430218936,465.90788531428177
nrc_groeneveld_24579pt__7236,1574.1,1426.8816168738213,1524.3275671272525,1569.3837410923666,1662.605344568908,1569.1324151167262,1569.3837410923666
nrc_groeneveld_24579pt__15639,709.0,923.7713658595555,757.8218825958198,834.2165793279164,779.0415812595962,880.8072952777742,834.2165793279164
nrc_groeneveld_24579pt__12307,1069.0,1249.5668749813583,1037.959193473328,1117.0511575482699,1064.8073895272273,1242.7480206863138,1117.0511575482699
nrc_groeneveld_24579pt__19306,1113.72,1372.8517397528533,1142.3282514496095,1189.6226855409363,1410.7272289298962,1401.3363412521292,1189.6226855409363
nrc_groeneveld_24579pt__18442,533.0,632.0927181453744,563.5060208844213,536.3998415319171,702.3741775603677,635.2052230698175,536.3998415319171
nrc_groeneveld_24579pt__12198,2907.0,3226.691202638439,2860.495185580758,2947.7870919347124,3103.7847900881657,3103.387577540448,2947.7870919347124
nrc_groeneveld_24579pt__1549,3307.0,2743.1014623142146,3154.190548730622,3041.8356013512116,3015.0581989558887,3406.454674855102,3041.8356013512116
nrc_groeneveld_24579pt__3308,4526.0,4186.073717633418,4413.747867628579,4009.149517432056,4039.744902117428,4489.809015525606,4009.149517432056
nrc_groeneveld_24579pt__16732,2630.0,2712.8996699826157,2545.2800856345993,2483.348559246721,2258.4345341601447,2590.6071723466307,2483.348559246721
nrc_groeneveld_24579pt__24295,250.0,282.37030192724313,243.02330232669053,232.60787871165556,329.88919006062406,286.5716007858779,232.60787871165556
nrc_groeneveld_24579pt__17508,2138.0,2054.0688866745863,2391.410433330588,2195.025296862238,2270.2015760356476,2186.9872533938665,2195.025296862238
nrc_groeneveld_24579pt__2762,1007.0,937.3093889272246,1021.9688474736172,954.1178485690127,969.4703262596367,830.1958739262163,954.1178485690127
nrc_groeneveld_24579pt__3743,2493.0,2081.9456038530025,2502.9604207732323,2362.312422836519,1871.5456823082231,1929.1469065804254,2362.312422836519
nrc_groeneveld_24579pt__11200,718.0,835.3124642467017,724.7896868211523,759.0363362633694,907.6756188167536,829.8533914464149,759.0363362633694
nrc_groeneveld_24579pt__7883,3193.7,2598.872354238479,3204.655474424558,2992.2281670652214,2433.7237885263853,2826.3197889242706,2992.2281670652214
nrc_groeneveld_24579pt__24383,1409.0,1128.9390703420522,1334.1331094245427,1257.8920078949614,1014.6563174095636,1144.4023302600338,1257.8920078949614
nrc_groeneveld_24579pt__4257,681.0,692.8302023596522,700.133943906347,670.425072653376,731.2355727899571,793.8790657859372,670.425072653376
nrc_groeneveld_24579pt__22645,1998.0,1796.0419529301491,1711.922193850666,1775.8222035181639,1590.4114400826484,1750.2849726110794,1775.8222035181639
nrc_groeneveld_24579pt__18247,666.0,599.9179004089019,640.932427623796,625.3526053379562,573.7795228864455,573.6592198134973,625.3526053379562
nrc_groeneveld_24579pt__3216,2021.0,2014.6641958308192,1955.608549024875,1998.546102381939,2184.0210132382144,2106.340769923413,1998.546102381939
nrc_groeneveld_24579pt__19998,3950.0,4085.625566651851,4249.832540909665,4307.4259458857,3657.684794424264,4065.9263141883816,4307.4259458857
nrc_groeneveld_24579pt__7671,1575.925,1638.3372772616256,1634.9733059663095,1712.2737586201224,1457.651392355436,1572.0799350849713,1712.2737586201224
nrc_groeneveld_24579pt__11497,2434.0,2425.743788561463,2412.6312009380345,2440.1500587995392,2204.576489713527,2389.2734460848496,2440.1500587995392
nrc_groeneveld_24579pt__19878,2350.0,2603.1640249429524,2243.591911768519,2358.1181446011487,2347.3722679716293,2565.0692195030397,2358.1181446011487
nrc_groeneveld_24579pt__16706,1930.0,1773.2998525620055,1924.3391903769434,1912.584809185478,1747.008934028951,1930.0491153025164,1912.584809185478
nrc_groeneveld_24579pt__16340,3856.0,4738.536840951024,3715.4128845361543,4022.415938693385,4584.742262474941,4732.641434674008,4022.415938693385
nrc_groeneveld_24579pt__19261,1123.18,1259.8727798490493,1467.8533598189622,1278.9649977570248,1032.022626994513,1168.9591263724071,1278.9649977570248
nrc_groeneveld_24579pt__13650,2972.0,2691.732869800522,2916.830464354718,2925.1635258553833,2426.693783120996,2615.4051570939364,2925.1635258553833
nrc_groeneveld_24579pt__9298,1067.0,1069.9502588667797,1004.3887472022016,1098.729180823129,1105.4186345331004,1117.125160435878,1098.729180823129
nrc_groeneveld_24579pt__15782,1860.0,1646.9204385598557,1823.8094285613029,1658.8882900764681,1135.4668295127926,1397.8799425755196,1658.8882900764681
nrc_groeneveld_24579pt__17096,1717.0,1538.7438749426524,1747.7261167509516,1734.4172315101134,1613.2522223887659,1686.6535900481967,1734.4172315101134
nrc_groeneveld_24579pt__709,965.43,1087.809432644533,993.221799968321,935.0501791002876,1321.8727928871133,1325.3348931678681,935.0501791002876
nrc_groeneveld_24579pt__16506,3663.0,4016.991581412003,3474.225564969669,3367.7203547995196,3379.078777049004,3829.7713598489363,3367.7203547995196
nrc_groeneveld_24579pt__4793,1631.0,1671.3723262719539,2128.80729803763,1876.5786967397157,1722.7106903069541,1700.0572047503827,1876.5786967397157
nrc_groeneveld_24579pt__17023,1421.0,1367.4347299590713,1407.615794462507,1289.9320854112914,1478.989875765483,1508.3751697019945,1289.9320854112914
nrc_groeneveld_24579pt__7815,677.6,640.7499145530786,640.75916954666,644.0204329883038,799.5531996690858,646.9867315024395,644.0204329883038
nrc_groeneveld_24579pt__10245,982.0,996.2734730633607,910.5209938887203,921.9719096603936,1020.6060070837349,954.0634151231902,921.9719096603936
nrc_groeneveld_24579pt__11697,1849.0,2022.4651095349734,1683.0710742534773,2013.9812471924984,2159.9859909831066,1908.5367951694843,2013.9812471924984
nrc_groeneveld_24579pt__18985,9840.0,9788.865149193642,9880.505949636137,9556.561618602505,15616.412104398605,8963.438341622614,9556.561618602505
nrc_groeneveld_24579pt__10085,4296.0,3437.0068593710284,3899.4993598314018,3822.7226756211007,3372.5690115302355,3227.484971440029,3822.7226756211007
nrc_groeneveld_24579pt__6873,920.0,949.33642604741,926.4353444192893,926.847401937038,1030.376281543301,1025.753461360591,926.847401937038
nrc_groeneveld_24579pt__12364,571.0,549.1648326132685,635.2656556995657,585.3357865284104,726.6783612161487,703.4783174768864,585.3357865284104
nrc_groeneveld_24579pt__22791,929.0,852.0879593957494,889.3047058239531,927.1975748598505,959.251816453368,938.3451398150085,927.1975748598505
nrc_groeneveld_24579pt__12391,845.0,774.5928402258044,852.8919553694702,891.1394634011123,888.9398431805803,907.7309832490455,891.1394634011123
nrc_groeneveld_24579pt__7164,2063.1,1877.6832565171285,2114.030320420643,2127.2403038809884,2043.6623364257937,1929.140400390344,2127.2403038809884
nrc_groeneveld_24579pt__13652,766.0,602.4595025838548,688.2874157858419,678.5943852429247,393.56333024658784,457.6461992483033,678.5943852429247
nrc_groeneveld_24579pt__8547,572.0,756.9072266073514,671.8821516196513,601.5461076933632,670.1416264396256,639.8905669783215,601.5461076933632
nrc_groeneveld_24579pt__18310,1301.0,1164.9505923056968,1086.3256795411253,1114.9373383414531,1113.5039938745251,1163.740515569938,1114.9373383414531
nrc_groeneveld_24579pt__9907,1263.0,1424.7427550212342,1453.068792668833,1302.5575171577686,1264.704206283046,1359.8719105240234,1302.5575171577686
nrc_groeneveld_24579pt__4419,162.0,223.69842849184892,251.62530643786857,221.85140188437862,269.3711886161142,208.63161270998523,221.85140188437862
nrc_groeneveld_24579pt__10641,776.0,621.4398958507984,636.9258437579042,674.7071091173103,676.1379983981332,638.6256906283601,674.7071091173103
nrc_groeneveld_24579pt__15774,1069.0,1104.611239175061,868.0335135098188,994.3535663262123,800.6795473934972,1007.6988378271147,994.3535663262123
nrc_groeneveld_24579pt__21295,444.0,419.4803479508422,423.66591935152695,426.51677669697284,522.4896745702912,513.36548248631,426.51677669697284
nrc_groeneveld_24579pt__12567,2442.0,2671.9146342834147,2652.948969794048,2671.791230432943,2428.7246077617806,2387.3785431268816,2671.791230432943
nrc_groeneveld_24579pt__10399,4148.0,5111.777213963268,4668.022079675745,4517.003427194202,4014.549748666587,4350.253415774953,4517.003427194202
nrc_groeneveld_24579pt__6617,208.0,202.70058218411248,209.61992437029323,201.41952614639268,194.47592657239142,180.44377918902515,201.41952614639268
nrc_groeneveld_24579pt__10881,557.0,346.9092932641346,450.82218563811927,414.8270495855153,282.2350960970595,363.6904304309777,414.8270495855153
nrc_groeneveld_24579pt__15764,714.0,532.9527052334039,681.591387306945,702.1367699550694,528.3051900458614,630.4138430656899,702.1367699550694
nrc_groeneveld_24579pt__5158,2488.0,2416.193185160369,2732.2999608587465,2658.127989966638,2468.9029575632326,2688.5229784664257,2658.127989966638
nrc_groeneveld_24579pt__22472,735.0,657.3411291695485,703.4027637031819,682.0857482120906,807.1171913497668,603.7498060117854,682.0857482120906
nrc_groeneveld_24579pt__4226,667.0,729.9786458873226,723.6148538979556,766.116452233285,732.5844562864485,848.9294451341962,766.116452233285
nrc_groeneveld_24579pt__18609,313.0,480.8791212446327,388.22840499601847,412.78928291004445,403.1239824711882,506.5399580482526,412.78928291004445
nrc_groeneveld_24579pt__18703,1194.0,1221.3736030238038,1218.8716081635782,1195.193008533462,1268.949346838406,1314.3292887257098,1195.193008533462
nrc_groeneveld_24579pt__7248,1378.6,1537.7459677562392,1398.0646319474424,1372.3810935183749,1648.1169933276842,1557.5410466015476,1372.3810935183749
nrc_groeneveld_24579pt__23254,171.0,125.26873568064616,100.33491386163674,108.7269798149138,143.52971253377336,101.18967820272469,108.7269798149138
nrc_groeneveld_24579pt__22117,901.7,787.7869751340985,933.8249411021649,931.0972616380388,918.2469294992646,858.0877107611133,931.0972616380388
nrc_groeneveld_24579pt__15870,721.6,752.8226257045022,775.1245021001739,805.0617676858195,801.8419048025505,729.6290610171874,805.0617676858195
nrc_groeneveld_24579pt__3342,3012.0,2451.8553670057613,2973.6597723949685,3098.116248337094,2100.019515670348,2609.5352217207,3098.116248337094
nrc_groeneveld_24579pt__10230,608.0,614.4559572810031,540.0645128982075,560.0529516069685,723.3778471206493,634.7744636925224,560.0529516069685
nrc_groeneveld_24579pt__23048,2826.0,2727.605138208997,2675.288027957321,2867.6043501283475,3042.6292201244423,2784.030031285328,2867.6043501283475
nrc_groeneveld_24579pt__8595,4332.0,3948.962645465238,4083.4598221292854,4309.372499244015,3359.9369015374714,3882.217653647379,4309.372499244015
nrc_groeneveld_24579pt__4447,1207.0,1083.5546905002927,1120.4749401589904,1084.2211953147323,1379.1800069023457,1172.5490436632788,1084.2211953147323
nrc_groeneveld_24579pt__20843,1810.0,1414.2804459410472,1561.3371294296792,1535.7169720672903,1178.6250144780684,1281.9578470654271,1535.7169720672903
nrc_groeneveld_24579pt__4517,1848.0,1790.4032204139942,1826.1384963078133,1855.500419596872,1649.4904437531873,1853.6170623196683,1855.500419596872
nrc_groeneveld_24579pt__11470,729.0,506.7822979444311,609.841362201807,599.8730520755214,403.18839466542175,504.1644282153835,599.8730520755214
nrc_groeneveld_24579pt__695,886.555,968.425401678258,900.3244312060572,880.9507561691786,1248.401396241545,1217.836738139354,880.9507561691786
nrc_groeneveld_24579pt__13424,1092.0,617.9867214353266,1012.685745243215,907.4987435765512,540.9844636965489,562.8989644232386,907.4987435765512
nrc_groeneveld_24579pt__23670,431.0,459.0630144095002,519.1571946684871,553.3289926539603,518.634391055778,397.09053847212596,553.3289926539603
nrc_groeneveld_24579pt__19274,643.62,672.588298676879,521.6764675296212,539.6750057389902,459.7224892954263,508.79199734274243,539.6750057389902
nrc_groeneveld_24579pt__10539,479.0,528.7351033766838,481.3514967455739,463.28903257675654,617.5485422681427,552.576378719663,463.28903257675654
nrc_groeneveld_24579pt__8743,6668.0,5723.713364827547,6570.402240405981,7238.838456265432,5714.154045940369,6165.9189460418,7238.838456265432
nrc_groeneveld_24579pt__22241,1062.5,835.8999090185716,1019.3122769090226,1054.3100192723966,725.5778167995522,957.9890426942382,1054.3100192723966
nrc_groeneveld_24579pt__9434,3008.0,2855.710418571395,3394.5601552557887,3604.061946905544,3097.2154850519178,3232.968177122114,3604.061946905544
nrc_groeneveld_24579pt__5071,3844.0,3157.256474450608,3641.5260398876326,3983.219910656594,3729.7398865172086,3959.9282751954906,3983.219910656594
nrc_groeneveld_24579pt__18931,525.0,635.2577619721989,572.8949464091002,576.3146417358912,581.544364090121,661.4558450998892,576.3146417358912
nrc_groeneveld_24579pt__6160,842.3,712.8666714913638,882.7035546132042,841.8790126698241,796.8216848411772,714.4326771190439,841.8790126698241
nrc_groeneveld_24579pt__12480,1732.0,1887.0041702270028,1623.0290384684592,1792.5424533782507,1762.055398925678,1755.2532617758752,1792.5424533782507
nrc_groeneveld_24579pt__19285,1309.33,1340.9850627771427,1410.1755413966973,1250.3627492938533,1133.605586549216,1253.0976854071087,1250.3627492938533
nrc_groeneveld_24579pt__15966,96.0,142.2307914446381,95.83023379053316,88.39981839105316,152.9372434385543,116.55336262955906,88.39981839105316
nrc_groeneveld_24579pt__23054,450.0,364.5577893489247,293.29065576060674,309.51752598600956,497.36406946048,544.5169672411547,309.51752598600956
nrc_groeneveld_24579pt__8721,5311.0,6129.058983933265,5071.808621675923,6062.185960750688,4834.769002490347,5425.716579224931,6062.185960750688
nrc_groeneveld_24579pt__13521,2434.0,2309.4821936791795,2465.5211127987795,2284.1442622789805,1955.1345390379847,2187.419917588799,2284.1442622789805
nrc_groeneveld_24579pt__3456,2755.0,2644.971769354182,2790.5155995347236,2682.9032309032473,2444.7414816985456,2602.0890881188484,2682.9032309032473
nrc_groeneveld_24579pt__2283,1528.0,1454.7607037012103,1525.5458687585672,1562.67061376124,1302.6374675812533,1429.6058237427178,1562.67061376124
nrc_groeneveld_24579pt__11500,1999.0,2075.1932413086724,2112.837002197559,2136.737276124578,2009.4665079338208,2031.2129921541516,2136.737276124578
nrc_groeneveld_24579pt__12809,524.0,526.4794948184804,358.53015513526555,460.94713786159866,629.122762085465,708.4225107660448,460.94713786159866
nrc_groeneveld_24579pt__18323,2101.0,2493.352555529252,2138.452677554196,2294.5367522433758,2415.31363003457,2518.43029485873,2294.5367522433758
nrc_groeneveld_24579pt__1441,1177.0,1275.7149016032079,1212.8945773279966,1160.1093277673178,1368.1912762641898,1347.5594198666859,1160.1093277673178
nrc_groeneveld_24579pt__19833,1930.0,2148.562055657569,2171.629831227252,2060.472066376863,2234.076541237121,2252.794379657743,2060.472066376863
nrc_groeneveld_24579pt__22625,652.0,863.7388557144578,680.8238724715083,644.682059632613,704.2538441563082,647.2873044490532,644.682059632613
nrc_groeneveld_24579pt__15597,1884.0,1826.5653596815891,1820.6748993358976,1663.9748284137404,1335.7782684450503,1615.1294211381846,1663.9748284137404
nrc_groeneveld_24579pt__10133,4478.0,4334.47984124299,4591.726589179343,4745.4503915009145,4441.712477152832,4726.030977336282,4745.4503915009145
nrc_groeneveld_24579pt__6493,5110.5,2428.1721409468482,3878.1374411562897,3581.0726339180883,3168.508281337269,3422.61246127734,3581.0726339180883
nrc_groeneveld_24579pt__20010,4580.0,3698.3367538741136,4154.133565008398,4215.009994013325,3390.8959672618407,3702.4057859160707,4215.009994013325
nrc_groeneveld_24579pt__16943,2239.0,2240.172176445113,1975.0348652047485,2242.1449263025806,2336.171614131999,2443.325086534539,2242.1449263025806
nrc_groeneveld_24579pt__2572,2890.0,3029.759415493121,2909.8306339989394,2915.089887563214,3376.978998323208,2771.826914722435,2915.089887563214
nrc_groeneveld_24579pt__20583,956.0,1629.8810724564778,1402.4215675742398,1443.1790493324493,1338.5329827290748,1441.6973440818997,1443.1790493324493
nrc_groeneveld_24579pt__14040,1991.0,1705.9209783208025,1436.4595781466635,1650.0416501972522,1573.4204426991382,1733.3163282087412,1650.0416501972522
nrc_groeneveld_24579pt__24481,7411.6,7889.788406291662,4313.077016799873,5658.237171375675,8019.110568617482,6024.414088211668,5658.237171375675
nrc_groeneveld_24579pt__16967,2769.0,3446.98072985284,3218.5521610734345,3000.1596047976313,3331.178849284951,3472.0762887975916,3000.1596047976313
nrc_groeneveld_24579pt__7342,394.4,694.3701114807652,577.9831663134115,558.4615071815011,781.1310862132754,662.09846083461,558.4615071815011
nrc_groeneveld_24579pt__8874,2862.0,2465.56390555844,2475.114118639739,2470.930283840955,2348.0876509070854,2535.9735614834376,2470.930283840955
nrc_groeneveld_24579pt__19005,5978.0,6125.948975685811,6769.925765606874,6328.476108786887,4831.972614252328,5898.498093813076,6328.476108786887
nrc_groeneveld_24579pt__10952,6594.0,5221.274621688082,6554.548360926677,6450.830059882518,5199.295104662414,5898.238164017609,6450.830059882518
nrc_groeneveld_24579pt__8989,2117.0,2213.727895733974,2194.3614422163682,2141.032415070969,1991.2762072671512,2194.9937825203856,2141.032415070969
nrc_groeneveld_24579pt__20690,427.0,660.3790076239039,528.0855029024947,556.343111963319,549.2587947114396,535.3736788873446,556.343111963319
nrc_groeneveld_24579pt__10045,5384.0,5616.681518123438,5977.578306464056,5406.096710580256,5331.4358548290365,5765.387241440766,5406.096710580256
nrc_groeneveld_24579pt__1650,2009.0,1791.2401884447793,2005.416018790037,1853.7403661670248,1830.9316521793587,1761.049217166216,1853.7403661670248
nrc_groeneveld_24579pt__21015,870.0,696.9570524767655,730.1767474442833,709.2422162140896,707.209258656097,710.7347529284797,709.2422162140896
nrc_groeneveld_24579pt__4772,1856.0,1901.8192803476775,1741.1738288501385,1728.3543900177992,1942.8440847935915,1879.318532768653,1728.3543900177992
nrc_groeneveld_24579pt__3720,1533.0,1241.0761727689774,1478.4890934590744,1441.7256733163158,926.8621920680456,892.1960590322243,1441.7256733163158
nrc_groeneveld_24579pt__19441,860.1,848.3530192143737,831.1520040793855,807.882390641259,784.5259443599866,909.0806460340333,807.882390641259
nrc_groeneveld_24579pt__4760,1391.0,1553.2446892309156,1450.7836896378356,1357.1287510198906,1958.3338577706722,1442.723387831941,1357.1287510198906
nrc_groeneveld_24579pt__4597,1305.0,1250.8802133481895,1437.1450016052174,1582.170444042285,1719.1505145958865,1488.9171456448041,1582.170444042285
nrc_groeneveld_24579pt__15724,284.0,410.1018549458111,312.78032598321664,338.5345024934634,325.7360985328411,428.7022039424254,338.5345024934634
nrc_groeneveld_24579pt__17451,476.0,601.979087410095,532.9200463337419,565.1493186939134,676.0145406068987,660.4451015272955,565.1493186939134
nrc_groeneveld_24579pt__20000,3390.0,3788.254814062391,3916.2291923398466,3937.2733553631138,3455.03999783852,3792.5165922707824,3937.2733553631138
nrc_groeneveld_24579pt__18435,864.0,789.8691368667215,841.0739501934268,757.1569362273863,759.0601422200848,760.3196341027985,757.1569362273863
nrc_groeneveld_24579pt__12014,348.0,511.04646305630513,428.9633410407484,438.71630689980543,555.5265114715912,537.3734964212551,438.71630689980543
nrc_groeneveld_24579pt__18142,1954.0,1944.4652573643548,1830.0018199029741,1806.9605885971118,2078.1658499393507,1937.6204490994312,1806.9605885971118
nrc_groeneveld_24579pt__6059,1462.2,1385.9899340488212,1440.5193543552878,1522.8421752752333,1270.8117135071104,1324.991833120642,1522.8421752752333
nrc_groeneveld_24579pt__4446,1173.0,1007.0738722141094,1033.2601636587601,1053.9796778426469,1337.2778093386728,1110.48046100662,1053.9796778426469
nrc_groeneveld_24579pt__17715,1894.0,1744.1950641853841,1928.647589833073,1931.6149671033845,1620.4284263216912,1794.6390201832105,1931.6149671033845
nrc_groeneveld_24579pt__20714,853.0,852.5859067378196,708.1996801554887,792.1203715678785,913.7112226356446,859.7369360821885,792.1203715678785
nrc_groeneveld_24579pt__22554,2277.0,3069.8538866840645,3010.675857083041,2957.1513352195457,3338.002060539941,3556.6942302167977,2957.1513352195457
nrc_groeneveld_24579pt__7226,1495.3,1422.042070913533,1504.5605438412197,1516.9196128163414,1657.326003425146,1558.1774918284711,1516.9196128163414
nrc_groeneveld_24579pt__7033,1302.8,1612.341440396582,1685.518319424208,1573.5623781641093,1710.2427125426507,1721.915371934239,1573.5623781641093
nrc_groeneveld_24579pt__19356,1583.81,1759.4056869592996,1675.2734099849622,1762.5053668242044,1513.9153059299576,1609.884894338261,1762.5053668242044
nrc_groeneveld_24579pt__18133,1245.0,1184.3685943964435,1288.876784992568,1208.7521518521976,1601.118541139786,1324.7862494505619,1208.7521518521976
nrc_groeneveld_24579pt__9657,1244.0,1307.1132603168721,1352.7974294361084,1314.9774777596112,1330.2631315742349,1389.5120524080266,1314.9774777596112
nrc_groeneveld_24579pt__4206,2987.0,2655.3784856798384,3140.2709407213583,3062.1225076763385,2226.9072857314122,2551.808312103912,3062.1225076763385
nrc_groeneveld_24579pt__24139,652.0,631.9305386076322,613.3738398647511,611.5243727809667,803.6377359472992,613.4693112555783,611.5243727809667
nrc_groeneveld_24579pt__8853,3124.0,2793.5513009165034,3096.69167639372,3018.4247982521156,3199.7370805566998,3369.5730326096095,3018.4247982521156
nrc_groeneveld_24579pt__22335,3104.0,4576.46453692666,3518.4132616972092,3829.93342514095,3961.793176228861,4552.50158219137,3829.93342514095
nrc_groeneveld_24579pt__6600,159.0,135.89926697958938,152.83046726724703,149.26685361344812,143.44561427825977,116.77991825687907,149.26685361344812
nrc_groeneveld_24579pt__15785,1093.0,1149.7607407781813,1129.5745761867433,1140.5690049690804,964.1842695643492,1113.170152815264,1140.5690049690804
nrc_groeneveld_24579pt__1013,1454.0,1583.2216758703603,1468.709364400586,1488.5521818760192,1600.8117083149943,1568.7124437858056,1488.5521818760192
nrc_groeneveld_24579pt__16119,3020.0,2522.6576082573984,2892.271602082472,2639.8771316388534,2360.521445076409,2685.8437061314635,2639.8771316388534
nrc_groeneveld_24579pt__21330,1684.0,1833.091062333445,1693.033992474059,1684.5381034686748,1286.8325419444614,1766.8289293471857,1684.5381034686748
nrc_groeneveld_24579pt__11375,3954.0,3435.2361284418075,3925.026841104932,3897.3039150515415,2815.591137108807,3214.2647796012234,3897.3039150515415
nrc_groeneveld_24579pt__5824,2350.0,1777.67929896157,2499.2170235969475,2472.393797256568,1817.8182609798919,2240.4916961910853,2472.393797256568
nrc_groeneveld_24579pt__5051,2345.0,2393.970095893388,2671.0198217186735,2641.085482456078,2334.0558452762407,2402.920318676318,2641.085482456078
nrc_groeneveld_24579pt__15588,1896.0,1364.2836619872335,1430.3282366929207,1319.1090886300858,1111.170711064572,1335.7515886673393,1319.1090886300858
nrc_groeneveld_24579pt__19627,3590.0,3623.0412278816048,3615.965697732752,3514.740132848169,3573.3195814246333,4024.4586671422235,3514.740132848169
nrc_groeneveld_24579pt__17533,3186.0,3109.964115321522,2993.468308691872,2970.2623934266444,2818.2432387474637,3157.8139401396734,2970.2623934266444
nrc_groeneveld_24579pt__19958,2020.0,1873.960455181545,2006.3577085456755,1986.2996098568115,2024.97212680846,2085.879045350976,1986.2996098568115
nrc_groeneveld_24579pt__8975,1884.0,1925.1952927895954,1758.9480192998349,1936.2758484134117,1537.456231527562,1780.5733890902254,1936.2758484134117
nrc_groeneveld_24579pt__12942,1054.0,1284.092895564001,1090.531343987064,1082.1550972049117,1002.7719087413109,1140.5913428602676,1082.1550972049117
nrc_groeneveld_24579pt__12514,293.0,503.64877242719257,413.82079939127203,419.52842954287354,517.1590327628179,509.43492983977535,419.52842954287354
nrc_groeneveld_24579pt__7321,665.9,934.9961410280688,648.2679116821695,707.573923339123,922.4304993813236,799.296592867388,707.573923339123
nrc_groeneveld_24579pt__8481,1504.0,1408.142472371918,1273.431023061756,1230.5134005420175,1304.8397348015192,1298.8768934659263,1230.5134005420175
nrc_groeneveld_24579pt__2048,995.0,1006.1895194990113,993.5445668342884,1029.6779281790132,1046.5504332260184,1020.1101163167501,1029.6779281790132
nrc_groeneveld_24579pt__24460,782.0,755.2820879327311,720.7705495002268,718.6464025267395,761.6210365735782,849.8613145754736,718.6464025267395
nrc_groeneveld_24579pt__22904,1303.0,1191.6473807087702,1037.8647050234363,1122.4243896125013,1216.967559438878,1279.8351031524733,1122.4243896125013
nrc_groeneveld_24579pt__21573,480.0,501.40941168311844,374.0127627072566,401.1230328419262,540.7982017372632,420.9243674056705,401.1230328419262
nrc_groeneveld_24579pt__4367,260.0,344.3240393774815,254.09754649981508,263.5085006340152,354.6329037758125,381.08460199043526,263.5085006340152
nrc_groeneveld_24579pt__15011,137.0,138.46340023089343,132.81458695045112,153.49838782209315,68.07134369849153,53.01236991605495,153.49838782209315
nrc_groeneveld_24579pt__4857,4606.0,3876.821537338667,4651.897594648575,4386.373261986542,3537.0775401377596,3926.549185735146,4386.373261986542
nrc_groeneveld_24579pt__6323,8900.0,8376.171292137758,9924.822698317377,9907.511368248966,6776.042361254069,9012.422091610579,9907.511368248966
nrc_groeneveld_24579pt__5654,2973.0,2709.4734566023394,2924.8237343298783,2729.874218136031,2633.7227833659713,2839.4283177956386,2729.874218136031
nrc_groeneveld_24579pt__7293,1574.1,1402.0656511842717,1540.164698858749,1508.3838537590593,1621.0682226526235,1526.7613364866913,1508.3838537590593
nrc_groeneveld_24579pt__12916,2451.0,2530.0634021873384,2566.3754637892002,2339.876374417886,2835.0311374958846,2281.760749536264,2339.876374417886
nrc_groeneveld_24579pt__5784,3430.0,2489.6399925933574,3584.160972318095,3785.244738832019,1985.097198527938,2678.4511348543806,3785.244738832019
nrc_groeneveld_24579pt__6123,2457.1,2569.6657236822066,2442.5589513035793,2488.2186347423517,2578.4975157275394,2714.288649266244,2488.2186347423517
nrc_groeneveld_24579pt__16249,2901.0,2816.0112857082145,2745.95923153802,2756.047592446104,2311.417995819986,2681.7566310990687,2756.047592446104
nrc_groeneveld_24579pt__10926,618.0,677.1659330891526,527.1741209165804,536.2266551201612,634.584347180663,610.6894877938729,536.2266551201612
nrc_groeneveld_24579pt__2484,1493.0,1716.6201310829983,1484.2651049426431,1471.7127492419006,1784.795022833972,1396.454017086184,1471.7127492419006
nrc_groeneveld_24579pt__10509,612.0,584.7336082055625,499.07246107407207,493.7306452278602,659.9926549026246,613.5247920365331,493.7306452278602
nrc_groeneveld_24579pt__11518,2427.0,2404.1959926845843,2097.0658165441773,2119.504888136502,2085.7520768865884,2058.027597922675,2119.504888136502
nrc_groeneveld_24579pt__18169,4525.0,4187.423184901633,4704.025481422134,4297.788080963689,5041.204413602174,4425.828933018548,4297.788080963689
nrc_groeneveld_24579pt__7970,2174.0,2016.806378977223,2147.1985747503304,2196.227249601864,1829.622131587764,2131.6209083819635,2196.227249601864
nrc_groeneveld_24579pt__6220,2053.0,1959.437967681325,1948.6664441488283,2010.3677520496642,1686.0296900629166,1803.8613613631887,2010.3677520496642
nrc_groeneveld_24579pt__9527,741.0,754.9335166437586,791.7732129756699,727.996784878184,887.7273149734012,787.9494457997257,727.996784878184
nrc_groeneveld_24579pt__16827,2026.0,2043.282843687161,1935.443594053606,2040.3182933221287,2078.4687294616106,2217.9714933666683,2040.3182933221287
nrc_groeneveld_24579pt__2434,2488.0,2272.45546182283,2551.3732182636786,2320.2711855189923,2601.771362860485,2688.718626948345,2320.2711855189923
nrc_groeneveld_24579pt__7777,609.059,632.8064054842328,646.538572818214,720.6093692832304,653.4906512919997,710.3005559036471,720.6093692832304
nrc_groeneveld_24579pt__1251,738.0,756.4571400164688,736.234760515747,750.3605457984711,802.0521713461336,763.9133042883667,750.3605457984711
nrc_groeneveld_24579pt__14835,302.0,282.6270371700878,299.9890226013995,272.64629398811906,194.26204039081838,175.30305136689952,272.64629398811906
nrc_groeneveld_24579pt__23915,110.0,80.79303743708702,371.2420804486169,114.88848192118776,80.70388263171576,86.03301147628783,114.88848192118776
nrc_groeneveld_24579pt__1196,975.0,1091.4068831371615,983.6921096033008,1025.2303107483838,1217.2486659854035,1037.611381245027,1025.2303107483838
nrc_groeneveld_24579pt__23844,2882.0,2669.116572226722,2630.060343881367,2563.8179971047502,2694.7012582325174,2868.0018874905063,2563.8179971047502
nrc_groeneveld_24579pt__23612,393.0,330.37081305816014,353.2679150131064,332.4021529157823,393.77009234756395,365.11691725467296,332.4021529157823
nrc_groeneveld_24579pt__23050,224.0,286.0518203373037,230.90610196245174,232.2247244883042,445.2036086220405,460.7788890485676,232.2247244883042
nrc_groeneveld_24579pt__20881,1591.0,1279.5476886190481,1441.4151300248304,1468.3271329176625,1139.897350875151,1203.0744030914614,1468.3271329176625
nrc_groeneveld_24579pt__15185,1506.0,1550.0567623836419,1553.3035698481779,1485.5432739932976,1278.9978256510556,1357.6192160354146,1485.5432739932976
nrc_groeneveld_24579pt__7519,5356.0,4828.681099141475,5259.5560783496785,5004.1805422901,4237.488230517255,5512.261708026398,5004.1805422901
nrc_groeneveld_24579pt__14945,271.0,247.9062446219693,190.91876952414722,173.14624913901062,192.69353796110892,184.38976004684503,173.14624913901062
nrc_groeneveld_24579pt__4751,3527.0,2943.50821934683,3424.803455807488,3684.8193300213425,2611.9522653350177,3032.811875440771,3684.8193300213425
nrc_groeneveld_24579pt__76,2610.0,2099.294651253131,2775.057462955826,2690.9069579540073,1865.0492783465106,2186.9304783031853,2690.9069579540073
nrc_groeneveld_24579pt__20903,1696.0,1792.3350801575607,1749.5200680559367,1792.8218673709307,1647.8511803980741,1786.39342700162,1792.8218673709307
nrc_groeneveld_24579pt__18087,1687.0,1562.365052700854,1512.0073972226373,1532.813909709079,1577.5438368054906,1515.274503239127,1532.813909709079
nrc_groeneveld_24579pt__22660,1264.0,1548.6920296797873,1584.6897109453284,1489.293105965421,1743.140650009602,1720.4635056259676,1489.293105965421
nrc_groeneveld_24579pt__11602,1782.0,1692.2078129994302,1715.675176363663,1736.1760334078945,1387.8010469710684,1539.2473685497757,1736.1760334078945
nrc_groeneveld_24579pt__24463,333.0,380.11848839420145,362.53530383153884,348.47977546882856,401.6223516500989,430.3184362203441,348.47977546882856
nrc_groeneveld_24579pt__4932,3129.0,2641.9639455643173,3205.3108295237694,3155.094789251245,2597.997282880284,2699.545436051478,3155.094789251245
nrc_groeneveld_24579pt__18154,3266.0,4209.588605246041,3422.874832806348,3718.0811180404003,3668.252004171979,4080.6070012937485,3718.0811180404003
nrc_groeneveld_24579pt__11295,714.0,648.1916047422255,717.9142056619312,778.3816509158926,606.9295840492364,632.3795099957787,778.3816509158926
nrc_groeneveld_24579pt__1150,1214.0,1219.7669614403774,1195.6923227245704,1206.95479054317,1469.375874254186,1331.5312934193846,1206.95479054317
nrc_groeneveld_24579pt__9175,2767.0,2538.816584330406,2590.1190574610046,2754.1046990173777,1964.722028058815,2369.2606725336623,2754.1046990173777
nrc_groeneveld_24579pt__9003,633.0,714.7625748873421,774.5342291091675,651.3372144217285,815.1605046752458,705.1213663099154,651.3372144217285
nrc_groeneveld_24579pt__2367,1002.0,942.4231878272133,1010.4790921970932,1006.4656647359716,871.4559492069312,933.5212424591435,1006.4656647359716
nrc_groeneveld_24579pt__7266,1028.4,1202.783251124461,1191.5421636624512,1145.5346960800414,1437.7592439217522,1313.6415271098379,1145.5346960800414
nrc_groeneveld_24579pt__22786,1296.0,1333.9487794906752,1319.6352237118365,1349.0113356731622,1268.8946968315745,1204.9955823124214,1349.0113356731622
nrc_groeneveld_24579pt__16185,4213.0,4404.603272790478,4268.58584530249,4336.576613379938,3870.841189875692,4622.503896723176,4336.576613379938
nrc_groeneveld_24579pt__9292,680.0,926.6292253848195,845.9526478312276,893.0682755628401,1000.6055653163053,961.7151156719508,893.0682755628401
nrc_groeneveld_24579pt__5252,1492.0,1656.267139256743,1399.616512173939,1517.812048948217,1345.538560169622,1414.015946278743,1517.812048948217
nrc_groeneveld_24579pt__12497,254.0,300.8088869162911,241.27419743942215,262.48272557730644,370.6640114891969,331.4729220930143,262.48272557730644
nrc_groeneveld_24579pt__6273,10540.0,9043.162040449992,10531.112803043472,10070.418420635542,7661.357927132629,8095.4731881479065,10070.418420635542
nrc_groeneveld_24579pt__13453,2701.0,2542.006528370967,2567.887340504367,2396.422120941017,2168.2591018142916,2436.6984386403465,2396.422120941017
nrc_groeneveld_24579pt__7374,236.1,419.76732560276247,283.0030452611143,253.73032203171633,578.3048357371007,573.6096670921037,253.73032203171633
nrc_groeneveld_24579pt__5718,2606.0,2180.3861491181638,2534.4950210341326,2533.9768115112192,2375.142746561755,2368.113839796819,2533.9768115112192
nrc_groeneveld_24579pt__23499,1195.0,1027.586051562787,952.1703265601099,1000.1470334122675,1072.316282759826,1072.5977050869367,1000.1470334122675
nrc_groeneveld_24579pt__19443,775.2,820.7384030161351,823.4244967346493,796.4508784544049,831.4945321590501,919.8386922958538,796.4508784544049
nrc_groeneveld_24579pt__16846,2200.0,2561.585265384115,2564.572635255167,2387.6127205658877,2785.762945874271,2953.0623779504904,2387.6127205658877
nrc_groeneveld_24579pt__1205,967.0,1070.2259366978124,1089.8877185009474,1157.1404329434852,1393.241030965641,1164.0691108837298,1157.1404329434852
nrc_groeneveld_24579pt__11956,651.0,684.3852010082488,635.5556596913128,664.6708891283855,561.487452616492,667.9464810809515,664.6708891283855
nrc_groeneveld_24579pt__6164,669.7,533.4492161636977,684.0263298217911,717.8814604070119,636.2031763280595,569.311153757318,717.8814604070119
nrc_groeneveld_24579pt__10557,274.0,405.73371137636695,299.89106919104336,316.6134221530453,373.2679632980537,353.75665765783793,316.6134221530453
nrc_groeneveld_24579pt__9180,1860.0,1976.5841612250172,1838.7894120283263,1945.2466693309746,1715.9088087631424,1934.7104717536984,1945.2466693309746
nrc_groeneveld_24579pt__10312,539.0,432.81379180086475,469.02746163380914,373.7012961435981,505.24409288531837,406.96305020568326,373.7012961435981
nrc_groeneveld_24579pt__10664,2061.0,1976.176117890049,2093.5452167586236,2249.939620663713,2054.320330991812,2071.5492474224034,2249.939620663713
nrc_groeneveld_24579pt__1203,966.0,1019.3601208472915,1074.1994060048848,925.4784494457483,1314.0926756226122,1081.5888249877198,925.4784494457483
nrc_groeneveld_24579pt__20371,3320.0,2707.3588569250337,2967.4430343410245,3152.1183234437117,2657.8726841981706,2867.015777297691,3152.1183234437117
nrc_groeneveld_24579pt__18054,429.0,614.2411973714783,487.899202883678,525.7465969811137,606.1113506701126,585.8811744297476,525.7465969811137
nrc_groeneveld_24579pt__11386,387.0,509.9788528657495,420.2273141047948,392.42101996390016,410.1708362227641,452.52007908797503,392.42101996390016
nrc_groeneveld_24579pt__10101,3015.0,2759.5203160969586,2945.0257624989267,2992.5282634547543,2794.954365649813,2577.4785793982155,2992.5282634547543
nrc_groeneveld_24579pt__11905,3768.0,3334.287987034828,3773.737539002646,3647.435222082641,2830.4672446640866,3214.144398528546,3647.435222082641
nrc_groeneveld_24579pt__5807,4680.0,4441.997291899629,4503.2872930487665,4446.950833208045,4044.638611464161,4425.125459766779,4446.950833208045
nrc_groeneveld_24579pt__6544,5173.5,4175.01275415022,4692.715144160575,5885.424649261827,3613.021144437242,4100.47855511097,5885.424649261827
nrc_groeneveld_24579pt__11797,924.0,842.9627104031788,798.4911745247116,855.163727038972,831.1005872960288,818.4880549868691,855.163727038972
nrc_groeneveld_24579pt__17136,4638.0,4292.6049462168285,3647.4233564899137,3834.56963414894,3494.633034786666,4258.335372643279,3834.56963414894
nrc_groeneveld_24579pt__10595,644.0,506.07439350423834,667.5282538699797,609.0135603361116,515.6430366574922,493.5968348660391,609.0135603361116
nrc_groeneveld_24579pt__1873,1039.0,986.4180737174437,1031.4417189084725,1022.2198845637334,1040.760993443534,981.9668381513088,1022.2198845637334
nrc_groeneveld_24579pt__14840,205.0,280.75919195933096,293.0526243493821,270.18210866909146,193.22639981774216,177.55252936879023,270.18210866909146
nrc_groeneveld_24579pt__9928,364.0,516.7527759654686,369.2841583955686,410.40089775784435,561.4690212335507,550.3757208298653,410.40089775784435
nrc_groeneveld_24579pt__13676,1861.0,1509.6857430709383,1795.6396019822864,1995.1179903048173,1325.7107171075377,1606.9156466466914,1995.1179903048173
nrc_groeneveld_24579pt__16951,3312.0,3677.7499730989853,3187.3731359398644,3233.3896826853716,3342.305747277688,3611.2756688547106,3233.3896826853716
nrc_groeneveld_24579pt__8598,3425.0,3409.8407219479473,3402.313256127743,3286.4120611964895,2990.4922491074462,3420.9230321494606,3286.4120611964895
nrc_groeneveld_24579pt__10183,953.0,786.1565022367323,904.6989510368222,920.9433254638216,992.4591177901084,902.4872423469392,920.9433254638216
nrc_groeneveld_24579pt__7070,1438.5,1510.286914930153,1557.8097918270578,1547.5038641609397,1527.1977986382294,1252.8425777411185,1547.5038641609397
nrc_groeneveld_24579pt__15534,3295.0,2750.051596457419,3291.3126324617597,3257.884222831821,2462.36827030542,2784.315864052343,3257.884222831821
nrc_groeneveld_24579pt__12161,2536.0,2424.9539201435928,2506.615147589921,2329.710008662708,2319.8967133716565,2428.361470653679,2329.710008662708
nrc_groeneveld_24579pt__5943,1890.0,1568.954340218616,1927.1470497583264,1934.9439317239774,1566.58407621296,1697.185478107982,1934.9439317239774
nrc_groeneveld_24579pt__13451,2909.0,2612.7885161907216,2603.921582086114,2745.6670488288914,2228.70567469654,2543.6616511124566,2745.6670488288914
nrc_groeneveld_24579pt__8755,3430.0,3377.889703917479,3620.78629680239,3550.6575911753016,3704.6268126709083,3631.234977201464,3550.6575911753016
nrc_groeneveld_24579pt__13848,720.0,689.62462484122,700.6844297074502,730.258994935375,737.910596152771,793.8265574129673,730.258994935375
nrc_groeneveld_24579pt__18933,462.0,598.1510429842765,548.1374421724697,525.1727769929951,572.9637446994442,640.089655325472,525.1727769929951
nrc_groeneveld_24579pt__18677,622.0,625.5891671640395,641.9902071578663,635.5897663782835,623.0863792374643,592.5219823021356,635.5897663782835
nrc_groeneveld_24579pt__21435,360.0,352.869685486633,341.4591599806539,345.3580077444819,344.1057486544222,275.69908554060055,345.3580077444819
nrc_groeneveld_24579pt__642,1395.0,1240.4135813343198,1296.0526233235769,1290.0838010846005,954.4621169003249,1155.36410867088,1290.0838010846005
nrc_groeneveld_24579pt__15038,3165.0,2663.565105457421,3016.5017162717927,2989.40094898062,3802.1903795898675,3606.629008019315,2989.40094898062
nrc_groeneveld_24579pt__3077,1510.0,1479.7904609490388,1474.8575053366542,1572.2922118729666,1562.699207722992,1543.649274547117,1572.2922118729666
nrc_groeneveld_24579pt__8778,7257.0,5065.3244308930225,7225.823308053119,6663.946906569844,5643.722616106083,6433.088830995229,6663.946906569844
nrc_groeneveld_24579pt__23565,731.0,773.3092984965612,719.5834958919668,704.1714947801805,808.103443357581,715.6342274232462,704.1714947801805
nrc_groeneveld_24579pt__2680,1471.0,1361.9876095606355,1487.435116790277,1481.1577718239332,1488.594382652902,1299.994324075428,1481.1577718239332
nrc_groeneveld_24579pt__20586,1901.0,1419.036338220266,1631.3418408756518,1498.036375287027,1261.123815481568,1338.4523197427136,1498.036375287027
nrc_groeneveld_24579pt__13875,1354.0,1268.3731027812046,1910.277764336607,1450.873374754764,1407.2177960139993,1437.81056075227,1450.873374754764
nrc_groeneveld_24579pt__23323,819.0,717.7540298660083,665.4134859840735,705.172409611018,762.1049051631155,694.31162985694,705.172409611018
nrc_groeneveld_24579pt__10774,1038.0,929.8940897251917,987.2285775036986,950.7690384090081,620.4319640016007,807.6210431433589,950.7690384090081
nrc_groeneveld_24579pt__22819,2645.0,2805.2832522293575,2265.942291731149,2144.987204507058,1994.3363950773312,2289.773514642152,2144.987204507058
nrc_groeneveld_24579pt__19904,2300.0,3191.7244257085063,2795.05472809872,2800.1437530683947,2619.168739549357,2990.7207651950603,2800.1437530683947
nrc_groeneveld_24579pt__11227,180.0,337.1391131212085,362.0968522486075,364.61949363534063,342.4322740356347,290.12369151487826,364.61949363534063
nrc_groeneveld_24579pt__7809,882.0,946.6619722829998,929.337647550136,915.3304494608165,948.17786544385,921.5863123451813,915.3304494608165
nrc_groeneveld_24579pt__14410,1218.0,1411.4190531427014,1549.5369710889224,1580.8176363457426,1301.0792180983244,1475.0348829341133,1580.8176363457426
nrc_groeneveld_24579pt__19863,1580.0,1556.1815528912825,1822.8578494827937,1791.5457844989326,1683.3548710174543,1689.1164229912838,1791.5457844989326
nrc_groeneveld_24579pt__6211,1190.9,1209.1224797647178,1256.1849628486116,1407.8651209551272,1079.5819190564825,1123.2023303469873,1407.8651209551272
nrc_groeneveld_24579pt__5230,1967.0,1888.2599927264782,2044.472581267301,2243.7817964555156,1941.9548676913041,2041.5713755965935,2243.7817964555156
nrc_groeneveld_24579pt__3129,2982.0,2803.9939082754977,2886.3777594663015,2876.861876926243,2994.5040243662966,2718.983873436447,2876.861876926243
nrc_groeneveld_24579pt__13128,564.0,509.681137753363,457.2515459326702,496.55468731530675,568.2046729006681,404.60872707097286,496.55468731530675
nrc_groeneveld_24579pt__22285,1970.8,1971.7029389151633,1985.4710735990313,1958.7497180356095,1638.8262378894076,1879.365753865631,1958.7497180356095
nrc_groeneveld_24579pt__918,645.0,558.6547161355859,650.9921479401246,631.1355954101905,666.4208246095824,479.84376965091235,631.1355954101905
nrc_groeneveld_24579pt__8017,7217.0,6374.841440621213,6829.060177892446,6629.12859630683,6488.4825236604365,6400.500949524973,6629.12859630683
nrc_groeneveld_24579pt__22170,829.2,702.9901628675326,806.4905853481328,794.1962536462229,773.7775370345124,776.938536804492,794.1962536462229
nrc_groeneveld_24579pt__5923,2220.0,1902.5518577636713,2207.129309071416,2191.0186112950573,1879.6193201548017,1981.694354145139,2191.0186112950573
nrc_groeneveld_24579pt__2770,1011.0,964.066274261518,987.0758548749558,957.5400888983016,1004.2790849770089,844.9584919240878,957.5400888983016
nrc_groeneveld_24579pt__23491,884.0,1145.2626678901017,1100.38661215278,1115.8449006311148,1134.9001239330032,1170.0104351302532,1115.8449006311148
nrc_groeneveld_24579pt__1045,1574.0,1672.5402019722544,1580.6997830909074,1511.1770976406692,2004.275944149007,1695.805763568733,1511.1770976406692
nrc_groeneveld_24579pt__18562,476.0,588.8285423834286,529.8878221888283,496.4261637022025,494.34645081905785,544.4898513662681,496.4261637022025
nrc_groeneveld_24579pt__289,1477.0,1562.0519046138947,1352.1192189280293,1406.1292932075744,1197.4800889594833,1327.6839924114513,1406.1292932075744
nrc_groeneveld_24579pt__2885,1006.0,938.6013145669581,1008.3898773125035,1029.4843237826653,951.7622520618172,871.9867561368286,1029.4843237826653
nrc_groeneveld_24579pt__15527,1694.0,1643.311180233275,1722.672404986707,1925.9093689980348,1950.9126698680461,1919.9525423224868,1925.9093689980348
nrc_groeneveld_24579pt__21486,1070.0,804.791969746751,807.8520327208462,796.5009849015975,818.2244129466252,725.5987210296352,796.5009849015975
nrc_groeneveld_24579pt__4641,1311.0,1512.507582845747,1234.9510572345362,1302.7037297359311,1682.6476025226589,1434.5634416640592,1302.7037297359311
nrc_groeneveld_24579pt__23937,93.0,99.56095390062434,96.85266122479436,94.37247547410968,89.60671051367848,103.80664399515963,94.37247547410968
nrc_groeneveld_24579pt__17304,1388.0,1474.9366591455769,1516.6398554174395,1543.0186176343814,1551.8789199944647,1566.0170420554084,1543.0186176343814
nrc_groeneveld_24579pt__12712,348.0,383.22424694544526,319.9722038103971,339.8448841444791,412.61412289612684,480.4156098383183,339.8448841444791
nrc_groeneveld_24579pt__14652,163.0,197.61868190182562,190.52946437696357,193.14374730519057,285.26470201811736,198.37416508833428,193.14374730519057
nrc_groeneveld_24579pt__14244,1990.0,1950.641201804973,1965.830417232347,2117.294145337061,1420.7514380571931,1616.9399892352963,2117.294145337061
nrc_groeneveld_24579pt__5462,2244.0,1675.3373508126228,2180.11625997977,2514.6959891552096,1429.0879850663655,1743.065506118783,2514.6959891552096
nrc_groeneveld_24579pt__12406,938.0,998.7124957627459,942.7816383024001,963.766140227117,1041.2726557929375,1088.6565749658253,963.766140227117
nrc_groeneveld_24579pt__15020,163.0,132.01417286503798,132.46620169476768,111.97806710650893,94.23319376678936,25.106812723014535,111.97806710650893
nrc_groeneveld_24579pt__14908,461.0,457.6644718431093,516.8888238813317,499.97544625963855,462.7640780111891,490.1052769417942,499.97544625963855
nrc_groeneveld_24579pt__23328,1515.0,1404.3731798540407,1175.3038294697951,1171.9673388378055,1192.4107190869117,1225.7612640303778,1171.9673388378055
nrc_groeneveld_24579pt__16419,747.0,748.8847488780872,711.9877747803728,649.332606512366,781.2751822295892,723.7304981002308,649.332606512366
nrc_groeneveld_24579pt__14083,517.0,510.8123152315307,451.3431707276783,458.63827345840576,349.95857966773474,400.2068350934197,458.63827345840576
nrc_groeneveld_24579pt__2903,1006.0,980.9167788206373,1002.4590733354107,1036.8015039102577,982.5624622616506,829.7707657755727,1036.8015039102577
nrc_groeneveld_24579pt__19980,2350.0,2822.878372057488,2644.778319657627,2579.932014162389,2715.060753913296,2841.8135760488963,2579.932014162389
nrc_groeneveld_24579pt__6202,1360.3,1254.1117035397983,1319.7070126160177,1370.401471540296,1243.4362190594475,1270.2325473983522,1370.401471540296
nrc_groeneveld_24579pt__3457,2800.0,2821.817536278358,2979.641491386732,2827.7644033642405,2613.422128308786,2767.028781739591,2827.7644033642405
nrc_groeneveld_24579pt__23744,122.0,72.62320533513868,113.98324274832628,106.17962257313955,79.45927070814696,50.949705566855975,106.17962257313955
nrc_groeneveld_24579pt__18997,6663.0,7110.145047591626,7598.892554092411,7641.769289403148,7084.547989524185,7624.249454813073,7641.769289403148
nrc_groeneveld_24579pt__14361,248.0,312.9588335273334,243.1301159475544,270.3971398625057,393.42809301851145,399.0136448541658,270.3971398625057
nrc_groeneveld_24579pt__15699,1265.0,1227.3840405537105,1076.914576588897,1090.7215776513883,1064.770794904136,1167.2422775841098,1090.7215776513883
nrc_groeneveld_24579pt__3916,336.0,293.36856140284556,293.10941832994473,279.1097596711129,299.28349326750936,259.4528129000817,279.1097596711129
nrc_groeneveld_24579pt__7128,2119.9,2089.043406675489,2097.420536880509,2029.5752115656292,2152.293753884574,2032.4665900896553,2029.5752115656292
nrc_groeneveld_24579pt__5617,1919.0,1770.9282623558686,1924.1566975428968,1874.2830739764436,1400.2086038465266,1864.0936690651179,1874.2830739764436
nrc_groeneveld_24579pt__9753,792.0,830.572707816932,1055.6476777816924,800.608576676485,952.3054509599318,878.3187629287638,800.608576676485
nrc_groeneveld_24579pt__15162,1810.0,1844.2429184342388,1994.3327705716185,1978.2356811879274,1585.5906006680666,1706.4779403352104,1978.2356811879274
nrc_groeneveld_24579pt__16030,370.0,324.8882247707585,360.96878275189397,349.83632943934145,334.441233647146,386.5558053833094,349.83632943934145
nrc_groeneveld_24579pt__8836,1884.0,1872.1830172212324,2281.9634754728554,2233.114611606342,1898.9981727378101,2071.5792243713468,2233.114611606342
nrc_groeneveld_24579pt__14600,394.0,508.9406425725095,377.52761648968027,406.5104826009084,539.7695216713087,529.9798251779036,406.5104826009084
nrc_groeneveld_24579pt__18099,3363.0,3411.0819158044837,3766.029522682862,3460.952956712813,4287.4834751487415,3509.0213387058434,3460.952956712813
nrc_groeneveld_24579pt__3020,1473.0,1485.594845199653,1447.0283031679542,1429.4740826954219,1525.3690799600665,1538.40690482162,1429.4740826954219
nrc_groeneveld_24579pt__21095,1018.0,1240.827002873145,1236.3701497682569,1187.0705803263504,1031.1366388402178,1192.384083610608,1187.0705803263504
nrc_groeneveld_24579pt__5568,2642.0,2134.0700903853576,2552.319288094195,2559.805782022265,1510.3671259955279,2006.3591155365586,2559.805782022265
nrc_groeneveld_24579pt__116,3066.0,3492.9170910654425,2994.231362607599,2981.398650285046,3031.907004303396,3410.768568571863,2981.398650285046
nrc_groeneveld_24579pt__20449,4810.0,4612.453172925608,5124.556040708984,5091.492248521244,5845.028824268151,5602.591265404187,5091.492248521244
nrc_groeneveld_24579pt__24518,4011.0,2872.850850053887,3759.6642043347615,3688.1293468933895,2594.179969495569,4336.292066003326,3688.1293468933895
nrc_groeneveld_24579pt__16881,2543.0,2730.9129798203053,2666.420916950469,2552.152743827281,2338.8398528542516,2472.7212093820262,2552.152743827281
nrc_groeneveld_24579pt__3504,532.0,521.2595460939756,454.39328687718603,451.1498384471949,525.6730371262875,414.18022101962214,451.1498384471949
nrc_groeneveld_24579pt__11958,554.0,625.2535887448479,587.0118191465198,622.343287541751,545.2103242080044,623.2631755559418,622.343287541751
nrc_groeneveld_24579pt__24539,2458.0,2196.1968363240344,2473.1468293622393,2405.5714586304434,1619.6720320447635,2474.6904533870766,2405.5714586304434
nrc_groeneveld_24579pt__2470,1003.0,941.4471205348596,987.6280887113758,922.8740359753091,926.9589738237199,973.2663407799417,922.8740359753091
nrc_groeneveld_24579pt__24204,1099.0,851.5743277675086,1017.2020650781227,946.4721405301734,1030.1481891574879,891.5386600481207,946.4721405301734
nrc_groeneveld_24579pt__2129,2491.0,2400.28556412693,2490.3889354397397,2545.0203857861115,2534.055554554377,2675.728210739244,2545.0203857861115
nrc_groeneveld_24579pt__15772,744.0,916.1334316859665,753.4996738814442,764.3475124751951,733.139970026251,894.0759829390723,764.3475124751951
nrc_groeneveld_24579pt__24455,377.0,375.8321497116602,343.99891551723107,358.9017333749738,373.50139570062885,416.83124613884956,358.9017333749738
nrc_groeneveld_24579pt__18001,537.0,503.1474284030694,487.18102532916913,519.6313884195009,456.87039944693856,523.1875845154951,519.6313884195009
nrc_groeneveld_24579pt__18039,694.0,701.5022510929547,706.3294930640998,696.7255000608657,624.433266009077,642.3750507132376,696.7255000608657
nrc_groeneveld_24579pt__570,1320.0,1304.379247239295,1316.408125112284,1288.5876057830135,1348.3664749473303,1434.1276578432653,1288.5876057830135
nrc_groeneveld_24579pt__22516,9327.0,8749.726631294068,10066.444667399985,10235.801445809282,8641.517423106368,7866.394457073777,10235.801445809282
nrc_groeneveld_24579pt__3638,1708.0,1524.1680604299786,1652.1073078686397,1614.8718851213969,1370.946925835322,1485.4366436906914,1614.8718851213969
nrc_groeneveld_24579pt__5497,3740.0,3131.8455909569975,3701.2113908584947,3503.664025699386,2649.2784032004506,3159.985920329158,3503.664025699386
nrc_groeneveld_24579pt__531,1767.0,1445.028303859484,1587.4474791087512,1587.3719831932615,1174.8616842461215,1257.4499808243693,1587.3719831932615
nrc_groeneveld_24579pt__19705,3720.0,3766.500341372623,3717.2625229861924,4107.553364717972,3966.133466023851,4221.3504893637055,4107.553364717972
nrc_groeneveld_24579pt__16644,3225.0,3219.5960879478034,3247.844558282949,3183.7549628948123,3386.9540674943437,3651.098287510256,3183.7549628948123
nrc_groeneveld_24579pt__17797,1849.0,1836.5102127572839,1863.6886951068086,1766.2336769533047,1707.9815797279011,1871.650944029707,1766.2336769533047
nrc_groeneveld_24579pt__21076,958.0,670.8746170219098,746.2432907822654,682.3207753665677,704.4699248981085,689.6890290572812,682.3207753665677
nrc_groeneveld_24579pt__19780,1630.0,1722.3535920554357,1522.1456789890021,1492.1333528192338,1446.5257901146533,1548.8142501758764,1492.1333528192338
nrc_groeneveld_24579pt__757,1427.0,1261.3099240525323,1378.1418214016267,1283.4145338022738,2020.705228337611,1591.0165922405959,1283.4145338022738
nrc_groeneveld_24579pt__13878,1888.0,2382.978870528611,2157.0049398048604,2138.3126460400053,2234.4481316476254,2422.045560225572,2138.3126460400053
nrc_groeneveld_24579pt__7135,1129.3,1517.0476238396147,1426.4417741236607,1365.659693354988,1398.0691303950186,1202.0009172028374,1365.659693354988
nrc_groeneveld_24579pt__11005,548.0,523.3074187922125,518.3659247060391,496.300554349137,667.9851541323334,572.504097946849,496.300554349137
nrc_groeneveld_24579pt__11122,6933.0,4653.237849087813,6865.007300164701,6424.730964677667,4006.624299983922,4616.237817524525,6424.730964677667
nrc_groeneveld_24579pt__22424,1892.0,2005.8917009079482,2058.1630081184303,2161.541606888071,2078.46505504891,2482.1813160549254,2161.541606888071
nrc_groeneveld_24579pt__14228,531.0,542.0212537160133,526.5147171391884,526.3984283932648,474.0737349599206,521.6288913748035,526.3984283932648
nrc_groeneveld_24579pt__6265,8530.0,9102.288992595324,8841.230439742709,8890.146129709052,6902.12291668964,8245.468426021967,8890.146129709052
nrc_groeneveld_24579pt__13543,1782.0,1421.584523811411,1649.0248074960664,1452.3803047747008,1433.5754783353855,1474.0637685029044,1452.3803047747008
nrc_groeneveld_24579pt__23161,383.0,651.0169402440312,601.3905221061349,553.9278045881086,723.1062477588233,674.9322155770235,553.9278045881086
nrc_groeneveld_24579pt__9765,355.0,598.8399538885268,482.9925115801423,470.1115407592215,606.947625287097,547.0124036364796,470.1115407592215
nrc_groeneveld_24579pt__15996,322.0,325.4324825921931,325.31678494525784,330.22516413970556,401.9858270804919,346.94679357564166,330.22516413970556
nrc_groeneveld_24579pt__18424,1415.0,1456.5576257379967,1318.2795553467965,1357.5631584872358,1273.8312764681968,1370.1995601048811,1357.5631584872358
nrc_groeneveld_24579pt__22675,1177.0,1344.7050048760111,1352.2441722730957,1381.0245862575591,1279.9257688150788,1389.887093321735,1381.0245862575591
nrc_groeneveld_24579pt__13358,2737.0,2444.3364271437613,2748.221255323764,2799.983261278766,2250.113206798043,2460.6856148340667,2799.983261278766
nrc_groeneveld_24579pt__4050,1301.0,1048.6376195938935,1048.8037962154622,1165.0162050914873,1055.3929887916138,1128.6489156939876,1165.0162050914873
nrc_groeneveld_24579pt__22124,1169.7,978.8865548021789,1185.2421370513594,1102.3691786078084,980.0427011960807,970.280279995573,1102.3691786078084
nrc_groeneveld_24579pt__13758,546.0,473.6479340220851,577.3870218079994,558.2685091975011,257.8641277745135,354.2427921162315,558.2685091975011
nrc_groeneveld_24579pt__19347,2792.18,2962.0220584516314,2731.051230143034,2648.8155127218056,2212.442347023884,2528.620891834028,2648.8155127218056
nrc_groeneveld_24579pt__8095,6911.0,4831.907105275186,5658.589357020622,6093.436842796062,5662.849503069363,5596.8628474434545,6093.436842796062
nrc_groeneveld_24579pt__24413,824.0,814.0834795702706,804.969733912284,802.5864672890609,721.1503543190418,816.015583641715,802.5864672890609
nrc_groeneveld_24579pt__4456,1098.0,1062.4480480481461,1121.603599374143,1112.1872499442618,1370.0617487615566,1164.1827514807042,1112.1872499442618
nrc_groeneveld_24579pt__23854,5279.0,5296.160093318473,6852.736593825223,5399.72487482117,5988.5088131264865,5421.442977480785,5399.72487482117
nrc_groeneveld_24579pt__11498,2287.0,2329.6039002645457,2300.969112352312,2391.903077271476,2147.8947957286828,2280.3638645342207,2391.903077271476
nrc_groeneveld_24579pt__13446,2476.0,2094.045176668948,2373.3866796899365,2320.724940927474,1946.0679338047905,2135.3033519907017,2320.724940927474
nrc_groeneveld_24579pt__1916,1761.0,1639.8926279338186,1836.885947255922,1859.3238470817917,1724.3171117866457,1925.0038789597977,1859.3238470817917
nrc_groeneveld_24579pt__10050,2074.0,1898.6702967596646,2453.7101921855165,2216.876945449086,2390.047404207137,1988.8137656422105,2216.876945449086
nrc_groeneveld_24579pt__20226,3230.0,2994.549533220148,3229.6023556404907,3020.4132777046375,2511.0361704181537,2962.973380289915,3020.4132777046375
nrc_groeneveld_24579pt__16785,1879.0,1759.1222081507203,1921.6776238786022,1956.809508612444,1723.7410048103654,1858.0019121613316,1956.809508612444
nrc_groeneveld_24579pt__17670,417.0,523.5213707070399,485.2286193521384,547.2229130881951,607.7924573815932,526.571100266334,547.2229130881951
nrc_groeneveld_24579pt__22722,1002.0,898.1916841541582,843.0959266554781,796.2892304432745,601.5862948404903,858.6587035766511,796.2892304432745
nrc_groeneveld_24579pt__16693,3216.0,3477.746737124112,3222.273224316061,3208.9814264486927,3249.1959303180397,3608.0681437219896,3208.9814264486927
nrc_groeneveld_24579pt__16767,3399.0,3568.435316855471,3450.154853159784,3652.365474489362,3347.945209158624,3651.068027920846,3652.365474489362
nrc_groeneveld_24579pt__17576,3776.0,4088.6093332910004,3885.3549750808147,3924.5669677306664,3768.6880532389587,4185.460806291493,3924.5669677306664
nrc_groeneveld_24579pt__14142,1120.0,974.2573742225292,927.1703891541266,1047.6386801223766,986.6326143445044,1055.6272717412542,1047.6386801223766
nrc_groeneveld_24579pt__20612,2020.0,1501.4560770353437,1603.2726179991403,1500.913138311544,1293.4735557653908,1382.7724140953926,1500.913138311544
nrc_groeneveld_24579pt__13568,1650.0,1276.9153438484097,1703.0004273395184,1519.7480867855493,1376.7384399652165,1384.6454465615068,1519.7480867855493
nrc_groeneveld_24579pt__19856,2230.0,2098.507136613881,2125.2935289490697,2123.8205092286103,2198.7671596940245,2214.2913520351776,2123.8205092286103
nrc_groeneveld_24579pt__19616,2600.0,2813.7814063982073,2652.5428372261167,2615.1899731411104,2751.1091722891283,3062.0871590494544,2615.1899731411104
nrc_groeneveld_24579pt__18251,480.0,556.3476260671544,559.2069290242903,543.1189901089547,556.1911811715487,535.7857691167059,543.1189901089547
nrc_groeneveld_24579pt__16805,3328.0,3308.487353733707,3209.4149822544086,3497.3069377103084,3506.015697486882,3699.6210753827663,3497.3069377103084
nrc_groeneveld_24579pt__5685,1998.0,2165.3092724398257,2088.1224933828476,2088.0247782917063,2088.6752697677275,2089.3211261707584,2088.0247782917063
nrc_groeneveld_24579pt__20307,840.0,834.7954642320607,756.6010786548272,849.8514808432815,840.1754930765649,728.0960584549549,849.8514808432815
nrc_groeneveld_24579pt__16346,3419.0,3452.7990344491877,3703.02045384539,3861.5227591506687,4306.680615852727,4389.074333274084,3861.5227591506687
nrc_groeneveld_24579pt__11203,551.0,373.3485182130465,363.6875564905951,397.73284438626615,350.43516913097085,333.64362229421147,397.73284438626615
nrc_groeneveld_24579pt__1501,1048.0,960.9168492489509,1040.7962450665962,1046.00080712997,927.5048835888678,992.2709378247154,1046.00080712997
nrc_groeneveld_24579pt__15583,1489.0,906.5726028118613,1162.5682044858195,1141.9186997665943,954.7743993129052,1034.1761085711073,1141.9186997665943
nrc_groeneveld_24579pt__4588,1515.0,1289.4602587202173,1641.5458588808422,1613.2255062560491,1734.0659057539592,1519.1127813223363,1613.2255062560491
nrc_groeneveld_24579pt__18644,1683.0,1871.2762754717703,1687.2788151893083,1804.1244643763046,1829.6079132515508,1709.8642416236892,1804.1244643763046
nrc_groeneveld_24579pt__4042,889.0,934.6313749343677,944.2189302022757,1063.539402796903,780.7283677284881,830.9820309587144,1063.539402796903
nrc_groeneveld_24579pt__21065,692.0,599.0164299764618,628.3500425166308,584.1234925227903,662.2218086439269,625.3678927457411,584.1234925227903
nrc_groeneveld_24579pt__12139,2819.0,2664.210004396992,2672.8576071544867,2900.436124523717,2055.9926932742974,2359.7059379410343,2900.436124523717
nrc_groeneveld_24579pt__5256,2893.0,2500.404418917764,2777.736349789701,2968.6925807243315,2282.6259402786595,2560.934625475163,2968.6925807243315
nrc_groeneveld_24579pt__7636,990.0,880.5996960873391,921.5775731010328,916.8986271779078,865.0714975979813,906.089563085665,916.8986271779078
nrc_groeneveld_24579pt__18088,1585.0,1382.0837363041073,1439.683425050628,1401.7395490006795,1422.1622648982564,1325.1044038837433,1401.7395490006795
nrc_groeneveld_24579pt__7770,465.621,499.9956856606161,437.75712759666425,429.5480646786567,583.5529374553254,631.6666082764038,429.5480646786567
nrc_groeneveld_24579pt__19062,14252.0,12118.14156736041,14211.406829365294,14201.621131766798,16718.500669323726,12752.9144538157,14201.621131766798
nrc_groeneveld_24579pt__18832,1581.0,1473.6121146057146,1530.7157203359416,1566.0955681618059,1182.118550651974,1342.0770921538717,1566.0955681618059
nrc_groeneveld_24579pt__10332,1756.0,1880.0873272425013,1510.3577859974487,1529.6603373441292,1631.8832602085192,1850.071118057986,1529.6603373441292
nrc_groeneveld_24579pt__6778,1336.0,1345.2450148806277,1484.4735196952843,1271.4896223716983,1600.2273548747335,1309.76467034415,1271.4896223716983
nrc_groeneveld_24579pt__10461,1965.0,1806.9284472507106,1860.0296342703539,1975.8248803620513,1586.3093593498497,1755.614873575782,1975.8248803620513
nrc_groeneveld_24579pt__16222,1991.0,2126.4651129814915,1920.4955718560898,1885.5061477698155,1752.3675473794106,2071.4564179612316,1885.5061477698155
nrc_groeneveld_24579pt__7180,2088.3,2272.238024601584,2158.7695107891795,2182.3910824432173,2209.389599411505,2180.2484349817896,2182.3910824432173
nrc_groeneveld_24579pt__9006,487.0,684.8054050319688,638.87895236245,596.6112725350205,800.4576725064069,677.555034168566,596.6112725350205
nrc_groeneveld_24579pt__23969,1757.0,1690.0771008240326,1517.228869233528,1578.4058023325013,1846.0517372209963,1882.970942406493,1578.4058023325013
nrc_groeneveld_24579pt__9608,1604.0,1576.2668522759743,1548.4769825487845,1428.4239658017534,1664.9396396252491,1729.9595210834011,1428.4239658017534
nrc_groeneveld_24579pt__5286,1479.0,1249.950455740377,1359.0544151589022,1298.9355779640416,1098.4780780957622,1160.6988913595678,1298.9355779640416
nrc_groeneveld_24579pt__5109,1499.0,1735.1098375478705,1385.8564678406265,1440.6960396026311,1335.5322789484208,1519.6861117061665,1440.6960396026311
nrc_groeneveld_24579pt__11287,453.0,384.41701098086116,356.05848885935967,385.86082375589774,468.5480430651309,394.68326783626804,385.86082375589774
nrc_groeneveld_24579pt__4948,4385.0,3618.748659909767,3408.0591996706557,3252.039150978995,3315.858030707576,3253.776714438535,3252.039150978995
nrc_groeneveld_24579pt__13091,892.0,800.5084550532224,855.751810643735,851.5895439503588,709.7856428120325,756.4244027473243,851.5895439503588
nrc_groeneveld_24579pt__9675,2453.0,2686.130669251435,2136.093311356048,2192.0616395101933,2724.457722870444,2605.15822301144,2192.0616395101933
nrc_groeneveld_24579pt__2099,1518.0,1608.682644169356,1503.8322383762352,1514.0203447937613,1641.5731182951615,1616.9965459885923,1514.0203447937613
nrc_groeneveld_24579pt__10415,1581.0,1242.524147531144,1344.947145337903,1333.0504094580192,1139.8687790421282,1288.3319005809683,1333.0504094580192
nrc_groeneveld_24579pt__18695,308.0,419.73891885410075,310.13784487835585,335.1953712829132,491.86835645892324,485.7769532271906,335.1953712829132
nrc_groeneveld_24579pt__518,1780.0,2130.3520096485126,1808.1623390470534,1848.793591832505,1999.6625820344273,1793.126462413034,1848.793591832505
nrc_groeneveld_24579pt__19876,2740.0,3089.1404323470765,2915.3235835073856,2890.2719705816617,2560.6828733386933,2904.99522221641,2890.2719705816617
nrc_groeneveld_24579pt__11915,4203.0,3567.3749835808094,3761.369088030004,3745.0258601096766,2830.3326372859387,3186.001882759697,3745.0258601096766
nrc_groeneveld_24579pt__20173,3770.0,3318.7175777680627,3575.1124059264025,3705.13157109918,2703.2509410901857,3367.933394140581,3705.13157109918
nrc_groeneveld_24579pt__20320,2330.0,1948.3215269884665,2164.6789387225645,1933.560671153468,2069.21021574014,2068.1988427679976,1933.560671153468
nrc_groeneveld_24579pt__11977,733.0,807.5244737602674,772.8753813541389,793.0415718050135,753.0911409388756,784.6749719536662,793.0415718050135
nrc_groeneveld_24579pt__16734,2433.0,2585.523097698209,2340.476829806169,2442.629049728603,2148.5038234512685,2442.7066473479267,2442.629049728603
nrc_groeneveld_24579pt__4949,2019.0,1612.1177822515049,2049.884016803724,1989.5538110292007,1370.7228745971456,1867.2017244421825,1989.5538110292007
nrc_groeneveld_24579pt__14059,844.0,639.3885728614815,737.6222230662851,730.22278806648,570.897761769406,646.7472173245491,730.22278806648
nrc_groeneveld_24579pt__15851,1390.0,1334.7188910525806,1480.6825995911408,1477.2330811211968,1025.2788894437904,1245.1001902227154,1477.2330811211968
nrc_groeneveld_24579pt__12786,2274.0,2391.0823796978493,2228.130141273586,2358.414061071709,1851.4534124945578,2161.6038304623235,2358.414061071709
nrc_groeneveld_24579pt__18052,499.0,587.2847459371357,487.66707892945055,512.9013720080131,602.4846388312052,571.1383924215096,512.9013720080131
nrc_groeneveld_24579pt__4717,1848.0,2069.9767274077412,1928.287706904979,1855.345838676491,2039.7730514573732,2070.2857777034137,1855.345838676491
nrc_groeneveld_24579pt__6038,2320.0,2302.506303617148,2309.5361206053103,2340.149156118782,2197.6401965265186,2255.8273419268257,2340.149156118782
nrc_groeneveld_24579pt__5396,2549.0,2424.4533862493254,2465.8565606834773,2906.2692934053275,2162.6127528637007,2600.069851714493,2906.2692934053275
nrc_groeneveld_24579pt__21772,1250.0,1002.2248579138203,1086.5209543850121,1125.162672033346,914.4986437550051,914.1912835464203,1125.162672033346
nrc_groeneveld_24579pt__19983,5950.0,4548.1229886548945,5665.330294418339,5405.850956022111,4071.6144787341045,4637.719967023237,5405.850956022111
nrc_groeneveld_24579pt__163,2100.0,1966.7786251037317,1974.785046475968,1967.9300564355474,1852.0918589437865,2063.7856900490438,1967.9300564355474
nrc_groeneveld_24579pt__20077,1570.0,1541.817069915853,1764.4556895714509,1665.5773290806444,1734.0232938894776,1667.1414933314625,1665.5773290806444
nrc_groeneveld_24579pt__2228,1505.0,1466.9896741789835,1512.3126215505408,1476.0388149246717,1422.0036316449414,1465.6345734866838,1476.0388149246717
nrc_groeneveld_24579pt__21309,621.0,521.688824884513,589.0681722953227,602.5249733671889,594.5723793017264,607.6524659100625,602.5249733671889
nrc_groeneveld_24579pt__4131,888.0,720.0128068306329,796.683325509372,738.7967582398145,676.3422157620173,691.152738970258,738.7967582398145
nrc_groeneveld_24579pt__7663,1208.976,1406.9337494167487,1378.9047905590842,1378.8348460168158,1286.6270117380723,1367.0189793263435,1378.8348460168158
nrc_groeneveld_24579pt__3878,617.0,464.77982837049166,454.15447883958774,503.26549478457355,451.268685366944,446.13878700531797,503.26549478457355
nrc_groeneveld_24579pt__5845,2180.0,1699.3849079920624,2081.321119541021,1700.0724700883366,1673.3534397488602,1990.2847569854812,1700.0724700883366
nrc_groeneveld_24579pt__5605,3368.0,3009.4808680088317,3422.063552334915,3426.2507258742658,2949.17500964668,3129.3001597081725,3426.2507258742658
nrc_groeneveld_24579pt__3498,1479.0,1701.1586678564522,1665.1229916200427,1664.5385504292815,1571.143310385994,1624.4028412829343,1664.5385504292815
nrc_groeneveld_24579pt__1019,1791.0,1756.3903886487292,1804.3935108387682,1862.0170903701223,2018.4880345935478,2029.1031111307136,1862.0170903701223
nrc_groeneveld_24579pt__15549,2338.0,2379.458011832001,2101.065758289919,2104.480091324023,2121.376461006534,2250.6888156117193,2104.480091324023
nrc_groeneveld_24579pt__14364,294.0,334.17177140712977,393.94198304735426,324.81039752393946,508.0027954500996,560.4046458515787,324.81039752393946
nrc_groeneveld_24579pt__10911,766.0,562.610211570487,616.4468212850296,705.3916822136691,497.61105508522974,560.2606054304935,705.3916822136691
nrc_groeneveld_24579pt__21965,1942.0,1765.4586963407799,1944.3623150256537,2049.7625727921854,1670.7863338958668,1617.7551302676216,2049.7625727921854
nrc_groeneveld_24579pt__23810,2245.0,2170.3374967245772,2228.496413999085,2256.625278531208,2180.5410694583247,2393.443547145501,2256.625278531208
nrc_groeneveld_24579pt__8773,3977.0,4390.089958857164,4157.467409972652,4368.796738037248,3937.6968911695603,4227.336581177844,4368.796738037248
nrc_groeneveld_24579pt__4924,2448.0,2431.7170734444476,2557.4373136991967,2570.022643340501,2543.97543410483,2528.894451504471,2570.022643340501
nrc_groeneveld_24579pt__8659,1350.0,1565.1501601065722,1413.1069853469462,1543.8973385279132,1265.0612356018403,1330.97842682243,1543.8973385279132
nrc_groeneveld_24579pt__11267,586.0,630.2075366224399,673.0692263482255,617.8461627483259,686.553643537524,616.0687901260039,617.8461627483259
nrc_groeneveld_24579pt__304,1128.0,929.3968665735828,1004.0621506935695,1024.202950464834,1036.1862022597775,1058.987769909926,1024.202950464834
nrc_groeneveld_24579pt__13532,1121.0,988.6022202198408,966.8418991307359,901.9445432509231,859.9909805316726,913.4996610748108,901.9445432509231
nrc_groeneveld_24579pt__15258,2139.0,2124.5091893730973,2270.9108612359137,2245.0094173974676,2155.4950951745877,2336.5153727235775,2245.0094173974676
nrc_groeneveld_24579pt__1348,281.0,276.3280150189824,264.3086279423396,270.7661909606189,289.65352117363625,253.46395265039783,270.7661909606189
nrc_groeneveld_24579pt__5609,4010.0,3701.204374749758,3722.1163278364315,4067.4977559179674,3595.30844308634,3842.1445534249697,4067.4977559179674
nrc_groeneveld_24579pt__21232,434.0,337.16623065591597,419.61155510737547,356.72118755787574,321.5746956522689,325.8159215006846,356.72118755787574
nrc_groeneveld_24579pt__16038,86.0,100.52738194297046,83.63015239025215,84.15894998858231,95.3830652276056,89.20630732864105,84.15894998858231
nrc_groeneveld_24579pt__9918,822.0,805.0580933694491,715.5882557794685,704.8565310111735,820.7235307159417,795.3551833779911,704.8565310111735
nrc_groeneveld_24579pt__22431,1503.0,1885.8789581155843,1578.659947860749,1633.8530986074397,1884.666242334893,1989.039669316803,1633.8530986074397
nrc_groeneveld_24579pt__392,1930.0,2355.411328483359,1969.80733354717,2008.8833786849495,2328.8666358271785,2261.9338052968023,2008.8833786849495
nrc_groeneveld_24579pt__10293,550.0,739.5835184838122,669.9109155046574,646.6413667819949,812.6002036937101,695.5199262393886,646.6413667819949
nrc_groeneveld_24579pt__16212,2421.0,2321.572432614134,2229.421234430101,2110.5750594379365,1978.034427886389,2251.8422426881125,2110.5750594379365
nrc_groeneveld_24579pt__14701,235.0,368.558731394044,223.6751378069902,304.46898057687736,443.98627042647496,368.89708588501975,304.46898057687736
nrc_groeneveld_24579pt__19225,8362.0,8573.645095668307,7888.753127356378,7649.818005909376,8856.390671621364,8742.59573508817,7649.818005909376
nrc_groeneveld_24579pt__21961,3180.0,2998.839013857002,3257.9932520592656,3279.9625770506923,2478.7037690604798,2799.6835531683387,3279.9625770506923
nrc_groeneveld_24579pt__6475,2754.0,2397.4499270970396,2559.4378583456305,2620.0268821408367,2497.3960655440355,2512.24722265043,2620.0268821408367
nrc_groeneveld_24579pt__3476,1974.0,2045.7015803586276,2007.1877583007265,2112.0594202666125,1730.5422597569104,1878.4604521314834,2112.0594202666125
nrc_groeneveld_24579pt__23733,1393.0,1277.6352462671684,1365.3429735961568,1352.5257649508435,1153.612909359239,1250.88420037416,1352.5257649508435
nrc_groeneveld_24579pt__19588,2580.0,2278.2642716100086,2581.7475947975836,2559.806000233535,2130.4090044344343,2449.991475696409,2559.806000233535
nrc_groeneveld_24579pt__5357,509.0,563.7639369664453,466.51097934810144,474.6375794786881,424.08466363673716,480.55444261346076,474.6375794786881
nrc_groeneveld_24579pt__7628,1395.0,1530.28754189598,1676.4763710707844,1523.7694912389916,1481.4419985644947,1568.3057400773378,1523.7694912389916
nrc_groeneveld_24579pt__18046,596.0,609.2146457226328,470.42410297022576,523.492917667208,607.1916506972333,583.192635576126,523.492917667208
nrc_groeneveld_24579pt__18702,1237.0,1234.2633715305851,1247.928062216518,1196.2106958696265,1287.0389404718305,1340.854078388043,1196.2106958696265
nrc_groeneveld_24579pt__9199,907.0,1088.2936279190055,908.0332066715803,944.809290161016,1166.0846406502708,1168.1274390826345,944.809290161016
nrc_groeneveld_24579pt__13504,927.0,1007.2571669106256,1004.0957894597689,943.3885784635405,668.8580038800179,838.7068852065846,943.3885784635405
nrc_groeneveld_24579pt__3436,1328.0,1286.3499581595827,1387.1077751022872,1412.3170830617032,1337.0409451272449,1343.6144010959633,1412.3170830617032
nrc_groeneveld_24579pt__4629,2095.0,2002.97651358274,2203.7148994754084,2187.1227054883225,1899.6723055802745,1993.413689488177,2187.1227054883225
nrc_groeneveld_24579pt__20574,1696.0,1789.0256741768908,1649.5230630947383,1591.748964477329,1390.8410200011426,1512.0533850404377,1591.748964477329
nrc_groeneveld_24579pt__4282,610.0,676.6790861058674,565.7547621150142,578.6478328847476,604.1949139400687,697.3675297846542,578.6478328847476
nrc_groeneveld_24579pt__6742,792.0,737.1937292936948,795.3292852430005,786.1161209796514,745.1059372766417,764.8565161768905,786.1161209796514
nrc_groeneveld_24579pt__16786,1741.0,1636.5657192969327,1876.744875648069,1907.283874360083,1629.871885516966,1746.6200774344302,1907.283874360083
nrc_groeneveld_24579pt__8531,878.0,896.7585002866406,810.1596395678646,912.5905311483652,964.1405052468875,973.677611196529,912.5905311483652
nrc_groeneveld_24579pt__6540,3911.7,3214.028298262338,3388.984883574998,4143.713055617376,2807.1003001221648,3214.550851877268,4143.713055617376
nrc_groeneveld_24579pt__7299,348.4,519.5022154192765,505.2054077460635,500.77950257418865,641.6460442867207,478.88400342859484,500.77950257418865
nrc_groeneveld_24579pt__10696,1000.0,1032.0648561042724,999.2798521149441,1047.7573533072334,1069.6246060073727,1101.3642217336442,1047.7573533072334
nrc_groeneveld_24579pt__3708,1010.0,873.7498453427969,1023.7398690322084,968.8300876816663,911.508377170577,842.6111969904717,968.8300876816663
nrc_groeneveld_24579pt__228,1900.0,1857.1937566033728,1885.4709822716256,1989.8211249460794,2048.083837058915,2078.061148823421,1989.8211249460794
nrc_groeneveld_24579pt__13195,1531.0,1984.7030555653294,1507.221361891127,1522.144829287789,1133.9753745058797,1889.6137305264886,1522.144829287789
nrc_groeneveld_24579pt__4352,931.0,982.1204516541619,922.80364320922,932.4411437962831,781.1385127287302,964.9135352185815,932.4411437962831
nrc_groeneveld_24579pt__9294,1142.0,1120.7736889879427,1180.9135919150494,1093.6448770756401,1135.4366706764097,1180.5737195534352,1093.6448770756401
nrc_groeneveld_24579pt__10645,510.0,535.7951719507953,505.5119137917647,523.9656465654643,649.3444870707025,565.4500495162926,523.9656465654643
nrc_groeneveld_24579pt__272,1174.0,1480.9283130092965,1285.0979482690686,1310.9416701646394,1277.317740866444,1476.5305671466263,1310.9416701646394
nrc_groeneveld_24579pt__10269,688.0,613.2003486755702,643.034878345464,581.3309482841003,630.8240833922898,592.9136109864008,581.3309482841003
nrc_groeneveld_24579pt__11923,373.0,509.6802559016627,399.29923538244543,427.46703197108565,387.8365973313244,449.30181713621045,427.46703197108565
nrc_groeneveld_24579pt__4613,2259.0,2113.8144633657575,2072.1050255024447,2117.2262589124266,1878.7603965269645,1990.456293271511,2117.2262589124266
nrc_groeneveld_24579pt__571,1470.0,1564.2481437451497,1413.9592568760747,1281.4325012636043,1517.4469325458565,1717.725448744235,1281.4325012636043
nrc_groeneveld_24579pt__4657,1729.0,1783.6813761634755,1672.0854113183238,1663.2922437044151,1647.3060892523156,1704.6764103685996,1663.2922437044151
nrc_groeneveld_24579pt__1374,1072.0,969.6906355108803,1044.8632457664414,1030.8981392227233,961.9312901432472,994.9806547858482,1030.8981392227233
nrc_groeneveld_24579pt__15140,1630.0,1627.1365703704957,1643.3419296988545,1707.0267009737488,1447.6831483880767,1564.4155824533773,1707.0267009737488
nrc_groeneveld_24579pt__12475,1767.0,1851.0338243554397,1542.1074892765798,1706.1625648447719,1834.3990665488545,1790.8390702500185,1706.1625648447719
nrc_groeneveld_24579pt__1488,1072.0,1075.9989507141277,1029.594125936019,1019.4160127838646,1027.089116095359,1126.4914920624283,1019.4160127838646
nrc_groeneveld_24579pt__23481,1056.0,1044.5847817651095,932.2608484881304,887.0649117352083,966.8240061464526,927.9212072545575,887.0649117352083
nrc_groeneveld_24579pt__23013,253.0,191.016379868743,208.0495596243735,196.1797644318478,123.11068150990141,164.33474748042005,196.1797644318478
nrc_groeneveld_24579pt__3648,2988.0,2881.451500192246,2933.080740725992,2884.3231440163563,2741.083901224522,2944.2184976363237,2884.3231440163563
nrc_groeneveld_24579pt__20992,474.0,441.56164942264735,422.8890792258836,400.2009286715642,423.9194597141993,396.89329296582815,400.2009286715642
nrc_groeneveld_24579pt__22089,1321.1,1255.9629332346015,1387.2786464155229,1410.5254721094218,1270.4927567198497,1278.311717072249,1410.5254721094218
nrc_groeneveld_24579pt__9627,2256.0,1786.4264064230238,1769.8115166737393,1843.9616357883647,1456.529722065265,1713.7896221200126,1843.9616357883647
nrc_groeneveld_24579pt__10795,781.0,885.8085851283163,801.453902886069,918.8060616812265,725.2455769941312,822.3424625623064,918.8060616812265
nrc_groeneveld_24579pt__1239,727.0,749.8361702099045,767.3760230393843,772.9803592275201,844.517207070007,728.8723226582248,772.9803592275201
nrc_groeneveld_24579pt__9589,2291.0,2245.0936632517514,2305.448781998412,2223.954926507535,2130.721101955794,2095.491768523425,2223.954926507535
nrc_groeneveld_24579pt__14001,599.0,590.5468430036403,543.7322324607428,593.466466303809,590.4001792247165,573.1140229856793,593.466466303809
nrc_groeneveld_24579pt__17963,2764.0,2610.6744974220437,2600.205432636676,2698.441383447163,2338.8103451563634,2537.783981706333,2698.441383447163
nrc_groeneveld_24579pt__22167,649.5,625.5662505396946,728.8075167257939,740.3819553250961,738.4326167751684,734.6507589072058,740.3819553250961
nrc_groeneveld_24579pt__7414,516.4,880.5361376539666,542.0561369602972,632.082898159162,1031.9046616910782,1128.2805628965996,632.082898159162
nrc_groeneveld_24579pt__21868,1980.0,1840.719578706867,1741.1106871387083,1794.8773437986079,1657.6441378727172,2028.9549341247932,1794.8773437986079
nrc_groeneveld_24579pt__3392,3151.0,2784.276958910031,2986.5179035481233,2985.8756601777586,2590.8302331960954,2659.7451270918405,2985.8756601777586
nrc_groeneveld_24579pt__1421,577.0,593.566188042534,582.5390386314193,557.4605474068649,553.985624364112,548.1679753951911,557.4605474068649
nrc_groeneveld_24579pt__19272,1476.54,1356.174839158767,1343.1941048682343,1406.4242698818489,1361.091423857634,1527.1147549545642,1406.4242698818489
nrc_groeneveld_24579pt__20004,6160.0,4551.48570774133,5603.529765291347,5195.73206800427,4071.4567603225914,4626.9549506025905,5195.73206800427
nrc_groeneveld_24579pt__14925,265.0,294.14861893863826,268.30204775726725,252.10158696537457,271.75276772126233,237.96072502861995,252.10158696537457
nrc_groeneveld_24579pt__17964,2524.0,2531.977287938251,2679.077158410769,2541.442014922894,2285.5022268529574,2463.6243671026446,2541.442014922894
nrc_groeneveld_24579pt__8610,3366.0,3392.3139197065493,3759.605500576379,3864.641945215517,3595.1586725417533,3881.76371633443,3864.641945215517
nrc_groeneveld_24579pt__24524,3468.0,2418.995465024629,3015.1113470085807,3024.429702045154,1917.4097638875305,3469.0297944370905,3024.429702045154
nrc_groeneveld_24579pt__7563,1335.0,1541.0271596212915,1518.6139624052305,1571.9806371720229,1426.921766275085,1579.3165636968208,1571.9806371720229
nrc_groeneveld_24579pt__12573,4110.0,3365.944237456594,3920.439647557581,3708.7984407035974,3349.59486679744,3295.953598697393,3708.7984407035974
nrc_groeneveld_24579pt__4549,1396.0,1354.1303456977296,1382.402597740164,1357.4359329859558,1347.6799555178427,1399.7259942834748,1357.4359329859558
nrc_groeneveld_24579pt__15706,2581.0,2592.403557004085,2493.7072701025168,2252.2139071725032,2367.461538954814,2593.5446254713956,2252.2139071725032
nrc_groeneveld_24579pt__3475,1856.0,1849.9303000887583,1882.5146891898273,1848.139890791713,1581.254505403495,1728.4917949731735,1848.139890791713
nrc_groeneveld_24579pt__19750,3350.0,3497.838414702136,3132.786678544804,3388.506558753141,3425.626035796738,3649.7591325584926,3388.506558753141
nrc_groeneveld_24579pt__7154,2060.0,1769.1814329073452,2067.9222043888,1987.1768335338966,1983.9457998001117,1839.3053764109966,1987.1768335338966
nrc_groeneveld_24579pt__8362,731.0,680.6755701533929,590.8652130753903,619.8712537980467,764.0575488250751,593.9095561655802,619.8712537980467
nrc_groeneveld_24579pt__21104,1026.0,1265.5414161199024,1342.489820848632,1317.2178083387525,1038.3095854445776,1208.9238326546358,1317.2178083387525
nrc_groeneveld_24579pt__18069,876.0,825.1562079851719,860.599386189967,877.6391457768693,789.4636587981912,764.4194013509182,877.6391457768693
nrc_groeneveld_24579pt__17074,3610.0,3482.8419099663906,3737.8084429628852,3656.749080200452,3045.304917243223,3391.7028107593046,3656.749080200452
nrc_groeneveld_24579pt__14992,183.0,293.451295820893,184.74627625439066,183.5140969495088,298.4161992029188,164.03307861137597,183.5140969495088
nrc_groeneveld_24579pt__24,1451.0,1826.2110685803652,1602.2357008270499,1510.1381734769923,2078.819343807002,2104.3086910933584,1510.1381734769923
nrc_groeneveld_24579pt__22915,907.0,1248.0304816649275,1103.5278965125244,1129.9724439346571,1171.7082561889936,1212.421507647279,1129.9724439346571
nrc_groeneveld_24579pt__4296,172.0,247.7479386383437,209.0833068734687,227.84417798846619,212.09699579334446,219.90989707887022,227.84417798846619
nrc_groeneveld_24579pt__23338,621.0,956.225284527828,792.7852349686165,821.78408527607,921.6559837120548,872.0231154797334,821.78408527607
nrc_groeneveld_24579pt__1449,1187.0,1207.8693665689734,1180.0793122880593,1121.5524530144273,1334.8392068923679,1321.4645718175454,1121.5524530144273
nrc_groeneveld_24579pt__11311,422.0,472.42609480825774,406.6003440970325,389.5416663055595,560.3092964730133,494.93555542796923,389.5416663055595
nrc_groeneveld_24579pt__15472,1150.0,940.4399334790993,995.1315418602098,1157.8403997469513,1039.3517983297727,1068.602170616636,1157.8403997469513
nrc_groeneveld_24579pt__23367,481.0,403.9828231901132,387.68060947814774,377.7641979842325,499.1050330399579,395.82134491770444,377.7641979842325
nrc_groeneveld_24579pt__16112,4383.0,4096.816501479031,4272.670691233626,4295.212593861096,3677.2391233593817,4227.409113358718,4295.212593861096
nrc_groeneveld_24579pt__3917,358.0,318.9508983011715,303.1404708331348,295.3868839341242,327.677521180044,289.59473272278075,295.3868839341242
nrc_groeneveld_24579pt__2344,3299.0,3439.307771206259,3350.995566311808,3639.561793855631,3577.504894558042,3672.928535164782,3639.561793855631
nrc_groeneveld_24579pt__2428,2483.0,2355.4816065658492,2504.344570548666,2495.477928220983,2305.3013566371037,2349.062980652282,2495.477928220983
nrc_groeneveld_24579pt__10975,2770.0,2738.3676919672503,2792.850600686546,2837.1217907799687,2114.2875817565164,2570.3521632552606,2837.1217907799687
nrc_groeneveld_24579pt__14827,352.0,479.7394741315124,365.5670758478409,403.19843353506536,451.64453493438384,347.85841087498216,403.19843353506536
nrc_groeneveld_24579pt__711,813.99,964.4667221831577,834.9185556076203,873.4991013373166,1076.9335670550674,1060.0613200716339,873.4991013373166
nrc_groeneveld_24579pt__16899,2219.0,2140.7400767421973,2128.481775495286,2095.107599189921,2260.569818098619,2325.2037178593223,2095.107599189921
nrc_groeneveld_24579pt__21693,300.0,386.1033029188572,389.12378527278184,373.6352505070853,370.119688221649,329.11942082645527,373.6352505070853
nrc_groeneveld_24579pt__1452,1187.0,1170.2725703675153,1235.228750602707,1162.857587656992,1336.1808765156372,1291.8397022200386,1162.857587656992
nrc_groeneveld_24579pt__12276,704.0,1054.9327265810741,885.4510166988885,847.0939478483313,937.3744117681806,985.6299751069865,847.0939478483313
nrc_groeneveld_24579pt__9004,588.0,696.9600155155707,739.4839491124475,633.3759607250742,806.3850174905499,688.4786409217322,633.3759607250742
nrc_groeneveld_24579pt__330,1500.0,1660.9119177142618,1598.0887735107617,1546.2737663026408,1599.5425401708146,1752.2041721845844,1546.2737663026408
nrc_groeneveld_24579pt__24372,251.0,226.7720621077957,232.2805436937391,233.43753418160307,285.3431135223503,225.3380461428982,233.43753418160307
nrc_groeneveld_24579pt__20719,725.0,850.5944116315787,706.7854359803781,792.1203715678785,912.3407067463546,857.8834256804087,792.1203715678785
nrc_groeneveld_24579pt__10467,930.0,880.2194925440764,968.0536481420971,996.1898241762111,1056.3466128630848,1032.2911814370264,996.1898241762111
nrc_groeneveld_24579pt__19624,3870.0,3645.2301348142096,3681.91882948352,3539.181636939694,3590.619730495401,4046.020427871515,3539.181636939694
nrc_groeneveld_24579pt__5388,1484.0,1248.3102343839091,1393.4036340763853,1365.4803190873217,1144.5437102559445,1168.6486967130327,1365.4803190873217
nrc_groeneveld_24579pt__9936,516.0,476.48770067900415,434.99835035649124,395.22869029991136,485.78201796126274,480.07163752762557,395.22869029991136
nrc_groeneveld_24579pt__13826,442.0,316.68790912331923,396.9697052872793,383.20319502977503,289.3702865266488,297.15528537871285,383.20319502977503
nrc_groeneveld_24579pt__876,1222.0,1282.8166966239849,1971.897369953076,1364.0649278665328,1736.5461235067876,1548.6637242812853,1364.0649278665328
nrc_groeneveld_24579pt__12244,2223.0,2320.338658494244,2140.459241457096,2090.8235234578833,2144.8553217898784,2320.3714800207827,2090.8235234578833
nrc_groeneveld_24579pt__14894,373.0,374.53575406625623,434.05998670295054,410.1447286762659,350.9327298869796,390.54241307211396,410.1447286762659
nrc_groeneveld_24579pt__7074,1820.2,1732.046876542706,1601.6782706594995,1620.1871732839797,1761.7680048680209,1447.4667723169048,1620.1871732839797
nrc_groeneveld_24579pt__4684,2069.0,1919.6428080602946,2077.5076259293573,2057.601994674287,2120.5361978364763,1999.3584416295796,2057.601994674287
nrc_groeneveld_24579pt__7313,389.9,519.8732318267475,376.76974802890203,379.3245504690809,760.0213957026581,608.0522832114931,379.3245504690809
nrc_groeneveld_24579pt__8002,819.0,866.8922611571243,739.9766986324064,773.2493809217964,929.1915206794603,840.6142959978868,773.2493809217964
nrc_groeneveld_24579pt__8358,1217.0,1257.4008824313385,1214.0976495182003,1209.6677683687867,1122.3619006098586,1109.94211327485,1209.6677683687867
nrc_groeneveld_24579pt__16203,3240.0,2930.385642715445,2711.2994971532894,2825.3255940900913,2900.0206844832037,3427.856292686282,2825.3255940900913
nrc_groeneveld_24579pt__9224,534.0,952.5335509774826,674.8720336440127,772.4175280659164,908.9005528198829,874.785612935829,772.4175280659164
nrc_groeneveld_24579pt__4742,2027.0,1872.8917976694395,2031.9065136703196,1975.3549409564473,2521.9608220198434,2062.734367483435,1975.3549409564473
nrc_groeneveld_24579pt__21513,1060.0,778.6805759142965,847.0362561178606,820.7196732048358,798.8631401595821,688.0932102617419,820.7196732048358
nrc_groeneveld_24579pt__19742,4920.0,3841.7615567605335,4293.833970289524,4676.91633269772,4180.446519024444,4424.682065371555,4676.91633269772
nrc_groeneveld_24579pt__24242,416.0,396.59933413324427,376.5747998434124,386.59348588116177,460.77360109509397,462.3113936580015,386.59348588116177
nrc_groeneveld_24579pt__4333,582.0,720.1744648685651,653.7155280633557,687.5677847822747,661.8219036284368,630.6482271607439,687.5677847822747
nrc_groeneveld_24579pt__10657,1420.0,1522.7473604440243,1444.8815239177675,1505.8156557485997,1713.04069727969,1600.8117303258553,1505.8156557485997
nrc_groeneveld_24579pt__20133,1480.0,1363.9700631236549,1495.00199151649,1497.3001516540728,1645.056739683795,1517.6804036552794,1497.3001516540728
nrc_groeneveld_24579pt__19813,2490.0,2795.1049497236127,2526.7595525152146,2270.198492783755,2512.0291337629765,2616.7630727989845,2270.198492783755
nrc_groeneveld_24579pt__21436,350.0,369.73408009731764,364.34403818177566,322.85547388341394,352.7423247051637,284.80571847989006,322.85547388341394
nrc_groeneveld_24579pt__2003,1511.0,1512.7087231243174,1575.3188986732393,1551.3306943381262,1720.6845291339132,1699.6745899590817,1551.3306943381262
nrc_groeneveld_24579pt__4901,3095.0,2808.5067775851685,3031.5738782850367,2982.2555534027174,3850.3146034520087,3201.8222369162636,2982.2555534027174
nrc_groeneveld_24579pt__17433,366.0,550.55593252695,382.8630080372047,470.1904910833928,579.7309361214672,551.6984496643457,470.1904910833928
nrc_groeneveld_24579pt__10131,8358.0,10297.907042092826,8790.02673236102,8602.293385145182,12837.343886278843,14824.375539790808,8602.293385145182
nrc_groeneveld_24579pt__17083,2047.0,2177.1297013181215,2057.2103656944205,2175.0498787818146,2197.5447983517797,2269.3985410544765,2175.0498787818146
nrc_groeneveld_24579pt__20788,1289.0,1300.3891453611484,1315.0313114404114,1359.8566696896191,1140.2685963632239,1220.6961640730362,1359.8566696896191
nrc_groeneveld_24579pt__13716,1622.0,1285.970335840309,1578.2557908251408,1570.898458611611,1291.70041308497,1467.781266833303,1570.898458611611
nrc_groeneveld_24579pt__10762,1088.0,1110.7475360286353,1280.8406478988936,1236.6617776877522,1019.2326647250263,1100.2807313071671,1236.6617776877522
nrc_groeneveld_24579pt__1433,1163.0,1110.6690142259267,1128.2934261731516,1090.6919632275115,1132.488043455982,1144.7934184273931,1090.6919632275115
nrc_groeneveld_24579pt__22696,1653.0,1958.5177594591773,1860.917192821896,2207.183514775455,1798.0778015755698,2083.8819607063333,2207.183514775455
nrc_groeneveld_24579pt__501,1031.0,1016.8677726213693,1008.3429344742377,1061.6274536902592,943.2312206461623,967.9044592657618,1061.6274536902592
nrc_groeneveld_24579pt__6143,2736.3,3161.4315018524712,3128.439929965584,3089.034002383116,3447.2489286819405,3535.565788045289,3089.034002383116
nrc_groeneveld_24579pt__16662,1560.0,1540.7973621658791,1524.2960442640283,1407.741819435929,1380.414823715977,1482.707771243467,1407.741819435929
nrc_groeneveld_24579pt__22162,936.4,882.6643747542583,939.9527396257263,970.6073204509449,863.1336039772164,865.6358755337509,970.6073204509449
nrc_groeneveld_24579pt__10826,467.0,403.8905190785445,458.464587601994,392.58207054910235,401.03518311314224,393.3643225584209,392.58207054910235
nrc_groeneveld_24579pt__18077,818.0,755.2260128117415,794.7126206073747,784.173631671611,800.5835665734173,736.1052367323767,784.173631671611
nrc_groeneveld_24579pt__3925,690.0,575.3316742778248,669.1815224000067,611.9643025468877,566.4607715451651,566.3471784363142,611.9643025468877
nrc_groeneveld_24579pt__10097,4810.0,4177.796588868567,3900.751482501551,4519.489567038887,3961.006687926975,3910.064027146635,4519.489567038887
nrc_groeneveld_24579pt__20747,843.0,856.2312175018541,764.4984819944277,809.4459829462821,916.0600129988039,862.7838858772265,809.4459829462821
nrc_groeneveld_24579pt__3742,2439.0,1954.9416487395329,2365.2645516730263,2356.705979180504,1822.5002315139782,1844.6638472567347,2356.705979180504
nrc_groeneveld_24579pt__19860,1830.0,1640.8500317487637,1805.9610410196576,1863.1802397762663,1820.111164252789,1817.0713623339186,1863.1802397762663
nrc_groeneveld_24579pt__24061,361.0,365.312514345155,353.1978313572924,352.29390738736674,518.2983629000712,369.9740406923002,352.29390738736674
nrc_groeneveld_24579pt__19906,2040.0,2972.490545455553,2501.712523688973,2449.8660630664103,2502.3775763679732,2796.3365189499423,2449.8660630664103
nrc_groeneveld_24579pt__14145,1439.0,1459.3923608069747,1352.698413056145,1255.8176967810582,1202.8095696138132,1321.635981252986,1255.8176967810582
nrc_groeneveld_24579pt__13754,2939.0,2827.185632678008,2908.4336457854147,3087.5905601309764,1865.1784458255631,2268.285816368419,3087.5905601309764
nrc_groeneveld_24579pt__13533,1182.0,1063.1944504915073,1134.3767323514362,1103.1696688112243,974.9642528970453,1010.9782417509741,1103.1696688112243
nrc_groeneveld_24579pt__15714,686.0,681.1857610669538,688.2102443748249,691.0023239845976,725.5519784376454,650.1443970633904,691.0023239845976
nrc_groeneveld_24579pt__13163,3100.0,3313.9612078994746,3099.1075574132847,2633.6325186626855,1780.3398507627032,2785.661954083752,2633.6325186626855
nrc_groeneveld_24579pt__20731,927.0,880.4670932228858,825.483908935144,868.5747720261695,934.6881509955946,887.93185328765,868.5747720261695
nrc_groeneveld_24579pt__12101,2223.0,2279.643023652964,1955.4078806160437,2037.246713124608,1969.412230537304,1947.6423378285215,2037.246713124608
nrc_groeneveld_24579pt__15689,721.0,902.8235655436214,801.3020992978508,766.4924829843087,734.3498927079852,851.9291316255556,766.4924829843087
nrc_groeneveld_24579pt__4842,4060.0,3423.191622984059,4103.050417202043,3854.180933346346,4323.132236215273,4104.9010123037215,3854.180933346346
nrc_groeneveld_24579pt__4465,1343.0,1251.3959460193362,1311.2647934242136,1168.998225206329,1450.1505974549875,1379.2816019238462,1168.998225206329
nrc_groeneveld_24579pt__7600,540.0,507.2485527684079,493.5402550547291,500.878704677254,385.3213808012319,502.49407017567717,500.878704677254
nrc_groeneveld_24579pt__18033,308.0,543.3508447641661,417.76711749630425,488.81666749342054,533.2865339020594,539.1068558774601,488.81666749342054
nrc_groeneveld_24579pt__19035,7502.0,7492.007414120972,7630.316774079249,8006.024871891357,7311.970468423987,7964.3626233476225,8006.024871891357
nrc_groeneveld_24579pt__19964,2850.0,3022.5178368125653,2983.2101255188923,2966.268260954312,2526.704098014623,2836.896918029397,2966.268260954312
nrc_groeneveld_24579pt__9723,480.0,706.194015161595,524.9117971333051,556.9698941110905,796.6062706572935,747.497903139966,556.9698941110905
nrc_groeneveld_24579pt__16084,1201.0,1337.889341375911,1357.1207523626206,1225.6781285012632,1451.7913014818992,1422.4113846550147,1225.6781285012632
nrc_groeneveld_24579pt__12533,674.0,663.9564718656976,587.5521214394362,584.4693137706315,660.9976459042957,642.6996062647206,584.4693137706315
nrc_groeneveld_24579pt__17111,2289.0,2196.619418235201,2312.6473274326518,2215.1924375124645,1915.7710342598498,2170.70069707558,2215.1924375124645
nrc_groeneveld_24579pt__23532,586.0,517.7133940470259,518.0052335903388,528.2959749237732,671.2317299768928,556.9779519381768,528.2959749237732
nrc_groeneveld_24579pt__12664,1493.0,1577.6133218480807,1586.4667325064152,1466.1175448521692,1108.9353357282682,1291.2038930903254,1466.1175448521692
nrc_groeneveld_24579pt__16814,2590.0,2410.3330873417985,2333.9943401772766,2414.033136841553,2563.116381364749,2771.706574623759,2414.033136841553
nrc_groeneveld_24579pt__12265,303.0,483.7063880424137,335.52544543596855,357.44569117831395,500.52722765925984,454.40127355810154,357.44569117831395
nrc_groeneveld_24579pt__1881,1495.0,1450.7697203012472,1494.034311233529,1522.797985241759,1648.6734956282091,1608.3025519017112,1522.797985241759
nrc_groeneveld_24579pt__1661,1979.0,1615.493608956644,1982.0388276342858,2056.0172053993306,1773.1749562850976,1800.4905881808686,2056.0172053993306
nrc_groeneveld_24579pt__1792,4328.0,3884.7160969589436,4272.572542343508,4397.050975868098,4315.812481929259,4045.5634950749577,4397.050975868098
nrc_groeneveld_24579pt__11775,751.0,861.3528272129136,744.3850137998668,825.3105331911611,850.4351496831716,848.7632595434897,825.3105331911611
nrc_groeneveld_24579pt__11292,260.0,349.2141591200171,333.06002199519935,361.3900146070557,456.10285706830825,362.8445576004175,361.3900146070557
nrc_groeneveld_24579pt__12954,1349.0,1482.9797329467294,1558.4206670968797,1533.7798809446233,1601.0155905475526,1542.4862682220723,1533.7798809446233
nrc_groeneveld_24579pt__14085,571.0,553.8137417669033,474.58832998862965,512.3916987398613,395.39333612454453,435.9563439965383,512.3916987398613
nrc_groeneveld_24579pt__15201,1140.0,1227.163459018267,1159.4023583988253,1146.9623500850134,1245.5341322882412,1212.2512303651924,1146.9623500850134
nrc_groeneveld_24579pt__671,782.0,942.5533285506086,790.0379268311339,824.7376571733921,772.3755703648606,952.9868758072996,824.7376571733921
nrc_groeneveld_24579pt__7330,707.3,986.0547360766259,740.4897872814602,780.2039305982811,974.4805739991787,880.5180567277297,780.2039305982811
nrc_groeneveld_24579pt__8066,3012.0,2981.616504723872,2685.0375001586217,2760.3419571439936,2197.200138005426,2500.7292571226467,2760.3419571439936
nrc_groeneveld_24579pt__22184,980.5,831.7694109951015,863.807027456832,916.2898767431747,826.3389878134556,839.8141318295516,916.2898767431747
nrc_groeneveld_24579pt__10065,2201.0,1939.8164854070246,2284.1059702032394,2443.539622240516,2512.982234872953,2098.325795042905,2443.539622240516
nrc_groeneveld_24579pt__4482,1963.0,1654.462127117976,1916.630628798815,1793.945689584418,1503.4296521539072,1626.643854671997,1793.945689584418
nrc_groeneveld_24579pt__1795,4271.0,3697.827268181297,4482.043113141597,3718.799546841531,3955.0830773004845,4116.446692563358,3718.799546841531
nrc_groeneveld_24579pt__19410,501.6,474.15703902148374,491.1559949926395,489.74262212247885,357.68020465733855,457.8317960303029,489.74262212247885
nrc_groeneveld_24579pt__9318,680.0,612.1948889036912,569.2694304098433,538.9889960106591,679.0740245998662,612.0867460938016,538.9889960106591
nrc_groeneveld_24579pt__13494,2115.0,1914.5360232309931,1995.7718481876416,2040.5977513965809,1786.8393295635824,1886.8393582176027,2040.5977513965809
nrc_groeneveld_24579pt__11593,768.0,912.7901035429081,907.5411372702814,919.0987854386627,885.2713942500345,814.9133717034541,919.0987854386627
nrc_groeneveld_24579pt__8927,2523.0,2458.875025716817,2634.5063846087173,2423.600538804466,2100.522457688392,2482.350076499962,2423.600538804466
nrc_groeneveld_24579pt__7103,2214.5,2158.699165208989,2251.006575784375,2207.832979549204,2178.28354656672,2105.3723502588305,2207.832979549204
nrc_groeneveld_24579pt__11112,6081.0,3410.2543013010395,5130.806784482769,5123.943266210099,3349.4724008012754,3534.3886038720902,5123.943266210099
nrc_groeneveld_24579pt__23383,488.0,488.7257240420207,582.0916265358618,472.87092186948786,635.0477518834366,521.0588289965452,472.87092186948786
nrc_groeneveld_24579pt__17919,1545.0,1738.1054441237804,1723.7222192919546,1607.0798287208622,1735.9164608686754,1765.8276233742724,1607.0798287208622
nrc_groeneveld_24579pt__3774,2717.0,2393.9709350045946,2705.1070051538495,2932.257479095488,2269.3587127927854,2516.15723164994,2932.257479095488
nrc_groeneveld_24579pt__4529,2257.0,1978.381930825096,2134.433185774119,2110.9169943434526,1991.0251589014272,2224.2108102124243,2110.9169943434526
nrc_groeneveld_24579pt__13185,4485.0,4725.383119596529,4182.816808961789,3749.708724867675,3445.846689409837,4321.776938084351,3749.708724867675
nrc_groeneveld_24579pt__15819,679.0,762.9430217367798,678.6764986583543,680.516270849191,723.5846870053335,815.1771171012285,680.516270849191
nrc_groeneveld_24579pt__13389,2459.0,1930.7376913092874,2173.79277011791,2101.958383639476,1542.6719192211801,1452.5626034691518,2101.958383639476
nrc_groeneveld_24579pt__11951,885.0,856.6443379775106,880.506149047243,830.7610150122649,594.0552336753758,783.6288429920313,830.7610150122649
nrc_groeneveld_24579pt__286,1104.0,1247.8999489205416,1121.4954784761155,1150.3535633825566,1011.747919730008,1042.416609256239,1150.3535633825566
nrc_groeneveld_24579pt__14704,909.0,714.4364434763795,868.1053774012034,915.0243195075112,607.890777184048,695.2934583101553,915.0243195075112
nrc_groeneveld_24579pt__412,1128.0,1285.2986905905195,1223.156634822805,1172.9009073021998,1148.8271609212748,1223.6107841983749,1172.9009073021998
nrc_groeneveld_24579pt__10184,861.0,766.080414102787,826.0463245714074,888.2837579462839,977.282212352155,879.8621876224399,888.2837579462839
nrc_groeneveld_24579pt__21870,1890.0,1454.9520841625028,1578.3217251624087,1794.3253794411114,1281.6642094025772,1469.572908698896,1794.3253794411114
nrc_groeneveld_24579pt__5926,2440.0,2254.5050316530746,2358.3332039481534,2360.457625793376,2210.2084530759826,2331.2017399312635,2360.457625793376
nrc_groeneveld_24579pt__15124,2238.0,2048.1537110525564,2066.481395413584,1818.3337768761019,1768.312616930514,1916.2454520859767,1818.3337768761019
nrc_groeneveld_24579pt__24261,733.0,751.4887472813995,823.567131988235,753.038665714367,996.8985482013978,780.6721572321785,753.038665714367
nrc_groeneveld_24579pt__8283,1848.0,1837.765396713216,1808.805934454479,1864.7455320058484,1599.0228284528305,1833.4552225219568,1864.7455320058484
nrc_groeneveld_24579pt__14679,426.0,267.03492646477457,295.37493045938686,307.89450121758045,324.53827545149704,259.95311107185563,307.89450121758045
nrc_groeneveld_24579pt__6109,1622.7,1694.3250154180182,2003.957518613068,1803.7542644538887,1522.992905340874,1967.369231628839,1803.7542644538887
nrc_groeneveld_24579pt__21224,1365.0,1469.0122642974402,1472.1116769221169,1435.1751154959659,1291.1727831988042,1305.6209065855946,1435.1751154959659
nrc_groeneveld_24579pt__8174,1428.0,1407.8326666262049,1315.4597902190792,1453.5924770769025,1481.1697580175235,1543.0712316101944,1453.5924770769025
nrc_groeneveld_24579pt__14808,533.0,442.2553895729803,451.8968324068187,404.42736673296207,418.1260125401497,331.079397059166,404.42736673296207
nrc_groeneveld_24579pt__3415,1567.0,1340.2514285278062,1491.4700450778864,1447.7959732313204,1367.0512817369668,1392.464040357897,1447.7959732313204
nrc_groeneveld_24579pt__6947,1993.7,1777.2955675365458,2007.965756999411,2013.5953766608134,1662.8960544602494,1765.442189553504,2013.5953766608134
nrc_groeneveld_24579pt__13001,1744.0,2079.2737150231646,1793.6010783980005,1816.957343939442,1462.5721448832105,1866.512061500956,1816.957343939442
nrc_groeneveld_24579pt__14784,299.0,367.51835146461724,298.35454529837347,278.3102577756172,280.2630269242521,200.46571557247276,278.3102577756172
nrc_groeneveld_24579pt__19973,2370.0,2504.1317208464666,2370.8233543554147,2395.285571853914,2317.2079288719506,2509.089007233632,2395.285571853914
nrc_groeneveld_24579pt__13632,972.0,847.3615377413018,998.2206396931441,932.7758367322872,724.0452855882722,739.4561355975344,932.7758367322872
nrc_groeneveld_24579pt__3331,4193.0,3627.034206535582,3954.353419970735,3909.337292454031,3078.966995633797,3596.837070116441,3909.337292454031
nrc_groeneveld_24579pt__24431,599.0,515.2260110910144,560.8310409510889,564.555808724764,483.77700739836695,551.6996051092997,564.555808724764
nrc_groeneveld_24579pt__9202,1244.0,1189.7127774992643,1296.8359306237846,1288.981216445216,1314.3134938264693,1349.2222516815395,1288.981216445216
nrc_groeneveld_24579pt__9742,332.0,608.6280847662935,416.1670812356227,412.00309974098553,657.4023445302633,626.6512734677336,412.00309974098553
nrc_groeneveld_24579pt__20954,1819.0,1789.1939479889115,1714.9371437079774,1774.6499480564896,1638.1834755742937,1766.7955640768898,1774.6499480564896
nrc_groeneveld_24579pt__18458,1151.0,1307.3788956651817,1166.13835674584,1196.815513201752,1341.3719156335305,1256.4190547561661,1196.815513201752
nrc_groeneveld_24579pt__1461,974.0,1099.8363112382672,1014.4660974231776,1016.3142185613865,1045.4302436722828,1102.7515514196766,1016.3142185613865
nrc_groeneveld_24579pt__6280,9370.0,7105.560689229927,8787.525818236905,8850.2722449932,6099.206161621953,8336.429439794118,8850.2722449932
nrc_groeneveld_24579pt__13723,2214.0,2088.016205398867,2282.93156367497,2711.6072813504525,1653.3930541279155,1869.6975874319737,2711.6072813504525
nrc_groeneveld_24579pt__14767,545.0,509.78840127950446,514.6184789250509,501.2521716875462,495.91359228216794,496.92361289170407,501.2521716875462
nrc_groeneveld_24579pt__7967,2651.0,2196.255991721435,2405.8848975673186,2394.995268270163,1990.1770027216696,2276.019267319829,2394.995268270163
nrc_groeneveld_24579pt__11684,3846.0,4446.075419896183,3692.2119483268184,3649.1585470391205,3612.6006216122496,3561.694042934111,3649.1585470391205
nrc_groeneveld_24579pt__23857,7010.0,8161.745189129813,7257.137033995859,7532.437894643622,6850.828192310285,7679.942290376138,7532.437894643622
nrc_groeneveld_24579pt__10583,295.0,402.0168996628253,492.6151740116865,456.6155558829548,416.22356288111,369.66096553126397,456.6155558829548
nrc_groeneveld_24579pt__9993,396.0,405.7166033219362,430.64785341183017,439.7453389046344,361.38182303299334,372.1891685948026,439.7453389046344
nrc_groeneveld_24579pt__6671,247.0,251.15891681026548,264.9948977117287,254.76451374444184,269.3814232608489,265.96753836832653,254.76451374444184
nrc_groeneveld_24579pt__9120,8032.0,5044.18239527293,7277.4375186487805,7863.734256318438,5194.148255911308,6122.690136596163,7863.734256318438
nrc_groeneveld_24579pt__5686,2310.0,2330.1439950605554,2354.477615704815,2313.214589348417,2328.8516061053947,2359.269252243438,2313.214589348417
nrc_groeneveld_24579pt__12334,3826.0,3997.2573431771348,4274.840442899039,4058.85660220544,4127.178881895972,3767.796416764042,4058.85660220544
nrc_groeneveld_24579pt__21629,970.0,610.8566805666386,725.2232972649167,665.0717853572835,671.3566498371139,549.9875268404816,665.0717853572835
nrc_groeneveld_24579pt__21942,2524.0,2178.7449950349583,2634.9638115126863,2789.062750659019,2158.2164252575985,2326.8189688240554,2789.062750659019
nrc_groeneveld_24579pt__11928,519.0,548.9228749154698,446.99953250504245,469.13350089650993,606.5281843900655,632.3070476118696,469.13350089650993
nrc_groeneveld_24579pt__23039,523.0,354.75820529812563,302.9637187606933,266.49966832338527,407.7586804484051,403.2390068491992,266.49966832338527
nrc_groeneveld_24579pt__5604,3285.0,2871.2129746494506,3213.5260481060304,3171.66586242809,2773.211638025377,2987.00801714511,3171.66586242809
nrc_groeneveld_24579pt__3705,754.0,739.7196811244871,774.2474564400449,728.2782189479407,818.7190492940088,723.0755389183605,728.2782189479407
nrc_groeneveld_24579pt__3984,2520.0,2032.8424945377126,2307.046090130083,2248.8974345002116,1676.8298289694885,1633.3618585556924,2248.8974345002116
nrc_groeneveld_24579pt__9379,561.0,618.2817001575629,569.4615450707988,577.2196331912884,575.6203601614178,562.5669559664076,577.2196331912884
nrc_groeneveld_24579pt__7026,2596.2,2442.7630182642883,2721.9719228551853,2117.7784656912095,1999.749582775638,2168.6209617334393,2117.7784656912095
nrc_groeneveld_24579pt__5410,3540.0,2899.997201991408,2781.6131148262198,2746.59605686488,2265.7202336565742,2990.3413767588036,2746.59605686488
nrc_groeneveld_24579pt__20339,1320.0,1440.6850204162401,1301.7626951207449,1457.8101449251537,1624.6630014322445,1499.1143791425386,1457.8101449251537
nrc_groeneveld_24579pt__8540,347.0,432.33284275094303,407.7245183944925,391.3991783623926,396.84895692261034,376.752750693813,391.3991783623926
nrc_groeneveld_24579pt__21242,544.0,402.2453491531948,498.0995724231308,423.563572219383,393.8304787446221,414.6703074898683,423.563572219383
nrc_groeneveld_24579pt__16560,2313.0,2349.199718323626,2250.173668441925,2178.5330737052614,2405.54234585667,2576.3288700919315,2178.5330737052614
nrc_groeneveld_24579pt__7077,1921.2,1922.7431770387782,1863.9581615867378,1879.2498530532582,2134.1171469521614,1837.6538812582498,1879.2498530532582
nrc_groeneveld_24579pt__19784,1400.0,1608.4907075677995,1469.3313177505356,1415.8622382573817,1338.9197209093056,1468.721366938863,1415.8622382573817
nrc_groeneveld_24579pt__3087,2084.0,2011.1831839435988,2049.0687331834506,1964.7757890110172,2125.2154750845893,1983.8403209495962,1964.7757890110172
nrc_groeneveld_24579pt__3738,2013.0,1865.0409226737045,2029.16135252581,2035.8722029165685,1531.8250556650546,1491.1919297375284,2035.8722029165685
nrc_groeneveld_24579pt__652,1477.0,1450.1875817681034,1360.5824795306075,1483.7219507481354,1084.5584929340134,1317.1134542533312,1483.7219507481354
nrc_groeneveld_24579pt__10317,323.0,479.6129710073718,450.46299130310075,404.0456556591161,518.3633673296034,448.2360703565743,404.0456556591161
nrc_groeneveld_24579pt__20666,681.0,570.7672862813752,609.8013759479411,593.3820930396812,464.6106501404264,467.89073023227076,593.3820930396812
nrc_groeneveld_24579pt__4193,1797.0,1753.567375738321,1751.1782141331196,1816.6113306409363,1396.96085434259,1575.1606442986447,1816.6113306409363
nrc_groeneveld_24579pt__6983,2111.46,2481.8834769167197,2149.0818275329634,2168.4924971497794,2231.6436595170003,2577.0487340823897,2168.4924971497794
nrc_groeneveld_24579pt__12615,1651.0,1866.219676185245,1791.7936510297063,1516.2981759075153,1449.1727334124914,1577.218636272794,1516.2981759075153
nrc_groeneveld_24579pt__12217,488.0,497.21518648019867,390.0517867913516,395.616239270396,541.9432295011188,493.3630245706097,395.616239270396
nrc_groeneveld_24579pt__23342,1463.0,1313.9812592237313,1448.622500707777,1378.7785521107542,1147.5722273710621,1367.7068264072122,1378.7785521107542
nrc_groeneveld_24579pt__12103,1545.0,1468.847642219261,1344.495745275967,1590.762123095208,1347.5076813859089,1265.1518543106824,1590.762123095208
nrc_groeneveld_24579pt__11532,2376.0,2532.4401803263268,2526.003293985937,2331.409151755964,2257.1294091104373,2319.5295801397897,2331.409151755964
nrc_groeneveld_24579pt__15808,1628.0,1861.3076159594711,1641.7630771902293,1707.0696801634413,1321.388447898759,1756.670379511663,1707.0696801634413
nrc_groeneveld_24579pt__10396,5664.0,5179.183041314241,5881.459986573348,6165.619740084734,4698.410293026538,5730.8346561782655,6165.619740084734
nrc_groeneveld_24579pt__2783,1439.0,1406.8266773942867,1443.7917968647128,1344.8937160912328,1519.3255273669993,1293.620105416736,1344.8937160912328
nrc_groeneveld_24579pt__19292,2672.29,2568.3595085054603,2502.6926240813127,2910.8568460106403,2184.607901812068,2432.9727086333874,2910.8568460106403
nrc_groeneveld_24579pt__11345,2134.0,1907.55223265343,1994.4283897298792,1837.814981531824,1815.7141718249597,1775.431257482194,1837.814981531824
nrc_groeneveld_24579pt__21463,520.0,614.0981797628734,498.17632005433455,479.83349397612216,593.5749177147437,475.6589869361378,479.83349397612216
nrc_groeneveld_24579pt__2834,2490.0,2325.368565588802,2450.52784972093,2367.606289448163,2272.830331504698,2280.8998342616424,2367.606289448163
nrc_groeneveld_24579pt__16934,3802.0,3608.8297529791644,3565.355491519937,3611.5389295640493,3270.331176815063,3707.3446992273707,3611.5389295640493
nrc_groeneveld_24579pt__2059,992.0,1067.8496191483578,997.0260939489433,1031.874985678826,1123.6656771820628,1056.4530593422671,1031.874985678826
nrc_groeneveld_24579pt__21298,1029.0,640.8243433158628,768.8818971021909,798.582509207411,668.4114399543987,730.4413585935637,798.582509207411
nrc_groeneveld_24579pt__18322,2192.0,2606.4287052695427,2248.1050756368995,2263.290947665297,2486.9645634399935,2650.5868848266655,2263.290947665297
nrc_groeneveld_24579pt__11979,474.0,637.812463360394,581.5934237852365,582.1739239463772,688.5657891501568,672.8653620647672,582.1739239463772
nrc_groeneveld_24579pt__5810,5330.0,4584.729719962314,4798.510805960102,4930.869216947208,4285.010089085418,4660.8002484816625,4930.869216947208
nrc_groeneveld_24579pt__20776,614.0,757.6695510133087,839.2279936482726,810.4444306598275,831.7119610261868,757.0765658050134,810.4444306598275
nrc_groeneveld_24579pt__18049,536.0,633.9329037996621,621.0964515823975,582.906706238658,611.854900804557,596.4038127984911,582.906706238658
nrc_groeneveld_24579pt__21839,300.0,276.61318294826407,273.96100067784965,285.5446530943981,346.520384383267,281.684122034938,285.5446530943981
nrc_groeneveld_24579pt__4455,1122.0,1027.8200523554706,1142.3362242205906,1060.7444096299962,1350.7427582433704,1138.3034122693298,1060.7444096299962
nrc_groeneveld_24579pt__7223,1407.0,1393.1189184884543,1439.5089054791026,1521.9834593336846,1630.2414084645532,1518.2951777635585,1521.9834593336846
nrc_groeneveld_24579pt__5324,2025.0,1738.142757714227,2044.708371778565,2127.088440251396,1656.652617267023,1791.2960607597734,2127.088440251396
nrc_groeneveld_24579pt__9492,914.0,966.8445439345147,938.145114568262,851.7454892682395,1063.0307551622059,1009.3204589887937,851.7454892682395
nrc_groeneveld_24579pt__20798,1440.0,1207.848390867743,1019.2066771671274,1215.486789993394,1115.2436693790962,1160.7191127911162,1215.486789993394
nrc_groeneveld_24579pt__2856,1475.0,1476.1108369753563,1497.348428876656,1566.7929889441475,1614.9101650780804,1495.4416275990511,1566.7929889441475
nrc_groeneveld_24579pt__11849,732.0,707.0191097709085,715.4135088665483,747.6105776206073,617.5165452370763,658.4228951324129,747.6105776206073
nrc_groeneveld_24579pt__8203,683.0,774.0059861262333,715.0557288171168,651.5217016454218,702.249338875121,719.0885375828971,651.5217016454218
nrc_groeneveld_24579pt__17905,1419.0,1621.3303261144365,1559.4195632668777,1447.6074109879598,1660.864616436109,1651.9725325832953,1447.6074109879598
nrc_groeneveld_24579pt__20524,938.0,911.1741726006031,1042.5468559017627,1010.7490575219283,942.0801891560153,970.1893262435724,1010.7490575219283
nrc_groeneveld_24579pt__8413,7445.0,5478.333537814471,7019.253535779868,6994.450266965416,6234.1192682850815,6004.558047910871,6994.450266965416
nrc_groeneveld_24579pt__16137,1580.0,1515.2927559733942,1379.0845944435637,1398.1198288170774,1626.6900424622193,1743.9562668046015,1398.1198288170774
nrc_groeneveld_24579pt__21368,1823.0,1540.4408690556845,1650.767406983174,1617.3206977946425,1074.6465119486907,1326.7518320075878,1617.3206977946425
nrc_groeneveld_24579pt__252,3811.0,3898.6633503613957,3765.4131953480633,3814.9656825863563,3747.111018908999,3950.886602238017,3814.9656825863563
nrc_groeneveld_24579pt__4950,2492.0,3401.2953721645313,3044.8994899228896,2761.48068962264,3181.6051561570753,3418.307199324734,2761.48068962264
nrc_groeneveld_24579pt__17437,315.0,550.8111894762984,401.69029477451306,465.4346835504958,578.7162325805447,552.9134741532113,465.4346835504958
nrc_groeneveld_24579pt__6661,393.0,379.6833140941084,400.60277383766123,426.1037262309428,444.38114098002205,418.1860668754127,426.1037262309428
nrc_groeneveld_24579pt__5232,1498.0,1481.7138329305012,1399.6153817955392,1345.6893658664253,1040.20295740682,1193.0611191290538,1345.6893658664253
nrc_groeneveld_24579pt__15291,799.0,1026.1574477605852,831.03308935467,796.0066556051881,929.9580293758717,874.4996328043388,796.0066556051881
nrc_groeneveld_24579pt__20198,2190.0,1882.4285046465545,2161.872210757017,2229.553519199003,2025.4710461048194,2053.1255719376936,2229.553519199003
nrc_groeneveld_24579pt__5397,2642.0,2557.80401078076,2604.7755892180076,3581.447467425543,2234.4844605128774,2702.8380073945273,3581.447467425543
nrc_groeneveld_24579pt__15032,120.0,181.89996341544693,129.61631047104459,118.89379369292463,134.08750714150207,34.546676994790026,118.89379369292463
nrc_groeneveld_24579pt__18445,2962.0,3028.9561032392016,2912.1478255948446,2805.4106494679827,2327.6130831137557,2782.451621594198,2805.4106494679827
nrc_groeneveld_24579pt__12971,1202.0,1300.0148420854016,1169.9176238384275,1109.3539066711437,1220.0012412494957,1291.5296856505834,1109.3539066711437
nrc_groeneveld_24579pt__8302,1188.0,1126.2037413737048,1209.7155345026235,1045.360421698215,1069.43248625494,1074.5512866941358,1045.360421698215
nrc_groeneveld_24579pt__18387,1273.0,1090.6406167971795,1177.1919495546967,1146.709095010842,886.1479055825894,1011.4644528561605,1146.709095010842
nrc_groeneveld_24579pt__1974,1518.0,1429.5050230954391,1910.155390277313,1651.2534710862851,1474.3440679236887,1572.9044093910506,1651.2534710862851
nrc_groeneveld_24579pt__19464,1467.0,1809.3516004901858,1615.3312831455858,1612.1245028855087,2505.5371908030284,1772.5095999463147,1612.1245028855087
nrc_groeneveld_24579pt__20420,2620.0,2524.655554522313,2835.6667948994113,2858.3383166113786,2426.645224290275,2578.6703538829374,2858.3383166113786
nrc_groeneveld_24579pt__22692,1153.0,1277.4745711860785,1277.3667708889386,1160.9243792317995,974.8454956449283,1241.134439410931,1160.9243792317995
nrc_groeneveld_24579pt__7467,2287.0,1620.0990544506742,2146.579121507478,1964.1358773890372,1823.69178246488,1853.3056739512883,1964.1358773890372
nrc_groeneveld_24579pt__10598,557.0,460.20272073706957,370.9511021805201,442.26687677463053,507.09812179428184,457.54148200135353,442.26687677463053
nrc_groeneveld_24579pt__17753,1462.0,1238.6725958022323,1380.502912294809,1399.0766656624014,1145.627722573925,1292.6674634200199,1399.0766656624014
nrc_groeneveld_24579pt__9831,672.0,690.1024668237538,764.316526201636,735.7267140367215,719.2860866151518,671.2748323561182,735.7267140367215
nrc_groeneveld_24579pt__16239,2792.0,2746.9697094736575,2703.158019658086,2631.58836517581,2245.1632485427067,2616.396733107466,2631.58836517581
nrc_groeneveld_24579pt__16153,2484.0,2461.2411706177104,2493.32019051694,2568.852316909727,2350.0325222387755,2844.1898804943817,2568.852316909727
nrc_groeneveld_24579pt__2840,2027.0,2065.5377154445277,2092.6848639638342,2162.2565888621325,2049.430299403477,1999.8625250663554,2162.2565888621325
nrc_groeneveld_24579pt__17962,2995.0,2597.9382970418314,2672.5589838359633,2756.280580397403,2328.3215020154444,2524.3084072940387,2756.280580397403
nrc_groeneveld_24579pt__1092,573.0,596.8109196294848,595.5014179763405,585.4476505975997,731.985463294431,513.1765890826108,585.4476505975997
nrc_groeneveld_24579pt__12476,1581.0,1705.2390699101957,1402.9210397542256,1647.5028272621907,1734.8969199691883,1670.0554415247548,1647.5028272621907
nrc_groeneveld_24579pt__3239,4245.0,3511.2048738037824,3694.464937160822,3697.2681154198403,3034.2581076251768,3363.0945806270342,3697.2681154198403
nrc_groeneveld_24579pt__1638,3490.0,3313.4933974786322,3623.8638451058982,3873.111602499432,3609.245198402498,3846.316415248893,3873.111602499432
nrc_groeneveld_24579pt__24477,4275.3,4314.5273286834545,3620.5040697475984,3938.384209303857,4829.892906573858,3956.348797038505,3938.384209303857
nrc_groeneveld_24579pt__17691,2628.0,3013.2817901556477,2584.3112876980335,2900.2690128715476,2580.674819565346,2798.5484367688323,2900.2690128715476
nrc_groeneveld_24579pt__2529,1996.0,2083.0650911960543,1993.5076495936455,2077.821493435072,2138.7420705810805,1938.3962004250197,2077.821493435072
nrc_groeneveld_24579pt__1233,737.0,703.7502795657616,730.8804096344869,736.5664123225141,759.2755254664128,701.4717386711701,736.5664123225141
nrc_groeneveld_24579pt__20464,2960.0,2906.858397220687,2886.727874486097,2667.334838146764,2590.8460335768887,2768.7342723489714,2667.334838146764
nrc_groeneveld_24579pt__17163,1623.0,1519.999097952765,1720.213443492272,1656.8133915139188,1574.2770818960787,1648.8541309196683,1656.8133915139188
nrc_groeneveld_24579pt__473,488.0,611.027349260247,534.3162834225169,551.4141687669319,559.2090138627397,594.4334808483619,551.4141687669319
nrc_groeneveld_24579pt__1021,1784.0,1834.2369041570573,1782.0745260351043,1888.6103354263237,2173.2093065829704,2054.9449102213816,1888.6103354263237
nrc_groeneveld_24579pt__6017,2440.0,2408.775230924179,2384.246139814698,2430.953847556102,2406.466649767074,2446.6830597441094,2430.953847556102
nrc_groeneveld_24579pt__15972,97.0,143.04774589435914,94.79872577121682,95.67548746048429,154.31781016382385,116.60783602392377,95.67548746048429
nrc_groeneveld_24579pt__13517,2065.0,1816.6197418647046,2212.5413429635705,2211.8817633954027,1720.2841884220093,1853.8117720149241,2211.8817633954027
nrc_groeneveld_24579pt__23931,1909.0,1383.704671939172,1905.8450702245623,2066.6524200227877,1594.9149082541276,1450.409221953596,2066.6524200227877
nrc_groeneveld_24579pt__5789,3510.0,2970.6736973027837,3598.7495507374947,3983.1266861458894,2962.38362247726,3430.5239071470096,3983.1266861458894
nrc_groeneveld_24579pt__10001,496.0,513.6739807239089,478.160829572658,495.2666887282405,446.11108044611274,501.48293865702965,495.2666887282405
nrc_groeneveld_24579pt__15105,2290.0,2008.882014794309,2253.935521903986,2128.4073214363566,2281.8634562201305,2215.1162924133732,2128.4073214363566
nrc_groeneveld_24579pt__14328,1903.0,1777.7173133368487,1981.1214310876937,1838.5461807183362,1776.0116431520182,2400.903017652086,1838.5461807183362
nrc_groeneveld_24579pt__507,721.0,902.3420248639972,802.4913688693883,782.9047719833567,734.2960848547868,851.8174582147444,782.9047719833567
nrc_groeneveld_24579pt__21762,640.0,598.6251944266953,596.3058370998438,577.9283556883337,555.1133074461488,555.8129755864047,577.9283556883337
nrc_groeneveld_24579pt__22824,434.0,487.35586584542983,522.0229648209961,422.80458987118163,655.6874797086728,638.458168921306,422.80458987118163
nrc_groeneveld_24579pt__13606,1597.0,1207.226595033527,1490.3359778727038,1520.222596388541,1193.6700322106585,1248.424366443288,1520.222596388541
nrc_groeneveld_24579pt__10550,383.0,401.941414708984,299.22896192874384,318.1715780778811,372.7736644595964,348.9426072940112,318.1715780778811
nrc_groeneveld_24579pt__21331,1574.0,1784.6371720625582,1666.991851797631,1628.5617376573482,1252.3666172399037,1687.7592674704033,1628.5617376573482
nrc_groeneveld_24579pt__10350,303.0,437.50727301231956,355.13285132570894,354.7507414670971,451.27418348801456,396.3168872332357,354.7507414670971
nrc_groeneveld_24579pt__7864,983.9,986.2152196751586,905.3323614354796,972.6129552073186,1021.0046902542892,1074.3223032783162,972.6129552073186
nrc_groeneveld_24579pt__23783,687.0,953.6099504619029,708.2388928272104,836.5950996502354,1069.4738273580917,981.6688573161111,836.5950996502354
nrc_groeneveld_24579pt__18111,2020.0,2137.790893153315,1876.1640641749573,2082.9022142977246,2279.7590451336846,2253.9408483926313,2082.9022142977246
nrc_groeneveld_24579pt__23903,736.0,499.979123024714,733.7012787824613,686.7548595213657,423.4477719058371,500.89796510795424,686.7548595213657
nrc_groeneveld_24579pt__19702,4300.0,3936.6920830090257,4558.625202900813,4805.352733974232,4319.875459047486,4598.353950562921,4805.352733974232
nrc_groeneveld_24579pt__5968,2910.0,3122.068618508717,2872.892948648985,2852.345634747232,3218.113948358511,3278.114307662531,2852.345634747232
nrc_groeneveld_24579pt__23068,737.0,807.8585146273588,931.6253789464176,847.209293733416,1050.3180522970124,919.5364134282363,847.209293733416
nrc_groeneveld_24579pt__24381,576.0,482.3355274627016,568.1901183302348,530.2935480012933,459.9786124482673,499.8750404455301,530.2935480012933
nrc_groeneveld_24579pt__6790,252.0,260.84328868212714,256.907951924491,262.62431754622276,242.84861775289988,226.59060339115294,262.62431754622276
nrc_groeneveld_24579pt__2402,1985.0,2024.9890598145082,1994.5590527076222,2056.0282690661024,1874.5895435806551,1928.7078237482458,2056.0282690661024
nrc_groeneveld_24579pt__14524,1590.0,1480.2348883381678,1636.846972957668,1691.8943285467917,1393.3967167772487,1836.7179755515062,1691.8943285467917
nrc_groeneveld_24579pt__15211,1330.0,1316.4808797827916,1382.2550717562021,1416.8838308649479,1236.4190069302201,1276.4375870642016,1416.8838308649479
nrc_groeneveld_24579pt__8889,4165.0,3289.3797989369345,3755.8443917377876,3775.63017638854,3038.9444480009774,3492.8978117333704,3775.63017638854
nrc_groeneveld_24579pt__6647,313.0,285.90029671566526,307.1120539762374,314.20856476368544,342.31314648932135,322.21189837068295,314.20856476368544
nrc_groeneveld_24579pt__15610,1524.0,1608.6082060287736,1568.6461022161043,1568.4222805178456,1392.1874509580289,1487.214364497724,1568.4222805178456
nrc_groeneveld_24579pt__22205,892.3,646.0175953088004,841.8774570606104,790.6263790390037,715.0547546106213,826.4817611763139,790.6263790390037
nrc_groeneveld_24579pt__23285,771.0,620.6934669763995,696.0119684215231,635.3866280110168,670.9435597837088,602.9052811579039,635.3866280110168
nrc_groeneveld_24579pt__9007,440.0,666.799778065928,630.5815071149445,591.729527622184,791.4588402941705,661.4286581646847,591.729527622184
nrc_groeneveld_24579pt__5206,1964.0,2257.2542598819127,2207.635104051559,2451.339261292085,2207.109240495406,2292.997850341405,2451.339261292085
nrc_groeneveld_24579pt__20299,1330.0,1145.692866226169,1200.1977344739782,1186.3417955466339,1069.1800377792683,926.8888577070084,1186.3417955466339
nrc_groeneveld_24579pt__6417,2977.9,2665.9572616765677,2698.435623661711,2921.3233506279603,2435.4375370173248,2744.278214751697,2921.3233506279603
nrc_groeneveld_24579pt__639,697.0,652.6806267378792,620.3537534331504,648.8834429384473,610.219176173489,713.1088112834802,648.8834429384473
nrc_groeneveld_24579pt__7186,1955.9,1906.2759591474967,1829.0095859873757,1817.6253216581665,1918.7341020715326,1875.4366270198605,1817.6253216581665
nrc_groeneveld_24579pt__17751,1548.0,1369.670604224909,1522.3920766163567,1558.931962945816,1177.6245463777993,1377.2122119622823,1558.931962945816
nrc_groeneveld_24579pt__7318,675.3,1036.6176117372804,659.4687287407761,791.0070937528228,947.1499142743427,833.2591737485915,791.0070937528228
nrc_groeneveld_24579pt__23806,2561.0,2475.143695867591,2744.8099863090247,2663.8727267856807,2390.830089673232,2988.613593650805,2663.8727267856807
nrc_groeneveld_24579pt__19981,2120.0,2606.7217306709204,2335.7617131728116,2362.068063943354,2558.197698049039,2647.398950838179,2362.068063943354
nrc_groeneveld_24579pt__9844,2476.0,2481.4270670040455,2514.4677972943764,2308.210782506557,2209.0655586845705,2312.8782752531124,2308.210782506557
nrc_groeneveld_24579pt__9525,953.0,806.1785203783423,906.6764934835717,784.9189603200908,919.2101213402525,839.2809851948799,784.9189603200908
nrc_groeneveld_24579pt__16534,3054.0,3394.9344240640607,3022.936338094344,2881.5453774405196,3535.6046854494675,3766.0738907649784,2881.5453774405196
nrc_groeneveld_24579pt__23608,904.0,1021.9777267984645,990.4636094166152,1120.024634589015,958.9205166206044,1297.299290525101,1120.024634589015
nrc_groeneveld_24579pt__17271,1158.0,1240.10909330927,1213.3126325712392,1318.8858665340524,1219.9692352587365,1247.262361805081,1318.8858665340524
nrc_groeneveld_24579pt__21083,656.0,569.3624476104579,534.8190864983051,566.4929747742495,649.0130999232356,592.2238535396631,566.4929747742495
nrc_groeneveld_24579pt__21603,990.0,643.0967137558843,589.7585074468201,609.4363833513548,693.0430547446969,593.1026563830665,609.4363833513548
nrc_groeneveld_24579pt__24441,550.0,585.5150973393836,634.2955017921786,630.7903029730112,635.7629438832956,603.1166175688246,630.7903029730112
nrc_groeneveld_24579pt__23410,1076.0,1117.6255873567115,1002.7467978508015,1060.3259937543737,957.2799984491506,1151.8518288384028,1060.3259937543737
nrc_groeneveld_24579pt__6455,2662.5,2553.160674705044,2595.901519659041,2745.3049631015524,2144.22477495373,2241.9497696577464,2745.3049631015524
nrc_groeneveld_24579pt__7076,1684.6,1725.0425708191667,1727.9971599478051,1726.7761307855474,2037.756558198154,1706.5236257207553,1726.7761307855474
nrc_groeneveld_24579pt__15001,115.0,152.5504152665674,125.87964034343638,146.8379239795223,82.6758537802755,159.45931335310544,146.8379239795223
nrc_groeneveld_24579pt__659,393.0,440.97396652419104,375.1453068510036,362.9633643313446,446.70749687624243,469.64546517940624,362.9633643313446
nrc_groeneveld_24579pt__19381,743.1,838.939721459287,738.9516052635701,753.2902031546826,660.0680989223033,845.0527374849316,753.2902031546826
nrc_groeneveld_24579pt__21495,760.0,728.7383460373088,777.5394498828578,765.7348375009838,786.5636648914228,682.3307668530109,765.7348375009838
nrc_groeneveld_24579pt__23017,717.0,710.711787645735,724.727736283141,688.8679098130001,725.0754763898394,766.6649932277021,688.8679098130001
nrc_groeneveld_24579pt__9515,393.0,632.3971559883339,493.87640276277676,563.1515372728147,706.4793120246987,622.668681707653,563.1515372728147
nrc_groeneveld_24579pt__11992,136.0,241.7551382475683,203.80252392658647,211.05107836287152,216.45294096396185,228.6901785431176,211.05107836287152
nrc_groeneveld_24579pt__23443,1069.0,926.6484131534086,952.6685568487823,888.799724318722,786.6656790727001,852.464114435787,888.799724318722
nrc_groeneveld_24579pt__24201,280.0,281.73901001842614,278.6311241598273,279.5431879090011,400.7475719747609,250.7551507031409,279.5431879090011
nrc_groeneveld_24579pt__20955,1730.0,1687.3167520823583,1623.5207200290672,1695.9041575347508,1575.105307815164,1681.7383111528038,1695.9041575347508
nrc_groeneveld_24579pt__3304,3036.0,2867.801155863436,3224.8295235347005,2829.947178207368,3235.340815820909,3112.150372642709,2829.947178207368
nrc_groeneveld_24579pt__15217,1442.0,1354.6945361686855,1418.7468800728593,1413.962938684224,1249.2814371726192,1295.4073284859357,1413.962938684224
nrc_groeneveld_24579pt__11740,1418.0,1420.1220308827576,1332.0873994871563,1317.1034226551951,1294.8901070095392,1257.1015027298981,1317.1034226551951
nrc_groeneveld_24579pt__14320,875.0,831.8646838149365,897.9449299456239,856.0957744084416,765.6452751428191,884.3911804579808,856.0957744084416
nrc_groeneveld_24579pt__23797,1896.0,1719.4248161302653,1796.3385167793647,2015.739605288241,1665.1318382861018,1866.697352916632,2015.739605288241
nrc_groeneveld_24579pt__16906,2988.0,3377.476200516056,2899.939250846537,2996.4371461696514,2851.6865163811967,3213.264082900141,2996.4371461696514
nrc_groeneveld_24579pt__19122,9568.0,9171.708081935223,9906.472220667358,9984.88000312801,9193.126451433413,10221.884326248997,9984.88000312801
nrc_groeneveld_24579pt__8857,2373.0,2453.9268303174526,2542.9521528069595,2495.2922613770434,2771.140305691654,2764.246811379693,2495.2922613770434
nrc_groeneveld_24579pt__5411,3630.0,3112.4271682499725,3100.968155223449,3760.49465641644,2359.061017002249,3093.1751717970164,3760.49465641644
nrc_groeneveld_24579pt__2440,2995.0,3169.4529084493884,3112.306409400516,2978.7850306529567,3093.985425838516,3045.476894616924,2978.7850306529567
nrc_groeneveld_24579pt__10671,2662.0,2333.778353754388,2573.3219771934264,2520.1342710243475,2181.684703309149,2233.391044932475,2520.1342710243475
nrc_groeneveld_24579pt__847,560.0,662.4067444813904,454.5699142943941,375.0524393345218,1552.2401884245883,1207.346951089931,375.0524393345218
nrc_groeneveld_24579pt__4396,326.0,289.0182697443147,324.53928428253704,328.527028172441,360.0656658200167,307.5559036759089,328.527028172441
nrc_groeneveld_24579pt__21186,1783.0,1878.60896931494,1865.0400184986443,1822.735077213593,1558.0021787324367,1690.268247607385,1822.735077213593
nrc_groeneveld_24579pt__11937,889.0,1004.0195092141275,1016.6122825164537,891.0612854165881,925.8212181469111,972.5573129916725,891.0612854165881
nrc_groeneveld_24579pt__6728,561.0,582.1780603066018,596.5123926097737,584.8882622316024,636.332694851099,658.9069357603945,584.8882622316024
nrc_groeneveld_24579pt__21920,2156.0,2073.876187235673,2130.8165629131418,2075.3638158263475,1935.7501125481974,1867.587141004325,2075.3638158263475
nrc_groeneveld_24579pt__22317,1553.6,2068.1353017475653,1531.605936686219,1687.6752797453764,1844.7467404648116,2168.348581384877,1687.6752797453764
nrc_groeneveld_24579pt__8160,1907.0,1858.7082026916999,2146.7043855242587,2166.587460818536,1872.4962926685662,1995.826376868945,2166.587460818536
nrc_groeneveld_24579pt__20796,1625.0,1530.2111393269079,1569.7209061628612,1576.6908916869309,1210.1324955106663,1354.9450443942728,1576.6908916869309
nrc_groeneveld_24579pt__1983,2015.0,1833.5153680647584,2254.2479881032673,2070.017026534208,1986.2578349978733,2233.6851735020114,2070.017026534208
nrc_groeneveld_24579pt__9196,2139.0,2267.746380206556,2227.515449953839,2052.3248197570206,2323.481104116937,2424.749294391344,2052.3248197570206
nrc_groeneveld_24579pt__17666,619.0,575.8723606519804,587.1495316887449,595.6276560645664,636.3259857736997,579.4485143804685,595.6276560645664
nrc_groeneveld_24579pt__21103,1186.0,1286.119167935551,1323.4882152312573,1316.972337138287,1043.6157581139403,1223.25581524856,1316.972337138287
nrc_groeneveld_24579pt__12646,811.0,806.9339776409295,825.8875561964779,828.7632339241908,769.848152466454,899.457236006631,828.7632339241908
nrc_groeneveld_24579pt__19691,4100.0,3489.9144441004387,3501.8680321255247,3700.0506592895326,3437.7553880520018,3863.760182454699,3700.0506592895326
nrc_groeneveld_24579pt__20912,2213.0,2097.929482143265,2071.601901667737,2035.957515994529,1830.2321769149378,2046.8898888742006,2035.957515994529
nrc_groeneveld_24579pt__15450,1954.0,2131.5561235712894,1901.2878503105237,2159.0273527057475,1945.5961964223984,1989.5782160792692,2159.0273527057475
nrc_groeneveld_24579pt__16002,264.0,278.8390321819269,257.27218758421407,250.82235060998468,347.92368461862435,281.16315263720827,250.82235060998468
nrc_groeneveld_24579pt__10286,1144.0,1068.343293667098,1202.9377616587897,1142.1370568217376,992.0500323438124,1005.248223222298,1142.1370568217376
nrc_groeneveld_24579pt__20550,1277.0,952.4428289612833,1197.0574078006418,1079.6018673759563,981.0893896430957,1008.234404734195,1079.6018673759563
nrc_groeneveld_24579pt__7836,1018.3,1025.5991507864624,1003.3061440864751,1026.0594017801095,1042.8993694731014,1026.473113008402,1026.0594017801095
nrc_groeneveld_24579pt__13290,2637.0,1690.582983325164,2387.7462133769186,2460.3645616470853,1730.5488539816238,1627.8966065560662,2460.3645616470853
nrc_groeneveld_24579pt__17977,1316.0,1593.9366406496702,1425.1777459965565,1406.8453999643004,1515.51506173804,1548.1030501586304,1406.8453999643004
nrc_groeneveld_24579pt__22350,4045.0,3638.847816193023,3213.418842039171,3405.348367669298,2910.2743378645473,3654.3716599016066,3405.348367669298
nrc_groeneveld_24579pt__13460,3137.0,2569.6861501520393,2918.6678427956485,2777.24255181573,2607.5771168836427,2845.793739591439,2777.24255181573
nrc_groeneveld_24579pt__18475,965.0,1000.5194576076584,894.6767735446784,928.6121992109491,1042.9523576693603,971.7881841401095,928.6121992109491
nrc_groeneveld_24579pt__18311,1259.0,1023.8004379568594,990.1758980930401,961.2283060455385,1056.2848618884125,1061.2064581686855,961.2283060455385
nrc_groeneveld_24579pt__1900,2012.0,1666.2154853476063,2030.605003434808,2029.0701558997296,1883.697897057651,2123.4860030024593,2029.0701558997296
nrc_groeneveld_24579pt__22602,1094.0,1186.3513906400642,1393.4937574852318,1000.8178238999633,1186.6026525772006,1106.7842644835284,1000.8178238999633
nrc_groeneveld_24579pt__8614,1661.0,1762.706008328705,1484.7242625468177,1260.1205860029831,1402.8862661280082,1542.1606595051194,1260.1205860029831
nrc_groeneveld_24579pt__12184,1974.0,1859.9157132327928,1836.6555234740956,1983.651877080408,1364.3023378475566,1588.691878999062,1983.651877080408
nrc_groeneveld_24579pt__14597,322.0,395.48674906442284,324.96210147036976,327.7124378514136,420.4044517926817,408.9242351490507,327.7124378514136
nrc_groeneveld_24579pt__23740,370.0,481.6252871444226,512.0431433829664,510.1623465799518,588.0895074144195,493.1693575004919,510.1623465799518
nrc_groeneveld_24579pt__13339,1335.0,1276.160859202446,1538.0541642568992,1527.1203645505261,973.5750894165785,923.1579586726517,1527.1203645505261
nrc_groeneveld_24579pt__15166,1790.0,1770.2198823372162,1871.8649864701954,1832.8659689848319,1543.8927137263586,1663.3150815186789,1832.8659689848319
nrc_groeneveld_24579pt__12747,382.0,489.24325215616096,577.4668404211536,548.1412865628677,401.3966892345928,540.548633972071,548.1412865628677
nrc_groeneveld_24579pt__22417,1499.0,1703.6493114419368,1597.8145016497556,1631.157557602627,1821.8623333464259,1866.8841586467674,1631.157557602627
nrc_groeneveld_24579pt__21773,1210.0,967.6397862400448,1040.5629964217164,1032.2777172998824,900.510321044491,887.7003136978059,1032.2777172998824
nrc_groeneveld_24579pt__12671,1574.0,1589.225495246224,1579.4631667512547,1587.0902396353501,1216.3586343059205,1417.7881598340389,1587.0902396353501
nrc_groeneveld_24579pt__16106,4251.0,3999.428882656258,3958.1705343570006,3919.106132199052,3664.1119105694174,4167.674155136888,3919.106132199052
nrc_groeneveld_24579pt__8305,1015.0,1083.5966589738864,1126.6228111187334,1040.4372491532763,1050.6803601227787,1054.0675861997902,1040.4372491532763
nrc_groeneveld_24579pt__20194,2860.0,2221.1973370736223,2606.4014093091255,2743.3571922576743,2166.0824262658075,2291.5043557346044,2743.3571922576743
nrc_groeneveld_24579pt__3102,2550.0,2349.3629285128013,2535.3933406164397,2435.8702318033725,2382.313396879105,1961.067565223576,2435.8702318033725
nrc_groeneveld_24579pt__4575,1451.0,1715.523533863307,1704.9355999320994,1654.3369418122427,1530.8489694322889,1638.5495790607727,1654.3369418122427
nrc_groeneveld_24579pt__11031,1160.0,1204.7637350850641,1136.134092012553,1146.5708404387137,1051.302653355228,1088.4374024695444,1146.5708404387137
nrc_groeneveld_24579pt__15837,697.0,654.393474590208,716.7518774636536,684.4705917438375,614.0228077076483,692.334660033098,684.4705917438375
nrc_groeneveld_24579pt__18341,1373.0,1226.0477703446222,1450.398293013529,1317.9189770069638,1424.720325766517,1469.6504052637047,1317.9189770069638
nrc_groeneveld_24579pt__9403,1540.0,2397.2903999382615,2481.708350355707,2466.157482472293,2535.767843590276,2414.4448621193283,2466.157482472293
nrc_groeneveld_24579pt__6565,2533.1,2544.0640836745574,2891.077126331131,2781.25958305065,3074.249805980784,2890.9171686322848,2781.25958305065
nrc_groeneveld_24579pt__6941,2709.8,2805.4972833549805,2315.530135774147,2419.7140636879826,2497.5931432683665,2655.599979651581,2419.7140636879826
nrc_groeneveld_24579pt__4420,176.0,226.35049870265408,254.20119855077638,253.13775981375804,286.54393700409076,225.22344551283936,253.13775981375804
nrc_groeneveld_24579pt__20402,3580.0,2909.7392230160203,3194.44644520059,3244.3039814271146,2890.239073297567,3136.34438182103,3244.3039814271146
nrc_groeneveld_24579pt__12469,902.0,933.2079417282245,921.5176677467327,845.2023191287698,823.5349838239663,884.4176818946349,845.2023191287698
nrc_groeneveld_24579pt__19370,567.1,662.7457059280788,619.0880477825647,634.3502104735522,668.9955888853548,670.6906924242727,634.3502104735522
nrc_groeneveld_24579pt__13905,1538.0,1479.3225453056834,1452.066376758811,1500.9200040844298,1354.8087881126246,1342.8169121600235,1500.9200040844298
nrc_groeneveld_24579pt__12744,494.0,532.0473734617362,488.39029618425724,531.0347230204261,407.405675923056,529.4152196260035,531.0347230204261
nrc_groeneveld_24579pt__23064,838.0,1101.2793567875606,1016.7175627117231,970.1942278401544,972.5672349606793,886.4717965178295,970.1942278401544
nrc_groeneveld_24579pt__12124,931.0,880.2363717536241,908.0877282009062,894.3984931660017,970.1316698203918,937.3825254238795,894.3984931660017
nrc_groeneveld_24579pt__17485,2533.0,2608.3146772652212,2386.4400322960178,2355.6533039839123,2777.382284294223,2802.6563189980693,2355.6533039839123
nrc_groeneveld_24579pt__10824,505.0,407.27409015050694,381.2174518192087,359.40921761943895,401.5267303015138,396.3981272438104,359.40921761943895
nrc_groeneveld_24579pt__1387,753.0,743.4259974015207,785.408514075262,766.6683581431237,753.3886681360373,768.644328723635,766.6683581431237
nrc_groeneveld_24579pt__6596,2580.5,2407.8645154906185,2631.5174846453597,2656.6118360637115,2390.911287499775,2393.3670402927737,2656.6118360637115
nrc_groeneveld_24579pt__10909,459.0,455.5699602021803,485.4999802723609,491.86239855792235,419.42644827470997,479.144277560552,491.86239855792235
nrc_groeneveld_24579pt__2697,1963.0,1668.7005435688936,1942.2337552485221,1821.5891033961952,1728.4963978988928,1648.0323630927878,1821.5891033961952
nrc_groeneveld_24579pt__8012,2709.0,2818.588637519043,2685.603151954237,2953.6253343027965,2391.0182776971974,2779.844707761744,2953.6253343027965
nrc_groeneveld_24579pt__20289,1040.0,1002.3357532374488,1046.8376061778326,987.7342167876798,979.7388243780371,844.0332553371236,987.7342167876798
nrc_groeneveld_24579pt__9332,288.0,334.67744347259423,342.13008399086675,329.7519000965137,327.4938405141686,246.5282708314352,329.7519000965137
nrc_groeneveld_24579pt__20520,1114.0,986.382699614514,1146.6019637280508,1040.6581842525839,988.4510336361858,1017.8013502142724,1040.6581842525839
nrc_groeneveld_24579pt__1860,772.0,748.8350461013054,772.0459955134429,760.3149947881246,776.1279383271183,708.528251621674,760.3149947881246
nrc_groeneveld_24579pt__1659,1987.0,1709.9488969640001,1990.9715039735636,1954.916241699656,1928.13135669203,1872.6938657266135,1954.916241699656
nrc_groeneveld_24579pt__5839,1990.0,1181.612454222424,1565.2196949324557,1498.7301638386955,818.417147504737,1222.3222646037793,1498.7301638386955
nrc_groeneveld_24579pt__15389,1258.0,1214.925805221782,1318.5050278016245,1276.42678324002,1277.2483785505497,1277.468928884692,1276.42678324002
nrc_groeneveld_24579pt__9054,1523.0,1752.7714501980968,1666.6432836157119,1459.877040254815,1416.2882891971342,1527.6099778963194,1459.877040254815
nrc_groeneveld_24579pt__8054,2546.0,2307.9189453829317,2260.4044259982265,2009.3768943772623,1942.8502137474868,2164.8171603000706,2009.3768943772623
nrc_groeneveld_24579pt__21459,580.0,594.2904499607955,502.9069312907015,481.24311371898995,585.6019820193619,466.2359585350646,481.24311371898995
nrc_groeneveld_24579pt__21684,530.0,378.91940186353213,358.25736891287704,371.1634952184998,368.82584345493933,320.0943982444802,371.1634952184998
nrc_groeneveld_24579pt__18419,1038.0,1111.9424461359777,1060.3755218381827,1043.9875140797174,1256.4749771068123,1155.1830246962109,1043.9875140797174
nrc_groeneveld_24579pt__14537,629.0,515.9756848305362,561.542954753306,499.2582291757714,526.3995617320347,527.5213895413002,499.2582291757714
nrc_groeneveld_24579pt__19817,1960.0,2153.9477982430476,2152.7825966317346,2022.5496232903004,2232.847581419805,2254.7599062165013,2022.5496232903004
nrc_groeneveld_24579pt__6576,3375.4,3130.837380949474,3442.3164975396244,3518.557634705597,3475.7943970990377,3395.157436604504,3518.557634705597
nrc_groeneveld_24579pt__13824,2987.0,2554.6944424741996,3036.68876027658,2955.61583708514,2190.482761050961,2432.3365146281526,2955.61583708514
nrc_groeneveld_24579pt__22555,2437.0,3222.224841766959,3332.784373057799,3084.0804721930526,3392.477817846471,3788.931552574007,3084.0804721930526
nrc_groeneveld_24579pt__20861,1328.0,1206.4207180005371,1059.0222982534756,1313.1323776216286,1114.9480732782492,1159.9772127033862,1313.1323776216286
nrc_groeneveld_24579pt__863,439.0,538.3557474683237,406.91291535459004,332.2521551605082,1150.8336430819672,971.2612840573065,332.2521551605082
nrc_groeneveld_24579pt__24546,2139.0,2085.181079066627,2097.4206732906614,2178.032822330768,1599.092461590156,2376.9625787779864,2178.032822330768
nrc_groeneveld_24579pt__7205,1580.5,1537.6336718853831,1586.2689014413752,1515.3345766149173,1681.436429428225,1536.6576390307816,1515.3345766149173
nrc_groeneveld_24579pt__12275,780.0,1134.122466317358,965.924501597909,1043.0382524075615,993.7425921838253,1083.3026703288951,1043.0382524075615
nrc_groeneveld_24579pt__4114,1691.0,1659.019616992888,1657.4328203133123,1746.768992366917,1316.8091607123372,1578.3289456036855,1746.768992366917
nrc_groeneveld_24579pt__13519,2264.0,2134.5161706923063,2257.276014004916,2300.286669600641,1806.916915600806,2011.4758106628324,2300.286669600641
nrc_groeneveld_24579pt__7087,2151.4,2030.4156960990322,2175.2245904624588,2135.2293516580316,2214.2719039366816,2108.408629919229,2135.2293516580316
nrc_groeneveld_24579pt__4204,2791.0,2515.644210290068,2827.403708476361,2900.097414918774,1995.2416395475545,2305.5337811572713,2900.097414918774
nrc_groeneveld_24579pt__13121,503.0,349.1622123545823,462.06623473197186,417.24585062758405,370.16146134869933,300.41883801487114,417.24585062758405
nrc_groeneveld_24579pt__6136,2685.8,2694.562474618568,2689.726010952881,2748.067108317215,2832.953922881762,2973.2665191487167,2748.067108317215
nrc_groeneveld_24579pt__7016,861.2,1098.9237002328823,1153.5117790763477,998.7521250204239,1316.2056319579665,1294.261150548792,998.7521250204239
nrc_groeneveld_24579pt__22586,2501.0,2335.130699093601,2514.0020655850553,2418.983765636513,2348.7266058730725,2570.878858914924,2418.983765636513
nrc_groeneveld_24579pt__22502,1015.0,1310.2435684975715,1327.9539174667627,1332.6497709288612,1300.910400704941,1352.4249368740407,1332.6497709288612
nrc_groeneveld_24579pt__4175,1179.0,1065.5466313036732,1118.6717569133427,1186.7207566882878,984.0570357031587,1068.8008957054892,1186.7207566882878
nrc_groeneveld_24579pt__1136,1199.0,1319.4382944275046,1169.7174845191753,1122.2568894645217,1536.221421371817,1356.5236625549062,1122.2568894645217
nrc_groeneveld_24579pt__17503,3166.0,3242.2825117448906,3515.9842348297398,3551.4939577531777,3595.195504892037,3717.528117864179,3551.4939577531777
nrc_groeneveld_24579pt__12598,1094.0,1164.1656128774578,1179.4144645542008,1090.686194198753,1138.318627999286,1210.6812927296235,1090.686194198753
nrc_groeneveld_24579pt__19253,1568.04,1778.3934966447414,1670.576961303962,1615.1465456709627,1633.1568806446658,1652.959551657863,1615.1465456709627
nrc_groeneveld_24579pt__5563,2295.0,1897.291112761773,2258.64086010038,2314.1493442221063,1168.4535376044842,1727.1617065269697,2314.1493442221063
nrc_groeneveld_24579pt__15116,1627.0,1472.498171347767,1512.3083585907605,1581.7838521933072,1507.0072960156851,1427.076642830121,1581.7838521933072
nrc_groeneveld_24579pt__10480,1221.0,1241.513091273179,1339.517906256392,1369.4991516211883,1676.6971298158821,1531.752469814849,1369.4991516211883
nrc_groeneveld_24579pt__13689,2719.0,2131.63705501374,2654.4097500636917,2488.176966207356,1609.6408732704986,1954.1694271698934,2488.176966207356
nrc_groeneveld_24579pt__16104,4357.0,4129.828421339187,4264.581162120548,4116.162470087818,3886.943686225483,4323.943433278451,4116.162470087818
nrc_groeneveld_24579pt__13044,395.0,500.9744622761319,417.55806559353897,436.6069104487927,494.1509172429326,425.4088959070465,436.6069104487927
nrc_groeneveld_24579pt__5533,2054.0,1532.2615114115865,1969.4056657108488,1978.4494615762264,1043.027934208535,1646.8713244526798,1978.4494615762264
nrc_groeneveld_24579pt__9019,881.0,916.9433839746634,881.8064072014467,786.3892664663872,922.5174466848928,829.9076432090671,786.3892664663872
nrc_groeneveld_24579pt__688,586.83,866.8141002555976,626.2407812165205,694.9920882028166,803.7703129011433,789.0058817063319,694.9920882028166
nrc_groeneveld_24579pt__6127,2487.1,2263.344995910476,2244.8424953797803,2188.8929837045844,2212.189055339885,2395.4872469330294,2188.8929837045844
nrc_groeneveld_24579pt__19241,946.5,1084.0806424372875,1011.0195501408521,1073.8921103324974,1245.0804254201428,1282.532989017329,1073.8921103324974
nrc_groeneveld_24579pt__7452,3116.0,2455.1084117473843,2708.333675800792,2898.8464641622086,2368.573511733332,2662.987606231702,2898.8464641622086
nrc_groeneveld_24579pt__18674,688.0,651.8893561680234,724.1105156613124,676.0112674864142,655.9915155081333,622.8697709951417,676.0112674864142
nrc_groeneveld_24579pt__15982,799.0,606.3076509001063,763.1729907909357,746.305103231012,813.7259681809671,717.4681812597634,746.305103231012
nrc_groeneveld_24579pt__20101,1500.0,1402.4058702701345,1379.1046702665208,1508.213406657128,1652.5298005346758,1541.6129934588823,1508.213406657128
nrc_groeneveld_24579pt__5421,1751.0,1559.1338206001144,1955.4386288970322,1653.6073415984447,1467.2293230811454,1679.1276941572908,1653.6073415984447
nrc_groeneveld_24579pt__12975,952.0,1155.4634525349209,1054.769663198962,1028.3045882196475,1011.5540451914051,1001.2391222662743,1028.3045882196475
nrc_groeneveld_24579pt__15256,2651.0,2841.8914982560746,2660.7001542911357,2859.658746684195,2657.8693663723834,2934.0033804314576,2859.658746684195
nrc_groeneveld_24579pt__3538,1642.0,1298.768782914084,1535.4842827681332,1566.1340920641571,981.9317128836437,1003.6520473845115,1566.1340920641571
nrc_groeneveld_24579pt__23743,833.0,750.5318599935324,829.6184238075423,884.5883038377032,818.2051715280796,964.4243567444776,884.5883038377032
nrc_groeneveld_24579pt__12588,630.0,697.623742831742,669.7002981511484,632.6984291854133,647.4474267145599,712.3051517605566,632.6984291854133
nrc_groeneveld_24579pt__14691,743.0,611.4297991290586,652.2691687171646,766.4067946999667,495.9668200782014,598.9212446570465,766.4067946999667
nrc_groeneveld_24579pt__3080,2059.0,1898.4521701424947,2020.090097768993,2007.5114385105178,1921.5255271534788,1566.7351291972911,2007.5114385105178
nrc_groeneveld_24579pt__19239,589.99,822.0551013998312,757.9142007003126,753.9507468219704,790.4152363169192,768.4299898675699,753.9507468219704
nrc_groeneveld_24579pt__9673,1616.0,1789.472404034639,2215.223843875282,2143.7921533094877,2194.0469754462893,1901.0454214532936,2143.7921533094877
nrc_groeneveld_24579pt__11852,653.0,612.1921002538678,587.1037252266426,598.1909166323193,595.4313007710707,590.5156259291732,598.1909166323193
nrc_groeneveld_24579pt__19322,873.94,1298.769172195403,873.4209554061898,834.5601408748125,1117.9090582942094,1228.834857867359,834.5601408748125
nrc_groeneveld_24579pt__9603,1163.0,1069.1139005065784,1217.2271002271182,1049.7947640626116,1326.112350353098,1285.7207831046705,1049.7947640626116
nrc_groeneveld_24579pt__12358,1186.0,1182.1989389593455,1204.507637111053,1251.0061820282208,1220.0260006225126,1251.593911382996,1251.0061820282208
nrc_groeneveld_24579pt__13356,2651.0,2201.020609176196,2489.403072815939,2670.7334348461013,2163.8810129400986,2322.7136918965316,2670.7334348461013
nrc_groeneveld_24579pt__10442,2337.0,2028.7287134935957,2415.956633522792,2194.07289045212,1572.2111136301362,1973.5652917116997,2194.07289045212
nrc_groeneveld_24579pt__5481,1721.0,1619.3796979022611,1662.1295979262927,1678.7019116998158,1632.753439931601,1505.0469800329845,1678.7019116998158
nrc_groeneveld_24579pt__6293,7670.0,7469.995761755032,7330.801738452183,7710.857956787205,6859.813730068862,6557.092585291169,7710.857956787205
nrc_groeneveld_24579pt__18180,2170.0,2202.4438555263273,2103.940218088985,1987.6783992820842,2344.758250946592,2596.127959932516,1987.6783992820842
nrc_groeneveld_24579pt__24511,2945.0,2250.002807470438,2581.9863743841374,2928.1750459241553,1666.6952440776445,2666.615372558335,2928.1750459241553
nrc_groeneveld_24579pt__10740,1186.0,949.9335143713557,1046.380341951394,993.2268760765987,803.5275488206121,935.5436946236256,993.2268760765987
nrc_groeneveld_24579pt__5677,2242.0,2013.0509354691596,2402.790395945493,2326.5460196474123,2079.34690607672,2116.116577977707,2326.5460196474123
nrc_groeneveld_24579pt__19951,2750.0,2675.436647769062,2522.7071233665292,2532.2802358089766,2383.785620449151,2603.977162601714,2532.2802358089766
nrc_groeneveld_24579pt__9369,575.0,493.6105999694937,560.2709428660909,520.1839915125908,437.4834323673595,388.8218045473358,520.1839915125908
nrc_groeneveld_24579pt__19083,9799.0,9188.359060234947,9338.422094366118,9465.42042222364,9642.685937252198,10306.485624978335,9465.42042222364
nrc_groeneveld_24579pt__7324,166.7,229.31490575970477,226.56438483870542,167.25869898290975,449.19668138961566,364.29266653459086,167.25869898290975
nrc_groeneveld_24579pt__18188,1655.0,1924.8080688629432,1709.4992063222676,1658.222660835281,2061.970103285382,1996.5073505290895,1658.222660835281
nrc_groeneveld_24579pt__5818,2080.0,1613.7155856848929,2062.375594731656,1908.259025220942,1125.6950403801459,1736.5260811343062,1908.259025220942
nrc_groeneveld_24579pt__20720,699.0,885.3533109710667,1049.8058289360022,922.9303188959209,936.7812252974851,891.7630099419482,922.9303188959209
nrc_groeneveld_24579pt__21503,800.0,800.0513984224909,711.2500646395446,737.7510797987626,813.6709462142852,711.2455901352627,737.7510797987626
nrc_groeneveld_24579pt__15840,1110.0,1040.1937714446867,963.8649184617806,1058.066134838013,816.3030576630238,979.9808387224882,1058.066134838013
nrc_groeneveld_24579pt__5664,4443.0,3800.6805192085794,3467.53105604203,4407.958276445749,3629.9943846688716,4169.110184966957,4407.958276445749
nrc_groeneveld_24579pt__4386,987.0,953.0265690325599,997.9419046634333,945.667938406689,682.573171182178,1005.8411429949451,945.667938406689
nrc_groeneveld_24579pt__17478,879.0,838.8562174604922,954.7043632739676,960.5512099235225,839.1568513250667,811.9509901872199,960.5512099235225
nrc_groeneveld_24579pt__20739,558.0,861.7929025931803,700.9110614201751,817.2638207565087,920.2791980370233,868.4122642511625,817.2638207565087
nrc_groeneveld_24579pt__23446,2000.0,1858.9699083505382,2108.3896297312176,2213.9849195564348,1727.9978656931812,1997.224124401701,2213.9849195564348
nrc_groeneveld_24579pt__8494,1085.0,1293.3796991335337,1283.7770462705964,1361.8682263242913,1323.472150190895,1348.1414158570092,1361.8682263242913
nrc_groeneveld_24579pt__18047,602.0,638.7491292171677,602.5706923369221,573.0175885817989,619.2343397457854,599.4654085022686,573.0175885817989
nrc_groeneveld_24579pt__6416,2829.7,2580.808380739047,2639.04581484356,2846.035907902106,2394.594163471623,2665.7299586731638,2846.035907902106
nrc_groeneveld_24579pt__665,617.0,689.2521280048339,611.6408806646882,643.4757206394482,684.6835218833114,778.283839185903,643.4757206394482
nrc_groeneveld_24579pt__14024,874.0,938.0996636430991,1019.8963210722483,1020.0111003576327,937.2129876725761,932.2656473678877,1020.0111003576327
nrc_groeneveld_24579pt__13930,1584.0,1380.1089143040979,1534.0653039653828,1565.4508376252925,1177.0007217128616,1506.7607849124988,1565.4508376252925
nrc_groeneveld_24579pt__21060,555.0,587.1455086836788,568.4250410710449,582.2919492956742,658.654800944847,614.6479211885832,582.2919492956742
nrc_groeneveld_24579pt__10924,738.0,739.0842438080011,649.2946359532389,637.256946441991,645.8578190232868,626.2677724289086,637.256946441991
nrc_groeneveld_24579pt__5378,989.0,810.3932157025891,1009.7963557592449,917.0663185477017,776.3180478659618,785.07385583469,917.0663185477017
nrc_groeneveld_24579pt__14325,1184.0,1086.6656432576713,1150.6372094929231,1144.7882644012175,885.1966174342388,1100.9796084794477,1144.7882644012175
nrc_groeneveld_24579pt__18631,1192.0,1432.1498988198202,1336.0580485326516,1326.7355101815242,1697.7829400537407,1460.5399008287195,1326.7355101815242
nrc_groeneveld_24579pt__22851,1126.0,1088.4494398428249,960.6969434070501,1208.9670206494295,953.1191943085084,1395.6577298920597,1208.9670206494295
nrc_groeneveld_24579pt__20107,2210.0,1766.5133535688292,1886.9116301756449,1900.2150252548406,1845.4684015327023,1846.4187385383823,1900.2150252548406
nrc_groeneveld_24579pt__13253,1897.0,1576.1602879324435,1914.5844076610829,1923.8871172409497,1375.7382505143637,1413.5183977943102,1923.8871172409497
nrc_groeneveld_24579pt__204,2720.0,4057.0338956095493,2905.229864291363,3121.833291027781,3189.2430304508957,3156.1855016405507,3121.833291027781
nrc_groeneveld_24579pt__21338,1095.0,1060.3692342583952,1114.7558054257072,1100.3207219113183,901.0098876208176,1005.087269227003,1100.3207219113183
nrc_groeneveld_24579pt__22437,2622.0,2326.4868378873243,2266.2857763204993,2206.5111151747565,2293.353978241708,2642.51869059373,2206.5111151747565
nrc_groeneveld_24579pt__2231,1511.0,1643.2197538901803,1539.2534832727347,1407.8178512889797,1661.054778024971,1643.5559675468417,1407.8178512889797
nrc_groeneveld_24579pt__3918,387.0,338.21659321887154,347.08663372609334,341.3078750155685,350.8544728261257,313.9674128968826,341.3078750155685
nrc_groeneveld_24579pt__21072,1012.0,861.8254340067651,917.7778171290836,996.7203240559461,768.3493574377939,854.3154312605294,996.7203240559461
nrc_groeneveld_24579pt__20189,3490.0,2873.549458226185,3253.3827174940234,3138.9003681892923,2454.8757560402973,2838.838602869866,3138.9003681892923
nrc_groeneveld_24579pt__24350,155.0,143.17776700597682,146.15842804648963,142.71610742686116,199.6727415212266,151.98389379034833,142.71610742686116
nrc_groeneveld_24579pt__23792,1932.0,1723.4805846537836,1749.4220348653564,1933.2973712076982,1671.1893605733596,1873.8067987709906,1933.2973712076982
nrc_groeneveld_24579pt__13019,286.0,253.275853323401,244.08975230881543,249.8139187320051,335.7345843898659,234.2362291727,249.8139187320051
nrc_groeneveld_24579pt__17428,439.0,550.384281472156,405.6507670542485,466.3965701265768,581.7748700826415,551.47286038647,466.3965701265768
nrc_groeneveld_24579pt__17371,2389.0,2454.6313951080892,2394.541859673241,2227.4128725238875,2197.401127260176,2442.65655382983,2227.4128725238875
nrc_groeneveld_24579pt__287,755.0,1163.1238021057288,1004.4821752811873,1091.2549742901867,995.8776280804111,992.942660623972,1091.2549742901867
nrc_groeneveld_24579pt__18522,2228.0,2501.839443995059,2187.8165914034653,2122.0581538324845,2092.2146164154938,2279.6374733436,2122.0581538324845
nrc_groeneveld_24579pt__15479,745.0,788.3850129135773,727.5591750939474,754.6575066607232,967.0328361440514,901.0899535672484,754.6575066607232
nrc_groeneveld_24579pt__15236,1192.0,1199.9482279399876,1304.6682862461978,1368.1132946933908,1143.1596931949202,1216.747374502808,1368.1132946933908
nrc_groeneveld_24579pt__23097,625.0,739.272499750206,735.2832119290268,727.207843076008,698.1298559227977,695.4917205467656,727.207843076008
nrc_groeneveld_24579pt__2154,2019.0,2143.8045436645725,2039.1099694516342,2004.438529510831,2345.8999236208356,2335.913947636426,2004.438529510831
nrc_groeneveld_24579pt__17698,931.0,1033.5927584525475,918.100016983314,983.9531168305933,1293.3646787158677,1220.4758865514204,983.9531168305933
nrc_groeneveld_24579pt__6158,1153.6,1055.2362522839173,1163.4561830207886,1234.586916683874,1041.9822073844448,947.699772791817,1234.586916683874
nrc_groeneveld_24579pt__19140,9934.0,8119.725762221107,8469.65374874533,8323.586100331615,6286.70901349979,7760.613305110782,8323.586100331615
nrc_groeneveld_24579pt__10726,1073.0,1211.3729915561246,1129.514892187479,1138.441064357603,1306.2087615488158,1270.1239932960248,1138.441064357603
nrc_groeneveld_24579pt__16166,4716.0,4988.981686180091,4411.473233465807,4489.034063444755,4200.16649794004,4887.694554081252,4489.034063444755
nrc_groeneveld_24579pt__2623,3923.0,4397.95697065878,3899.7256106249756,4024.782241651934,4180.428449945468,4082.564301775175,4024.782241651934
nrc_groeneveld_24579pt__19508,1840.0,1802.4148519256537,1504.6144759989622,1728.094996402406,1277.6111512067096,1758.7279890446223,1728.094996402406
nrc_groeneveld_24579pt__7426,802.8,1289.8102367925728,860.8761156442441,822.6201366437031,1220.9086693515515,1349.2055134129646,822.6201366437031
nrc_groeneveld_24579pt__13821,2680.0,2359.025790082177,2577.2413156004386,2586.425743331914,1857.4444866987521,2096.4430419462446,2586.425743331914
nrc_groeneveld_24579pt__5466,2655.0,2159.533490969938,2692.5480589270032,2983.9901045729835,1783.1894327289049,2164.5787251238776,2983.9901045729835
nrc_groeneveld_24579pt__23422,1954.0,1940.2561838619135,1798.0521706211052,1810.5437000663053,1542.9094674114133,1813.7620795547552,1810.5437000663053
nrc_groeneveld_24579pt__2595,2895.0,2883.333005480477,2847.0140024073157,2774.7421083125514,3061.606221383608,3235.1344620691266,2774.7421083125514
nrc_groeneveld_24579pt__8585,2964.0,2549.578714424809,2728.621805591084,2750.6375407482237,2379.2647672983526,2681.5617615635015,2750.6375407482237
nrc_groeneveld_24579pt__18757,839.0,852.6554544033556,873.2773467091622,905.1825731974264,909.2716356163597,941.6449906063665,905.1825731974264
nrc_groeneveld_24579pt__21711,570.0,299.0790282265856,434.8766115832003,432.28847196407537,339.31989677461553,225.19757424982214,432.28847196407537
nrc_groeneveld_24579pt__9767,305.0,541.4009862710478,450.5713169130635,440.04474040338573,598.2738928692029,507.9869948131304,440.04474040338573
nrc_groeneveld_24579pt__15755,2058.0,2725.13829383776,2200.352914644009,2207.754210818625,2922.659943716345,2764.882997446003,2207.754210818625
nrc_groeneveld_24579pt__7989,1221.0,1364.066645384899,1178.8662631856398,1148.272033629515,1205.3114298243777,1218.4433858377922,1148.272033629515
nrc_groeneveld_24579pt__8453,2936.0,2733.416706159255,2856.3206959957583,2776.8680342789858,2983.031911647266,3081.75624421821,2776.8680342789858
nrc_groeneveld_24579pt__2273,1525.0,1518.4773890606962,1523.2171349788673,1567.284330180778,1381.247757894506,1471.35856693508,1567.284330180778
nrc_groeneveld_24579pt__19299,851.85,889.6150829788869,658.4969618666863,651.92506613379,664.6248928664023,730.2962424889912,651.92506613379
nrc_groeneveld_24579pt__14007,1663.0,1356.572526743964,1576.3811905145294,1548.0139905566916,1595.6090155234072,1684.3318580577204,1548.0139905566916
nrc_groeneveld_24579pt__2606,3432.0,3600.9080774365,3392.595181635869,3349.212036476364,3601.9241623032267,3686.271456035671,3349.212036476364
nrc_groeneveld_24579pt__5034,1970.0,1832.7832562599597,1969.5653407259706,1968.4165034836008,1524.7998193197263,1767.3729478225036,1968.4165034836008
nrc_groeneveld_24579pt__13457,2877.0,2566.009228602824,2829.0549033128436,2884.0896372292964,2395.536509983587,2643.5891997720496,2884.0896372292964
nrc_groeneveld_24579pt__8176,1264.0,1253.3517108752162,1217.0245332111776,1423.6879762556782,1387.3916794097906,1432.3868408211893,1423.6879762556782
nrc_groeneveld_24579pt__10601,503.0,407.28467953515394,448.8157079792618,480.37060547780703,493.76127145057035,411.1356847810644,480.37060547780703
nrc_groeneveld_24579pt__24082,542.0,613.4526326560859,577.6869681417325,554.2532277748601,755.878134964965,581.0963488759847,554.2532277748601
nrc_groeneveld_24579pt__14009,2063.0,1629.7618483663794,1501.3733509347444,1615.5637459260445,1644.0159509608266,1854.9687685448703,1615.5637459260445
nrc_groeneveld_24579pt__17091,1212.0,1187.3633268672795,1367.2419942008316,1289.1596810178112,1381.1816830557511,1379.3390722115469,1289.1596810178112
nrc_groeneveld_24579pt__11916,3849.0,3355.628044877474,3443.590810713389,3369.8958015725743,2611.4646423109393,2881.047306128346,3369.8958015725743
nrc_groeneveld_24579pt__619,1407.0,1421.0462836873628,1352.693717743761,1354.5271140922155,945.3026880449584,1204.067749455126,1354.5271140922155
nrc_groeneveld_24579pt__7427,940.9,1433.7746917388426,1030.6199127934765,991.6954860995604,1302.7027444161117,1443.6613969590223,991.6954860995604
nrc_groeneveld_24579pt__1649,2002.0,1790.5172081434491,1958.1715310789432,1765.3838913646691,1776.2001901977371,1735.6847311983427,1765.3838913646691
nrc_groeneveld_24579pt__17260,1651.0,1737.1560287379673,1678.1441366966849,1758.6197036486237,1704.5764334998696,1823.0189596213331,1758.6197036486237
nrc_groeneveld_24579pt__13485,1535.0,1503.9735934160644,1400.5441412643313,1469.6778589631617,1264.6580541346966,1337.919650857699,1469.6778589631617
nrc_groeneveld_24579pt__8641,2021.0,1904.757998441098,2140.947835765598,2194.6202295404432,1659.7822838622267,1876.7316495898494,2194.6202295404432
nrc_groeneveld_24579pt__13334,3578.0,2540.1323694289345,3369.4963496490886,3377.8200719362417,2437.998680661697,2881.78615932212,3377.8200719362417
nrc_groeneveld_24579pt__15575,686.0,854.5555433236823,743.3741122380853,797.6423066255321,906.2569278765508,790.3700184191948,797.6423066255321
nrc_groeneveld_24579pt__8121,4535.0,4076.8961188666276,4014.6076689354422,4137.680815115437,4069.9086247632795,4313.733619639659,4137.680815115437
nrc_groeneveld_24579pt__16736,2264.0,2325.46661779146,2188.6032170315607,2270.394368465702,2034.7462115549158,2288.595176675367,2270.394368465702
nrc_groeneveld_24579pt__14071,750.0,682.689887717966,868.8580685685531,814.1441134240318,630.7378374120283,697.3986725762646,814.1441134240318
nrc_groeneveld_24579pt__21496,720.0,717.2111045448014,831.775688002307,763.9471098911556,782.8765519817322,677.3795744873931,763.9471098911556
nrc_groeneveld_24579pt__12752,468.0,528.7101907775203,478.3312131616311,522.3938414211669,489.78151723650916,613.932973913174,522.3938414211669
nrc_groeneveld_24579pt__14538,691.0,572.4699802553398,651.9657848713169,581.5633101896283,559.229056523863,560.949936409724,581.5633101896283
nrc_groeneveld_24579pt__11611,600.0,540.3162087343836,616.3549162721189,634.5699912994386,594.4031806387973,584.1602721306962,634.5699912994386
nrc_groeneveld_24579pt__6786,269.0,267.6115238972037,259.09347716633954,264.12842726636626,242.14072582223488,228.61916819356125,264.12842726636626
nrc_groeneveld_24579pt__20544,865.0,876.3927756071048,908.4486914603333,997.5527168212473,919.7856954349937,948.8630475618382,997.5527168212473
nrc_groeneveld_24579pt__2600,3490.0,3690.5692425155444,3427.0997248320677,3326.721253528075,3913.8939018178744,3268.7347684234423,3326.721253528075
nrc_groeneveld_24579pt__20034,1690.0,1256.8225214567556,1420.681579031215,1259.269228969795,1101.5092315319962,1007.8361388217284,1259.269228969795
nrc_groeneveld_24579pt__21481,520.0,494.92869473542817,621.3587462986885,614.2018886546913,549.9094173100713,416.24432043768553,614.2018886546913
nrc_groeneveld_24579pt__14286,781.0,808.2884687134533,766.7394601822307,808.4165512417208,779.776264491805,896.2637492554456,808.4165512417208
nrc_groeneveld_24579pt__6881,648.0,594.7849690302864,668.0875203909412,612.8785561470211,630.8627264653671,670.5825166090899,612.8785561470211
nrc_groeneveld_24579pt__14386,1638.0,1493.2082471549647,1665.478518992513,1604.897035551706,1602.1271095733975,1711.8425537432017,1604.897035551706
nrc_groeneveld_24579pt__23918,144.0,105.58734737967139,168.78877130591923,149.18451309719524,107.71467852773625,112.80301746506207,149.18451309719524
nrc_groeneveld_24579pt__1665,2031.0,1774.736286224448,2020.9585180264091,1870.6997910728967,1776.9700546854983,1740.5029461726708,1870.6997910728967
nrc_groeneveld_24579pt__17991,2203.0,2438.3927167939355,2108.622869681476,2038.781074099169,2332.526978225141,2467.3788215640684,2038.781074099169
nrc_groeneveld_24579pt__363,1019.0,1069.5762204504585,1030.2345737993958,1052.6201915143913,1140.403131346483,1000.4211095065389,1052.6201915143913
nrc_groeneveld_24579pt__9389,671.0,633.637275527841,665.7758740831517,676.3012816420838,685.9769033108114,692.6332012238178,676.3012816420838
nrc_groeneveld_24579pt__3325,3502.0,3154.3158886454353,3455.7594083356885,3717.83579915381,2805.3418568794623,3180.557202029502,3717.83579915381
nrc_groeneveld_24579pt__22885,1176.0,1076.3188186914863,1138.9191441865396,1103.3043768467833,1171.2398514007623,1127.6308805948665,1103.3043768467833
nrc_groeneveld_24579pt__10840,484.0,470.362943739505,390.14922195464123,396.0808138649063,493.49852242100053,486.20491027067175,396.0808138649063
nrc_groeneveld_24579pt__23831,2411.0,2721.9421940614156,2348.287818481149,2465.225798019564,2664.2740586561167,2891.3670531602043,2465.225798019564
nrc_groeneveld_24579pt__3146,992.0,873.093709237555,1042.3474287637014,1082.9377208851713,864.2955661325929,867.3967435192026,1082.9377208851713
nrc_groeneveld_24579pt__20934,1689.0,1693.8230370906385,1638.2240276347316,1635.6508336429802,1578.591815291063,1684.0775539414176,1635.6508336429802
nrc_groeneveld_24579pt__12867,3489.0,3063.8309167922453,3091.2219545234752,2838.7245465658248,3655.484127887544,2587.800395906658,2838.7245465658248
nrc_groeneveld_24579pt__12933,429.0,496.17407600250783,476.71975552959634,473.65084870547145,479.2380219393769,436.4946523588587,473.65084870547145
nrc_groeneveld_24579pt__18285,1948.0,2026.315182545982,2138.1324492446233,1987.6538920295868,2146.1106353114124,2075.9304366555034,1987.6538920295868
nrc_groeneveld_24579pt__22358,3773.0,3349.184250187777,3449.4520107811854,3352.5283625237435,3232.3906920638606,3938.2758903208833,3352.5283625237435
nrc_groeneveld_24579pt__20735,760.0,849.7852072579245,696.1872706871252,810.1046293869944,912.068835076276,857.2367921690796,810.1046293869944
nrc_groeneveld_24579pt__11876,614.0,523.9907899064002,583.2899318439263,518.6584608892005,633.0551315718088,546.6870314244561,518.6584608892005
nrc_groeneveld_24579pt__10158,2836.0,2594.8938242782174,2612.5475000477377,2867.806157213388,2442.289469766774,2532.9878493144292,2867.806157213388
nrc_groeneveld_24579pt__18828,1209.0,1165.1827680343567,1239.2314443609646,1153.1138601114314,1128.9790611750548,1169.4637351812187,1153.1138601114314
nrc_groeneveld_24579pt__85,3620.0,4528.553912731788,3667.906946738087,3818.596093622512,3555.5544775626845,3754.5954790494566,3818.596093622512
nrc_groeneveld_24579pt__20571,1911.0,1840.1723317469796,1653.5395552623038,1599.8182130230002,1421.695014696062,1554.6080414251167,1599.8182130230002
nrc_groeneveld_24579pt__8380,672.0,959.64405000159,851.5780837877926,831.9923422892467,952.4929606235729,862.5372767195207,831.9923422892467
nrc_groeneveld_24579pt__15315,346.0,376.8173229581323,371.68619541602726,373.0670980199376,371.6446683533239,324.54135082763867,373.0670980199376
nrc_groeneveld_24579pt__20673,509.0,602.548223134165,517.7478869970812,514.9076600491894,496.48510527320695,492.62497247896295,514.9076600491894
nrc_groeneveld_24579pt__13421,1423.0,780.753253234928,1461.1396450736454,1259.6612832705496,615.0209989304582,620.5197844407428,1259.6612832705496
nrc_groeneveld_24579pt__6871,945.0,932.905831903899,974.5020690299341,925.4168214409885,1036.9997661818138,1005.608161910812,925.4168214409885
nrc_groeneveld_24579pt__2911,1020.0,1054.1963336189435,1042.0973201386753,1053.654783285431,1018.9576179327502,1054.3590705312288,1053.654783285431
nrc_groeneveld_24579pt__23766,106.0,93.99415238775109,90.56259663746727,81.36303472588214,87.23836983511886,56.32435457241182,81.36303472588214
nrc_groeneveld_24579pt__16528,3920.0,3897.1715078749135,3991.081387240254,3821.972770553271,4072.798280701799,4325.458464155816,3821.972770553271
nrc_groeneveld_24579pt__7552,1310.0,1156.9401561303898,1214.9811630160632,1213.073267539835,1020.2437313704143,1219.9693269715278,1213.073267539835
nrc_groeneveld_24579pt__20816,1423.0,1335.7872512022875,1290.7797303500001,1340.1074230279655,1156.7654655300264,1241.4338027087326,1340.1074230279655
nrc_groeneveld_24579pt__1015,1458.0,1600.4698125635275,1514.630503325419,1486.434881215336,1704.200804689186,1642.359588593355,1486.434881215336
nrc_groeneveld_24579pt__10810,537.0,445.8207364465767,332.2951164792845,354.43468603582573,462.9331631719237,461.01326749343184,354.43468603582573
nrc_groeneveld_24579pt__7687,2077.485,1900.8152567718112,2025.3015941300432,2069.884821999599,1648.0178384274186,1768.757244965231,2069.884821999599
nrc_groeneveld_24579pt__43,3280.0,3115.931394247077,3431.619642555173,2780.699888624747,3084.044154578641,3158.843208661507,2780.699888624747
nrc_groeneveld_24579pt__2825,2500.0,2288.6812120098634,2507.4409545342965,2336.5973679536855,2301.361401543352,2237.65066170055,2336.5973679536855
nrc_groeneveld_24579pt__22544,1480.0,1956.3454741921587,2087.3555576311815,1724.3782070800985,2545.4361535589223,2389.3810876712064,1724.3782070800985
nrc_groeneveld_24579pt__10255,2053.0,2014.8102978940847,2129.407938254544,2059.9404208757774,1859.0587864319705,2034.673589611832,2059.9404208757774
nrc_groeneveld_24579pt__4036,467.0,377.3877874507441,440.6306950486879,413.85813641626913,181.93903764223492,299.02097862293226,413.85813641626913
nrc_groeneveld_24579pt__186,4000.0,4362.797740700269,3783.7149336714992,4133.642431689709,3775.6065927496,4112.062430770189,4133.642431689709
nrc_groeneveld_24579pt__13739,1385.0,1166.2430934328704,1350.0112128914298,1347.9080246769454,1044.7576852732557,1171.8668983238206,1347.9080246769454
nrc_groeneveld_24579pt__1819,4893.0,4853.99094386069,4775.308079203953,4922.394003037957,5033.868799870051,4834.113610715401,4922.394003037957
nrc_groeneveld_24579pt__8294,2421.0,2260.8751216237742,2460.9521090791427,2454.7587411843165,2030.4530867357257,2336.012357129151,2454.7587411843165
nrc_groeneveld_24579pt__1157,1180.0,1291.7534572026186,1150.799643342884,1040.2438553099305,1378.3649792454737,1315.8650137151658,1040.2438553099305
nrc_groeneveld_24579pt__23636,924.0,925.3663125046419,924.751485720813,820.5043285131536,846.7506707777454,756.8264786692655,820.5043285131536
nrc_groeneveld_24579pt__24434,628.0,538.9552431093241,570.6433102159303,562.019621621722,583.1059638407726,603.5042312960335,562.019621621722
nrc_groeneveld_24579pt__10552,367.0,379.92050651967514,342.27812918191415,359.7553445258838,369.2517063648258,321.16754200145374,359.7553445258838
nrc_groeneveld_24579pt__11859,361.0,483.0199818307432,354.454766509246,421.81826852170605,556.2459787693712,494.0241454828336,421.81826852170605
nrc_groeneveld_24579pt__8378,764.0,978.0958252382271,852.0046780060621,831.9923422892467,960.80057807887,871.7360171799738,831.9923422892467
nrc_groeneveld_24579pt__4694,1776.0,1705.740757313684,1800.7645853191482,1876.4550561546087,2037.6093162417767,1877.6571497809512,1876.4550561546087
nrc_groeneveld_24579pt__13983,2292.0,2175.268697249363,2243.422689746999,2330.021474631658,1897.2227631160852,2044.3497414114079,2330.021474631658
nrc_groeneveld_24579pt__12939,195.0,355.43491989579394,216.3589676500004,247.8052954486977,392.5357658568635,298.5337947212828,247.8052954486977
nrc_groeneveld_24579pt__2202,1015.0,1083.9459085921328,995.3735240298253,1041.2691180273232,1012.9304750497867,1075.5488061309954,1041.2691180273232
nrc_groeneveld_24579pt__12775,1035.0,1049.293166914167,936.8642460778177,939.1074632182364,1113.494264545872,1216.1594624562688,939.1074632182364
nrc_groeneveld_24579pt__17918,1690.0,1820.3053409415093,1832.9323205674757,1731.7131101336295,1785.2163959395407,1839.8471401644576,1731.7131101336295
nrc_groeneveld_24579pt__1476,1015.0,1163.2264622073496,1030.3088480319807,1005.8779528041266,1123.795822948857,1156.0076232002223,1005.8779528041266
nrc_groeneveld_24579pt__1347,280.0,304.8695748309723,274.5447066617101,278.5463700489351,327.9514831236335,277.8844667633297,278.5463700489351
nrc_groeneveld_24579pt__10456,3151.0,2577.121814619027,2786.918789960139,2821.2902179867124,1894.5965172850385,2362.489420759204,2821.2902179867124
nrc_groeneveld_24579pt__9474,1010.0,852.5810290140439,875.4007837700468,770.6204510946932,905.1959824327114,888.6584667028135,770.6204510946932
nrc_groeneveld_24579pt__6342,9380.0,9037.538838526416,9318.183977971637,9151.189999635202,6981.421624820528,7888.385723757758,9151.189999635202
nrc_groeneveld_24579pt__14509,412.0,502.52339187294524,446.5116466996772,488.16116024140274,595.4135364729492,551.496836870622,488.16116024140274
nrc_groeneveld_24579pt__1295,1391.0,1550.1971098917013,1392.9015423685414,1367.7562280347518,1549.0951694419643,1479.4531334989724,1367.7562280347518
nrc_groeneveld_24579pt__17619,2054.0,2547.973343670636,2092.095886036176,2146.51641022809,2278.5074083742093,2294.094192901523,2146.51641022809
nrc_groeneveld_24579pt__8218,3361.0,4422.17586454386,3417.5650932838143,3706.56172302341,3995.832466641548,4588.893112474438,3706.56172302341
nrc_groeneveld_24579pt__10180,1175.0,944.9353592757934,1106.4591352215364,1114.0139575804214,1103.7319069758828,1084.120798357561,1114.0139575804214
nrc_groeneveld_24579pt__18966,303.0,453.47760642075724,322.92936871310496,377.38658874897646,472.42575009121805,661.0208161832953,377.38658874897646
nrc_groeneveld_24579pt__4002,1948.0,1744.1516254927144,2129.7955376909167,2072.091498186128,1523.970649074502,1426.4019491403408,2072.091498186128
nrc_groeneveld_24579pt__4732,1786.0,2141.1779434316895,2411.5209540002843,2023.7046278286018,2164.373474975943,2109.9948048900424,2023.7046278286018
nrc_groeneveld_24579pt__16977,3756.0,4403.918887540275,3820.25254436393,3608.879395465311,3758.0635273209236,3780.825891560879,3608.879395465311
nrc_groeneveld_24579pt__9300,1468.0,1282.6871192542842,1386.1435548714444,1282.8546035794209,1176.098012469112,1251.4441711810714,1282.8546035794209
nrc_groeneveld_24579pt__24378,543.0,462.2762209794556,529.5947215216137,521.0230142263049,438.66707405027773,461.9214255017,521.0230142263049
nrc_groeneveld_24579pt__12560,1504.0,1904.6266405900467,1701.2657976138316,1585.1079760219006,1859.0189358756,1769.4220699675832,1585.1079760219006
nrc_groeneveld_24579pt__18837,1155.0,1080.0975499002025,1169.7997601601933,1083.101377963106,958.3801714191313,1033.2186312692975,1083.101377963106
nrc_groeneveld_24579pt__16578,2577.0,2774.773014236925,2470.2307164871418,2472.782513362217,2866.292840540732,2964.1456431787774,2472.782513362217
nrc_groeneveld_24579pt__18612,1848.0,2534.0126777341047,2069.363999886903,2032.4519518233706,2401.119570166881,2161.722466484036,2032.4519518233706
nrc_groeneveld_24579pt__17050,3273.0,3275.1162071486733,3178.3123499968247,3404.4243011473495,2948.561569877729,3226.2256798986696,3404.4243011473495
nrc_groeneveld_24579pt__22532,3470.0,2508.530803222138,2053.4487625792426,2238.604953759088,1828.3068498089576,3169.2784952298603,2238.604953759088
nrc_groeneveld_24579pt__8624,2585.0,2669.393359340904,2411.6482088566972,2465.3155422354134,2111.074956523998,2438.0401879529913,2465.3155422354134
nrc_groeneveld_24579pt__17870,1243.0,1402.5156625058391,1332.0454895868454,1231.741885296139,1330.5316930916654,1433.7957163624483,1231.741885296139
nrc_groeneveld_24579pt__9432,4089.0,3289.1561093653186,4181.684776758539,4464.028110108761,3557.2034611829604,3795.9959526569787,4464.028110108761
nrc_groeneveld_24579pt__23176,1217.0,1192.8841016596382,1202.2823314648672,1059.991838015119,1123.2860734957776,1205.47982664624,1059.991838015119
nrc_groeneveld_24579pt__22212,1009.2,837.4261831511201,988.5208352960282,953.7426354278876,818.6874013064399,928.5921180165469,953.7426354278876
nrc_groeneveld_24579pt__5836,1380.0,1166.4804560542193,1527.9493559486232,1310.552016243659,767.4485689224722,1185.2772341173581,1310.552016243659
nrc_groeneveld_24579pt__7785,981.367,894.3604981104994,940.6906251393401,899.5103958966678,799.478179532934,894.5819717957284,899.5103958966678
nrc_groeneveld_24579pt__12384,1314.0,1112.927684591056,1154.4113045212694,1149.1781695486175,1075.13055538102,1199.6257673190582,1149.1781695486175
nrc_groeneveld_24579pt__4681,1584.0,1501.415873978818,1534.5171314875881,1513.774943107374,2140.3745290899296,1559.6855661666632,1513.774943107374
nrc_groeneveld_24579pt__12711,380.0,412.5155581757128,359.8106811022551,383.62165820986434,419.793522267696,504.4441312806631,383.62165820986434
nrc_groeneveld_24579pt__915,658.0,618.2054114253621,820.0864787079731,657.5951393648953,796.1929097703694,452.346880685406,657.5951393648953
nrc_groeneveld_24579pt__16604,816.0,836.9969579769404,811.4853630207347,826.5803269853225,859.8373817098061,804.081313865204,826.5803269853225
nrc_groeneveld_24579pt__12053,622.0,556.8981650649516,584.5439435429731,568.8201945518417,518.7355530061468,594.4423282292695,568.8201945518417
nrc_groeneveld_24579pt__19831,2190.0,2315.442912382318,2188.5732369691937,2183.477160829914,2316.941176270196,2352.90743719103,2183.477160829914
nrc_groeneveld_24579pt__6644,226.0,224.12824352975656,236.86246181883146,243.75597267455214,246.22314325113754,214.06878303527733,243.75597267455214
nrc_groeneveld_24579pt__21169,1296.0,1252.76491607851,1460.1707802974381,1317.5555777937093,1038.7503002258306,1203.406930492235,1317.5555777937093
nrc_groeneveld_24579pt__3472,1494.0,1341.559342050624,1532.6621381633895,1378.1311818804413,1181.7884207769605,1271.860316078955,1378.1311818804413
nrc_groeneveld_24579pt__4116,245.0,196.99150483205804,205.84968669931632,196.49965693874807,157.33157975088696,155.07403989220185,196.49965693874807
nrc_groeneveld_24579pt__1187,943.0,979.9882516686046,936.3150216064539,935.8848167340591,926.0024556816086,988.727618424068,935.8848167340591
nrc_groeneveld_24579pt__20916,1200.0,1452.639831682087,1461.0362118980884,1451.2171007185207,1416.5014746467148,1465.4246822879086,1451.2171007185207
nrc_groeneveld_24579pt__13805,1253.0,935.0261840437059,1180.651669036779,1077.197609373129,912.5930404336978,965.0455444442463,1077.197609373129
nrc_groeneveld_24579pt__3222,1009.0,1131.9520963521215,1032.6886476543107,1045.621654100387,1296.534613422412,1162.5147129043578,1045.621654100387
nrc_groeneveld_24579pt__8225,2690.0,2393.675162624605,2573.2428147181477,2578.3163960445277,2162.8052614869175,2575.7108155039355,2578.3163960445277
nrc_groeneveld_24579pt__20250,4680.0,4793.920514089985,5036.492737030772,5231.644112916633,4127.19086771919,5047.433725163295,5231.644112916633
nrc_groeneveld_24579pt__8752,3977.0,3550.3779002493843,4133.122178465097,3842.2263246628013,4202.410256951838,4060.701870429423,3842.2263246628013
nrc_groeneveld_24579pt__8999,830.0,684.8054050319688,638.87895236245,596.6112725350205,800.4576725064069,677.555034168566,596.6112725350205
nrc_groeneveld_24579pt__18570,843.0,695.3470552972416,756.3046535717018,704.8971487427237,619.6292321399372,667.1071290412125,704.8971487427237
nrc_groeneveld_24579pt__17584,1881.0,2293.6247247235365,1912.737616979362,1935.2582049443733,2411.3287801417096,2333.396297393793,1935.2582049443733
nrc_groeneveld_24579pt__9241,336.0,453.859768516944,451.5328383252019,479.31641707499773,564.2430623285085,401.8055943427273,479.31641707499773
nrc_groeneveld_24579pt__22677,1415.0,1916.154883033334,1873.6712472543402,1849.597449450067,1913.4084429269317,2035.9928745743575,1849.597449450067
nrc_groeneveld_24579pt__21962,3309.0,3054.490979417795,3070.8406813868905,3224.7389385041856,2513.951931618614,2882.9430230176067,3224.7389385041856
nrc_groeneveld_24579pt__13737,1182.0,1093.9922573808776,1122.5443966196601,1155.9742477258608,915.9809177597699,1006.613196193369,1155.9742477258608
nrc_groeneveld_24579pt__11564,2322.0,2603.989646674133,2596.027328502532,2312.706697780622,2161.917430392703,2389.3258640756044,2312.706697780622
nrc_groeneveld_24579pt__4686,2176.0,2133.1596942946967,2102.8147528215977,2065.3951634651744,2200.9026466559235,2125.617843270849,2065.3951634651744
nrc_groeneveld_24579pt__21491,920.0,771.738011561204,849.0348766229096,828.6519842662137,806.0549554604503,710.101296894934,828.6519842662137
nrc_groeneveld_24579pt__5832,2910.0,2830.1570232459003,2935.18786176388,3107.569728191749,2623.3001735638823,2965.611611675055,3107.569728191749
nrc_groeneveld_24579pt__22444,1991.0,2287.6054572811236,2128.6306703248674,2234.7667006135816,2166.0776271337863,2538.4350377072606,2234.7667006135816
nrc_groeneveld_24579pt__5055,2915.0,2773.699247356158,2754.5338079727776,2776.8512962022055,2945.1883504737525,2859.094123700664,2776.8512962022055
nrc_groeneveld_24579pt__18074,611.0,593.8602581275848,655.1407655619233,623.6400239754565,717.0099754248167,628.6585253352293,623.6400239754565
nrc_groeneveld_24579pt__18539,2972.0,3101.8618252787282,2997.7362662873065,2932.9112143334446,2740.9939325678247,3104.6360145987214,2932.9112143334446
nrc_groeneveld_24579pt__14997,138.0,158.71542148853536,134.14027668883344,142.94921212668106,87.9219111737388,144.4179155563388,142.94921212668106
nrc_groeneveld_24579pt__11764,1302.0,1383.2067970865528,1341.8019026214663,1272.966115965529,1219.091547586635,1212.651937446544,1272.966115965529
nrc_groeneveld_24579pt__5179,1018.0,980.0926511345855,953.2021052451697,992.2311230721245,694.7813372626632,876.9722937421143,992.2311230721245
nrc_groeneveld_24579pt__2537,1957.0,1963.3289034593558,1915.8064333051761,1946.0868552992665,1992.551537470543,2118.0689581100137,1946.0868552992665
nrc_groeneveld_24579pt__1206,968.0,1060.055320034695,1099.3439310009137,1192.335959538628,1385.5044183830744,1146.4083509886466,1192.335959538628
nrc_groeneveld_24579pt__10970,842.0,745.9891601747696,961.6720189880683,904.220291906915,971.6351415703078,887.0245783400306,904.220291906915
nrc_groeneveld_24579pt__11942,1197.0,1170.0697243410189,1178.6787119530145,1062.182311775887,1064.5182466362348,1111.387525716723,1062.182311775887
nrc_groeneveld_24579pt__19571,2100.0,2367.5126110793026,2305.1647360377515,2385.302145276393,2313.0841080360597,2586.7331694614477,2385.302145276393
nrc_groeneveld_24579pt__22607,1446.0,1380.1980177263583,1507.452135358185,1427.704556038886,1725.773568399181,1614.4884063350187,1427.704556038886
nrc_groeneveld_24579pt__4927,3073.0,2684.2049071969905,2888.418772383067,2880.2480505567773,2706.271807333342,2924.7208987243494,2880.2480505567773
nrc_groeneveld_24579pt__22015,1431.4,1589.3356880472898,1398.5654770811047,1437.5542337222876,1167.527432808677,1736.1966718583662,1437.5542337222876
nrc_groeneveld_24579pt__143,4520.0,4252.755571001841,4334.083347574565,4315.774063178668,3752.331106945797,4251.478785504901,4315.774063178668
nrc_groeneveld_24579pt__18505,1977.0,2132.499120415149,1980.0500246221804,1995.4562043755557,1841.8289256152923,1986.1649391056535,1995.4562043755557
nrc_groeneveld_24579pt__13602,1424.0,1062.0236096555618,1309.3752644064164,1291.375673688206,1094.6018714167099,1121.7752437190886,1291.375673688206
nrc_groeneveld_24579pt__740,524.0,1168.186130299601,883.9590327904605,853.3655035831265,1685.1810330961137,1184.5190278130242,853.3655035831265
nrc_groeneveld_24579pt__573,1430.0,1540.6224417706449,1448.1800586590691,1483.0129789561568,1399.3535572667497,1472.6061802252318,1483.0129789561568
nrc_groeneveld_24579pt__458,1430.0,1500.1852810399605,1468.0615073337813,1312.6109930049302,1503.661876366536,1537.6076239384695,1312.6109930049302
nrc_groeneveld_24579pt__22576,3162.0,2834.9282787250636,3014.3473293635448,3116.5100440362366,2688.8576292231046,3089.9392301092757,3116.5100440362366
nrc_groeneveld_24579pt__23089,820.0,709.4949113292547,704.9210986286314,733.7533221525225,772.1957723976284,697.7644217051761,733.7533221525225
nrc_groeneveld_24579pt__250,2239.0,2920.4704568432962,2306.5198383373604,2348.808018182341,2724.933173355306,2839.6750546821904,2348.808018182341
nrc_groeneveld_24579pt__13787,1179.0,1012.5921530295583,1097.399966111114,1119.73625734494,968.3256577512669,1026.137659443989,1119.73625734494
nrc_groeneveld_24579pt__24142,487.0,501.6800577813794,469.71259072779594,475.29573989772354,592.7193054623614,475.1175124824678,475.29573989772354
nrc_groeneveld_24579pt__2707,2021.0,1772.5411192683025,1966.5777402683234,2007.7724039865311,1860.412006324918,1672.421839899366,2007.7724039865311
nrc_groeneveld_24579pt__1207,966.0,1052.6268989271016,943.5545582701459,950.3352114232097,997.537311494599,1055.7549187552331,950.3352114232097
nrc_groeneveld_24579pt__19733,3100.0,3596.348666002506,3219.6206576798154,3113.9082976061936,3641.967794033195,3854.153319877198,3113.9082976061936
nrc_groeneveld_24579pt__19773,1190.0,1397.4144555646803,1230.5657484133026,1383.9074768999903,1019.2898406095379,1240.7536609876347,1383.9074768999903
nrc_groeneveld_24579pt__18116,1610.0,1398.9018344669928,1533.9981335890025,1399.7026854183437,1912.7257294171363,1702.7910263096887,1399.7026854183437
nrc_groeneveld_24579pt__14830,340.0,498.1246678225736,400.71181021502485,419.7150643624693,457.76991731489557,364.0053796546442,419.7150643624693
nrc_groeneveld_24579pt__23452,264.0,187.75657648049412,167.00214505997468,161.93256971054117,268.33032738070614,204.8721404529498,161.93256971054117
nrc_groeneveld_24579pt__9581,5114.0,5363.42157462352,5297.6980193315785,5484.22198288917,4447.299909143758,4880.431396877328,5484.22198288917
nrc_groeneveld_24579pt__24226,616.0,559.310574511599,609.5555294076272,647.2756657849457,614.3102769999508,604.5146536734003,647.2756657849457
nrc_groeneveld_24579pt__6798,396.0,363.0659782432037,345.97157436327797,343.7075906544559,331.3483903102406,349.29241182870356,343.7075906544559
nrc_groeneveld_24579pt__17268,1401.0,1411.1933065937578,1327.8139948916448,1343.7303263304564,1314.6304575012068,1394.57213055475,1343.7303263304564
nrc_groeneveld_24579pt__19947,3110.0,3130.439044111693,2906.163967835865,2861.677318026853,2579.895876496226,2925.8346529298547,2861.677318026853
nrc_groeneveld_24579pt__20609,1180.0,1319.2721444606498,1263.9035701461426,1331.27136589863,1233.8771633511587,1307.4489650897435,1331.27136589863
nrc_groeneveld_24579pt__16173,3086.0,2551.7329319284454,2726.71685343274,2722.4797604965343,2379.9310874898165,2944.3776212523576,2722.4797604965343
nrc_groeneveld_24579pt__19718,3730.0,3651.6095982762117,3396.4571164812096,3647.0220577150426,3759.7231620628586,3982.9465593803607,3647.0220577150426
nrc_groeneveld_24579pt__12034,633.0,541.1481200924853,594.5172998921655,545.43038918847,353.6108263348434,481.991185101777,545.43038918847
nrc_groeneveld_24579pt__19662,2460.0,2503.880211658352,2569.621763552536,2724.89296284925,2574.9450111443653,2866.104861247673,2724.89296284925
nrc_groeneveld_24579pt__6372,7740.0,7061.537365509495,6652.168851791056,7499.692100551543,7118.788580596185,6343.820899373918,7499.692100551543
nrc_groeneveld_24579pt__19102,8016.0,7437.026856687372,8155.945980655489,8014.790776802459,5432.797006770622,7041.487606928537,8014.790776802459
nrc_groeneveld_24579pt__16049,3571.0,3528.8120534706386,3535.68519804379,3438.7628965669865,3511.5824894506018,3695.1065075863235,3438.7628965669865
nrc_groeneveld_24579pt__20629,2293.0,2400.4947837532463,2049.979830103468,2458.361021022996,2110.6735307542085,2288.307115771679,2458.361021022996
nrc_groeneveld_24579pt__16327,4002.0,4493.996835557857,4088.7982305910746,4169.1921844663775,4077.3675561917325,4396.24432144693,4169.1921844663775
nrc_groeneveld_24579pt__2249,511.0,491.63557136622603,520.7704016594917,544.5275001657271,496.9092952092064,514.1691351612141,544.5275001657271
nrc_groeneveld_24579pt__12890,497.0,497.2668789024879,444.8133622314549,433.9360690794375,485.36967129703504,488.99073162643657,433.9360690794375
nrc_groeneveld_24579pt__17723,1381.0,1345.3739543657666,1301.128631017026,1331.427701363507,1470.8912523217382,1507.8447373258387,1331.427701363507
nrc_groeneveld_24579pt__18568,920.0,726.2140358992957,826.1369438404738,742.8041854516827,623.1179454112204,682.7458442040769,742.8041854516827
nrc_groeneveld_24579pt__5122,1554.0,2008.316587827772,1540.52302707448,1486.5511784302166,1563.8831984680608,1690.9488473227477,1486.5511784302166
nrc_groeneveld_24579pt__7278,1306.0,1249.8307119517735,1300.8887667580568,1369.9420677205092,1557.6701276447345,1468.801637813142,1369.9420677205092
nrc_groeneveld_24579pt__6151,1810.4,1817.4401858127246,1918.4053964504167,1917.8294945067048,1559.958422524271,1675.2418301335028,1917.8294945067048
nrc_groeneveld_24579pt__9656,1360.0,1482.5626646207386,1526.252927936276,1455.7984077154345,1396.0329098336993,1511.6215837398106,1455.7984077154345
nrc_groeneveld_24579pt__248,3761.0,3963.521198668861,3680.0274739248307,3727.745981318191,3558.1629568288195,3895.6674224152416,3727.745981318191
nrc_groeneveld_24579pt__17103,2868.0,2353.079449316782,2625.564053118335,2491.8795283134496,2003.5608636681134,2339.869738936697,2491.8795283134496
nrc_groeneveld_24579pt__11387,333.0,511.0457431958149,420.393693809239,449.4391862392864,411.3010901844404,453.7545885391243,449.4391862392864
nrc_groeneveld_24579pt__20184,1800.0,1651.952324429148,1910.006807496067,1905.915351513233,1921.5003725912964,1881.1912957399659,1905.915351513233
nrc_groeneveld_24579pt__3328,3784.0,3484.9212117338548,3677.264326431796,3801.9138297204986,2951.286174248853,3388.987862800186,3801.9138297204986
nrc_groeneveld_24579pt__15686,709.0,528.6685449146951,679.1767893276141,594.2086693145592,486.96728348815907,539.9455305615189,594.2086693145592
nrc_groeneveld_24579pt__8658,1528.0,1531.2273968972713,1400.5410379364243,1520.6421502940611,1244.903162472908,1305.4366352296136,1520.6421502940611
nrc_groeneveld_24579pt__21228,568.0,367.9049466451383,499.4495660416191,399.7947894382311,362.5372507477113,372.8584815014474,399.7947894382311
nrc_groeneveld_24579pt__6769,413.0,364.42213618672815,379.2979102607143,377.9209238718392,383.10051082506425,412.4930504776753,377.9209238718392
nrc_groeneveld_24579pt__14222,342.0,370.5807722333462,270.3213041141857,325.74569030432303,252.63118548870457,307.6401002004692,325.74569030432303
nrc_groeneveld_24579pt__17337,1985.0,2436.148373020017,2126.379171472378,2268.933355677747,2432.9715641163516,2470.845616354546,2268.933355677747
nrc_groeneveld_24579pt__7073,1817.0,1738.1112200850168,1601.6782706594995,1620.1871732839797,1765.986109550796,1451.4290197522994,1620.1871732839797
nrc_groeneveld_24579pt__11895,2266.0,2727.049109152338,2744.721239105967,2734.600317049468,2299.014903139618,2441.766042357445,2734.600317049468
nrc_groeneveld_24579pt__11276,419.0,359.5850037828309,380.8944948231978,402.61195223055506,381.70657922104704,327.2629793690883,402.61195223055506
nrc_groeneveld_24579pt__3185,1409.0,1396.832950715962,1627.1018868321169,1582.4550344838694,1686.7455918271721,1324.6873794553132,1582.4550344838694
nrc_groeneveld_24579pt__14976,230.0,304.33835126888715,219.71625500062237,206.74402745326014,232.60507321676388,193.6215260875947,206.74402745326014
nrc_groeneveld_24579pt__8984,931.0,1115.799283135378,1028.8299374353085,1138.6104776446778,1083.7525401734827,1058.854382394909,1138.6104776446778
nrc_groeneveld_24579pt__9988,531.0,414.9226485343778,545.667749143025,463.6232728389199,364.94439809000534,382.83804119886867,463.6232728389199
nrc_groeneveld_24579pt__20392,2530.0,2736.6485410279797,2651.4806790744883,2837.4225240837054,2688.6656686740052,2902.275972905186,2837.4225240837054
nrc_groeneveld_24579pt__22789,627.0,645.8858285853305,553.1758556588364,485.0530378585187,504.8728946974407,499.81353436448893,485.0530378585187
nrc_groeneveld_24579pt__19991,2020.0,2712.782095385895,2560.8087734566852,2405.544021521632,2634.0654697505743,2730.081787573918,2405.544021521632
nrc_groeneveld_24579pt__14663,386.0,438.85853772338714,384.75092161826325,404.5908188300992,493.6086319383292,476.23802064376,404.5908188300992
nrc_groeneveld_24579pt__7461,3073.0,2665.6104589525476,3006.1552037939377,2971.899937394885,2516.5532388236043,2778.080514005768,2971.899937394885
nrc_groeneveld_24579pt__20210,2450.0,2259.2413333315258,2456.1665630603616,2682.1618575343878,2180.6621042839984,2317.326794117148,2682.1618575343878
nrc_groeneveld_24579pt__540,1163.0,1247.2501558441832,1217.6550182009164,1153.6199718416487,981.6371067105251,1126.6116245865578,1153.6199718416487
nrc_groeneveld_24579pt__19704,3900.0,3865.479825376884,4005.4997020577816,4516.3528884666475,4181.242667199818,4450.481591372461,4516.3528884666475
nrc_groeneveld_24579pt__16486,2796.0,2846.5044823390135,2734.7678668188432,2749.686344327868,2680.079381862644,3032.9341951863266,2749.686344327868
nrc_groeneveld_24579pt__1018,1783.0,1710.1674754516882,1799.781748527445,1991.4049655105182,1876.4755713723557,1998.043030413952,1991.4049655105182
nrc_groeneveld_24579pt__6553,6687.8,4832.977283043333,5535.280703831936,5715.183018284921,4331.078631787498,4217.275649433631,5715.183018284921
nrc_groeneveld_24579pt__14307,341.0,416.0301268271992,339.25079636488033,335.9378716565857,404.67704305043804,469.22268235342324,335.9378716565857
nrc_groeneveld_24579pt__18027,473.0,544.8912318629782,436.66838362072076,492.3015958604841,532.6165837003691,540.8525097466073,492.3015958604841
nrc_groeneveld_24579pt__18100,3124.0,3105.5980580317996,2992.628276278706,2847.0668078400317,3810.9717817974342,3264.3948334312963,2847.0668078400317
nrc_groeneveld_24579pt__22214,1135.0,995.773273221417,1072.4476771203135,1070.7975189624442,885.1227006016735,986.7380472926701,1070.7975189624442
nrc_groeneveld_24579pt__16762,4636.0,4058.0405261418327,4580.476048740149,4418.4327817176845,3964.5002130227776,4422.384297341394,4418.4327817176845
nrc_groeneveld_24579pt__16145,3855.0,4219.882203633155,3945.084060977984,4027.740612895962,3594.9838350787763,4314.839763254481,4027.740612895962
nrc_groeneveld_24579pt__2630,3980.0,4276.601411916941,3862.708156030562,3954.4010710708167,4408.538993891841,3875.4631199248743,3954.4010710708167
nrc_groeneveld_24579pt__6810,320.0,327.1640424052889,339.4342890121164,331.1240477024417,336.22409426189677,337.8876063123057,331.1240477024417
nrc_groeneveld_24579pt__19115,8346.0,8309.020292547742,7915.270377228203,8042.284743531859,8088.461291866673,9063.789947671343,8042.284743531859
nrc_groeneveld_24579pt__14811,420.0,438.6817973495002,406.44509334131067,389.9388214882372,417.69681310800206,334.85720343091054,389.9388214882372
nrc_groeneveld_24579pt__18900,2790.0,3042.979897552958,2747.8604793185377,2863.5483150660443,2982.246488243134,3090.8506949183015,2863.5483150660443
nrc_groeneveld_24579pt__17051,3089.0,3260.7302197999074,3175.6480045371245,3404.4243011473495,2941.2748733668022,3214.2196147082186,3404.4243011473495
nrc_groeneveld_24579pt__21944,2683.0,2373.544746937455,2756.3245488907,2785.319866515895,2218.3421149886,2400.1503320850575,2785.319866515895
nrc_groeneveld_24579pt__17926,1488.0,1727.9169382007224,1586.9459810267006,1592.1022647349798,1512.3968436506623,1652.5677186895846,1592.1022647349798
nrc_groeneveld_24579pt__1930,508.0,507.87338011305457,523.7933344587332,501.9184965883789,544.5809278823882,494.62907668096904,501.9184965883789
nrc_groeneveld_24579pt__8754,3616.0,3501.9230112759474,3759.4979366977987,3688.126527675275,3881.7451485426905,3779.4947745811983,3688.126527675275
nrc_groeneveld_24579pt__23501,1624.0,1580.5679691379921,1378.1197455615834,1396.969477292162,1422.1805261288696,1544.1238605472274,1396.969477292162
nrc_groeneveld_24579pt__21976,1861.0,1534.0822793766527,1829.1278193597518,2029.6154627351232,1333.245069805048,1629.5901905944295,2029.6154627351232
nrc_groeneveld_24579pt__153,1389.0,1531.0294813968749,1480.0832572567663,1537.5888987087676,1445.5348623852003,1623.0012226232793,1537.5888987087676
nrc_groeneveld_24579pt__10476,1071.0,1193.27779002628,1269.2906551550057,1220.187438543323,1609.532524935912,1444.088104845474,1220.187438543323
nrc_groeneveld_24579pt__9605,1372.0,1305.79852281514,1237.906642742597,1194.7856263771012,1453.2570253847869,1454.7457855670057,1194.7856263771012
nrc_groeneveld_24579pt__809,1080.0,1413.4385037601153,1642.2571055938035,1439.3074362797695,1600.2158567402878,1533.7664214191109,1439.3074362797695
nrc_groeneveld_24579pt__4675,1691.0,1511.0223900323435,1556.8037922362107,1589.0133516472927,2186.783430080445,1609.1028085295466,1589.0133516472927
nrc_groeneveld_24579pt__5283,996.0,1070.4504440686658,1004.3744236519353,1094.0744588575699,863.11609145767,959.9776745541959,1094.0744588575699
nrc_groeneveld_24579pt__12737,377.0,363.95961276102196,418.7798151663626,460.6129500061914,273.524538214259,443.8434450632927,460.6129500061914
nrc_groeneveld_24579pt__20968,1505.0,1388.022499040154,1538.7501559384418,1573.1859974206648,1353.4141959264796,1387.491564173271,1573.1859974206648
nrc_groeneveld_24579pt__8959,1209.0,1067.3429269245662,918.8407858421207,839.5431280065375,1053.9678815980055,1055.264704059803,839.5431280065375
nrc_groeneveld_24579pt__6271,8880.0,9419.50089425609,10105.001237183935,10538.662309013818,7610.044313767323,8956.696793154568,10538.662309013818
nrc_groeneveld_24579pt__7171,2580.5,1996.4113962311274,2493.2672227334288,2393.899668456164,2128.1088973042397,2033.6775039350564,2393.899668456164
nrc_groeneveld_24579pt__7678,1853.659,1754.611642054332,1843.3903784794988,1896.0600365915482,1538.1261577287378,1648.3745761429495,1896.0600365915482
nrc_groeneveld_24579pt__20105,1110.0,1142.275685978882,1108.3963031530502,1262.3674403947764,1460.300872578366,1290.9355472893785,1262.3674403947764
nrc_groeneveld_24579pt__11411,471.0,483.83063107232294,413.64350933831423,382.90410637326005,439.80337466040845,464.07735644910906,382.90410637326005
nrc_groeneveld_24579pt__9158,2860.0,2311.1809606493675,2298.062653526552,2294.2987830363886,1745.1824243950455,2108.1567889627304,2294.2987830363886
nrc_groeneveld_24579pt__5736,2606.0,3321.089073664773,2679.157335083459,3276.583820309795,2932.7082472698057,3367.6097061184455,3276.583820309795
nrc_groeneveld_24579pt__12687,805.0,834.0970015880355,805.2847144103798,851.2750260689012,766.5418017170588,863.2315367487513,851.2750260689012
nrc_groeneveld_24579pt__14943,173.0,225.02270764501787,176.83844835188427,176.23968489944514,163.9699110534205,150.75387755965392,176.23968489944514
nrc_groeneveld_24579pt__2027,515.0,602.6030582072399,490.87871220152215,526.3944776415392,606.2567327415152,603.6817703128104,526.3944776415392
nrc_groeneveld_24579pt__24110,635.0,745.2327489983254,726.0626895455823,740.923145692616,1036.3233045739078,817.9760224782243,740.923145692616
nrc_groeneveld_24579pt__18982,7543.0,7749.574532940333,7363.270819860418,7629.203135140584,7818.826035884967,6691.829467017524,7629.203135140584
nrc_groeneveld_24579pt__677,8334.9,6506.595481696328,7811.894382845767,7470.162736511268,6633.739903600206,6508.766004180361,7470.162736511268
nrc_groeneveld_24579pt__37,1041.0,1085.649916629901,1047.078378446545,997.3316451119101,1099.4673594873343,1185.4177434987655,997.3316451119101
nrc_groeneveld_24579pt__10295,2372.0,2243.5874979027953,2296.4609234247323,2127.1876216881315,1978.9335173102663,2275.517999024718,2127.1876216881315
nrc_groeneveld_24579pt__22355,2493.0,2763.1532640863743,2607.6061928569466,2764.5171331554,2793.7813647917083,3039.057688878734,2764.5171331554
nrc_groeneveld_24579pt__6255,7100.0,6807.548826593978,6838.0836710615085,7652.200893101642,7037.617772413773,6333.043901002916,7652.200893101642
nrc_groeneveld_24579pt__14388,1525.0,1316.5791877900856,1404.039345794158,1406.5425546844253,1177.4963736244713,1321.3938757507785,1406.5425546844253
nrc_groeneveld_24579pt__4264,1044.0,907.7346016475125,1045.709703947006,984.5706757100992,815.9976332599813,936.1088371700753,984.5706757100992
nrc_groeneveld_24579pt__5192,1525.0,1607.6986892213822,1464.0486725726726,1523.5748244547767,1422.7917643573007,1463.105746588708,1523.5748244547767
nrc_groeneveld_24579pt__6230,1938.5,1739.633337906474,1742.029248388244,1857.5435673588481,1374.2153530610988,1520.3650980553562,1857.5435673588481
nrc_groeneveld_24579pt__13993,877.0,798.279174976282,810.2156638347959,875.4457985280167,540.879528886859,705.2401407606656,875.4457985280167
nrc_groeneveld_24579pt__22224,1053.1,698.5807794607422,919.1639605276875,919.3308463884073,743.7120741179522,915.8968932259502,919.3308463884073
nrc_groeneveld_24579pt__14302,3463.0,3459.949079654245,3544.1615025938913,3571.3235813520637,5518.112370646366,3024.7482929261614,3571.3235813520637
nrc_groeneveld_24579pt__20602,1275.0,1341.9833909616964,1261.170162038705,1334.6542421962963,1241.7942618521802,1317.1783844028553,1334.6542421962963
nrc_groeneveld_24579pt__21079,751.0,708.0364917769152,819.2834942421136,743.5129882871578,706.5559882869799,716.7441788287072,743.5129882871578
nrc_groeneveld_24579pt__4462,971.0,1031.2427243651773,988.9581621496409,1061.2505268547666,1352.1074776383082,1132.73905623769,1061.2505268547666
nrc_groeneveld_24579pt__6624,188.0,192.93338031131907,192.33151362137372,196.83973510727037,195.2858988582484,177.28394290927997,196.83973510727037
nrc_groeneveld_24579pt__20929,2154.0,1978.7051261922006,2006.5417922710024,1893.1332221140772,1769.0313112232136,1951.3537176005457,1893.1332221140772
nrc_groeneveld_24579pt__19713,6210.0,4020.0188710609987,5255.019525398609,5069.9509806977485,4532.763492684792,4805.672377636409,5069.9509806977485
nrc_groeneveld_24579pt__5559,1776.0,1476.2703403815672,1672.434489719264,1541.9610187489736,874.7110356334787,1445.970028090867,1541.9610187489736
nrc_groeneveld_24579pt__6883,634.0,606.1685346626381,648.224931587492,631.1197002595565,625.6322236337093,680.4512855454692,631.1197002595565
nrc_groeneveld_24579pt__15043,1952.0,1867.4564671089217,2046.0997228104873,2067.1255639360375,1839.056925314418,2019.715155116248,2067.1255639360375
nrc_groeneveld_24579pt__18386,1377.0,1244.6151673523455,1465.5466701527948,1393.114971239465,919.945731104251,1107.1716125686667,1393.114971239465
nrc_groeneveld_24579pt__15519,1398.0,1442.9149797680893,1497.3554676441336,1297.4481911271291,1048.3134921528483,1205.0855263279645,1297.4481911271291
nrc_groeneveld_24579pt__22799,364.0,497.7889026514059,475.9745780019452,444.5635759671269,429.420847258728,435.92042754369663,444.5635759671269
nrc_groeneveld_24579pt__8976,1784.0,1831.117768784365,1628.1301564730813,1745.7387260302967,1494.651182043029,1704.0309136375859,1745.7387260302967
nrc_groeneveld_24579pt__1812,4902.0,5001.791878688612,4840.119559596712,4974.44923106102,5341.306408010536,4723.120419094956,4974.44923106102
nrc_groeneveld_24579pt__8049,1581.0,1613.3000647789192,1463.2254988883938,1606.4226753723844,1255.4816563528943,1488.4868604048454,1606.4226753723844
nrc_groeneveld_24579pt__16207,4517.0,4163.598849746964,4566.078089443294,4698.103191295586,4918.368332978585,5248.209138808476,4698.103191295586
nrc_groeneveld_24579pt__5132,2166.0,2256.3295097648233,2091.912196666512,1964.770263948957,1912.5998917434515,2004.4675871416396,1964.770263948957
nrc_groeneveld_24579pt__13092,802.0,731.7377271433384,724.3741398609609,773.2897819311033,670.7215408718694,709.9477881772024,773.2897819311033
nrc_groeneveld_24579pt__11175,597.0,619.1813548782583,586.4987497686811,647.9713675804732,742.9942119598718,705.2430583567647,647.9713675804732
nrc_groeneveld_24579pt__5634,4046.0,3686.1682773034768,3815.8292267813404,3889.5082789767325,3731.4721382696353,3985.1975599554694,3889.5082789767325
nrc_groeneveld_24579pt__23647,722.0,780.9021790221875,718.3119224648129,608.3770124949888,707.9617124578798,638.729861031083,608.3770124949888
nrc_groeneveld_24579pt__7534,4061.0,3477.764159329532,4207.7005712748705,4047.759286967316,3206.496062183907,3687.1817953369523,4047.759286967316
nrc_groeneveld_24579pt__17179,1884.0,1913.4206605750949,1946.855138448924,1901.6159422610776,1756.6983019902516,1924.0854195913212,1901.6159422610776
nrc_groeneveld_24579pt__23198,1220.0,1223.9233975820312,1234.59739790163,1066.5975405983982,1063.7222658647524,1130.3142611815404,1066.5975405983982
nrc_groeneveld_24579pt__19158,7438.0,7745.542933558902,7712.907457524455,7835.086021316999,8200.802895599598,8840.3585690656,7835.086021316999
nrc_groeneveld_24579pt__20168,1630.0,2258.136775092462,2118.8548025933787,2305.9270348053024,2179.8094650415574,2316.586564251929,2305.9270348053024
nrc_groeneveld_24579pt__22487,959.0,933.8888288062569,869.3858150626631,894.5787892985253,1070.222790260273,968.3882725563583,894.5787892985253
nrc_groeneveld_24579pt__19333,1609.05,1796.577637662174,1646.9934521649882,1580.549016916488,1826.28714281169,1789.1134666109979,1580.549016916488
nrc_groeneveld_24579pt__20562,1786.0,1744.8410118577565,1341.1895563551905,1449.6144573032777,1376.1423971064303,1492.013333710333,1449.6144573032777
nrc_groeneveld_24579pt__4565,1596.0,1775.5287014429143,1501.5454903977227,1492.5409693038291,1551.707066653392,1706.8117560406458,1492.5409693038291
nrc_groeneveld_24579pt__4511,2158.0,1790.1794701088409,1674.8757156776358,1914.2579052363697,1638.0099744635645,1831.1306262880182,1914.2579052363697
nrc_groeneveld_24579pt__2262,989.0,998.620719860668,1001.3438931238676,1006.4370646694606,978.6780663306233,994.0419189235523,1006.4370646694606
nrc_groeneveld_24579pt__6480,2845.4,3091.7592084825997,2867.020644065485,2981.159574729276,3775.0658784530056,3666.868487585211,2981.159574729276
nrc_groeneveld_24579pt__22158,1090.9,963.9323600623774,1100.2375594682262,1048.09194769011,901.1090319286188,917.61214470335,1048.09194769011
nrc_groeneveld_24579pt__21018,756.0,652.5406967012627,672.4130340399819,637.2302947461185,688.6931386674519,672.4163805020618,637.2302947461185
nrc_groeneveld_24579pt__2894,1008.0,977.6869852400221,1013.1153051803271,1036.7641191674838,993.4256771715528,857.8748425860302,1036.7641191674838
nrc_groeneveld_24579pt__17889,613.0,668.0285417081452,621.8303300646672,666.5420764812689,753.8874984735371,694.0246884023106,666.5420764812689
nrc_groeneveld_24579pt__2001,1507.0,1628.35900695048,1550.1010640144834,1566.8684291035386,1804.3052555832824,1734.717235423563,1566.8684291035386
nrc_groeneveld_24579pt__14667,601.0,652.475569835027,577.8525930664407,620.7592446198348,566.6718349548036,620.7921555831631,620.7592446198348
nrc_groeneveld_24579pt__15215,1440.0,1339.288450574367,1428.5727496197792,1397.2098266267253,1241.5759100357084,1284.4859836510652,1397.2098266267253
nrc_groeneveld_24579pt__1445,1180.0,1253.5476115892582,1199.3117889425412,1161.0137851200607,1395.4044701928096,1373.3292019535659,1161.0137851200607
nrc_groeneveld_24579pt__21937,3322.0,2768.412951364683,3134.145739120423,3292.6195158717865,2414.059677136101,2747.0122225447208,3292.6195158717865
nrc_groeneveld_24579pt__23951,1742.0,1765.4180763724019,1738.505593137197,1686.680982569195,2116.0422374300374,1918.4073898872507,1686.680982569195
nrc_groeneveld_24579pt__5715,2645.0,2295.9996954884336,2612.1134637997948,2627.871580683806,2261.7256474601486,2330.4951398652383,2627.871580683806
nrc_groeneveld_24579pt__10354,928.0,903.151293758521,880.9569665034363,867.1111721444762,809.7748134088528,869.56503602613,867.1111721444762
nrc_groeneveld_24579pt__16932,4087.0,3841.4540910181768,3923.2544439758926,3875.153935371129,3412.555175770439,3913.232994697673,3875.153935371129
nrc_groeneveld_24579pt__4973,827.0,992.2672800888915,901.5054805258453,897.1666081980948,1189.0101536847276,1165.8480767655362,897.1666081980948
nrc_groeneveld_24579pt__13776,1538.0,1726.3373134227186,1679.594859371019,1847.2878476470803,1317.0791569348412,1509.0114502179251,1847.2878476470803
nrc_groeneveld_24579pt__3968,1792.0,1595.8774950605973,1765.3167790116668,1821.1270841162716,1113.1113477262872,1030.4902470519653,1821.1270841162716
nrc_groeneveld_24579pt__743,884.0,1224.8702822970276,1244.7786657224187,895.4063579520141,1888.1311271018596,1385.9285445864023,895.4063579520141
nrc_groeneveld_24579pt__11388,274.0,511.5800250561355,420.393693809239,449.4391862392864,411.8657440824714,454.3740075802781,449.4391862392864
nrc_groeneveld_24579pt__13330,3332.0,2103.3455752236855,2934.4511321823115,2623.291617567244,2193.615751007455,2434.77258088694,2623.291617567244
nrc_groeneveld_24579pt__9996,317.0,400.8925097716624,414.35566895859495,437.8733200232798,359.06895587535394,366.89828862753853,437.8733200232798
nrc_groeneveld_24579pt__4636,1077.0,1443.6648673463435,1164.1603198760326,1226.0798934042111,1622.6296452642293,1331.2689849606509,1226.0798934042111
nrc_groeneveld_24579pt__17241,2276.0,2432.664994497212,2238.976365911793,2262.8546208275257,2024.120434473073,2309.209157517433,2262.8546208275257
nrc_groeneveld_24579pt__2415,1990.0,1937.9656896735817,2085.3556177716787,2075.8171894696875,2087.6156822070143,2129.655422173993,2075.8171894696875
nrc_groeneveld_24579pt__3647,2873.0,2765.10993332393,2570.9496043750146,2631.953079274756,2533.8894165446713,2713.2341908125586,2631.953079274756
nrc_groeneveld_24579pt__10488,1639.0,1855.9359560490584,1661.2110564173645,1641.4502278674497,1880.0362500848105,1782.7897149814733,1641.4502278674497
nrc_groeneveld_24579pt__8398,868.0,927.8936972312471,791.2131146416514,780.5765728114301,899.499196324561,782.0477946795502,780.5765728114301
nrc_groeneveld_24579pt__9686,2082.0,2126.227133683294,2512.458948421768,2200.585948328663,2359.324994075331,2185.0804325123513,2200.585948328663
nrc_groeneveld_24579pt__9471,1422.0,1602.5691130734263,1615.9547825336465,1619.0775076004352,1607.4595067784066,1627.357322532436,1619.0775076004352
nrc_groeneveld_24579pt__5986,2310.0,2101.0713989557985,2396.2325269664534,2494.8254540301155,2303.5703551760585,2301.64478912477,2494.8254540301155
nrc_groeneveld_24579pt__4068,409.0,471.6011316290085,398.36643162447103,419.55558095904587,374.27574970567576,421.0101930541382,419.55558095904587
nrc_groeneveld_24579pt__19444,488.9,473.76478033903277,489.30113723385205,480.03764214485835,375.3591446121129,475.8298010815586,480.03764214485835
nrc_groeneveld_24579pt__12291,901.0,1054.9133458601482,793.9323348264265,803.4291383512219,969.3199327073115,1131.3467370383999,803.4291383512219
nrc_groeneveld_24579pt__10202,1351.0,1371.0087155572674,1275.2608411384779,1307.1676043553205,1382.4568751819056,1348.029816024563,1307.1676043553205
nrc_groeneveld_24579pt__3764,2282.0,2089.8008920099755,2226.473419027873,2252.3878901785274,2015.3730345059266,2104.9783459621276,2252.3878901785274
nrc_groeneveld_24579pt__18797,1032.0,1201.8143731467687,1118.0313307033741,1045.367507293442,1168.9578387936772,1193.3769965971062,1045.367507293442
nrc_groeneveld_24579pt__5379,1488.0,1312.0477659894043,1438.1951324409777,1364.3177265528802,1248.2685557512104,1283.0519394127016,1364.3177265528802
nrc_groeneveld_24579pt__22973,1419.0,1413.794534457676,1446.0619715675116,1374.4775254014962,1295.740092573547,1423.4944284048704,1374.4775254014962
nrc_groeneveld_24579pt__14989,196.0,298.9740517357996,198.2469113956565,206.1116631054224,297.296717863762,175.1374147432329,206.1116631054224
nrc_groeneveld_24579pt__22298,1712.6,1623.9022074824638,1860.1304172547514,1837.928633034149,1218.5101027566236,1551.919156764296,1837.928633034149
nrc_groeneveld_24579pt__13944,1393.0,1351.9514391650378,1231.615096487754,1290.536600351031,1020.5427216347318,1604.1509439000993,1290.536600351031
nrc_groeneveld_24579pt__20909,2999.0,2557.9438332906593,2552.4839169246065,2406.413793025035,2038.6739114394063,2361.1097881613687,2406.413793025035
nrc_groeneveld_24579pt__7607,845.0,839.4484134277411,868.5603430349246,827.9334382990494,758.6921771418984,886.8949063537522,827.9334382990494
nrc_groeneveld_24579pt__2066,512.0,554.9736079324011,510.59012056639733,482.85666499723305,531.3118757537956,545.6129072792794,482.85666499723305
nrc_groeneveld_24579pt__21915,4067.0,3396.3518810998335,2247.3084609653342,4203.1550085291,2824.5012060970985,3367.6990930250413,4203.1550085291
nrc_groeneveld_24579pt__1948,1025.0,1024.1683820213543,1047.0705381078835,1039.2778905020114,1092.428535329674,1021.9890855740347,1039.2778905020114
nrc_groeneveld_24579pt__23378,220.0,291.23890698410594,289.3558521648488,255.45565211529356,296.7721387871337,245.07850674560595,255.45565211529356
nrc_groeneveld_24579pt__1739,3947.0,3487.685909447473,3932.3750024884075,3803.208803773784,3414.0946568651543,3227.0374598641783,3803.208803773784
nrc_groeneveld_24579pt__12686,895.0,991.6527684025949,962.6646489375125,934.8970918547506,829.1186463811699,952.6598663297165,934.8970918547506
nrc_groeneveld_24579pt__16259,2921.0,2813.7446123694363,2989.986210028481,2961.9021393213475,2397.0217879808774,2738.025911763331,2961.9021393213475
nrc_groeneveld_24579pt__16306,3520.0,3906.206288065606,3602.092344314469,3723.199447327145,3609.873222446114,4007.711030244599,3723.199447327145
nrc_groeneveld_24579pt__1159,1168.0,1157.881163139611,1217.030685977309,1206.8202406206692,1102.635791642034,1172.2505320497137,1206.8202406206692
nrc_groeneveld_24579pt__23149,710.0,635.7017759363168,523.328540241226,615.1774314169878,754.6391818108543,651.7223034748162,615.1774314169878
nrc_groeneveld_24579pt__18242,845.0,699.5881247534453,826.7271095297034,850.8276615995621,607.3375417356897,658.6245032637404,850.8276615995621
nrc_groeneveld_24579pt__313,1511.0,1711.0786975412693,1567.1333144621558,1766.019030413223,1324.562085661185,1569.3994921574683,1766.019030413223
nrc_groeneveld_24579pt__14441,478.0,438.3146800006377,412.8511765817792,407.43162891980387,433.0555145892436,331.9945256470083,407.43162891980387
nrc_groeneveld_24579pt__12203,2244.0,2002.2944307372395,2187.0786270669405,2181.379607263512,1777.0014581857533,1978.8093514340123,2181.379607263512
nrc_groeneveld_24579pt__13320,2041.0,1846.1279804129701,1990.40794124873,2074.509555392429,1490.3875603252868,1440.9196387286229,2074.509555392429
nrc_groeneveld_24579pt__9606,1360.0,1384.8418355498895,1315.4168715435865,1258.1623732985113,1500.6605713450144,1525.6173072496317,1258.1623732985113
nrc_groeneveld_24579pt__12613,1918.0,1988.5781861876017,1777.8160255237626,1605.8853670890048,1522.5740863290894,1656.2938066584777,1605.8853670890048
nrc_groeneveld_24579pt__20829,1828.0,1583.9357180544648,1677.0788713101722,1669.7660252008084,1223.703859753004,1384.572993639149,1669.7660252008084
nrc_groeneveld_24579pt__14927,257.0,288.6304711131403,264.050907849816,250.02110306894505,270.6610456049551,236.6256087742013,250.02110306894505
nrc_groeneveld_24579pt__6646,326.0,298.2458494450933,318.9580376361376,322.91588502340977,341.0621861593048,328.208638064715,322.91588502340977
nrc_groeneveld_24579pt__3862,1196.0,1182.2752896842835,1139.841570378674,1198.0133208837262,1241.982798104298,1165.2725317383404,1198.0133208837262
nrc_groeneveld_24579pt__10235,2151.0,1808.3090808100437,1833.4644027962297,1765.2499038201497,1441.4074167230979,1702.671193862882,1765.2499038201497
nrc_groeneveld_24579pt__16161,1221.0,1325.9434931796952,1383.3112626019913,1413.1807603408943,1317.7904976434554,1363.4890211682202,1413.1807603408943
nrc_groeneveld_24579pt__3044,1002.0,1020.3673658535041,995.8448428762113,1018.8041518746348,949.3325575152558,812.256098070794,1018.8041518746348
nrc_groeneveld_24579pt__6055,1141.0,1222.8364850640764,1174.000096995218,1220.2179938078252,1243.8594935958313,1209.1435201428453,1220.2179938078252
nrc_groeneveld_24579pt__21555,240.0,338.9458962834902,253.2272230312863,265.0749989522434,321.137642621016,198.0094558580034,265.0749989522434
nrc_groeneveld_24579pt__14725,936.0,833.7065418332414,974.2363445315395,877.088840801788,780.7219962773947,773.9501757964929,877.088840801788
nrc_groeneveld_24579pt__7891,5310.0,7393.296351609404,5519.510334663418,5755.605018329,6302.337621170798,6966.573545128076,5755.605018329
nrc_groeneveld_24579pt__9000,764.0,745.4497500702781,783.8344340801806,743.9094895768203,829.4678131044038,733.5380237517699,743.9094895768203
nrc_groeneveld_24579pt__15063,2315.0,1769.5278395408382,1891.5316082324784,2028.4519389534985,1789.7310971216211,1948.7837991306462,2028.4519389534985
nrc_groeneveld_24579pt__8327,2709.0,2440.1121380796267,2545.05672844987,2460.5813672713666,2117.5521431441994,2364.1004198206087,2460.5813672713666
nrc_groeneveld_24579pt__16068,2036.0,2099.421036145506,2171.248840597848,2132.065479626994,2070.4170046758964,2235.384862861051,2132.065479626994
nrc_groeneveld_24579pt__6070,1547.0,1399.7306448809843,1488.0598556501338,1513.4553511981994,1305.2324582549918,1372.2976461137414,1513.4553511981994
nrc_groeneveld_24579pt__949,428.0,416.637530923535,423.1729036848062,439.32176278911584,505.52888859692075,254.7058850487857,439.32176278911584
nrc_groeneveld_24579pt__1603,3943.0,3780.4949951162794,3897.3639999957554,3952.6736278172457,3782.6009822375872,4248.45986585678,3952.6736278172457
nrc_groeneveld_24579pt__5246,1487.0,1808.8792893655464,1391.4668606186397,1487.9632438603655,1374.9545915185377,1456.3020211468518,1487.9632438603655
nrc_groeneveld_24579pt__3663,1254.0,1322.4550225866199,1261.267144687991,1311.390239501927,1353.2224804714415,1332.6582327399633,1311.390239501927
nrc_groeneveld_24579pt__10334,1558.0,1683.6182279180493,1480.5218093060453,1447.3184724671514,1494.7708209202513,1651.1319794223095,1447.3184724671514
nrc_groeneveld_24579pt__15875,802.4,759.733547141113,752.4648825956546,797.349363843379,806.1051812925263,736.5383697549364,797.349363843379
nrc_groeneveld_24579pt__4161,881.0,775.3307440778511,855.1827881790983,825.9650895675018,794.2979249783517,786.5493512697795,825.9650895675018
nrc_groeneveld_24579pt__4763,1536.0,1648.6324893109218,1536.944470790409,1591.252955279318,2052.1217368363914,1556.0948122419777,1591.252955279318
nrc_groeneveld_24579pt__10663,2398.0,2286.3803062339553,2372.9551809563127,2489.3815318530183,2159.340069333408,2241.0014635129596,2489.3815318530183
nrc_groeneveld_24579pt__16215,2274.0,2295.50818818725,2229.2889120848545,2092.96505587346,1945.983087259482,2225.499850609571,2092.96505587346
nrc_groeneveld_24579pt__24400,591.0,529.5643022924085,578.5485832945784,588.2903571935038,457.44809488047053,552.3082449828395,588.2903571935038
nrc_groeneveld_24579pt__19668,3350.0,2992.4660589658856,2948.0488192011762,3030.965329776662,2965.2879148913134,3300.5494417308896,3030.965329776662
nrc_groeneveld_24579pt__17672,938.0,671.9892962409481,873.824682151996,750.0755630616328,676.3409713807663,671.5369500250105,750.0755630616328
nrc_groeneveld_24579pt__17089,1398.0,1289.4428328948202,1396.2240032005072,1464.6175579165636,1457.2390514739625,1475.4366376645312,1464.6175579165636
nrc_groeneveld_24579pt__18110,2126.0,2241.2523636441238,1900.8831597789886,2311.837424516523,2322.220496019798,2325.004210795254,2311.837424516523
nrc_groeneveld_24579pt__6542,4668.8,3964.2770035632,4418.445986146753,4911.882248004725,3086.435975117502,3698.7684966119255,4911.882248004725
nrc_groeneveld_24579pt__10233,409.0,550.6440501095228,496.1668252714553,518.5486335923218,677.05493721148,559.2262617524424,518.5486335923218
nrc_groeneveld_24579pt__23529,345.0,309.1675422873387,314.85940431581906,343.73365843589494,329.6354610944887,225.0225061351098,343.73365843589494
nrc_groeneveld_24579pt__2996,2433.0,2573.8234914708396,2358.8776656837517,2469.8089960592183,2576.3164642815077,2469.8097924802164,2469.8089960592183
nrc_groeneveld_24579pt__13791,425.0,268.0167467499068,435.44158180275355,379.0080086634056,176.90807941394814,296.6351309874374,379.0080086634056
nrc_groeneveld_24579pt__16354,605.0,1242.4944068986815,783.7938691019336,947.2103843161989,1156.1790437489217,1130.11210067269,947.2103843161989
nrc_groeneveld_24579pt__19894,3780.0,3733.7927128624638,3914.383400112922,3500.9241133003015,2969.782833350673,3641.0904014391845,3500.9241133003015
nrc_groeneveld_24579pt__23061,581.0,623.5116134543053,738.9602746750685,558.4267218905075,768.2285736769808,567.6707844375497,558.4267218905075
nrc_groeneveld_24579pt__4811,2662.0,2553.079460056204,2595.6903734789853,2745.081664701495,2144.1249476873013,2241.873236397037,2745.081664701495
nrc_groeneveld_24579pt__11466,454.0,442.57574042813354,494.0386992961434,511.7259782708498,342.93591604471703,445.7483987499162,511.7259782708498
nrc_groeneveld_24579pt__5129,1523.0,1778.9379301982076,1596.6412788242537,1751.8427301519241,1358.4200329219489,1559.2906727146028,1751.8427301519241
nrc_groeneveld_24579pt__12969,200.0,328.3312199374004,205.19900212460723,211.09660559300764,396.08466029744454,246.59240736196614,211.09660559300764
nrc_groeneveld_24579pt__18517,2671.0,3116.0190912109365,3074.0278640972333,2906.0820011851097,2461.9807033245324,2820.8696582958155,2906.0820011851097
nrc_groeneveld_24579pt__3932,1670.0,1561.56773006909,1647.1856214830245,1607.613026309626,1297.8872401050553,1372.4558311828032,1607.613026309626
nrc_groeneveld_24579pt__10406,1546.0,1113.062157532047,1296.260278864843,1068.6794735187157,1290.6839580805158,1226.7448645754896,1068.6794735187157
nrc_groeneveld_24579pt__2858,1487.0,1481.8670855711757,1500.437719304385,1591.138083786518,1576.394551158745,1575.8048782528379,1591.138083786518
nrc_groeneveld_24579pt__16804,3630.0,3467.1923650761823,3512.6776094024867,3670.1172979540625,3626.331594081023,3842.152786688501,3670.1172979540625
nrc_groeneveld_24579pt__9821,652.0,389.77471298031793,501.83644801833407,424.76093673355234,442.22746326948953,348.65307048796086,424.76093673355234
nrc_groeneveld_24579pt__8917,1123.0,1180.7162983417295,1042.1645057716203,1090.5998057631984,1245.001102127887,1264.5012067078087,1090.5998057631984
nrc_groeneveld_24579pt__10770,835.0,985.0208209474985,958.1738066034967,899.9782509476196,1046.2532628025722,1013.4938843368917,899.9782509476196
nrc_groeneveld_24579pt__13203,3445.0,3132.2290082233453,3075.161814195903,2442.109854489144,1924.622395568545,2660.5186731602216,2442.109854489144
nrc_groeneveld_24579pt__14336,403.0,398.3015604696641,423.68507083027464,418.54933011005784,500.31548612243085,534.9754365245454,418.54933011005784
nrc_groeneveld_24579pt__24353,261.0,254.20316086153954,257.7484948296421,247.8054170238913,315.9498982319718,259.6744593347852,247.8054170238913
nrc_groeneveld_24579pt__24160,454.0,573.0009177480125,489.7078453637768,468.3745831564925,678.8265919911524,518.4923765566958,468.3745831564925
nrc_groeneveld_24579pt__4269,1902.0,1769.7485234865767,1985.0431187897618,1881.200224771307,1716.4009513030285,2383.122399832654,1881.200224771307
nrc_groeneveld_24579pt__18382,1597.0,1433.0739296405168,1496.3310894085682,1444.6934684382527,955.1245348569876,1218.5532346216191,1444.6934684382527
nrc_groeneveld_24579pt__15360,3830.0,3129.976897850363,3789.5130287322663,3538.0350233567992,2853.7603133952275,3222.8581296566463,3538.0350233567992
nrc_groeneveld_24579pt__10069,6213.0,6307.464709246445,6321.974606863176,6447.786234261867,6064.587210528318,7126.621540291783,6447.786234261867
nrc_groeneveld_24579pt__13394,2699.0,1936.5018528566186,2469.3435107668715,2257.864625271823,1664.9931294471094,1587.9305611220293,2257.864625271823
nrc_groeneveld_24579pt__19603,2130.0,1900.6580523373334,2303.19506634645,2579.0363365278263,1816.639328517663,2183.2217955606884,2579.0363365278263
nrc_groeneveld_24579pt__6495,4952.7,3838.238816796882,4145.817386659723,4196.325539650423,4308.012609306837,4224.3442670931945,4196.325539650423
nrc_groeneveld_24579pt__7114,2889.6,2468.5227437341164,2903.861879135041,2822.2162117725456,2331.8274785820845,2370.249678750907,2822.2162117725456
nrc_groeneveld_24579pt__9272,590.0,643.9756029205388,575.0697825049031,612.5638926799559,727.3741151592816,585.5721072565956,612.5638926799559
nrc_groeneveld_24579pt__23457,376.0,407.177629814422,499.0969751744805,465.17265269547664,434.2486215107168,282.1192604559938,465.17265269547664
nrc_groeneveld_24579pt__14076,1272.0,1541.0849463076152,1418.7724446214975,1402.9028900905123,1332.8102220391418,1419.297742869988,1402.9028900905123
nrc_groeneveld_24579pt__19752,2720.0,2854.488072947965,2721.933650035428,2969.851130843713,2870.7847548139093,3062.14044229929,2969.851130843713
nrc_groeneveld_24579pt__23291,1710.0,1403.3221445019794,1514.9736327815008,1378.2520872767896,1413.02894740252,1511.7321114012982,1378.2520872767896
nrc_groeneveld_24579pt__17959,1524.0,1719.1345258801343,1509.411499640941,1515.0978393997984,1742.3422408207723,1711.2986014279122,1515.0978393997984
nrc_groeneveld_24579pt__15791,1058.0,1257.487938330247,1182.2907505676458,1180.9774603335086,1021.4030315990881,1222.4414825229687,1180.9774603335086
nrc_groeneveld_24579pt__22957,439.0,650.441307872301,540.4643277249435,570.3937858112041,752.3476871570218,687.6923067034757,570.3937858112041
nrc_groeneveld_24579pt__18529,1738.0,1941.6370133985592,1808.8496733808963,1785.3869221926777,1741.6824390590405,1795.1157171091882,1785.3869221926777
nrc_groeneveld_24579pt__366,662.0,755.4505580277219,828.5573977496044,715.4819640365475,873.1157391835031,778.5555757526388,715.4819640365475
nrc_groeneveld_24579pt__7893,4196.0,5351.0676184380145,3914.6470504318227,4241.4893130217215,4866.603396011098,5569.864615420931,4241.4893130217215
nrc_groeneveld_24579pt__4141,184.0,254.0015439912665,217.8892606875269,219.38830157307956,222.86241546893342,217.9273159445035,219.38830157307956
nrc_groeneveld_24579pt__13075,550.0,600.2751646425511,587.4413682068874,530.957581341492,580.9963505119584,625.9182182794159,530.957581341492
nrc_groeneveld_24579pt__21417,1967.0,1920.3001610155156,1927.5098890116335,2029.8625947095736,1488.4977924256455,1747.202527545824,2029.8625947095736
nrc_groeneveld_24579pt__360,1400.0,1221.640842884083,1323.2017338846226,1311.6319980229182,1279.0655791999625,1157.9735876624206,1311.6319980229182
nrc_groeneveld_24579pt__18279,998.0,1031.8029233664886,1097.4641235138922,1083.9392330869657,872.2202109445218,974.7841610157592,1083.9392330869657
nrc_groeneveld_24579pt__12054,547.0,530.5069008535963,508.88217073491893,559.8719302275728,515.9496091530051,589.4111952895474,559.8719302275728
nrc_groeneveld_24579pt__12133,915.0,940.2493367761774,857.0665975848319,946.2093603885951,944.6187650737742,893.880777233167,946.2093603885951
nrc_groeneveld_24579pt__19599,2650.0,2298.3666290718793,2582.6052804437445,2678.9719232753555,2221.686617866156,2529.162808973275,2678.9719232753555
nrc_groeneveld_24579pt__16408,1855.0,1888.3582364843605,1800.00974958816,1873.7867700696838,1791.2859502413767,2050.5859751908274,1873.7867700696838
nrc_groeneveld_24579pt__1263,602.0,568.9530763350917,580.740542469394,579.9872313661793,620.6545196716543,568.3033679917685,579.9872313661793
nrc_groeneveld_24579pt__21623,520.0,669.7275368390891,682.8451323633411,642.6020928230339,701.7366052864968,622.6862011617582,642.6020928230339
nrc_groeneveld_24579pt__14079,1758.0,1728.492454279008,1790.9689324521826,1785.226063125611,1525.4289942185183,1633.5741540991485,1785.226063125611
nrc_groeneveld_24579pt__21865,480.0,590.1237985708857,555.7259736083694,564.4971316881755,592.8799887021376,562.2581812415184,564.4971316881755
nrc_groeneveld_24579pt__6936,2126.2,1806.4627588046635,2090.292676053075,2053.217838804468,1713.3931334357212,2053.5155523574153,2053.217838804468
nrc_groeneveld_24579pt__13000,1558.0,1777.914296059159,1593.371699341385,1476.9699902127709,1246.8931752103344,1677.328058813133,1476.9699902127709
nrc_groeneveld_24579pt__21473,670.0,562.4360957670567,513.898311050535,528.0218663338978,584.2327830180672,460.4518546410097,528.0218663338978
nrc_groeneveld_24579pt__18883,2213.0,2316.8726899200365,2130.6221977741297,2046.2761448555716,1938.5286405427928,2168.3831303081843,2046.2761448555716
nrc_groeneveld_24579pt__3528,714.0,858.4304913723875,855.9546117913433,779.4397085095188,824.2014233082848,754.0532039724243,779.4397085095188
nrc_groeneveld_24579pt__1784,3849.0,3186.2106445853387,3710.280250137266,3879.838445891688,3458.9852024924426,3312.137440415554,3879.838445891688
nrc_groeneveld_24579pt__13605,1559.0,1119.8443894446682,1400.9273358357002,1414.832067215227,1148.6279319301384,1181.4002933019083,1414.832067215227
nrc_groeneveld_24579pt__4262,929.0,816.7687966046852,900.4047930702469,874.8287021500538,784.764427251447,876.6188854214964,874.8287021500538
nrc_groeneveld_24579pt__420,1511.0,1650.6457642122919,1573.6647473162911,1562.0045464082593,1394.0264134765473,1521.5986921634274,1562.0045464082593
nrc_groeneveld_24579pt__11441,733.0,655.6944433027788,688.3485217882452,701.8490988354763,582.6482716148262,629.7384779957714,701.8490988354763
nrc_groeneveld_24579pt__3602,2740.0,2370.011650397489,2681.3631868023836,2710.5153652226722,2115.294162498593,2268.603129687384,2710.5153652226722
nrc_groeneveld_24579pt__5728,2952.0,2616.6457873321656,2868.9589498234945,2927.849768371419,2938.9904792724683,2969.7904244278643,2927.849768371419
nrc_groeneveld_24579pt__8293,2585.0,2464.0331626620837,2568.2449609359396,2527.4339669732512,2229.2680793042896,2537.9307442088425,2527.4339669732512
nrc_groeneveld_24579pt__17134,871.0,1035.2250488217567,1141.4505063910713,1018.6205243172637,1142.5657009193276,1140.6397416976367,1018.6205243172637
nrc_groeneveld_24579pt__14656,242.0,271.96439054545783,245.44332510520482,250.77139022069542,400.7883537587215,327.81920346099827,250.77139022069542
nrc_groeneveld_24579pt__6959,2151.4,1741.6764585965482,1667.1094372917596,1610.4512701128776,1611.8945768048875,1700.4137866863982,1610.4512701128776
nrc_groeneveld_24579pt__1281,979.0,1003.9712480378715,966.7970057804313,954.8387050084863,1050.217081342651,1017.7768656883587,954.8387050084863
nrc_groeneveld_24579pt__16801,3906.0,3646.7369221263775,4031.016866247397,4080.7821744972935,3816.433592476879,4036.35987697041,4080.7821744972935
nrc_groeneveld_24579pt__15055,2200.0,2071.999777310949,2197.6580263532874,2218.0384300691244,1924.7407976445286,2107.8255179324133,2218.0384300691244
nrc_groeneveld_24579pt__6968,2817.1,3138.686416978381,2801.2784200151864,2942.3551237648057,3147.57424087228,3271.212237781819,2942.3551237648057
nrc_groeneveld_24579pt__3601,2684.0,2235.9821082274393,2510.951552822708,2502.8256066991407,1984.6005087665883,2128.586755657624,2502.8256066991407
nrc_groeneveld_24579pt__14078,1510.0,1613.0045870546608,1610.1515908669512,1673.5365070490668,1366.9155846283609,1454.4374518789305,1673.5365070490668
nrc_groeneveld_24579pt__8300,1294.0,1196.1697461308906,1204.1453935598304,1009.4995467066366,1098.6653747677083,1106.932433017583,1009.4995467066366
nrc_groeneveld_24579pt__464,686.0,615.4674648618478,577.9597689639608,598.4797221954042,658.9177254087797,673.5877237214705,598.4797221954042
nrc_groeneveld_24579pt__13790,390.0,218.97996131091864,383.9630298234452,363.9355974880634,145.23988137406968,277.6775047388503,363.9355974880634
nrc_groeneveld_24579pt__23237,190.0,135.1409801427013,133.56656324395203,133.48410714705705,101.29880562160392,121.17726352813087,133.48410714705705
nrc_groeneveld_24579pt__5426,2076.0,1773.5123765237292,2164.6395984906185,1417.7374941107155,1612.0389875010903,1973.9955762863108,1417.7374941107155
nrc_groeneveld_24579pt__20024,1900.0,2332.2786312794237,2007.6331783246944,2197.0222926365414,2348.711358705634,2383.047748163531,2197.0222926365414
nrc_groeneveld_24579pt__746,1073.0,1335.3659305134752,1142.5608070817034,950.2918900799805,1948.9404222509054,1404.9609543386714,950.2918900799805
nrc_groeneveld_24579pt__22488,937.0,925.5094689525972,850.8603375538039,898.4958723031741,1028.0626483875496,940.3232512091533,898.4958723031741
nrc_groeneveld_24579pt__4278,394.0,349.6918157920583,387.9215677080563,340.3074250335378,394.91577423015576,439.04224838564755,340.3074250335378
nrc_groeneveld_24579pt__23922,358.0,249.8068578810399,350.7606207953927,349.18519672558426,203.24083253953557,248.43107879691698,349.18519672558426
nrc_groeneveld_24579pt__8606,5392.0,3993.127030349288,5139.264054338896,5015.8368593499745,4208.719494400371,4525.482735893945,5015.8368593499745
nrc_groeneveld_24579pt__2884,1005.0,926.5746543501235,1009.7326987358422,1038.3143788902287,954.147499819675,850.1031465951576,1038.3143788902287
nrc_groeneveld_24579pt__24167,353.0,411.81870893162375,386.3172121966081,396.17231386084626,509.66953364201265,390.89621619942733,396.17231386084626
nrc_groeneveld_24579pt__4904,2937.0,2658.0793902454657,2951.60292170838,2906.8945769746815,3651.9443885187616,3330.876025164166,2906.8945769746815
nrc_groeneveld_24579pt__20893,822.0,1098.5254998653481,1146.3584373998503,1101.1419627221217,1071.4658287659552,1080.701048270146,1101.1419627221217
nrc_groeneveld_24579pt__1432,1158.0,1061.2665584967444,1150.4315759646965,1154.0402298386718,1064.155543205296,1094.742456449914,1154.0402298386718
nrc_groeneveld_24579pt__12760,619.0,643.1313690293197,623.6810933538304,656.559614259791,627.9729810442353,750.3363567390372,656.559614259791
nrc_groeneveld_24579pt__6064,1151.1,1210.5441921756671,1154.8082852852249,1204.5425780095957,1233.6039096090342,1191.0179078362034,1204.5425780095957
nrc_groeneveld_24579pt__15506,722.0,608.759158586759,643.0752895296176,635.20327092057,692.17632038985,660.4469099272453,635.20327092057
nrc_groeneveld_24579pt__14495,1675.0,1803.6305954781956,1621.5159602505971,1673.024266423373,1492.153562826572,1570.0609107786195,1673.024266423373
nrc_groeneveld_24579pt__21404,1676.0,1691.6985034933916,1772.6014415596783,1697.7092415322954,1331.2107108133127,1562.6147044944255,1697.7092415322954
nrc_groeneveld_24579pt__13644,2391.0,2021.0222015896627,2340.789658635634,2445.4946346058796,1773.2884055539726,1928.0127028433358,2445.4946346058796
nrc_groeneveld_24579pt__22910,2958.0,2288.6510049421427,2542.5174807781077,2505.3419482559198,2226.7408109161984,2512.6939584143997,2505.3419482559198
nrc_groeneveld_24579pt__3309,4870.0,4384.915563130979,4471.719265231186,4282.022139831459,4049.5628284067466,4677.719701560547,4282.022139831459
nrc_groeneveld_24579pt__11223,241.0,373.3485182130465,363.6875564905951,397.73284438626615,350.43516913097085,333.64362229421147,397.73284438626615
nrc_groeneveld_24579pt__23811,2380.0,2626.9756757941086,2490.1692422666188,2357.941226214971,2569.6383497903907,2956.49549389359,2357.941226214971
nrc_groeneveld_24579pt__2480,930.0,906.8603612941757,899.8637269797841,909.7747279462451,897.9499496784258,964.6740679091915,909.7747279462451
nrc_groeneveld_24579pt__23235,897.0,953.3620856030309,919.2824885772915,930.9985698791256,820.7869565893673,986.7001451929032,930.9985698791256
nrc_groeneveld_24579pt__22504,1010.0,1280.8720452968068,1247.0519906593363,1285.1715617648945,1284.9103750595154,1338.9695049536556,1285.1715617648945
nrc_groeneveld_24579pt__11301,598.0,554.7039976161348,589.381529191433,619.8447320639813,586.7581204354623,562.6931521820037,619.8447320639813
nrc_groeneveld_24579pt__183,2189.0,2174.233810235299,2054.482060347638,2176.311071715825,2003.3143196900264,2101.5534473146445,2176.311071715825
nrc_groeneveld_24579pt__19481,2009.0,2596.089466601648,2372.1269023583623,2607.27570473683,3390.4441446548312,2629.211279306183,2607.27570473683
nrc_groeneveld_24579pt__23763,480.0,596.7860160737501,517.4191485718679,473.27920297366325,625.8857167820735,529.5714654474117,473.27920297366325
nrc_groeneveld_24579pt__1892,1525.0,1474.1076751496316,1820.7677696567514,1615.6831483644555,1531.2649644477679,1637.3472211405017,1615.6831483644555
nrc_groeneveld_24579pt__22339,3382.0,4604.4747099988845,3740.4266948784493,4025.3566924398997,3954.2365847717415,4694.813674767934,4025.3566924398997
nrc_groeneveld_24579pt__14560,565.0,609.2587335047099,620.5105738909514,633.0967225636078,708.4304659250516,639.4942236014583,633.0967225636078
nrc_groeneveld_24579pt__14670,805.0,772.430538388212,780.1343403776384,768.8066475009775,641.4801637185427,744.7569060878664,768.8066475009775
nrc_groeneveld_24579pt__4213,1396.0,1215.2063132095523,1427.534532549405,1411.0420591602656,1067.9838641430779,1274.2603928247456,1411.0420591602656
nrc_groeneveld_24579pt__22566,3141.0,3484.5144217167835,3308.2957511568907,3671.3684645403882,3249.3275208207165,3927.3926360585215,3671.3684645403882
nrc_groeneveld_24579pt__24392,335.0,316.38095315059627,344.8531630428248,351.76728638777473,289.0888218289262,334.6427500803319,351.76728638777473
nrc_groeneveld_24579pt__13230,6719.3,7155.035585734459,7518.039967819917,7386.389805109729,6878.501683709915,7023.695723275148,7386.389805109729
nrc_groeneveld_24579pt__12444,1116.0,1057.729186847928,1148.3602150582324,1108.3109802287813,908.1100770365987,988.4006736915642,1108.3109802287813
nrc_groeneveld_24579pt__18439,748.0,713.4101151767255,721.8048407101772,690.3075057715978,736.6157478279699,704.5494041890319,690.3075057715978
nrc_groeneveld_24579pt__15585,1093.0,910.7279303976785,1117.2548169857323,958.0036846058917,967.9030511761301,1008.8953523291719,958.0036846058917
nrc_groeneveld_24579pt__7472,2511.0,1904.3703441866685,2102.776252042411,2226.386613475127,1999.4869877941485,2061.4893964296375,2226.386613475127
nrc_groeneveld_24579pt__10786,479.0,515.2118585795744,424.7017152307656,470.72038687552543,549.8916618413422,538.3136211731043,470.72038687552543
nrc_groeneveld_24579pt__22178,807.1,738.1931733501231,815.705653620176,861.9793199335927,790.490463271294,793.2893656357663,861.9793199335927
nrc_groeneveld_24579pt__22839,1790.0,1660.0970018841363,1475.9473065523737,1801.7586914367453,1284.941559807383,1452.687532032358,1801.7586914367453
nrc_groeneveld_24579pt__4543,1162.0,1244.119929331185,1074.9365726964986,1083.378362068894,1355.6208341597608,1310.8841057462084,1083.378362068894
nrc_groeneveld_24579pt__19308,1126.34,1131.0167497628743,1156.6874495189393,1180.4153444826998,1313.447152538728,1296.626037824507,1180.4153444826998
nrc_groeneveld_24579pt__23034,1024.0,1014.6985885922221,1081.8513259779118,1213.5663713424447,871.801627347487,1060.8158292212097,1213.5663713424447
nrc_groeneveld_24579pt__10260,1288.0,1209.9190279630036,1168.6696370019686,1197.1011100474868,1168.4238870405372,1182.0445035066673,1197.1011100474868
nrc_groeneveld_24579pt__17677,755.0,595.8935737751665,664.0122133043102,655.3392198867314,645.4536983760224,598.8122903411364,655.3392198867314
nrc_groeneveld_24579pt__16756,1653.0,1577.6488405886414,1786.4490114837588,1813.9497458134829,1596.6738978304036,1735.8722495822512,1813.9497458134829
nrc_groeneveld_24579pt__1653,1998.0,1828.8064629103017,2001.1184944503138,1919.1544936272726,1799.9775880114842,1755.633032756508,1919.1544936272726
nrc_groeneveld_24579pt__13152,3018.0,2960.5419883024783,3264.709332779787,3196.0863401238207,2480.6938858213925,3146.0776768857118,3196.0863401238207
nrc_groeneveld_24579pt__13452,2816.0,2561.178802199917,2561.263044968754,2717.1040126223916,2186.343715575879,2481.6402921983527,2717.1040126223916
nrc_groeneveld_24579pt__2109,1518.0,1551.6547067246236,1450.8671636781764,1373.0648807247276,1834.0136841615297,1782.1690460604425,1373.0648807247276
nrc_groeneveld_24579pt__12776,657.0,621.8969405386273,637.9566343708198,657.7223318069971,869.4608659943531,952.7051878365447,657.7223318069971
nrc_groeneveld_24579pt__7579,995.0,953.1358895743552,927.4541603216171,958.8074922703302,877.3273922729988,1037.4289635556588,958.8074922703302
nrc_groeneveld_24579pt__7437,1544.6,1498.5798890545448,1598.2984708838521,1450.4886983726653,1518.3781154514938,1783.5437262551686,1450.4886983726653
nrc_groeneveld_24579pt__6247,9600.0,8224.923538833053,7461.062773609262,7452.356698745213,6709.900092179223,7181.7789504190905,7452.356698745213
nrc_groeneveld_24579pt__2358,3523.0,3217.802834080477,3614.780666852718,3671.313686636318,3265.402680250104,3718.9916637488564,3671.313686636318
nrc_groeneveld_24579pt__12920,1973.0,2149.421419571729,1954.6871704142982,2082.4427675618053,2090.712909387084,1950.8732906796788,2082.4427675618053
nrc_groeneveld_24579pt__11948,962.0,917.1522273371495,922.9112188744467,904.5699586800644,604.682732008901,847.9333172188321,904.5699586800644
nrc_groeneveld_24579pt__13729,598.0,500.1286653217112,584.3239884875646,568.2797155057699,281.1159040416495,368.35146568094535,568.2797155057699
nrc_groeneveld_24579pt__23942,1168.0,1249.5370445636863,1155.7582377574781,1140.3371017503705,1507.3970120713986,1376.8167190079107,1140.3371017503705
nrc_groeneveld_24579pt__15852,709.0,707.3175557522063,712.1526361252332,711.9260621060578,600.9282012050132,771.5768411808612,711.9260621060578
nrc_groeneveld_24579pt__3069,1516.0,1598.6033034923278,1512.1011656237713,1656.005088800441,1839.046751548885,1713.7109538031289,1656.005088800441
nrc_groeneveld_24579pt__20415,1240.0,1174.029090437258,1229.127167062943,1240.6949756764686,1340.8583959659372,1257.1678111348726,1240.6949756764686
nrc_groeneveld_24579pt__9940,423.0,477.108380109388,359.4776494678722,392.2530063380631,485.99633246131975,485.6467977875682,392.2530063380631
nrc_groeneveld_24579pt__13159,3962.0,3635.0117364838065,4194.136599150306,3973.1806418387823,2779.474765352951,3818.8149377768295,3973.1806418387823
nrc_groeneveld_24579pt__13665,1465.0,1023.249476229299,1375.455542153296,1268.2703195912247,1003.9037730692244,1064.1068717018677,1268.2703195912247
nrc_groeneveld_24579pt__10090,6938.0,6090.212562539262,6427.117472654803,6771.241399707487,5610.302131744676,6348.797285579397,6771.241399707487
nrc_groeneveld_24579pt__727,6466.9,6607.389527453352,7599.516788808239,6780.7126579646765,6328.3076147621505,6877.605842035963,6780.7126579646765
nrc_groeneveld_24579pt__867,1360.0,1481.1577214741271,1679.660014258997,1639.7319737753933,1973.8086507234632,1719.7768972373572,1639.7319737753933
nrc_groeneveld_24579pt__11377,3223.0,2867.116922799787,3096.193945393739,3069.41835470869,2390.6222063770256,2563.7911043550694,3069.41835470869
nrc_groeneveld_24579pt__16539,2451.0,2994.1723248190315,2356.039044308239,2459.2090356186905,3104.8476582330536,3313.3198547650572,2459.2090356186905
nrc_groeneveld_24579pt__16743,2813.0,2854.130561096588,2712.0840908095365,2671.731899894688,2361.048231898367,2744.311355805619,2671.731899894688
nrc_groeneveld_24579pt__14863,346.0,338.88163735447887,393.08944680639433,389.86277395684505,306.1330962480253,358.4321201160452,389.86277395684505
nrc_groeneveld_24579pt__21752,390.0,526.0219591664403,456.3636879777745,452.37802281947444,546.2961996843521,504.4918734580653,452.37802281947444
nrc_groeneveld_24579pt__8878,2313.0,2050.6252753652966,2212.9459917341037,2207.81626351029,2089.8191186030517,2192.199109311319,2207.81626351029
nrc_groeneveld_24579pt__1801,4907.0,5202.485163069425,4695.73501749877,5054.657712529708,4595.164396221705,5091.832571240238,5054.657712529708
nrc_groeneveld_24579pt__1179,1192.0,1327.0305121072242,1195.3494273364568,1048.5146384405318,1464.333038035049,1332.059680731674,1048.5146384405318
nrc_groeneveld_24579pt__16531,3471.0,3707.411708630442,3684.694667702204,3475.942693408448,3875.9737737267415,4119.774422065124,3475.942693408448
nrc_groeneveld_24579pt__720,7602.6,6001.108572100288,7394.079134846864,7402.6375515508635,6002.550951796637,7104.394355012357,7402.6375515508635
nrc_groeneveld_24579pt__13082,838.0,876.7656076776786,924.8483211096094,876.7468789611141,710.6428586941146,862.0483614679356,876.7468789611141
nrc_groeneveld_24579pt__12126,771.0,743.8711267976789,785.7146172372139,792.0823718881854,889.5805078447202,824.7649846567576,792.0823718881854
nrc_groeneveld_24579pt__16529,3789.0,3763.865016346132,3526.7733807994523,3576.290061506279,3921.2779468041363,4170.660455190879,3576.290061506279
nrc_groeneveld_24579pt__2635,3952.0,4339.534622857574,3900.9964350051955,3964.1079807476153,4114.012559639283,4117.114370767731,3964.1079807476153
nrc_groeneveld_24579pt__13923,466.0,569.986030468491,652.8935487349477,562.3932601294506,634.7501497269383,693.7232624612933,562.3932601294506
nrc_groeneveld_24579pt__18360,466.0,559.639523372636,486.48402090692866,505.4066068949681,544.0917983965187,541.7291808623288,505.4066068949681
nrc_groeneveld_24579pt__667,483.0,532.4871219847179,505.7148393960814,493.5193102281342,617.4346885471385,713.9219249005596,493.5193102281342
nrc_groeneveld_24579pt__24484,4404.2,4960.662076833427,6130.123080965151,6189.3333861048495,5185.294259310516,5383.712164310244,6189.3333861048495
nrc_groeneveld_24579pt__13950,923.0,902.6577309696077,1030.2906238778894,1092.121176669798,784.9537518773886,906.1920803427196,1092.121176669798
nrc_groeneveld_24579pt__8788,1767.0,1421.403446887519,1508.066928002313,1413.894204400012,1295.2466592312612,1414.470760534553,1413.894204400012
nrc_groeneveld_24579pt__12672,1490.0,1498.0443392111154,1550.0004886820593,1494.8485867299187,1175.9937322610924,1370.7645861168337,1494.8485867299187
nrc_groeneveld_24579pt__16704,2109.0,1965.5152913752165,1960.7273436430928,2022.146936777709,1850.2020916808212,2061.9324828483686,2022.146936777709
nrc_groeneveld_24579pt__6697,466.0,450.03060353349707,469.62084053606765,459.689743754331,489.04083345847505,515.1118404798941,459.689743754331
nrc_groeneveld_24579pt__1582,1860.0,1831.1080624859558,2348.2499116669537,2034.9744686993658,1980.7966698477892,1807.422614689675,2034.9744686993658
nrc_groeneveld_24579pt__19656,3150.0,3110.8028383322285,3198.9896754300057,3111.632082010963,3094.1155011761157,3449.5768677257556,3111.632082010963
nrc_groeneveld_24579pt__17242,2175.0,2322.5984990822512,2204.074418314692,2158.636489735967,1977.6344038999337,2233.8733949352195,2158.636489735967
nrc_groeneveld_24579pt__19507,1900.0,1802.4148519256537,1504.6144759989622,1728.094996402406,1277.6111512067096,1758.7279890446223,1728.094996402406
nrc_groeneveld_24579pt__16811,2971.0,2614.195435168252,2447.4207738442738,2645.3555190436828,2787.5006287894576,3030.503789123697,2645.3555190436828
nrc_groeneveld_24579pt__18861,1816.0,1913.1027493393203,1859.9671729382849,1783.4837473618525,1580.7595985745138,1747.2870786142146,1783.4837473618525
nrc_groeneveld_24579pt__18972,7634.0,7659.962675497716,7733.633558830305,7835.611909956218,8935.862213237726,7121.547403296934,7835.611909956218
nrc_groeneveld_24579pt__20860,1374.0,1239.1270288698001,1237.152549299936,1352.5583032319867,1125.9051205155963,1180.745012843017,1352.5583032319867
nrc_groeneveld_24579pt__20611,2110.0,1528.6509166265896,1597.7910618291826,1514.4708611119481,1301.7789823690368,1393.2941747302868,1514.4708611119481
nrc_groeneveld_24579pt__10731,622.0,534.0611698664912,489.5169379264576,530.4118274994072,484.74510834879874,516.1193259953695,530.4118274994072
nrc_groeneveld_24579pt__7146,2160.9,1800.2282364556568,2129.7429261254174,2106.203241211422,2098.207416599986,1985.789466072482,2106.203241211422
nrc_groeneveld_24579pt__21873,1730.0,1177.568503620402,1149.8633146547656,1062.8005077114285,1017.3421296524773,1095.2100944960084,1062.8005077114285
nrc_groeneveld_24579pt__14910,405.0,438.5545838172207,407.65804478825726,400.1644920984948,462.49627358314905,436.68768723186133,400.1644920984948
nrc_groeneveld_24579pt__9417,4217.0,3451.023264707719,4041.7866955386125,3897.8688006167313,3138.9805236534025,3639.8649483036666,3897.8688006167313
nrc_groeneveld_24579pt__20238,6400.0,5018.550681881596,5842.302040587756,6280.891748315262,4428.686662059932,5536.810599346305,6280.891748315262
nrc_groeneveld_24579pt__10887,391.0,350.7631964271088,402.6391076495407,405.59839162508723,283.3817407382515,365.82871375286965,405.59839162508723
nrc_groeneveld_24579pt__24104,410.0,476.9883484728463,428.0046752447496,429.86388675939065,615.2186408187479,538.5190592504559,429.86388675939065
nrc_groeneveld_24579pt__17796,1925.0,1957.2459175920374,2067.0631191398543,2050.383456563268,1759.3583486535956,1969.7311217538584,2050.383456563268
nrc_groeneveld_24579pt__17389,3800.0,3638.2442583385746,3351.1915073880195,3434.9555819820653,3655.5508429239253,3757.1303488363624,3434.9555819820653
nrc_groeneveld_24579pt__18980,6550.0,7088.7524342707575,6738.979811084514,6708.547122064644,7521.033371676754,6309.194867632985,6708.547122064644
nrc_groeneveld_24579pt__15018,156.0,164.2170910425155,156.32243387502803,183.87496363313403,106.7914220303626,82.77246347341871,183.87496363313403
nrc_groeneveld_24579pt__21335,1297.0,1437.6127423722953,1464.052144373187,1452.1536166383835,1045.1732610435115,1260.233924849007,1452.1536166383835
nrc_groeneveld_24579pt__18521,2365.0,2753.4337177093075,2514.5520736335893,2645.494747762678,2240.889390108316,2492.698717295187,2645.494747762678
nrc_groeneveld_24579pt__19794,1590.0,1463.6626783477952,1460.036772181376,1399.0219604438482,1167.1137542113297,1345.0434003104078,1399.0219604438482
nrc_groeneveld_24579pt__12196,3349.0,3119.2597587387672,2735.986834475271,2918.9014750151846,2997.857556913872,3012.9668514952377,2918.9014750151846
nrc_groeneveld_24579pt__10204,960.0,1087.81886769932,1100.801388895629,1097.8409545755733,1166.9760017852986,1055.6897355186106,1097.8409545755733
nrc_groeneveld_24579pt__18041,649.0,704.0623273930506,705.519774807104,702.8542407620881,625.9016245200875,644.0977382261357,702.8542407620881
nrc_groeneveld_24579pt__2613,3519.0,3668.674681815362,3409.246568381168,3351.186147309133,3791.969777780016,3250.5048216102045,3351.186147309133
nrc_groeneveld_24579pt__23012,1566.0,1542.7691007387289,1554.7109673467123,1781.4779433717347,1262.431692735281,1738.1485744788852,1781.4779433717347
nrc_groeneveld_24579pt__747,1726.0,1450.102275501025,1615.1926077723806,1246.5448878613574,2184.096086244816,1635.3162396788437,1246.5448878613574
nrc_groeneveld_24579pt__23658,696.0,796.0212041248828,852.1925254090429,833.8156736275467,905.0413371002118,885.2010701038647,833.8156736275467
nrc_groeneveld_24579pt__8185,1395.0,1231.471777085186,1182.9326904306636,1216.1019335462563,1234.6653815954694,1315.728377707586,1216.1019335462563
nrc_groeneveld_24579pt__7515,2276.0,2238.5395034493577,2483.420136091009,2402.9549696266777,2346.7973277663177,2278.0370520241217,2402.9549696266777
nrc_groeneveld_24579pt__5060,2869.0,2689.13459180691,2742.538996253574,3057.576560409302,3004.3622006777546,2951.1135837569564,3057.576560409302
nrc_groeneveld_24579pt__14035,911.0,766.3807845877059,768.8968171600063,779.5655419186414,701.9828475663734,760.7862855027062,779.5655419186414
nrc_groeneveld_24579pt__3212,1238.0,1340.4808389466284,1179.4143585064749,1244.245596793846,1364.9330223237832,1308.300025452468,1244.245596793846
nrc_groeneveld_24579pt__12077,2644.0,2070.7364352156537,2388.858221304406,2463.9396751084746,2210.35976866762,2240.488892672774,2463.9396751084746
nrc_groeneveld_24579pt__12754,685.0,771.3682114154558,641.0709184948558,601.3547281865167,622.8572210746148,716.103542836618,601.3547281865167
nrc_groeneveld_24579pt__9804,595.0,573.1831409393812,586.9239954767003,562.8192180505132,644.2086899670245,548.7077096922891,562.8192180505132
nrc_groeneveld_24579pt__5313,1488.0,1314.3937357604389,1414.2890253078294,1425.6045642394183,1248.503078053373,1257.7522593414376,1425.6045642394183
nrc_groeneveld_24579pt__10632,619.0,378.7442453241117,428.00664477039976,412.5025612765352,370.01828684208203,321.43240192876544,412.5025612765352
nrc_groeneveld_24579pt__3119,3040.0,2708.496830174513,3015.6622237428624,2913.7801585133748,2919.067785397333,2405.4674521217976,2913.7801585133748
nrc_groeneveld_24579pt__8068,2837.0,2748.612400550812,2501.636179429074,2519.3060296627596,2016.4036237887353,2295.2207408049744,2519.3060296627596
nrc_groeneveld_24579pt__6867,978.0,893.971104842162,952.4787171059263,923.1775614788984,1048.9148348409874,949.9495715089819,923.1775614788984
nrc_groeneveld_24579pt__24364,244.0,215.5101539695476,233.93543881354668,233.39112044929647,286.44612445129405,256.0147543527899,233.39112044929647
nrc_groeneveld_24579pt__13937,705.0,725.3305874369719,599.5761563132132,739.8627830999309,786.0000214347708,1190.4426671669755,739.8627830999309
nrc_groeneveld_24579pt__6014,2200.0,2051.996275429136,2205.411128631244,2265.7639151119897,2068.9753611838187,2084.7503426158632,2265.7639151119897
nrc_groeneveld_24579pt__1962,1490.0,1573.6810428842323,1520.4485087410928,1448.2701610727793,1625.659874830096,1581.8079068639606,1448.2701610727793
nrc_groeneveld_24579pt__9550,1256.0,1068.3564588190409,1261.7000477983167,1174.5299892057346,1059.7131802168622,1081.6048630490475,1174.5299892057346
nrc_groeneveld_24579pt__673,1245.0,1358.6434326578492,1217.8687440576366,1268.6645238048334,1002.0171342850765,1246.6717301106723,1268.6645238048334
nrc_groeneveld_24579pt__3021,982.0,878.7403780519859,959.8226900652411,945.8673036920635,855.3387386659375,735.2960544196699,945.8673036920635
nrc_groeneveld_24579pt__11971,735.0,817.9146083144137,700.4799269765616,794.1786469331765,694.1000943924992,788.3196124889498,794.1786469331765
nrc_groeneveld_24579pt__8616,1499.0,1671.962559693225,1466.0279899945087,1276.2712454300686,1356.3566374602767,1488.4384313477317,1276.2712454300686
nrc_groeneveld_24579pt__18614,1744.0,1674.0997702466293,1571.9136326947205,1593.4937505208761,1593.6815875482623,1427.3731445540793,1593.4937505208761
nrc_groeneveld_24579pt__15841,697.0,634.154882848176,665.3405384430605,676.279607878113,593.3366050988618,713.4578299919607,676.279607878113
nrc_groeneveld_24579pt__24113,551.0,593.685946960529,553.040795624929,560.319001002829,764.610419055283,587.2718852272399,560.319001002829
nrc_groeneveld_24579pt__13127,367.0,293.45932622476414,360.23100886155606,382.4181086657486,317.10540849371176,287.06650215909156,382.4181086657486
nrc_groeneveld_24579pt__2146,2028.0,2274.4114600993403,2079.3532774374885,2134.4310126037426,2179.721107157461,2176.6666240590425,2134.4310126037426
nrc_groeneveld_24579pt__10140,2293.0,2090.144678334582,2188.6922234924837,2541.44620901387,2140.966898529906,2274.4776862583876,2541.44620901387
nrc_groeneveld_24579pt__22113,1351.4,1146.069546421007,1289.0672462326672,1253.2058365680612,1101.78766094881,1092.22906462807,1253.2058365680612
nrc_groeneveld_24579pt__15511,710.0,723.2285356529175,704.1435377817435,714.9858387868128,797.4678102824704,803.1344301945471,714.9858387868128
nrc_groeneveld_24579pt__17604,1380.0,1744.5509495908764,1485.9147118279022,1522.5047388187688,1982.268520754121,1818.7932550117962,1522.5047388187688
nrc_groeneveld_24579pt__16094,938.0,910.980709244265,845.7380939907642,918.739434770582,1018.0990831507736,932.1710577068003,918.739434770582
nrc_groeneveld_24579pt__2378,1009.0,897.3972105742124,1003.618900085045,972.8127453873882,861.4158152885849,948.7977657571722,972.8127453873882
nrc_groeneveld_24579pt__6314,9500.0,9560.893831831112,9529.89809854938,9792.700527486868,7343.217233622595,8601.4003876893,9792.700527486868
nrc_groeneveld_24579pt__24145,433.0,525.6866948904649,461.71651318218125,462.96740047593914,643.3740906058696,490.22161096635966,462.96740047593914
nrc_groeneveld_24579pt__10730,658.0,539.1766281656201,504.5001126600292,530.3983659627065,488.21817955057554,520.7838368534881,530.3983659627065
nrc_groeneveld_24579pt__826,3358.0,4419.859256581517,3454.622893315746,3638.1085168383256,4405.123693340051,4139.761595768006,3638.1085168383256
nrc_groeneveld_24579pt__14965,248.0,285.0328872131412,265.04831288772397,236.21285212338182,229.61971568958572,239.66991359507693,236.21285212338182
nrc_groeneveld_24579pt__5420,1737.0,1569.992107650593,1921.4942025565479,1663.9585612641624,1478.2319999527392,1690.6613334120007,1663.9585612641624
nrc_groeneveld_24579pt__1733,3856.0,3222.8791860171773,3862.7868545857327,3894.98169838108,3387.4046239315426,3459.185526075001,3894.98169838108
nrc_groeneveld_24579pt__1484,1047.0,1128.591544940082,1020.0638889186874,1007.1704205104883,1073.6325550772726,1122.2693323725523,1007.1704205104883
nrc_groeneveld_24579pt__7560,1585.0,1543.4824151844712,1549.814965310367,1571.9806371720229,1426.1782716569394,1582.6957756609856,1571.9806371720229
nrc_groeneveld_24579pt__21592,510.0,402.6460210077431,552.707656531245,534.1847202163659,507.9405779240314,336.5783958163313,534.1847202163659
nrc_groeneveld_24579pt__8816,1686.0,1512.7843831259233,1900.0058492774601,1848.394900377718,1496.5603156462469,1636.6297002157153,1848.394900377718
nrc_groeneveld_24579pt__20221,3690.0,3210.926279632842,3489.0055903919983,3557.728238620789,2660.3131360039006,3300.0076468746456,3557.728238620789
nrc_groeneveld_24579pt__8470,944.0,919.3589649594091,813.020878111245,779.9859115560866,795.5113418597414,815.3919461957573,779.9859115560866
nrc_groeneveld_24579pt__15634,744.0,820.1256267024105,1018.8933611123332,902.1075857483675,691.9461177304614,797.6369939095151,902.1075857483675
nrc_groeneveld_24579pt__19039,8204.0,8146.129483441483,8116.626093112708,8290.362398451125,8278.121813668666,8768.827127449806,8290.362398451125
nrc_groeneveld_24579pt__9925,547.0,481.179810964426,438.8165610293152,416.4329623350665,554.6912206906869,518.1548683816317,416.4329623350665
nrc_groeneveld_24579pt__11065,1456.0,1586.7391568270057,1447.2288919629275,1620.2684059513654,1339.0918155568531,1445.5220995417071,1620.2684059513654
nrc_groeneveld_24579pt__19156,7094.0,7802.758275772158,7681.742691111008,7811.390298429548,8219.19073351056,8879.514351118476,7811.390298429548
nrc_groeneveld_24579pt__19723,4440.0,3935.9194678594495,4849.1318288847115,4387.902505947716,4386.911994464053,4645.898982968782,4387.902505947716
nrc_groeneveld_24579pt__8462,1570.0,1628.9159661334193,1664.6988116773448,1585.0405184514327,1603.5786454155505,1619.7724654441545,1585.0405184514327
nrc_groeneveld_24579pt__14959,145.0,256.84858933078743,150.96083613587334,171.77732067880655,194.77958925614323,171.38161738611123,171.77732067880655
nrc_groeneveld_24579pt__7804,1898.424,1551.935410092314,1829.6323337243875,1905.9689507076005,1280.0101751808543,1595.5052153018376,1905.9689507076005
nrc_groeneveld_24579pt__10285,1224.0,1144.0774058803183,1317.6813506729363,1230.5662492904144,1024.5245178633743,1069.90989212407,1230.5662492904144
nrc_groeneveld_24579pt__6675,328.0,305.7023618563648,320.4538572395167,326.6294187155215,338.9670420176317,329.49684676033837,326.6294187155215
nrc_groeneveld_24579pt__14897,307.0,355.3639303057236,310.0713292804693,317.5883931203591,352.2276152470975,345.45589491665146,317.5883931203591
nrc_groeneveld_24579pt__7356,491.6,747.6292512738785,492.69959008055133,595.0038354678564,908.0140206608237,820.7169771767668,595.0038354678564
nrc_groeneveld_24579pt__18128,1961.0,1967.298366903645,1949.3280975421428,1917.799838744745,2133.2527075894036,2016.7292363503195,1917.799838744745
nrc_groeneveld_24579pt__21030,1035.0,795.2466174333845,928.4411250017218,894.5305458306292,744.1909572471844,797.0447633722979,894.5305458306292
nrc_groeneveld_24579pt__23187,633.0,773.3131738887198,814.1450628993464,694.2006531809707,857.4387755997533,770.5577403561846,694.2006531809707
nrc_groeneveld_24579pt__22426,1699.0,2062.1469729030077,1654.9975020041081,1627.3587900350674,2088.218247713219,2123.3490585175273,1627.3587900350674
nrc_groeneveld_24579pt__14873,294.0,248.72513253927912,276.7934710503573,227.20233363003445,243.40201386266716,216.19394377270277,227.20233363003445
nrc_groeneveld_24579pt__19116,7661.0,8132.137633878591,7812.748127181574,8059.491269938083,7876.697499418606,8837.777590234296,8059.491269938083
nrc_groeneveld_24579pt__498,598.0,655.517884137773,621.5923849644627,583.4353212569757,727.4432040555101,707.9458160635786,583.4353212569757
nrc_groeneveld_24579pt__12018,490.0,569.0932543059407,591.0892827096417,546.8251593697478,668.767889011026,630.6810830027168,546.8251593697478
nrc_groeneveld_24579pt__24336,265.0,289.6259298679725,295.322668680928,284.49124169171677,352.59904115447665,302.44420333656956,284.49124169171677
nrc_groeneveld_24579pt__6995,1536.3,1544.1157292316104,1333.269587883215,1226.4114256948424,1297.6199409187377,1343.840474711886,1226.4114256948424
nrc_groeneveld_24579pt__16165,4851.0,5259.557804686686,4577.73292638362,4545.005044426816,4350.477987851903,5013.5824377112085,4545.005044426816
nrc_groeneveld_24579pt__10832,318.0,419.0837613266782,293.63521900705274,331.0465882317236,403.6886745489353,407.29541333629834,331.0465882317236
nrc_groeneveld_24579pt__1369,1065.0,922.8373622024493,999.0636545013447,980.2350987524716,860.0413609889794,959.2815406801218,980.2350987524716
nrc_groeneveld_24579pt__4101,403.0,515.9237751949956,456.37128440365507,454.0124394573252,531.9227301834991,554.1690842708243,454.0124394573252
nrc_groeneveld_24579pt__7422,363.9,536.8008127005837,382.60760633896007,474.72530628913535,745.3584350556417,826.5872234063113,474.72530628913535
nrc_groeneveld_24579pt__5572,3072.0,3179.884562230284,2713.183502967254,3018.6077037749656,2717.0545044264773,3066.441122967363,3018.6077037749656
nrc_groeneveld_24579pt__5092,2112.0,2371.2908918887865,2080.051742696495,2031.669208345472,2156.1468765424106,2198.8129478309706,2031.669208345472
nrc_groeneveld_24579pt__3612,1232.0,1421.2434171707973,1408.029249090829,1412.8834685031193,1529.2745351374026,1498.5136376033267,1412.8834685031193
nrc_groeneveld_24579pt__6031,2380.0,2038.0212594576915,2279.583498154322,2197.1882707755426,1910.690227336412,2022.6092373285426,2197.1882707755426
nrc_groeneveld_24579pt__9762,453.0,603.5658988157905,515.0227699475596,535.8423562936364,604.3310087156024,549.2021352723365,535.8423562936364
nrc_groeneveld_24579pt__6703,561.0,548.1045629000879,565.8255703597838,565.9839272980879,648.1027933541012,617.7602383589095,565.9839272980879
nrc_groeneveld_24579pt__22598,1993.0,2512.1154730201274,2476.234215973724,2191.395530850455,2594.3455350061586,2628.23750175471,2191.395530850455
nrc_groeneveld_24579pt__8511,900.0,1148.4546776109694,931.3039834299236,954.7132315750509,1125.1275474840802,1145.0041030743273,954.7132315750509
nrc_groeneveld_24579pt__735,3785.5,3121.6720537195342,3607.245765751614,3687.814024737472,3527.155552225143,3651.175252717041,3687.814024737472
nrc_groeneveld_24579pt__11910,2469.0,2691.2990853527476,2411.0422000263957,2622.215124173241,2234.9128963346234,2334.2327838348433,2622.215124173241
nrc_groeneveld_24579pt__367,1163.0,854.6219037121732,887.520459514255,858.9572338425736,935.0397779171093,857.1573244559418,858.9572338425736
nrc_groeneveld_24579pt__8592,1955.0,1907.6381924852192,2124.8984374042534,2255.0757109603833,1849.9249036191422,2135.016786051197,2255.0757109603833
nrc_groeneveld_24579pt__4612,2120.0,1963.676227453879,1952.5378139000334,1994.4171187222414,1787.3805423872461,1866.9491513030935,1994.4171187222414
nrc_groeneveld_24579pt__19989,3040.0,3253.3035611996725,3162.1179152347268,3279.3315519348607,3061.1988348841996,3274.6133003159093,3279.3315519348607
nrc_groeneveld_24579pt__9482,518.0,773.8993585168081,778.6742283447728,722.5749007041364,862.1108802913518,802.4659234263452,722.5749007041364
nrc_groeneveld_24579pt__1880,1499.0,1532.8413480809784,1483.8967890747806,1484.968546332044,1634.4650250534319,1596.537104289909,1484.968546332044
nrc_groeneveld_24579pt__10005,332.0,513.2667057058852,439.64322489125595,455.87201965949373,448.0895172401511,497.64778703127337,455.87201965949373
nrc_groeneveld_24579pt__4576,1327.0,1111.5389941856563,1287.458225566197,1380.4843816423079,1674.560703673475,1298.5991824491862,1380.4843816423079
nrc_groeneveld_24579pt__8776,7943.0,5017.941180943464,8036.3200102975225,7221.039600650651,5964.89988246264,6794.317499294031,7221.039600650651
nrc_groeneveld_24579pt__1030,1771.0,1778.6624410486004,1766.0845095149746,1833.461271096166,2122.895638345544,2033.4962468368785,1833.461271096166
nrc_groeneveld_24579pt__16700,2415.0,2310.522737387197,2292.114333770139,2214.661373285279,2013.3987706042014,2278.7167008480687,2214.661373285279
nrc_groeneveld_24579pt__1834,531.0,494.1342390031078,529.6434192922482,503.6590443349618,521.927295737557,473.9138419157377,503.6590443349618
nrc_groeneveld_24579pt__7392,1038.4,1197.3884450390524,950.3989095085909,1017.3218972640095,1148.5981187580783,1173.822288178166,1017.3218972640095
nrc_groeneveld_24579pt__1713,3390.0,2858.465582843483,3395.32577088555,3400.428723892293,2793.5748999593347,2843.4432759535125,3400.428723892293
nrc_groeneveld_24579pt__4662,1661.0,1867.304404079439,1728.0069000102994,1642.234810458716,1740.7461652900035,1846.0829587355597,1642.234810458716
nrc_groeneveld_24579pt__7,3564.0,3405.3981287482507,3845.5686191065065,3607.691840890612,3233.4496426457295,3503.2989344376324,3607.691840890612
nrc_groeneveld_24579pt__8640,2220.0,1995.9690191981224,2296.2022906223947,2253.005703589563,1782.888755492383,2006.3316111917418,2253.005703589563
nrc_groeneveld_24579pt__19770,1350.0,1446.2356108335732,1246.786510606501,1374.5250516183032,1133.7216121411514,1321.2398734104672,1374.5250516183032
nrc_groeneveld_24579pt__6412,3596.2,2796.4990699152136,3619.6564314658535,3609.5030647568606,2573.006048634177,2920.943679471634,3609.5030647568606
nrc_groeneveld_24579pt__8154,2070.0,1793.9828743614876,1875.94729516901,1964.0441060919607,1935.6660268085939,2008.6463794885512,1964.0441060919607
nrc_groeneveld_24579pt__22925,1222.0,1043.0246530936706,994.9039523486259,1052.4670212988465,1061.1446402923918,1083.1381012370139,1052.4670212988465
nrc_groeneveld_24579pt__9114,7065.0,4930.0075983158185,6897.197440671917,7190.3825905374615,4758.886690133789,5328.50801396348,7190.3825905374615
nrc_groeneveld_24579pt__9851,1320.0,1352.2335305687375,1584.0576540004033,1495.2401338426573,1632.8645694242596,1454.349982837117,1495.2401338426573
nrc_groeneveld_24579pt__21570,300.0,473.0866455631689,441.39026655683216,419.2362823120966,531.5900326911769,394.8417886156886,419.2362823120966
nrc_groeneveld_24579pt__20726,1119.0,958.1335733951132,984.1523595633939,884.4766482261026,987.2283528792378,967.0020668448705,884.4766482261026
nrc_groeneveld_24579pt__18165,2597.0,3002.113763882901,2624.7096477988885,2543.4381457245095,2988.846394188485,3099.2101618989764,2543.4381457245095
nrc_groeneveld_24579pt__15477,1128.0,1052.759132193352,936.9087101909284,1063.2764824511091,1087.4736753931309,1136.9196789321575,1063.2764824511091
nrc_groeneveld_24579pt__7592,1775.0,1592.4650658208102,1510.6932004999987,1492.3077661545922,1491.5967206638065,1638.5903492807058,1492.3077661545922
nrc_groeneveld_24579pt__9902,1088.0,1185.131936515108,1157.5526785431744,1108.2339880085306,1064.622083569648,1132.3265565847112,1108.2339880085306
nrc_groeneveld_24579pt__17402,1915.0,2402.780543313288,2107.3240001076106,2029.50837364052,2445.890796599312,2562.1171926863935,2029.50837364052
nrc_groeneveld_24579pt__5919,2170.0,1608.7001358958616,1862.4003234025304,2012.529314662695,1675.8479071293557,1812.8795093161664,2012.529314662695
nrc_groeneveld_24579pt__23957,2504.0,2692.3640192522116,2521.261019764853,2496.5140751622744,3083.6679599589897,2611.6227186023866,2496.5140751622744
nrc_groeneveld_24579pt__4135,1368.0,1101.8038370567072,1289.5131674810057,1196.750367336516,960.0028385987839,1009.729376452373,1196.750367336516
nrc_groeneveld_24579pt__14596,281.0,379.35299105473604,299.4268012292129,308.0100817922772,384.5348523784199,384.6465015043045,308.0100817922772
nrc_groeneveld_24579pt__19195,10548.0,9480.722836107367,10018.467539759651,10665.104253845719,10487.01638226139,10640.729039166432,10665.104253845719
nrc_groeneveld_24579pt__17170,2567.0,2629.207929058736,2526.23674739198,2484.775793606847,2025.3570953661758,2382.1961061614197,2484.775793606847
nrc_groeneveld_24579pt__10709,1884.0,1608.1535223956917,2003.0734677158396,1666.202175244395,1420.0519199034409,1703.8509060294114,1666.202175244395
nrc_groeneveld_24579pt__17342,2193.0,2476.613644696456,2334.938848332331,2217.5204076390137,2306.693901358368,2470.155706587196,2217.5204076390137
nrc_groeneveld_24579pt__14454,1889.0,2321.8338675803975,1892.5595752082636,1836.7909125253389,1944.1853021227294,2082.7505908625917,1836.7909125253389
nrc_groeneveld_24579pt__5078,2404.0,2682.101487905,2572.7873288557685,2529.710882991644,2554.7617143639345,2499.5516997190102,2529.710882991644
nrc_groeneveld_24579pt__7302,446.3,524.63430920318,490.4561249724577,492.4561358949649,642.3906197923264,481.19436755200627,492.4561358949649
nrc_groeneveld_24579pt__22536,2860.0,2432.3041420054155,2868.602015694736,2445.8728558107373,1654.2341126012063,2758.3930440900867,2445.8728558107373
nrc_groeneveld_24579pt__21148,1268.0,1248.8500791486376,1364.5925711800232,1392.9072479192025,1034.4061762958104,1197.184325596202,1392.9072479192025
nrc_groeneveld_24579pt__17432,389.0,552.2713620960477,425.602039472824,470.03978317502197,584.8129823580183,563.5117465033788,470.03978317502197
nrc_groeneveld_24579pt__5847,2070.0,1557.991946951189,2168.432800344666,2129.2458037472866,1570.1604242088026,1824.894393262992,2129.2458037472866
nrc_groeneveld_24579pt__12228,1535.0,1440.1680938949603,1484.780439804319,1482.0042149886306,1131.3724279405133,1305.0807055480902,1482.0042149886306
nrc_groeneveld_24579pt__23723,854.0,775.7311853511218,853.2022364889348,828.8027436744827,807.2523450760585,830.7019689254729,828.8027436744827
nrc_groeneveld_24579pt__21361,1369.0,1302.2221451958558,1310.5995800423095,1411.0561404296536,998.1923933995981,1173.569404025893,1411.0561404296536
nrc_groeneveld_24579pt__15321,498.0,649.0007665495153,543.6885831192409,593.4791536727151,621.629450618278,541.6926935011963,593.4791536727151
nrc_groeneveld_24579pt__22580,1867.0,1794.011388692052,2138.606089817337,1752.1293553614282,1390.916713895084,1857.3485883266399,1752.1293553614282
nrc_groeneveld_24579pt__12046,633.0,536.7058211981506,549.8544683513095,551.4299213413009,424.9220324017846,535.1457628571845,551.4299213413009
nrc_groeneveld_24579pt__21342,775.0,684.6812629370635,691.3579382446646,634.5798592168121,705.6830764798457,708.9985477614711,634.5798592168121
nrc_groeneveld_24579pt__13340,1832.0,1782.0920488474799,1940.855319381058,1978.276113228791,1649.193706620256,1595.2085298475877,1978.276113228791
nrc_groeneveld_24579pt__3064,1502.0,1504.3602461351466,1503.2875114648666,1559.086311037679,1426.1562464761864,1204.361998392448,1559.086311037679
nrc_groeneveld_24579pt__3600,2502.0,2093.544977177229,2450.725627385784,2754.862221670816,1849.7762287286112,2000.4613479752313,2754.862221670816
nrc_groeneveld_24579pt__24382,1007.0,804.9085201419216,952.8336727815057,859.2043094547192,680.604037563306,808.4542499221311,859.2043094547192
nrc_groeneveld_24579pt__4566,1600.0,1768.69800535901,1503.8095526980842,1496.7524704265452,1543.0795149868272,1694.6128844126654,1496.7524704265452
nrc_groeneveld_24579pt__451,1370.0,1241.1952601353573,1478.8699405765965,1420.3173048695105,1430.6341880724558,1480.3287638288778,1420.3173048695105
nrc_groeneveld_24579pt__20522,1025.0,921.0755316037748,998.273042302319,1010.7490575219283,948.0647272810413,975.9040961255124,1010.7490575219283
nrc_groeneveld_24579pt__8758,2802.0,2931.329611872641,3224.932955118067,3152.3502506107925,3123.1315768796453,3167.503363209786,3152.3502506107925
nrc_groeneveld_24579pt__12173,646.0,728.818249765131,713.8795879814079,656.5728735952835,734.0446578038669,745.718142497022,656.5728735952835
nrc_groeneveld_24579pt__22618,1203.0,1079.9195258860118,1317.4075923573432,1278.2780578247452,1547.0786633315515,1361.76567532486,1278.2780578247452
nrc_groeneveld_24579pt__18136,2935.0,3419.794587944602,3073.1306439514733,2882.2370240958107,2937.1189298487875,3236.9521709653673,2882.2370240958107
nrc_groeneveld_24579pt__14296,1898.0,1800.6808827952884,1859.8461951650738,2029.0842997277853,1389.912585810234,1649.9013887845676,2029.0842997277853
nrc_groeneveld_24579pt__7638,920.0,897.2002001648389,910.3355916901874,918.352876899113,862.7978931944451,921.7306900258004,918.352876899113
nrc_groeneveld_24579pt__9625,898.0,885.0214670114063,1044.0615675326515,975.7528401128967,1021.2793102786255,969.4538312511526,975.7528401128967
nrc_groeneveld_24579pt__17418,605.0,551.6808156758502,579.2955370170414,529.8339340746687,572.1980462955433,511.4748193137262,529.8339340746687
nrc_groeneveld_24579pt__22469,2923.0,2389.8813058299816,2353.5864672500807,2370.6156055289784,2353.296650008498,2692.988980366631,2370.6156055289784
nrc_groeneveld_24579pt__8299,1354.0,1196.1697461308906,1204.1453935598304,1009.4995467066366,1098.6653747677083,1106.932433017583,1009.4995467066366
nrc_groeneveld_24579pt__6177,2289.9,1985.2354004627055,2218.753148320859,2123.7969394360844,2235.319662946398,2169.7156179266494,2123.7969394360844
nrc_groeneveld_24579pt__503,709.0,340.26389917694945,582.6221602552038,554.3308186051363,284.75864612120773,305.9193487298622,554.3308186051363
nrc_groeneveld_24579pt__5809,5220.0,4725.26994213179,5404.464314636708,5145.9638171022125,4413.086412599559,4795.15454999953,5145.9638171022125
nrc_groeneveld_24579pt__5113,3004.0,2584.8745340173514,2610.8415607098577,2767.5222487311385,2844.7017290696613,2971.1914063085956,2767.5222487311385
nrc_groeneveld_24579pt__24306,756.0,868.4295098345307,754.8242496345681,764.2823540457845,1031.4347647902896,909.5184188892196,764.2823540457845
nrc_groeneveld_24579pt__21591,530.0,399.30961393143536,559.1629582717981,537.3086074690931,507.2815483864633,333.63257227671477,537.3086074690931
nrc_groeneveld_24579pt__1917,1760.0,1644.035549949881,1830.8096629364798,1887.6443099171033,1694.5742555573834,1909.7629890645987,1887.6443099171033
nrc_groeneveld_24579pt__14938,269.0,227.22539041634064,146.19543937826347,179.1672460717979,164.4701228778926,147.64138195900364,179.1672460717979
nrc_groeneveld_24579pt__22245,1201.2,1002.6918429816797,1191.9826501929676,1181.1022827791955,807.9178280809529,1005.4582300170975,1181.1022827791955
nrc_groeneveld_24579pt__21778,920.0,833.7496056048735,813.0849463312003,802.7957566699936,833.285847515136,772.2587323202126,802.7957566699936
nrc_groeneveld_24579pt__1388,747.0,736.7458544795821,771.2252371632161,774.6676196112887,747.6868736534207,762.5982903344494,774.6676196112887
nrc_groeneveld_24579pt__22561,2187.0,2363.4399976405552,2431.1633043560755,2121.88517120644,2076.9119979953985,2478.962324707967,2121.88517120644
nrc_groeneveld_24579pt__14091,847.0,700.0810905415788,730.2491370258613,768.3316614211584,777.350506855342,734.1911344645881,768.3316614211584
nrc_groeneveld_24579pt__1052,1550.0,1593.300441919294,1566.3355675674234,1577.7544651577257,2012.6748173940728,1752.1679119008613,1577.7544651577257
nrc_groeneveld_24579pt__7586,1180.0,1284.2225122632037,1322.4793787917483,1333.2672867417862,1221.6688366304654,1365.124354219586,1333.2672867417862
nrc_groeneveld_24579pt__6156,1505.4,1631.4859028641192,1464.9073968585867,1516.678989566746,1497.464581797401,1349.1405957694446,1516.678989566746
nrc_groeneveld_24579pt__16549,2849.0,4022.008710608941,3574.9582966872968,3072.944398761265,3484.437546365561,3708.680234382196,3072.944398761265
nrc_groeneveld_24579pt__10548,588.0,710.2977601946452,755.0959333619563,630.6677299809156,812.4669713185236,731.9344586675045,630.6677299809156
nrc_groeneveld_24579pt__13146,1958.0,3009.3417923172515,2057.0845156512983,2397.223010616442,3050.0493666932884,3024.6643646900334,2397.223010616442
nrc_groeneveld_24579pt__21196,2301.0,2029.724284388691,1975.6500246294024,2008.3244791193254,1647.6716887056177,1828.314596620547,2008.3244791193254
nrc_groeneveld_24579pt__16509,3087.0,3500.426004663218,2911.2470770171135,2960.2337952151356,3037.6747829859755,3416.663244746685,2960.2337952151356
nrc_groeneveld_24579pt__2219,1035.0,1013.3955221270676,1057.0338222888208,1026.4022551621547,1184.0716282520139,1146.6784406529405,1026.4022551621547
nrc_groeneveld_24579pt__4457,1084.0,1038.4258851964405,1080.673572313619,1028.5068108003418,1355.7779258319993,1139.8929329193477,1028.5068108003418
nrc_groeneveld_24579pt__9845,2269.0,2459.2570961230285,2488.9431629178944,2329.2599322790998,2201.9279240599417,2295.150771823482,2329.2599322790998
nrc_groeneveld_24579pt__19974,2190.0,2134.9965543471903,1893.8252417953977,2101.2429305015103,2137.561202456463,2246.4413381928116,2101.2429305015103
nrc_groeneveld_24579pt__24128,330.0,342.09783642866034,320.187369193263,322.696932395165,412.6390277466492,323.56533915199185,322.696932395165
nrc_groeneveld_24579pt__1460,971.0,1104.3813710037562,1001.6672013919539,1031.258503308147,1023.8708113009122,1084.3341407749485,1031.258503308147
nrc_groeneveld_24579pt__5823,2370.0,1661.3518137475692,2475.5162558928614,2525.4267550650084,1741.979057982454,2146.881027057184,2525.4267550650084
nrc_groeneveld_24579pt__9146,2186.0,2006.3030495395146,2029.5264064667688,2038.4111278073333,1663.7961510903503,1941.3238701439748,2038.4111278073333
nrc_groeneveld_24579pt__14893,396.0,372.2276103131705,459.1087988696533,408.56181779446825,351.12354016464144,384.9917447625252,408.56181779446825
nrc_groeneveld_24579pt__6498,3085.2,2804.4108753259,3046.699167176431,3099.7555932940236,2567.334636565975,2959.5657409502933,3099.7555932940236
nrc_groeneveld_24579pt__2781,1444.0,1334.7113842770316,1379.9724452541236,1319.893875528183,1379.0979471780304,1155.2606978447182,1319.893875528183
nrc_groeneveld_24579pt__5394,1480.0,1158.143248960919,1358.4807878066886,1182.0824846285898,1081.506332281865,1107.7154017051203,1182.0824846285898
nrc_groeneveld_24579pt__2963,2561.0,2461.9459435131826,2499.759684213386,2423.070135931817,2329.7967482260838,2465.142688938019,2423.070135931817
nrc_groeneveld_24579pt__18937,818.0,838.9701847734547,783.8693565643191,815.9188494613497,747.7569587839117,830.5628133323792,815.9188494613497
nrc_groeneveld_24579pt__13309,1645.0,1424.2879721711304,1609.4696524490532,1654.3364737484437,1097.9141048370707,1035.0894926932433,1654.3364737484437
nrc_groeneveld_24579pt__4229,853.0,895.6668734554936,860.3272125000829,899.3480747896118,836.5553970417103,961.3841016313347,899.3480747896118
nrc_groeneveld_24579pt__20306,940.0,863.345748468136,970.3809358087101,959.0159474135456,875.5903621217277,754.8419255496195,959.0159474135456
nrc_groeneveld_24579pt__11950,932.0,882.793837973374,886.1999832319821,839.3495227308704,597.4849517793317,801.2257116785124,839.3495227308704
nrc_groeneveld_24579pt__2874,1000.0,938.3562953594603,1007.6913140187107,1031.280234959946,972.5290361283121,853.6521966475553,1031.280234959946
nrc_groeneveld_24579pt__12058,608.0,694.5500652349742,712.6138016067189,698.5705764130987,559.4360096069715,630.19219025985,698.5705764130987
nrc_groeneveld_24579pt__21452,540.0,519.7061716870228,467.0178953114648,515.3982982887219,550.6848030078943,435.4169041636714,515.3982982887219
nrc_groeneveld_24579pt__5353,1512.0,1569.9942903671197,1515.5019331728206,1561.2671671521937,1377.6186882700101,1449.1285334888971,1561.2671671521937
nrc_groeneveld_24579pt__22712,1031.0,1180.3315160040095,1159.4892370593318,1075.363931496575,867.1725725895462,1096.6829120825246,1075.363931496575
nrc_groeneveld_24579pt__3149,1414.0,1273.7174243204909,1444.1509013033954,1412.7214455627152,1439.4415560882605,1235.8854701069222,1412.7214455627152
nrc_groeneveld_24579pt__4077,735.0,735.583417006157,724.4705358790593,778.9131374689438,692.1120571809992,764.6753788980038,778.9131374689438
nrc_groeneveld_24579pt__23290,1526.0,1277.6199704463681,1173.4701696798331,1215.488103619034,1275.9338811741275,1336.021237673613,1215.488103619034
nrc_groeneveld_24579pt__9184,1767.0,1695.1800215497208,1608.1826790864934,1632.5694339590834,1894.733104973926,1887.615098739239,1632.5694339590834
nrc_groeneveld_24579pt__21041,582.0,623.213140226714,557.0708438252537,547.5780309859887,676.728515205003,646.8864789583797,547.5780309859887
nrc_groeneveld_24579pt__22197,990.0,872.0286795949678,1005.217484180309,1025.4261935463053,815.528352005354,868.8738797690384,1025.4261935463053
nrc_groeneveld_24579pt__852,1610.0,1546.2120504485097,1764.6135851477686,1806.9772874542957,2315.1294041579877,1920.8881015608051,1806.9772874542957
nrc_groeneveld_24579pt__16182,4660.0,5002.487020404388,4484.08803479851,4485.365303550227,4290.320876456398,4974.497680409768,4485.365303550227
nrc_groeneveld_24579pt__3050,1005.0,970.1259288492707,1001.343854370905,1003.3572272306192,903.0195306751184,936.9594345967029,1003.3572272306192
nrc_groeneveld_24579pt__21770,990.0,938.5993641452792,981.8856280316799,1029.561065850997,886.4736704673612,864.7454352457447,1029.561065850997
nrc_groeneveld_24579pt__8198,411.0,444.3164174337892,398.09638684402717,396.8502964922244,409.12047273680645,416.929542047829,396.8502964922244
nrc_groeneveld_24579pt__17475,789.0,858.1019431556041,856.626900459274,830.2314359243492,801.8806274910748,747.2043602517189,830.2314359243492
nrc_groeneveld_24579pt__21951,2025.0,2067.305154075018,2049.0021568065717,2219.8698859959504,1964.3758557552508,2042.7565873379342,2219.8698859959504
nrc_groeneveld_24579pt__950,428.0,409.71222070452745,415.0504454671651,396.0535711997799,479.2999778541602,240.68582300839145,396.0535711997799
nrc_groeneveld_24579pt__4598,1309.0,1245.1237913751604,1417.2609801962149,1548.511759801353,1719.2351844396758,1484.8805755394137,1548.511759801353
nrc_groeneveld_24579pt__16151,2729.0,2467.180708575064,2742.5152051905816,2551.9492956864965,2368.6148883857786,2860.501487928454,2551.9492956864965
nrc_groeneveld_24579pt__23661,504.0,387.5168700598363,427.93084885990754,423.15602462375114,423.5300482080334,385.6495405373758,423.15602462375114
nrc_groeneveld_24579pt__10164,6861.0,5229.458100061884,7027.940792079528,6986.858213249479,5223.333189559288,5988.420621107055,6986.858213249479
nrc_groeneveld_24579pt__7174,2072.6,2004.5917008736878,2176.6614195461825,2039.8776664608945,2329.1624225172036,2151.5057762410784,2039.8776664608945
nrc_groeneveld_24579pt__7797,1593.894,1416.3393224636202,1505.6299030914727,1491.2658141553827,1065.2607485030699,1281.9242634701038,1491.2658141553827
nrc_groeneveld_24579pt__23132,1685.0,1403.2042791902718,1161.3703044590477,1160.8140951153025,1212.8146936714973,1260.542665804384,1160.8140951153025
nrc_groeneveld_24579pt__17502,991.0,1029.9572007083273,1219.3582518606634,1044.0416477222668,1189.6742675956875,1064.9550811444049,1044.0416477222668
nrc_groeneveld_24579pt__14913,341.0,446.84100352629576,421.03701333260904,408.7880571951462,470.3589320832671,454.22697986371736,408.7880571951462
nrc_groeneveld_24579pt__13484,1400.0,1425.2121290896923,1269.8464040244703,1260.3492608947106,1123.0014342428476,1218.8047735930795,1260.3492608947106
nrc_groeneveld_24579pt__388,1870.0,2277.583392691272,2082.4747717006594,2041.7250363084731,2289.683446758538,2217.199326067759,2041.7250363084731
nrc_groeneveld_24579pt__21983,2577.0,2073.4699602273095,2558.3575267700694,2320.5279341818828,1581.9747710847162,1942.4549426980918,2320.5279341818828
nrc_groeneveld_24579pt__1440,1174.0,1281.7672191018937,1224.7418715845329,1112.5611855687905,1351.432324407335,1330.8191890052124,1112.5611855687905
nrc_groeneveld_24579pt__7490,3736.0,3788.933847690894,3369.71296575421,3562.9152626587975,3322.321842957299,3676.6176312578327,3562.9152626587975
nrc_groeneveld_24579pt__13034,339.0,385.1229632934379,251.4333926578252,351.1696257482321,433.91437967010785,346.495018349343,351.1696257482321
nrc_groeneveld_24579pt__22318,1880.5,1965.5072942385227,2161.981872412532,2254.530110042613,2075.1376476558007,2711.4765657864205,2254.530110042613
nrc_groeneveld_24579pt__1526,1536.0,1562.850909386136,1527.172666799116,1644.2046086803855,1599.8621247783587,1608.3988296564112,1644.2046086803855
nrc_groeneveld_24579pt__4032,2740.0,2532.8624232070133,2720.8512648949454,2826.4205703529774,1725.397184053123,2098.9116674187258,2826.4205703529774
nrc_groeneveld_24579pt__1170,1163.0,1256.7904200898702,1159.2752936192371,1159.0440392580972,1256.8122596444161,1259.5132435271234,1159.0440392580972
nrc_groeneveld_24579pt__21035,829.0,716.7414840701738,720.0187924251215,704.4913068234441,716.7171912083353,728.4969597478324,704.4913068234441
nrc_groeneveld_24579pt__23680,614.0,589.2866432314894,647.2967438308583,574.8912253592907,644.1601116765842,518.5086625248772,574.8912253592907
nrc_groeneveld_24579pt__22834,673.0,587.4794377433344,619.1391500226405,560.3273686841794,681.0778656584728,674.9845443434359,560.3273686841794
nrc_groeneveld_24579pt__6619,202.0,194.22855957148903,196.23297461994335,196.78030368402946,195.0599046558606,177.4735246537582,196.78030368402946
nrc_groeneveld_24579pt__3707,902.0,816.142527349602,927.4837095217352,896.4953496261338,874.1134384069262,785.4295593368122,896.4953496261338
nrc_groeneveld_24579pt__22262,959.6,1354.5733637018852,1256.918992293305,1283.2054927968088,1292.1963302783277,1333.157767760002,1283.2054927968088
nrc_groeneveld_24579pt__22387,1923.0,1741.3994074523832,1972.4998368002045,1853.1068997058062,2104.798867610214,2109.2916698878294,1853.1068997058062
nrc_groeneveld_24579pt__2286,1513.0,1574.5203075832512,1538.800029884175,1550.7952378691411,1563.5361945423074,1587.9411382770622,1550.7952378691411
nrc_groeneveld_24579pt__17760,806.0,958.6874217173398,899.9719288769539,962.8300206676151,1051.6011545044819,1082.8867922801635,962.8300206676151
nrc_groeneveld_24579pt__2186,520.0,525.0898017987564,519.122412752846,520.3812392650101,475.8181108314067,514.1817144015866,520.3812392650101
nrc_groeneveld_24579pt__4026,2077.0,1917.5693928054102,2060.447420875841,2035.0203858545412,1442.9049088501927,1724.485397869374,2035.0203858545412
nrc_groeneveld_24579pt__18624,901.0,984.301039451202,871.4182798494257,937.7530744806448,1364.5917066181053,1070.9084405356687,937.7530744806448
nrc_groeneveld_24579pt__12645,878.0,858.2667430442134,875.6815888076312,874.1688193263644,787.6800427889629,925.8271834300988,874.1688193263644
nrc_groeneveld_24579pt__23964,483.0,528.1746396734125,471.25278118036204,488.41880562147117,561.8417592355889,583.6028206136366,488.41880562147117
nrc_groeneveld_24579pt__16070,1942.0,2058.338691339726,1917.2043744973255,1921.087822675284,2012.7122498757315,2194.6978532474363,1921.087822675284
nrc_groeneveld_24579pt__10397,5266.0,5151.192703795389,5546.130274096273,5650.455168635144,4496.719357252162,5291.818656051302,5650.455168635144
nrc_groeneveld_24579pt__21946,2738.0,2452.2026620735796,2740.5560280575087,2788.977055997253,2254.13990570657,2469.5645701918497,2788.977055997253
nrc_groeneveld_24579pt__622,1872.0,1642.9149375394093,1812.5454918241853,1592.177693678374,1127.1658584127601,1391.8140652184104,1592.177693678374
nrc_groeneveld_24579pt__109,3420.0,3958.8896363855783,3245.6993566623723,3195.864793473092,3159.317114991412,3619.0125698481993,3195.864793473092
nrc_groeneveld_24579pt__13226,7949.6,9776.367709218912,8106.546235231845,8612.590769960572,12014.27969004173,13809.724158329285,8612.590769960572
nrc_groeneveld_24579pt__6612,208.0,179.55437068565072,187.01094005786828,195.5661940558739,195.72887723469583,171.41955955184045,195.5661940558739
nrc_groeneveld_24579pt__19439,742.2,797.9521781974071,738.1650378341237,740.7750222385281,820.9668084882032,879.2474403174472,740.7750222385281
nrc_groeneveld_24579pt__12541,2116.0,1762.263358328566,1903.1775969425119,1992.8218781946553,2013.430343760761,1578.5883723007926,1992.8218781946553
nrc_groeneveld_24579pt__15995,328.0,327.7579157498026,327.8593748259818,331.43922724316036,403.13850255211213,343.87165715238325,331.43922724316036
nrc_groeneveld_24579pt__4033,2867.0,2546.0849309808696,2802.4605526061546,2868.5611919669304,1743.7845778023654,2100.565765543087,2868.5611919669304
nrc_groeneveld_24579pt__5342,1005.0,953.403529720481,1073.6702478980003,1150.7019939994605,922.8398644623172,944.3256898503649,1150.7019939994605
nrc_groeneveld_24579pt__18771,891.0,1049.829962312546,977.6430344265933,1016.71067852469,953.9098784792911,1060.5689326813022,1016.71067852469
nrc_groeneveld_24579pt__7614,1025.0,1108.3410568038141,1102.800080720429,1121.7611066157533,1057.9265587613645,1181.1919290784313,1121.7611066157533
nrc_groeneveld_24579pt__11027,1846.0,1842.1712664990905,1656.7505678603306,1775.8649590841912,1582.0755141284885,1724.2327098260168,1775.8649590841912
nrc_groeneveld_24579pt__13603,1481.0,1064.432811408012,1415.9002344522842,1329.471062841381,1104.3050890607562,1126.9649202342725,1329.471062841381
nrc_groeneveld_24579pt__11235,578.0,492.14622692657525,540.1261175928604,574.2063988813778,456.4202933757503,462.5536978779263,574.2063988813778
nrc_groeneveld_24579pt__19689,2450.0,2713.742743973338,2526.806918296405,2710.645567945508,2675.662856285796,2975.3044274314902,2710.645567945508
nrc_groeneveld_24579pt__15570,663.0,755.713390534158,829.1833943283118,716.4642466266773,873.1995075221529,778.4705713533069,716.4642466266773
nrc_groeneveld_24579pt__23490,803.0,1000.9650166034444,961.9915137822637,996.2408827344545,1049.6448041566236,1053.0710104366483,996.2408827344545
nrc_groeneveld_24579pt__817,2297.0,2239.3237880759198,2239.106612836015,2263.670104582812,2346.024971054503,2351.125581770058,2263.670104582812
nrc_groeneveld_24579pt__6047,2510.0,2419.4562417837437,2700.191505203364,2611.505151591607,2844.091357928963,2691.466757925624,2611.505151591607
nrc_groeneveld_24579pt__10603,448.0,397.72471628271563,393.7687451677108,461.6899071846058,490.9744356888999,402.59118742489335,461.6899071846058
nrc_groeneveld_24579pt__13516,2000.0,1767.5137380204962,1977.3888476540294,1987.0321382498507,1690.1346836467837,1790.3424410896253,1987.0321382498507
nrc_groeneveld_24579pt__15496,1500.0,1774.5150619630901,1637.78431684912,1731.152508841339,1551.6671727259063,1736.8590443744656,1731.152508841339
nrc_groeneveld_24579pt__1587,4253.0,4237.123705328424,4267.654361686569,4057.3971513954352,4109.670119478854,4473.956372083224,4057.3971513954352
nrc_groeneveld_24579pt__17564,3551.0,3753.6957807842664,3455.503070566523,3317.7314893680204,3362.0586400599186,3825.288441510721,3317.7314893680204
nrc_groeneveld_24579pt__5954,2730.0,2696.762082399948,2695.828490315896,2576.753643073829,3056.714352661967,2860.8626518049323,2576.753643073829
nrc_groeneveld_24579pt__13053,584.0,634.8238702853678,614.1735413744613,651.0584066916758,574.4305876685058,534.355169571553,651.0584066916758
nrc_groeneveld_24579pt__20939,1334.0,1206.3263291475978,1284.5213130285417,1363.2221817892898,1232.8634084617295,1227.7286848163758,1363.2221817892898
nrc_groeneveld_24579pt__2461,7477.0,7021.189565561912,7420.876460549421,8212.373203981155,6877.978370577503,6491.014552379555,8212.373203981155
nrc_groeneveld_24579pt__21149,1155.0,1233.0064076764838,1414.087620743246,1355.787547911256,1031.207427786493,1186.5436412976696,1355.787547911256
nrc_groeneveld_24579pt__7018,1015.8,1283.8262453293937,1402.9288344031418,1181.5687514130038,1396.7725229545633,1424.5538104120467,1181.5687514130038
nrc_groeneveld_24579pt__18608,320.0,479.9133042820542,416.73093732047874,427.98927023566455,405.0067648738372,507.6727684388557,427.98927023566455
nrc_groeneveld_24579pt__9597,2396.0,2623.093837465295,2192.5743518129566,2438.2351919289126,2574.45875747257,2394.1890951094088,2438.2351919289126
nrc_groeneveld_24579pt__18200,1656.0,1979.484237253603,1749.509543643553,1772.1282874059352,2064.324413944809,2020.3931391153922,1772.1282874059352
nrc_groeneveld_24579pt__16294,3551.0,3709.7160899967894,3850.75021238101,3808.1364103740434,3691.163221478262,3991.8668324186897,3808.1364103740434
nrc_groeneveld_24579pt__19862,1630.0,1552.5971598558383,1808.1503229206257,1804.408164490207,1689.874624219626,1694.1455536985043,1804.408164490207
nrc_groeneveld_24579pt__9689,1279.0,1256.1430694760677,1293.2715585063352,1210.333662316364,1552.5192269966867,1419.5621697332704,1210.333662316364
nrc_groeneveld_24579pt__8600,2836.0,3040.6772654615734,2832.649397900058,2997.4703292056047,2703.7544182753104,3069.9203801131293,2997.4703292056047
nrc_groeneveld_24579pt__13350,2231.0,2038.4514972242835,2222.7784866538746,2427.385634615483,2027.0794906986637,2116.051381413685,2427.385634615483
nrc_groeneveld_24579pt__10301,1640.0,1695.5401562785712,1790.1522209764485,1746.0191895661198,1548.5451419443693,1675.747158219998,1746.0191895661198
nrc_groeneveld_24579pt__1222,996.0,1129.6271873688288,999.6069643016176,1066.4225259956238,1229.7084843975815,1058.944240632237,1066.4225259956238
nrc_groeneveld_24579pt__5195,2468.0,2360.9829541794784,2420.292012159936,2622.6062808212596,2122.9560668877302,2323.369128074871,2622.6062808212596
nrc_groeneveld_24579pt__4057,989.0,895.8272023108024,941.4524601434381,989.7272735243425,995.9949754155716,942.4000665438448,989.7272735243425
nrc_groeneveld_24579pt__1240,733.0,772.2983844237375,727.8366978703442,732.5483289183653,888.4516233911246,728.4495839701354,732.5483289183653
nrc_groeneveld_24579pt__2212,1028.0,1063.1056267537228,1020.9661249439049,967.9269125354181,1054.048130312732,1050.8736614207262,967.9269125354181
nrc_groeneveld_24579pt__7138,1242.9,1602.8248474398972,1309.496076582229,1435.5077415534683,1898.4765502918874,1652.5297841533618,1435.5077415534683
nrc_groeneveld_24579pt__12136,3337.0,2881.5042328284508,3123.797277326319,3095.543813752701,2326.8917019911887,2726.406326982669,3095.543813752701
nrc_groeneveld_24579pt__22024,1245.4,1692.709126236643,1475.4612080238276,1494.0916170812222,1372.1825270073593,1864.591703830005,1494.0916170812222
nrc_groeneveld_24579pt__12092,4932.0,3754.042196359462,4532.712303349487,4766.323665645342,4368.394402421051,4651.137590316352,4766.323665645342
nrc_groeneveld_24579pt__5988,2410.0,2241.652389023634,2491.2597744851305,2471.766763042384,2288.6782015270005,2328.190401454492,2471.766763042384
nrc_groeneveld_24579pt__10003,409.0,513.6456354464024,510.429088521736,480.65883087105703,447.77212337322317,499.3822863128436,480.65883087105703
nrc_groeneveld_24579pt__23754,1441.0,1236.156433332792,1260.5259792044872,1348.986396807199,1189.0568255942453,1403.51033306186,1348.986396807199
nrc_groeneveld_24579pt__9234,505.0,452.3168775240478,418.07089684976967,479.31641707499773,562.6626859711009,399.21876812009,479.31641707499773
nrc_groeneveld_24579pt__6826,485.0,481.34982591939144,491.59009283525216,490.933484578066,477.1246283167925,533.802455630348,490.933484578066
nrc_groeneveld_24579pt__3904,636.0,794.8576600682485,741.3434869602802,792.2314395086836,884.2245547742572,875.4926641288785,792.2314395086836
nrc_groeneveld_24579pt__12388,1056.0,932.0389885410056,965.4968533604127,978.4030705004509,980.6747152739196,1043.2578129129713,978.4030705004509
nrc_groeneveld_24579pt__21512,1090.0,813.1268102979262,909.79758249696,847.0118416704165,817.3520549951678,714.8651271308769,847.0118416704165
nrc_groeneveld_24579pt__12530,346.0,530.7576618369225,428.57257965069266,430.5227302812573,571.1410952577762,523.6560633682384,430.5227302812573
nrc_groeneveld_24579pt__3389,2787.0,2712.8024975706226,2763.9671708927895,3045.1504667708286,2571.502392328825,2609.564552926746,3045.1504667708286
nrc_groeneveld_24579pt__12534,629.0,648.3615299995249,558.110667828717,591.5090767693541,652.892208425758,629.4560453712368,591.5090767693541
nrc_groeneveld_24579pt__22990,437.0,397.22356633729294,431.08057613582093,367.39810569327756,353.2912924844361,327.10176237950657,367.39810569327756
nrc_groeneveld_24579pt__6025,1910.0,1454.8994972474786,1764.310317793454,1735.7654442799992,1557.2928154135443,1513.658051511079,1735.7654442799992
nrc_groeneveld_24579pt__1089,573.0,611.2665999296048,554.1791318355889,570.0002464572369,676.1362228636219,489.4630363292602,570.0002464572369
nrc_groeneveld_24579pt__20534,1020.0,966.1033697116027,1043.381030591913,987.8741290702061,975.2547297776492,1001.6780510128682,987.8741290702061
nrc_groeneveld_24579pt__20348,1600.0,1564.3289603301937,1609.8633300072308,1746.996933691694,1767.716547330294,1677.3723388831631,1746.996933691694
nrc_groeneveld_24579pt__15189,2081.0,2010.7302701277056,1967.850543610128,2006.3274383143307,1692.3608717523534,1829.5663448879793,2006.3274383143307
nrc_groeneveld_24579pt__20099,1670.0,1496.4796171422186,1530.0756611220543,1593.3560008553839,1711.3693456914104,1628.3915853325063,1593.3560008553839
nrc_groeneveld_24579pt__13068,2727.0,2643.2735650464706,2849.2811698371447,2862.5778881182923,2583.4423990362016,2053.204664500731,2862.5778881182923
nrc_groeneveld_24579pt__4908,2533.0,2545.395105918563,2891.6110310356044,2748.989860925525,3078.285395184946,2892.997390480174,2748.989860925525
nrc_groeneveld_24579pt__3359,3285.0,2780.942414933083,3345.391382922633,3360.604978792836,2905.026968289075,3104.0372194896295,3360.604978792836
nrc_groeneveld_24579pt__4117,270.0,247.56966005453594,245.7362222681219,227.35958394516322,213.35602034156537,208.76955919909696,227.35958394516322
nrc_groeneveld_24579pt__16571,2882.0,3193.514268786241,2845.9600783219344,2843.170816933478,3495.944865437534,3549.7489906664646,2843.170816933478
nrc_groeneveld_24579pt__15646,768.0,865.9150490729711,823.4864592469512,859.8858196628242,891.8396690052845,879.2342723565113,859.8858196628242
nrc_groeneveld_24579pt__21022,645.0,601.8794948748484,609.253220026436,563.885448410829,665.2098749810025,628.0513131481943,563.885448410829
nrc_groeneveld_24579pt__15927,1121.0,869.2319508391121,952.0830584644057,907.6959689541621,963.2639141829743,941.7285629275253,907.6959689541621
nrc_groeneveld_24579pt__12016,714.0,734.5318431737513,723.7704836350733,757.7042395837673,741.4622151054243,762.4701500347167,757.7042395837673
nrc_groeneveld_24579pt__1561,1951.0,1939.3320052951644,1963.4759035279849,2124.36520690234,2136.010406988492,2117.211966300938,2124.36520690234
nrc_groeneveld_24579pt__13679,1987.0,1588.5096487353505,1925.5143143563785,1924.4263491220881,1368.3924932314567,1673.7923063152857,1924.4263491220881
nrc_groeneveld_24579pt__17904,1577.0,1710.7186027293117,1698.3224036743509,1509.6213591394046,1717.6439569185518,1735.1477075795244,1509.6213591394046
nrc_groeneveld_24579pt__5710,2424.0,2125.744745971545,2377.9471421981048,2381.1133504526256,2138.9745069453866,2224.3770603412395,2381.1133504526256
nrc_groeneveld_24579pt__9748,632.0,805.9894222572397,608.3902739681572,613.819291024628,796.5341825268896,754.9750344635531,613.819291024628
nrc_groeneveld_24579pt__14246,2466.0,2620.79476375955,2461.827791475152,2459.3546924273023,1804.9038465064484,2101.936095544572,2459.3546924273023
nrc_groeneveld_24579pt__11077,479.0,611.7219575639976,539.042825726916,487.41641859285033,668.2339381269334,538.4210823064915,487.41641859285033
nrc_groeneveld_24579pt__19352,662.55,812.2623029726965,773.6627757042739,736.9265059921994,753.3919797944942,751.0224435330723,736.9265059921994
nrc_groeneveld_24579pt__18755,958.0,950.1157907273861,901.1009078479054,939.853057841699,960.6212251285419,1014.8102211550608,939.853057841699
nrc_groeneveld_24579pt__11621,1478.0,1375.3702391502543,1369.1770993328253,1390.3461345426451,1094.8979829860073,1245.5647108524636,1390.3461345426451
nrc_groeneveld_24579pt__2664,967.0,924.3123803088686,1032.3837253864162,1016.1564421963915,1029.0296042096907,967.1314429240055,1016.1564421963915
nrc_groeneveld_24579pt__23603,257.0,430.4053279065652,341.1507469067046,306.0992387682213,495.7892572145344,458.0665926982824,306.0992387682213
nrc_groeneveld_24579pt__13541,1677.0,1362.5692242823213,1518.6002640871463,1483.3628303943015,1390.1567614283883,1419.6370619328677,1483.3628303943015
nrc_groeneveld_24579pt__22001,11915.0,10028.493999879049,10773.04045696204,12984.958125969062,20844.002977547963,13122.459186922591,12984.958125969062
nrc_groeneveld_24579pt__19488,1760.0,1861.757589567924,1661.0969721722597,1732.4074122816887,1301.7311694993266,1792.4744623947306,1732.4074122816887
nrc_groeneveld_24579pt__2060,999.0,1039.5060601442349,1001.399039650457,983.064785870579,1115.4708020505416,1051.130676278384,983.064785870579
nrc_groeneveld_24579pt__21775,1070.0,946.6768452579627,1005.1199058405042,1081.1987211939263,889.7054402312344,870.5717567020546,1081.1987211939263
nrc_groeneveld_24579pt__20036,1630.0,1186.7965849820903,1257.5726148493188,1205.1161180942593,1032.0156776519705,943.4305945303392,1205.1161180942593
nrc_groeneveld_24579pt__5636,4317.0,4559.5039731308,3916.007101026049,4245.582364362792,3942.672702224524,4260.484810470141,4245.582364362792
nrc_groeneveld_24579pt__8295,2222.0,2088.094947678519,2354.4797461813087,2356.715721915555,1887.3689043933916,2189.7168372569417,2356.715721915555
nrc_groeneveld_24579pt__10015,533.0,570.5199725838114,602.1166812789158,558.4683989524531,563.3589540443227,583.6365637049546,558.4683989524531
nrc_groeneveld_24579pt__2871,992.0,995.5028120884335,1008.9966293679464,1039.6738670145999,1041.1637314067905,862.8421635807235,1039.6738670145999
nrc_groeneveld_24579pt__21054,708.0,647.4270661312977,687.1202188212062,657.2440110861257,684.7655893429691,667.5161372549499,657.2440110861257
nrc_groeneveld_24579pt__928,416.0,423.690806781914,413.1166940845867,414.7764386332524,513.926170667201,301.9316358552435,414.7764386332524
nrc_groeneveld_24579pt__600,2860.0,2916.383823875571,2808.220671282096,2721.680993791654,2746.808790953363,2881.636001337646,2721.680993791654
nrc_groeneveld_24579pt__8692,859.0,982.8034090987023,858.8244518082491,881.5869183763489,923.3568046769832,855.5616738379072,881.5869183763489
nrc_groeneveld_24579pt__14624,611.0,693.4098689225499,565.834436093927,576.4197433735375,611.5327981002469,698.868445832966,576.4197433735375
nrc_groeneveld_24579pt__4174,1099.0,1046.9056548714614,1062.2290539200933,1234.8844826044608,917.5664327754478,990.5873499843885,1234.8844826044608
nrc_groeneveld_24579pt__21283,606.0,578.0141331766822,628.3763183724,690.1005913317011,630.4323905013334,671.6319387135047,690.1005913317011
nrc_groeneveld_24579pt__20529,1146.0,1016.043506720777,1094.7055712417707,1016.2995095290329,1002.4566653655485,1028.3304893378545,1016.2995095290329
nrc_groeneveld_24579pt__9853,3663.0,2891.404005640544,3212.037884134581,3047.9973040276536,2496.0702696542103,2971.7905591657154,3047.9973040276536
nrc_groeneveld_24579pt__2919,1476.0,1421.286830289598,1455.3879751990783,1413.7018103937814,1517.890584576824,1487.1709865032742,1413.7018103937814
nrc_groeneveld_24579pt__12603,641.0,752.5534100685902,743.6863856669704,719.8913004041144,893.4778070265874,952.4558438540313,719.8913004041144
nrc_groeneveld_24579pt__22644,1558.0,1396.6319335314645,1209.8035231889255,1494.6481125156424,1309.953172785924,1363.4926345775314,1494.6481125156424
nrc_groeneveld_24579pt__13474,3803.0,3621.6328896914933,3585.947072500332,3569.6034368726596,3840.378767517341,3942.7314551753143,3569.6034368726596
nrc_groeneveld_24579pt__22452,3242.0,2912.08973926568,2799.9805913628343,2850.5921438852843,2804.0404782466317,3254.5923259296997,2850.5921438852843
nrc_groeneveld_24579pt__7323,743.2,897.0530020217491,626.5577676264991,655.7157727146828,912.6171798900691,786.5170289594329,655.7157727146828
nrc_groeneveld_24579pt__11678,5171.0,4669.019040566049,5457.840280752314,5660.938255301124,4100.063173750715,4448.280885993249,5660.938255301124
nrc_groeneveld_24579pt__21498,910.0,843.6833334342614,759.1103089765202,822.1600753951793,830.8088036748194,735.7470722498707,822.1600753951793
nrc_groeneveld_24579pt__11790,530.0,588.8990633237516,550.611151334962,573.9956349871993,613.8429074531406,621.7544593841503,573.9956349871993
nrc_groeneveld_24579pt__4754,2951.0,2700.939539427437,3092.5462522194775,3116.1533232507786,3109.208791969367,3252.603393454488,3116.1533232507786
nrc_groeneveld_24579pt__23775,1162.0,1182.0309231405079,1260.556019157122,1270.3732180160735,1098.380920262465,1189.4347261136766,1270.3732180160735
nrc_groeneveld_24579pt__1062,843.0,874.1948966736885,853.2231326403511,830.6352458888077,980.5660256645156,841.3252776294098,830.6352458888077
nrc_groeneveld_24579pt__6392,2022.1,1972.4670371625405,2130.1820520564693,2239.978541982206,2044.7811958093664,2050.805469708021,2239.978541982206
nrc_groeneveld_24579pt__11118,3428.0,3049.3766433117767,3123.5819531153425,3206.9975654466766,3224.641493445934,3063.6659354312037,3206.9975654466766
nrc_groeneveld_24579pt__23644,515.0,435.0307212951766,450.2122959476612,436.61622435474743,428.0936293549324,399.9442142365014,436.61622435474743
nrc_groeneveld_24579pt__23094,1666.0,1336.8190263464317,1312.3858139228741,1312.9748414409332,1360.0239954247402,1454.8000412391925,1312.9748414409332
nrc_groeneveld_24579pt__6536,5552.1,3829.347819150535,5492.0143376497745,6189.537791696182,3808.8129102093612,4032.849279584778,6189.537791696182
nrc_groeneveld_24579pt__12706,233.0,228.02754085693795,199.82759181454296,194.28347166513421,224.69488981565067,241.71247455166372,194.28347166513421
nrc_groeneveld_24579pt__9251,477.0,523.7805714738056,489.1254326107435,566.6349412171334,682.0181355598369,562.6041073184748,566.6349412171334
nrc_groeneveld_24579pt__12319,1756.0,1825.7960570839052,1794.8548250976417,2094.637951134146,1509.1147313570211,1653.7901879914373,2094.637951134146
nrc_groeneveld_24579pt__23613,472.0,411.3214885718555,423.97003035191636,322.69482840229216,470.11228404290415,454.4276116716409,322.69482840229216
nrc_groeneveld_24579pt__5600,2621.0,2424.3656157125943,2664.565697174057,2488.841290002857,2336.0044468612728,2524.2936464806,2488.841290002857
nrc_groeneveld_24579pt__21134,1321.0,1146.6206360187157,1139.4882485935925,1223.8817545066056,1005.123938763676,1123.236683405006,1223.8817545066056
nrc_groeneveld_24579pt__11014,1235.0,1271.264038276038,1175.1925629884392,1204.4629211426304,1157.1108656629558,1192.9445340179186,1204.4629211426304
nrc_groeneveld_24579pt__16245,2213.0,2287.0305263263454,2296.070808667144,2363.7419713987,2074.9210316750764,2452.5905193858634,2363.7419713987
nrc_groeneveld_24579pt__10227,755.0,735.4045449745065,775.5368889935589,739.6363943783332,792.4101967482271,767.27822376455,739.6363943783332
nrc_groeneveld_24579pt__16155,2335.0,2412.01700127987,2457.049519192373,2618.552752778111,2286.3102861039056,2795.642346808481,2618.552752778111
nrc_groeneveld_24579pt__20395,2110.0,2595.570848965239,2597.0482876472956,2571.4267725418717,2516.3585785268538,2690.3944049828397,2571.4267725418717
nrc_groeneveld_24579pt__13857,528.0,1181.8448574266947,767.3457121600015,839.9833313557656,813.1693601706208,947.9279376712872,839.9833313557656
nrc_groeneveld_24579pt__21398,1480.0,1953.6014809190985,1787.9711598620113,2068.714830132476,1540.5364754574234,1808.1118163278863,2068.714830132476
nrc_groeneveld_24579pt__19676,3660.0,3558.6247155816427,3615.695319958501,3929.1332635245935,3526.373587825148,3964.0410042576773,3929.1332635245935
nrc_groeneveld_24579pt__7665,1316.476,1459.7926083374991,1409.014520696165,1406.4392521620782,1305.9535281123274,1393.2513940116114,1406.4392521620782
nrc_groeneveld_24579pt__13973,1570.0,1512.555972404899,1297.6147131124394,1413.7291649752494,1240.699736104313,1356.983699399229,1413.7291649752494
nrc_groeneveld_24579pt__135,3250.0,3211.9821215548154,3131.729650726129,3120.8711433578414,3329.442491976644,3590.483929328315,3120.8711433578414
nrc_groeneveld_24579pt__8823,2360.0,2275.612472262428,2240.6568052174594,2231.4992858284572,1870.627459696502,2120.3149920702604,2231.4992858284572
nrc_groeneveld_24579pt__1352,282.0,287.87483575502245,286.9256054428073,279.32714031448654,278.84864428069864,242.92737090042533,279.32714031448654
nrc_groeneveld_24579pt__18811,1082.0,858.105517738717,892.4859641266168,861.9227646253361,769.7078455944494,827.3437417551373,861.9227646253361
nrc_groeneveld_24579pt__10561,458.0,472.63267136059267,403.06435066076835,399.75048894285294,534.2244929057468,463.8426834727578,399.75048894285294
nrc_groeneveld_24579pt__24016,1222.0,1099.1920595222225,1273.2143482780154,1193.6730231713518,1373.2862471778453,1035.551378748658,1193.6730231713518
nrc_groeneveld_24579pt__10829,393.0,417.59582932011665,353.7123006237404,354.471526221918,402.8920720227756,405.5791224420437,354.471526221918
nrc_groeneveld_24579pt__22797,2598.0,2321.585268176453,2130.7984169506312,2071.1342183726783,1960.2091181902626,2140.9436984647214,2071.1342183726783
nrc_groeneveld_24579pt__2787,1457.0,1392.8995273817054,1453.2527104457026,1389.8258105521434,1477.987755024854,1390.9654021816739,1389.8258105521434
nrc_groeneveld_24579pt__844,395.0,493.28901487676995,374.6249929757831,334.81767780432574,1279.2893284926695,1012.7946674164189,334.81767780432574
nrc_groeneveld_24579pt__2542,2479.0,2596.09065653953,2492.5509367611107,2470.6813706873936,2641.906542032691,2172.8064170241155,2470.6813706873936
nrc_groeneveld_24579pt__20624,3092.0,2553.4036516467745,2692.545375333585,2648.9606432205305,2438.179943066067,2637.928344182889,2648.9606432205305
nrc_groeneveld_24579pt__284,767.0,1082.589260818441,921.3428320530683,979.7248080838929,970.7442984462903,977.6007611049171,979.7248080838929
nrc_groeneveld_24579pt__8061,1825.0,1806.4172932587235,1720.0675671501376,1788.9786911268423,1739.1439899431111,1957.6978500424102,1788.9786911268423
nrc_groeneveld_24579pt__12408,2640.0,2378.360711437149,2469.8119966342615,2554.9939126619274,1887.9350317456378,2433.4078175203936,2554.9939126619274
nrc_groeneveld_24579pt__3892,2474.0,2338.058324504592,2427.1660915727516,2345.279540632704,1911.8097171150014,2085.47516113952,2345.279540632704
nrc_groeneveld_24579pt__18220,725.0,684.2192052287471,656.5960778720789,671.0214229382821,762.8192434988666,739.9329695730476,671.0214229382821
nrc_groeneveld_24579pt__15795,707.0,873.4492866842334,771.6192137685839,686.4498745565659,812.6008420089743,751.7087171486764,686.4498745565659
nrc_groeneveld_24579pt__6670,253.0,254.9034748554725,249.00233239064428,254.57961703362383,268.4174062134101,266.6016428483332,254.57961703362383
nrc_groeneveld_24579pt__2675,1493.0,1395.3985306142622,1519.4060348322703,1462.2477648838417,1464.5159784134157,1422.843351653384,1462.2477648838417
nrc_groeneveld_24579pt__17465,602.0,707.8806679645224,659.0944142052269,705.361975825826,728.1731117695823,686.8954010924583,705.361975825826
nrc_groeneveld_24579pt__10738,324.0,520.7276058084356,496.7402375456985,522.1429846713208,472.97194458134317,500.9545426182022,522.1429846713208
nrc_groeneveld_24579pt__20041,1020.0,1141.7482723616502,1082.0597804516137,1149.6879492566661,985.2602306888449,903.0347648826012,1149.6879492566661
nrc_groeneveld_24579pt__20595,1090.0,1273.3833820841398,1277.6961795414702,1332.9062356762847,1212.1705903461227,1276.112990151887,1332.9062356762847
nrc_groeneveld_24579pt__5881,1120.0,1341.921175175695,1256.5693249109938,711.4358387679717,1287.023700535815,1471.6116225534763,711.4358387679717
nrc_groeneveld_24579pt__12006,416.0,538.0772467439028,517.5530603121463,512.2639695943782,485.8395330533957,531.2675340947723,512.2639695943782
nrc_groeneveld_24579pt__8995,1423.0,1226.8272714443838,1432.3704823805044,1355.9955666168883,1116.6233650838706,1160.3155572699814,1355.9955666168883
nrc_groeneveld_24579pt__10083,3690.0,2845.822024321096,3283.2796829081626,3360.6425098516447,3007.9669295591766,2755.3744927231182,3360.6425098516447
nrc_groeneveld_24579pt__22912,689.0,783.4869035643766,857.6450106452818,785.5805060506674,718.3392810689005,769.2011614520802,785.5805060506674
nrc_groeneveld_24579pt__795,206.0,314.8966883759744,385.20303224265473,271.8220090162361,791.1378481498649,723.8543614408942,271.8220090162361
nrc_groeneveld_24579pt__16416,1801.0,2170.818832720597,1990.132029597709,2084.3127620134187,1861.3803678384643,2168.031326072552,2084.3127620134187
nrc_groeneveld_24579pt__21574,480.0,474.41872409344575,376.6971942313684,395.80152688309647,533.178094903866,394.99414960300726,395.80152688309647
nrc_groeneveld_24579pt__6818,273.0,276.8702220032605,269.46897739380506,262.75451101438074,265.63321670774894,273.86261503889995,262.75451101438074
nrc_groeneveld_24579pt__12516,212.0,472.66809140999266,379.08282431044387,346.5908951001813,504.8694986910775,484.1188941119906,346.5908951001813
nrc_groeneveld_24579pt__20022,2790.0,2987.7023501172,2993.1342071987265,2970.5286011387716,2842.7298452968816,3003.5256124246484,2970.5286011387716
nrc_groeneveld_24579pt__16321,3485.0,3763.227700756681,3803.02261529468,3676.2017435012103,3354.3806159321275,3776.6517978234215,3676.2017435012103
nrc_groeneveld_24579pt__14476,1633.0,1452.0495130653549,1671.4005602159152,1673.6292204235763,1322.864140827056,1779.9684525486923,1673.6292204235763
nrc_groeneveld_24579pt__16123,2744.0,2492.8014466360423,2480.436562536694,2583.6125028456695,2280.4819486807883,2624.4115724718404,2583.6125028456695
nrc_groeneveld_24579pt__7350,166.5,187.57599431912075,166.772690433989,137.50553772771562,463.45151064188195,392.99241512318315,137.50553772771562
nrc_groeneveld_24579pt__24298,674.0,615.123682045897,620.0702385913606,631.4871267285182,644.1638948093453,640.0708661688441,631.4871267285182
nrc_groeneveld_24579pt__22803,603.0,675.4439591509738,722.6103241133345,704.7435645114284,859.6011620673228,782.3973011842598,704.7435645114284
nrc_groeneveld_24579pt__355,1820.0,1748.62912654661,1850.432431754445,1948.71498136136,1892.5302130735172,1767.8733096924125,1948.71498136136
nrc_groeneveld_24579pt__15447,813.0,448.6794929352965,662.1096138720012,521.7656896273738,560.0197894419391,395.0333042055368,521.7656896273738
nrc_groeneveld_24579pt__22898,1419.0,1729.6241674943972,1363.3271963096674,1609.987735489757,1486.9271478682322,1664.6058388408346,1609.987735489757
nrc_groeneveld_24579pt__6274,10100.0,8577.480227233906,9371.193314433453,9637.970816412082,7314.930866038157,7617.586357707118,9637.970816412082
nrc_groeneveld_24579pt__8252,1844.0,2016.3341262236856,1736.5034581313646,1487.614439434594,1539.463624159077,1743.0276824282782,1487.614439434594
nrc_groeneveld_24579pt__2331,2983.0,3156.600371969435,2928.2784458714186,3006.118875302611,3009.1080890499916,3036.0730258860426,3006.118875302611
nrc_groeneveld_24579pt__17420,538.0,553.4642640822906,535.2665830500556,567.885987387945,569.3345587824816,510.16904089578446,567.885987387945
nrc_groeneveld_24579pt__9933,543.0,717.1199905891965,659.5572728069689,627.374850529433,712.5463630626236,685.8711057534016,627.374850529433
nrc_groeneveld_24579pt__6494,4731.9,2487.871197823124,4089.0390786265943,3706.270850350462,3187.825526709495,3399.0669670056473,3706.270850350462
nrc_groeneveld_24579pt__20972,628.0,418.00996866625593,373.2563818893095,382.1981606378674,385.67985670973815,354.31550233318217,382.1981606378674
nrc_groeneveld_24579pt__2519,1985.0,2003.7407248578133,2001.295723706158,2034.4043796046856,2014.947785054327,1941.3428541786313,2034.4043796046856
nrc_groeneveld_24579pt__4270,2010.0,1737.0954881462078,2172.2027538180196,2063.909120345222,2018.9037535858429,2775.980207907309,2063.909120345222
nrc_groeneveld_24579pt__11575,689.0,701.4726972425713,764.9511181077688,717.0314227308593,770.4027381139412,789.8705564708241,717.0314227308593
nrc_groeneveld_24579pt__6382,1700.3,1640.9146640660263,1520.8558385603842,1825.575909403148,1818.979747631205,1591.2561902256296,1825.575909403148
nrc_groeneveld_24579pt__15524,2421.0,2162.0033631921588,2510.757211477932,2363.345885946393,2185.1071540963644,2336.8645238760064,2363.345885946393
nrc_groeneveld_24579pt__3366,1772.0,1860.7637367044792,1792.808298626077,1869.1173094447713,2076.2244577959646,1799.5102996745118,1869.1173094447713
nrc_groeneveld_24579pt__1356,286.0,275.96104622047443,293.8965668862773,296.47133537489924,259.0152883915529,229.5421709694301,296.47133537489924
nrc_groeneveld_24579pt__2290,1528.0,1378.6963549563923,1626.3333201603675,1610.7375890706287,1706.1273597523534,1671.7579448424804,1610.7375890706287
nrc_groeneveld_24579pt__11007,2049.0,1877.7638067741764,1874.6670659203369,1928.8624179394003,1447.6057646425297,1732.7546983223235,1928.8624179394003
nrc_groeneveld_24579pt__1424,580.0,570.6612364464761,630.7485673316463,623.0217501574234,661.0880259193324,573.1348068174843,623.0217501574234
nrc_groeneveld_24579pt__13353,2394.0,2069.8004123344376,2418.6868727568653,2588.927477877964,2098.3804479615665,2235.9324032689174,2588.927477877964
nrc_groeneveld_24579pt__1829,523.0,508.1217065086642,496.45879584624146,474.9391914492005,524.0151505470644,507.9401063915021,474.9391914492005
nrc_groeneveld_24579pt__22079,1576.4,1496.5475611652682,1552.4172734372232,1607.4108575063522,1482.8457572021325,1565.6221926368628,1607.4108575063522
nrc_groeneveld_24579pt__16764,4114.0,3951.466571128388,4301.838505166065,4307.509757785255,3850.773872781509,4274.400432667817,4307.509757785255
nrc_groeneveld_24579pt__21489,970.0,794.7907913884886,817.84493652872,796.4704263222667,813.954059283265,719.6191433215708,796.4704263222667
nrc_groeneveld_24579pt__1191,953.0,1007.4251565902558,952.7549846378461,952.5848160313385,1019.9926694694146,1014.3584620736157,952.5848160313385
nrc_groeneveld_24579pt__20636,1333.0,1948.5805066919415,1758.8162037418087,1873.845384246187,1639.208953160851,1778.159536930005,1873.845384246187
nrc_groeneveld_24579pt__11166,1249.0,1115.6953720632125,1181.5744289528059,1216.2725119041693,923.2843110294327,1133.2870490700382,1216.2725119041693
nrc_groeneveld_24579pt__18282,764.0,730.8856279176701,724.8300320971821,753.6926968560613,778.9829121042577,762.638639805006,753.6926968560613
nrc_groeneveld_24579pt__15427,756.0,734.7339855253759,783.2969508404659,784.5666436543987,812.534871962411,758.1341327445797,784.5666436543987
nrc_groeneveld_24579pt__17779,472.0,556.8486436291386,400.9673340053631,445.75370328429915,588.157429838418,545.4785797111249,445.75370328429915
nrc_groeneveld_24579pt__4373,382.0,391.6725906071352,382.77677533117884,367.5344158423967,509.08669127474843,586.334557030936,367.5344158423967
nrc_groeneveld_24579pt__23777,50.0,85.52080438765051,67.26763792292415,72.06030211307719,118.61775984857366,50.337361378225324,72.06030211307719
nrc_groeneveld_24579pt__12826,3407.0,3379.7641975238944,3578.39470764061,3617.7044160571227,3799.845575258234,2693.5421783771717,3617.7044160571227
nrc_groeneveld_24579pt__5346,1478.0,1343.35328559928,1429.1429523069182,1313.6706612515657,1228.7922642493975,1243.284700965061,1313.6706612515657
nrc_groeneveld_24579pt__114,3820.0,4212.667839463639,3783.0922188663453,3752.2716653125235,3504.2072430643684,3985.9900786815124,3752.2716653125235
nrc_groeneveld_24579pt__9923,823.0,844.9081579477985,902.4873799053345,876.7463540169877,931.3179733318851,891.56856474224,876.7463540169877
nrc_groeneveld_24579pt__12438,1017.0,1110.1561132324412,1200.5555620284279,1123.8520327788833,924.6873033468602,1041.1055565276083,1123.8520327788833
nrc_groeneveld_24579pt__15329,746.0,779.3632731468124,750.5647416694827,804.6483920808298,801.5063429596792,762.0256293392198,804.6483920808298
nrc_groeneveld_24579pt__4059,1246.0,1061.0763470878915,1217.3864983357746,1166.8255174312326,1036.1225908345577,1008.9184749645775,1166.8255174312326
nrc_groeneveld_24579pt__18526,1929.0,2091.3712792178653,1918.55364175889,1879.6678777392083,1839.8561084009543,1927.4922910738208,1879.6678777392083
nrc_groeneveld_24579pt__14550,252.0,366.0582187284825,357.6592556854025,338.0453120985588,370.24599199803066,352.3267115406392,338.0453120985588
nrc_groeneveld_24579pt__2077,516.0,503.07649943844245,512.6896642778228,466.1914517000198,545.9069871382194,526.6048654320896,466.1914517000198
nrc_groeneveld_24579pt__16668,1299.0,1455.9773035723233,1424.8541738364238,1298.098829580707,1329.2305541105354,1412.6845393457288,1298.098829580707
nrc_groeneveld_24579pt__408,1918.0,1779.244826792382,1825.1472806549134,1813.3255846210175,1281.0137235127706,1566.4148651965959,1813.3255846210175
nrc_groeneveld_24579pt__1576,1931.0,2003.4896276434326,1936.093000414348,2108.0232441318485,2105.4796065431447,2087.1406317031096,2108.0232441318485
nrc_groeneveld_24579pt__5173,2454.0,2344.2275364144634,2275.0661885861573,2372.340420740896,2337.2773347169555,2430.1062068696483,2372.340420740896
nrc_groeneveld_24579pt__12389,974.0,903.7206010863927,931.3564739016464,960.4036648165336,965.4154874409176,1019.677970266813,960.4036648165336
nrc_groeneveld_24579pt__16839,2011.0,2056.428028880385,2094.515222984055,2000.6718406185892,2076.7163970336637,2212.8585120242196,2000.6718406185892
nrc_groeneveld_24579pt__12365,1053.0,1090.7499574563076,1076.8411433784,1056.1342160053184,1084.9747234008446,1155.5146888023817,1056.1342160053184
nrc_groeneveld_24579pt__3979,2326.0,2042.2974286491808,2206.8865340657912,2031.8856564351331,1582.1231252797907,1522.8295933613113,2031.8856564351331
nrc_groeneveld_24579pt__9702,2663.0,2639.5919212592125,2902.152037296309,2592.70488212687,2537.618349475241,2693.416382346322,2592.70488212687
nrc_groeneveld_24579pt__13646,2684.0,2236.9290092768965,2479.2250803560064,2468.8317617526654,1970.9125072640363,2111.4115258199217,2468.8317617526654
nrc_groeneveld_24579pt__20095,2220.0,1801.5258816950752,1813.0238309380516,1874.4381389036046,1857.476338329128,1871.216555338089,1874.4381389036046
nrc_groeneveld_24579pt__15145,1360.0,1300.783769986783,1305.6236609293567,1364.0157275271338,1255.8184558056996,1324.9777263823937,1364.0157275271338
nrc_groeneveld_24579pt__23359,385.0,633.3423411609409,491.11805636704224,497.81850214389726,717.2944519299951,667.7055969143231,497.81850214389726
nrc_groeneveld_24579pt__19552,2630.0,2623.9361879905728,2588.8091325649552,2570.192834498035,2658.1969691995046,2878.948331102784,2570.192834498035
nrc_groeneveld_24579pt__16818,2078.0,2118.405487254498,1971.898407533987,2101.097479044597,2176.507812467567,2326.629464442594,2101.097479044597
nrc_groeneveld_24579pt__22019,1544.9,1581.1704538551244,1327.689961501955,1440.9235432336334,1162.407597429846,1728.4686630872893,1440.9235432336334
nrc_groeneveld_24579pt__23672,472.0,637.0534458583544,600.3800974035146,587.175798117757,706.5537640684964,584.6223408240526,587.175798117757
nrc_groeneveld_24579pt__10486,2500.0,2649.2800019433953,2641.139591204888,2448.9502355947907,2385.9219395801597,2490.514654325961,2448.9502355947907
nrc_groeneveld_24579pt__2041,515.0,499.3998562489774,519.9921721559947,512.0183739553004,539.2018413162979,505.3577776339786,512.0183739553004
nrc_groeneveld_24579pt__8507,838.0,996.1123618198043,799.5104571145537,856.9817682321827,958.0198550431986,915.1795986084142,856.9817682321827
nrc_groeneveld_24579pt__4144,245.0,260.49709790633653,261.8664189457139,291.7871747956279,257.54560942789124,237.167316685707,291.7871747956279
nrc_groeneveld_24579pt__16317,4038.0,4494.635935415759,4192.701250303621,3824.932044291801,3956.287028446286,4329.120307069939,3824.932044291801
nrc_groeneveld_24579pt__4231,965.0,971.6395797115861,920.0427344784234,1011.0396259625278,869.6111727242044,999.1451728576509,1011.0396259625278
nrc_groeneveld_24579pt__462,2350.0,2475.005506185703,2439.872337025132,2425.831222547861,1973.948725671014,2273.9778105249375,2425.831222547861
nrc_groeneveld_24579pt__15696,721.0,810.910002687004,769.5505942339315,816.9326702360265,845.2768248027285,835.7663637166503,816.9326702360265
nrc_groeneveld_24579pt__21955,2499.0,2222.1165315983517,2692.3492446510636,2775.4869089100825,2180.479358840767,2364.0272985161155,2775.4869089100825
nrc_groeneveld_24579pt__24311,320.0,321.42140804683504,320.73943001865075,328.6322237372085,405.83244180549974,388.5852779214408,328.6322237372085
nrc_groeneveld_24579pt__16227,2840.0,2571.2769251816844,2744.2018826028198,2719.6556445206797,2224.4689141674844,2546.540906207172,2719.6556445206797
nrc_groeneveld_24579pt__14455,2081.0,2457.82308864848,2060.147414247801,1990.054572747365,2194.0767348649174,2308.6156804589295,1990.054572747365
nrc_groeneveld_24579pt__16669,1252.0,1435.780811953792,1312.9580990664329,1281.2117173669576,1315.877381314582,1394.9341838056641,1281.2117173669576
nrc_groeneveld_24579pt__10902,296.0,443.00023913604315,524.1096226474934,532.8116520608139,362.3277653464912,444.78248518567847,532.8116520608139
nrc_groeneveld_24579pt__20394,2230.0,2695.1229737554477,2670.367927830387,2631.500073630893,2639.289972645275,2842.0207703909427,2631.500073630893
nrc_groeneveld_24579pt__10067,2942.0,2873.6754801373845,3063.3847960609455,3220.4088698117394,3028.3669615273557,2765.467239145073,3220.4088698117394
nrc_groeneveld_24579pt__5689,3219.0,2539.776138312412,3215.195878375369,3304.007799716207,2850.097001826576,2973.53320339065,3304.007799716207
nrc_groeneveld_24579pt__7672,1575.925,1631.3547339338177,1617.3298012193736,1677.3964192321032,1449.8701047212053,1560.903581260776,1677.3964192321032
nrc_groeneveld_24579pt__9327,681.0,837.8390908014319,820.2137451024571,745.4994912503665,808.3555067102524,774.8788012163277,745.4994912503665
nrc_groeneveld_24579pt__21698,400.0,422.447699850225,333.34445441500327,333.3702488602256,374.2207340284929,374.6413464941169,333.3702488602256
nrc_groeneveld_24579pt__17244,1975.0,2102.0349029321837,1930.9706600965994,1999.3589477442156,1880.991805395644,2081.300141080782,1999.3589477442156
nrc_groeneveld_24579pt__21632,850.0,645.9207941491396,639.2640140941573,652.6919847759053,684.8732443082416,585.0365890617053,652.6919847759053
nrc_groeneveld_24579pt__18481,650.0,710.7066141423714,668.0868622625303,582.129103347619,754.4301456209004,667.5848973194976,582.129103347619
nrc_groeneveld_24579pt__14363,281.0,330.2782915196807,297.49223119214923,318.19687381684884,479.6873553594269,516.1919332293386,318.19687381684884
nrc_groeneveld_24579pt__6097,2080.8,1995.60555945922,2003.5185722885324,2132.3530081897406,1677.9312526920871,1813.7096794762099,2132.3530081897406
nrc_groeneveld_24579pt__23837,2658.0,2610.0370514995216,2666.0745348782525,2493.915006775626,2412.1600279638897,2732.4367912259604,2493.915006775626
nrc_groeneveld_24579pt__12749,625.0,602.0750941812763,571.2206462816615,538.1354552994349,500.08608225815937,607.0238724610134,538.1354552994349
nrc_groeneveld_24579pt__5147,2029.0,1852.7940676692754,2521.792015330996,2470.5040853758264,2190.2846958559003,2269.965387749903,2470.5040853758264
nrc_groeneveld_24579pt__18378,735.0,767.6135389532529,780.9632032981158,777.4552052767026,792.5951823430163,790.4389295673765,777.4552052767026
nrc_groeneveld_24579pt__2846,2000.0,1912.092584307322,2062.686898600566,2059.761116501894,2045.9493479134883,1736.5117875538679,2059.761116501894
nrc_groeneveld_24579pt__3175,1649.0,1495.5551192681216,1623.0447611592865,1573.4028728577885,1566.3866648060048,1447.814854041702,1573.4028728577885
nrc_groeneveld_24579pt__9580,6005.0,5454.265789350857,6068.556968553864,5956.921308332625,4843.888263185421,5506.326937435558,5956.921308332625
nrc_groeneveld_24579pt__24056,574.0,566.8054341290525,546.3741474117653,552.1285473692958,686.9756752674265,542.9495494804011,552.1285473692958
nrc_groeneveld_24579pt__3205,1450.0,1344.003817462065,1518.529848887193,1478.406008761986,1522.0135369492234,1386.1525007907867,1478.406008761986
nrc_groeneveld_24579pt__10904,697.0,496.13914530919044,603.5350037361626,573.494188365223,419.7791796063964,502.92835597646746,573.494188365223
nrc_groeneveld_24579pt__11187,800.0,883.857299379267,799.4468053295232,849.4222714462027,898.0886387747956,917.0809198148046,849.4222714462027
nrc_groeneveld_24579pt__12543,1882.0,1869.6415669425758,1787.5122373452627,1840.540486920873,2032.747095986151,1686.780814766584,1840.540486920873
nrc_groeneveld_24579pt__12525,552.0,625.7160607147295,652.9837059908052,607.6296103322486,616.3987153244699,601.8124962380907,607.6296103322486
nrc_groeneveld_24579pt__20314,1570.0,1496.3311394161067,1642.2310170661756,1740.213160964129,1713.9867588618586,1616.2933690495547,1740.213160964129
nrc_groeneveld_24579pt__17300,1905.0,1984.6049458756443,1880.4755698058686,1921.7533619312446,1903.5779495717306,2041.648165963193,1921.7533619312446
nrc_groeneveld_24579pt__24499,6197.5,6711.022140029207,6137.246576038725,5995.541780262652,5473.05599887554,5849.956408801853,5995.541780262652
nrc_groeneveld_24579pt__7454,2977.0,2260.6753520080692,2752.177928917172,2665.1435084635496,2246.2126055924737,2530.454612871585,2665.1435084635496
nrc_groeneveld_24579pt__15884,1020.1,932.0085603190217,896.3629261139389,959.1452206558073,956.1595175061134,932.4793324970776,959.1452206558073
nrc_groeneveld_24579pt__24293,769.0,804.3217739009442,768.2036417029254,765.0900344646006,932.6244050177052,846.1528876889837,765.0900344646006
nrc_groeneveld_24579pt__7322,701.6,914.218901668112,636.4904389393988,658.7608903496085,917.4884207834948,792.8530984958512,658.7608903496085
nrc_groeneveld_24579pt__5510,2492.0,2159.289938111919,2611.649758018204,2708.6355135254594,2068.081946858775,2383.644952506915,2708.6355135254594
nrc_groeneveld_24579pt__3429,2601.0,2289.7245100971295,2545.129721595721,2737.941871802285,1841.7902113928258,2181.045695352772,2737.941871802285
nrc_groeneveld_24579pt__20989,547.0,447.10045677016484,503.0386614937967,445.1434967643475,433.33044848814296,411.19331193910386,445.1434967643475
nrc_groeneveld_24579pt__11645,267.0,272.80653091878645,241.6875524354831,237.99502264114884,400.5998940835939,291.8621041878508,237.99502264114884
nrc_groeneveld_24579pt__5157,2497.0,2392.2174469450647,2730.1890646445777,2519.3476636953646,2514.564335485765,2705.1449009565285,2519.3476636953646
nrc_groeneveld_24579pt__3169,985.0,835.03602327068,1008.0186876910684,972.4402256084459,721.846570300158,836.7445840578216,972.4402256084459
nrc_groeneveld_24579pt__223,1779.0,2363.2543191635687,1835.7200571665535,1918.316974103237,2127.969850905358,2344.5617689358583,1918.316974103237
nrc_groeneveld_24579pt__1605,3963.0,3770.4856797696525,3891.1786514488354,3867.096678092711,3616.9718196125987,4198.206817954325,3867.096678092711
nrc_groeneveld_24579pt__12876,2151.0,1709.5422604418525,1852.9374406414743,1879.3381446351514,1602.5121768929223,1783.1676300781994,1879.3381446351514
nrc_groeneveld_24579pt__23326,1201.0,1017.954339105486,927.9715940995022,943.1555380142065,1036.5680164320563,1019.8597830092198,943.1555380142065
nrc_groeneveld_24579pt__5724,2640.0,2145.1257948174048,2572.6403356182054,2531.7807648580715,2330.035526162651,2350.2536324653206,2531.7807648580715
nrc_groeneveld_24579pt__20688,466.0,653.1889499456177,507.5465629538219,560.1646345767567,541.0553586776279,528.7510092441765,560.1646345767567
nrc_groeneveld_24579pt__17947,2681.0,2587.566494328115,2565.4349480353003,2674.397182693759,2491.778695434493,2536.5711332604983,2674.397182693759
nrc_groeneveld_24579pt__10925,664.0,734.92138073662,646.8353530658655,637.256946441991,645.1572846535468,625.3024059042597,637.256946441991
nrc_groeneveld_24579pt__21911,2680.0,2547.400957383348,2627.4118822121754,2696.0320528189873,2423.481979947613,2406.209364940815,2696.0320528189873
nrc_groeneveld_24579pt__9772,608.0,405.93645750735516,513.7969485995002,481.9180076993035,494.9581488070171,397.56116633536203,481.9180076993035
nrc_groeneveld_24579pt__1847,756.0,785.83704274198,729.4718922974494,751.3547907552518,824.1477307415685,780.626956257079,751.3547907552518
nrc_groeneveld_24579pt__7194,2012.6,1992.4415714170686,2000.0247071596416,1981.5550214146915,2008.5987635152328,1924.5320476857155,1981.5550214146915
nrc_groeneveld_24579pt__14765,350.0,416.22943347195445,370.87195760085893,358.8988562164971,373.0991433729397,433.81055251908737,358.8988562164971
nrc_groeneveld_24579pt__5444,2697.0,2454.2942701486772,2904.147557971232,3214.0354629902968,1964.9326259971053,2499.158482795117,3214.0354629902968
nrc_groeneveld_24579pt__22479,818.0,820.3672657498622,870.9709641368037,841.5081444985057,973.2578543282829,827.629880285981,841.5081444985057
nrc_groeneveld_24579pt__16377,1261.0,1465.9366924499082,1232.670679384388,1174.8834987486546,1257.704054702186,1372.9072260379007,1174.8834987486546
nrc_groeneveld_24579pt__15379,1270.0,1251.3045817432496,1451.7272064540866,1361.8271176974142,1422.8587036187712,1462.8196099350225,1361.8271176974142
nrc_groeneveld_24579pt__17654,982.0,1052.1543580052453,1042.3804284637624,1077.7986821928387,1099.9293573979442,1107.9147499068788,1077.7986821928387
nrc_groeneveld_24579pt__15052,2720.0,2757.3427705504596,2743.1004867257566,2737.743361592388,2773.549081028668,2944.179401849061,2737.743361592388
nrc_groeneveld_24579pt__1133,1185.0,1301.9580328916368,1163.193519733141,1030.0240821763248,1512.9024779281503,1332.5956229080734,1030.0240821763248
nrc_groeneveld_24579pt__8211,7017.0,7029.147893635842,6144.130835605243,5943.3642439796995,5977.38308659972,6658.47269200226,5943.3642439796995
nrc_groeneveld_24579pt__22144,936.4,937.0746808874615,987.4108795436794,1018.8739332681886,904.7231164197982,915.2271616826297,1018.8739332681886
nrc_groeneveld_24579pt__15928,715.0,619.3666376043258,716.8211720614555,676.4295813102841,693.0374844473808,576.763332823579,676.4295813102841
nrc_groeneveld_24579pt__10871,358.0,406.8449822997737,416.86456224632246,416.5400393874808,480.40512851323143,442.1082429787685,416.5400393874808
nrc_groeneveld_24579pt__16332,3589.0,3778.496346331981,3554.5857624835508,3720.7723005619537,3446.505129928816,3816.861954851203,3720.7723005619537
nrc_groeneveld_24579pt__21332,1541.0,1716.4359405317293,1600.5131358094902,1580.738189071375,1200.6964602370035,1573.766220172531,1580.738189071375
nrc_groeneveld_24579pt__12322,3144.0,2731.0173790801614,3490.411299825965,3521.5246383966446,3237.4052657917755,2465.7899084608093,3521.5246383966446
nrc_groeneveld_24579pt__12753,741.0,820.4386193641744,621.9896832352083,608.6051258935104,631.9729177335112,708.725598502744,608.6051258935104
nrc_groeneveld_24579pt__4502,1310.0,1439.701507504958,1437.497229300051,1455.725990798974,1425.7776970239902,1482.6597111143963,1455.725990798974
nrc_groeneveld_24579pt__12976,971.0,1122.2460770190378,994.096222588674,989.0360620847744,988.5581598907081,962.4897098684595,989.0360620847744
nrc_groeneveld_24579pt__2150,2017.0,2137.4759028901653,2076.737552217518,1975.037825286188,2250.221425090426,2226.1946092522007,1975.037825286188
nrc_groeneveld_24579pt__176,1650.0,1591.0795623684785,1832.992418647816,1732.069217456242,1607.571665485411,1748.6401927110016,1732.069217456242
nrc_groeneveld_24579pt__4869,3309.0,2222.319977634708,3074.098765151713,2946.127124495435,2275.9313632963535,2420.886284771903,2946.127124495435
nrc_groeneveld_24579pt__11574,743.0,748.8527820082429,790.175422374714,740.0529527990659,788.862264204312,830.5512871461411,740.0529527990659
nrc_groeneveld_24579pt__17620,2018.0,2374.2643291197815,2045.2713298842002,1968.7457448915836,2227.530805431984,2202.2103414918092,1968.7457448915836
nrc_groeneveld_24579pt__8480,1566.0,1452.4019762950522,1277.3637578209555,1218.1730707845725,1324.145389649843,1321.2179738141751,1218.1730707845725
nrc_groeneveld_24579pt__4013,752.0,755.8094081105035,733.7664145067814,691.2121274441367,522.9182098304544,573.1162608599475,691.2121274441367
nrc_groeneveld_24579pt__16554,2584.0,2890.5751288979427,2560.9062962772587,2580.2150102346777,3029.5765737458987,3107.53157866111,2580.2150102346777
nrc_groeneveld_24579pt__3581,2807.0,2378.0342568838337,2703.48405407838,2804.157325108737,1725.4682419786761,2083.387850715903,2804.157325108737
nrc_groeneveld_24579pt__7667,1441.63,1444.9402226953293,1364.0788269526731,1332.690332762837,1295.623030303958,1377.5630049459687,1332.690332762837
nrc_groeneveld_24579pt__17869,1313.0,1435.8955402730928,1339.0444746974918,1278.1390074725366,1339.8081955333794,1457.3358919800692,1278.1390074725366
nrc_groeneveld_24579pt__1327,802.0,742.2310006002845,829.8623128406176,789.0839267351021,805.0273914567078,707.9611970329875,789.0839267351021
nrc_groeneveld_24579pt__19287,791.91,1007.9502385107392,874.3195657749482,856.7371446707632,784.7710511906095,988.848778919871,856.7371446707632
nrc_groeneveld_24579pt__1401,776.0,830.8581422001033,842.3911287606504,901.1188007878043,1026.743461530016,858.5395628414295,901.1188007878043
nrc_groeneveld_24579pt__9267,818.0,735.1913247942579,611.521090759975,610.4855224868835,757.5841287407491,646.2585583823023,610.4855224868835
nrc_groeneveld_24579pt__3059,1015.0,976.5931153154391,1022.2292234117742,989.1695586701709,980.4101328661536,1011.1756712811649,989.1695586701709
nrc_groeneveld_24579pt__1303,483.0,474.23080281502746,474.6049500867677,479.982745145522,496.26417553917383,456.5559800423886,479.982745145522
nrc_groeneveld_24579pt__15727,1163.0,1122.7179445888391,1106.1044221703435,1053.8713495637157,852.5703819020331,1011.9305740657168,1053.8713495637157
nrc_groeneveld_24579pt__5821,2510.0,1580.7662805491634,2509.312388903444,2161.708753335628,1045.739542723101,1664.9222168643666,2161.708753335628
nrc_groeneveld_24579pt__5333,507.0,600.4547087362472,474.7351813050339,502.56766823870794,478.92745908052416,533.8979597403114,502.56766823870794
nrc_groeneveld_24579pt__17202,1395.0,1113.8627517343114,1341.799494057331,1167.2948481276533,1007.1732150804287,1017.5423483303781,1167.2948481276533
nrc_groeneveld_24579pt__3999,3436.0,2823.4981926036103,3387.7632436998224,3187.523478910952,2393.6659100555385,2699.9782176132767,3187.523478910952
nrc_groeneveld_24579pt__4552,1482.0,1721.4327818132751,1687.1643334310604,1570.7100016696756,1525.140114607325,1635.919276764058,1570.7100016696756
nrc_groeneveld_24579pt__150,1850.0,1751.7542213715317,1679.0372523283713,1625.3929706692613,1647.5960509655692,1812.9907245441466,1625.3929706692613
nrc_groeneveld_24579pt__19209,9480.0,9210.64722630901,9178.616993172023,8407.817522208403,7378.172394922966,7927.600836335233,8407.817522208403
nrc_groeneveld_24579pt__23569,357.0,310.3599276817309,262.7659309541427,259.0313735507298,336.2104114050555,254.41751510534715,259.0313735507298
nrc_groeneveld_24579pt__6896,2217.7,1609.0545174548881,1964.5601452766487,1924.0703985524535,1479.7729687729743,1932.6726039778828,1924.0703985524535
nrc_groeneveld_24579pt__16163,972.0,1388.373699496351,1425.233444244749,1399.3912879280213,1352.121912885741,1387.18720606285,1399.3912879280213
nrc_groeneveld_24579pt__10357,738.0,800.26304525872,796.7065282405642,779.0225739058644,772.4575746269114,762.8857442648646,779.0225739058644
nrc_groeneveld_24579pt__15153,1265.0,1525.702963152104,1415.9810620690455,1438.5062407631237,1305.661444379255,1393.663727383191,1438.5062407631237
nrc_groeneveld_24579pt__13149,2400.0,3352.9258024870214,2532.1526266914257,2951.3392951707056,3065.5644843896202,3281.270302243113,2951.3392951707056
nrc_groeneveld_24579pt__5766,3054.0,2728.2331507964545,2979.0582745343672,2995.3917993282416,3694.1981729958866,3429.6257425798653,2995.3917993282416
nrc_groeneveld_24579pt__17484,2709.0,2700.300976964913,2425.2539300144626,2466.2877509219675,2862.028202185185,2912.2382582551963,2466.2877509219675
nrc_groeneveld_24579pt__22226,1198.1,915.804423569362,1158.1743040581746,1122.229807193511,840.6435294164893,996.2992562040803,1122.229807193511
nrc_groeneveld_24579pt__1682,3435.0,2908.5678444856417,3446.5934191864394,3320.0592121976274,2857.0180212292494,2767.6847699320183,3320.0592121976274
nrc_groeneveld_24579pt__4813,2379.0,1975.4977868655862,2426.3283834120534,2216.6417807253256,1725.688135982152,1965.201649449814,2216.6417807253256
nrc_groeneveld_24579pt__13536,1355.0,1141.4567134460651,1310.0385942076605,1273.5647280552625,1143.396616772638,1161.0672173260944,1273.5647280552625
nrc_groeneveld_24579pt__17706,2335.0,2296.812113656817,2239.683256578704,2315.338935931463,1762.327851843646,2118.3685957685393,2315.338935931463
nrc_groeneveld_24579pt__8090,5720.0,5779.198922325288,5549.2997591804315,6521.316583147833,5722.596065847928,5814.411426855724,6521.316583147833
nrc_groeneveld_24579pt__8098,6559.0,4866.837255793009,5766.750729778471,5855.6920952683095,5539.76102972925,5467.642635581898,5855.6920952683095
nrc_groeneveld_24579pt__18995,5733.0,6014.05750883096,6659.53953763873,6974.985318725262,4867.61243030068,5935.234867996327,6974.985318725262
nrc_groeneveld_24579pt__24526,5394.0,5300.791017704919,5335.785251054536,5036.111364626411,6964.129113360532,7394.202383783291,5036.111364626411
nrc_groeneveld_24579pt__1525,1528.0,1619.7150340331734,1521.9906648729461,1609.8130855008244,1660.6719324774867,1631.8222599640787,1609.8130855008244
nrc_groeneveld_24579pt__11973,586.0,665.6253317336776,606.5858493059903,622.8004991523514,653.924248368525,698.644446336475,622.8004991523514
nrc_groeneveld_24579pt__4659,1527.0,1705.4905755456855,1658.5144110857325,1631.1916032812967,1589.9676170506305,1615.6717684242008,1631.1916032812967
nrc_groeneveld_24579pt__11019,553.0,745.4493093420223,673.6492591775605,709.708170966994,819.9297373129987,697.3340485184979,709.708170966994
nrc_groeneveld_24579pt__7931,2914.0,3021.362108912773,2696.266023433984,2675.4687948323844,2214.256499186857,2533.588918130885,2675.4687948323844
nrc_groeneveld_24579pt__4434,601.0,663.96370823185,582.9762246895249,626.2987989894124,579.7731457385145,626.4911886695995,626.2987989894124
nrc_groeneveld_24579pt__21363,1099.0,972.6948447854003,1072.597659828759,1025.2430833389592,866.2440797748164,943.1583688043444,1025.2430833389592
nrc_groeneveld_24579pt__13524,2753.0,2783.008065571208,3160.1866460421647,2939.0850220189914,2887.559991063044,3013.0721368152995,2939.0850220189914
nrc_groeneveld_24579pt__14172,909.0,1066.7005894136278,1099.8310337616836,1042.0631922112332,1153.5607674448772,1149.634475610022,1042.0631922112332
nrc_groeneveld_24579pt__4303,304.0,377.74865116366146,299.47708258619986,309.89771564589927,468.07859671894926,490.1354530188877,309.89771564589927
nrc_groeneveld_24579pt__6807,327.0,336.98846089771087,344.69716247685926,331.9249633322813,334.66741368916655,340.98008929476987,331.9249633322813
nrc_groeneveld_24579pt__7938,1829.0,1891.2813321610863,1879.9051430852296,1911.1304125966453,1672.9680704548548,1966.13828578124,1911.1304125966453
nrc_groeneveld_24579pt__6879,663.0,594.3153211675128,668.3595475049934,612.8785561470211,631.0667101098832,670.1516930684554,612.8785561470211
nrc_groeneveld_24579pt__9945,302.0,478.5301136661993,333.00483081876035,375.879348464019,486.23579809439815,498.4033469064838,375.879348464019
nrc_groeneveld_24579pt__3994,3050.0,2406.6457078939807,3055.124844923714,2836.9694249008476,2096.0459529009177,2229.9205183801187,2836.9694249008476
nrc_groeneveld_24579pt__23018,835.0,800.7727104102311,754.2434647951047,846.796228975354,794.010945618199,841.3984029940877,846.796228975354
nrc_groeneveld_24579pt__794,2352.0,2458.1985008683864,2296.5532207397414,2360.6472694450254,2277.553210814487,2301.6160095611217,2360.6472694450254
nrc_groeneveld_24579pt__22809,1958.0,2045.2671305196773,1983.1805387491956,1992.2970573183072,1640.024545999916,2092.148611021825,1992.2970573183072
nrc_groeneveld_24579pt__12051,382.0,441.7142395637535,436.01262672847247,464.44484114601715,413.0733256554105,511.56524187428107,464.44484114601715
nrc_groeneveld_24579pt__23696,661.0,628.0597763442418,739.9902759687436,631.4957135588572,679.0835362705831,571.460614245313,631.4957135588572
nrc_groeneveld_24579pt__11773,932.0,1162.2141389088217,937.6591375722702,1018.9533309193602,957.6309928609597,1052.2719233507676,1018.9533309193602
nrc_groeneveld_24579pt__19048,8215.0,8479.912079326377,8501.02729376236,8734.76063353006,8697.680128381498,8935.966649589012,8734.76063353006
nrc_groeneveld_24579pt__1803,4907.0,4968.873528736338,4617.328923232839,5165.533204855909,5201.692366198806,4848.305345427778,5165.533204855909
nrc_groeneveld_24579pt__17380,1456.0,1641.214642848815,1524.5425523823396,1657.5127377254944,1668.6397180193906,1736.7843110547174,1657.5127377254944
nrc_groeneveld_24579pt__8580,3954.0,4817.262325411191,4316.757941446653,4160.822605411933,4177.372611827454,4693.324577274528,4160.822605411933
nrc_groeneveld_24579pt__7591,1775.0,1593.6689674694671,1510.4740200074527,1492.3077661545922,1491.1706829605416,1641.0880554108842,1492.3077661545922
nrc_groeneveld_24579pt__477,1058.0,1010.910375364758,1036.9312270989537,977.2767956741193,726.3129944156605,906.2828825607222,977.2767956741193
nrc_groeneveld_24579pt__8288,3337.0,3543.665882786529,3390.979516602783,3373.07560292295,3403.659044086585,3703.4133577936223,3373.07560292295
nrc_groeneveld_24579pt__24504,5897.8,5553.49505426546,5800.824712253676,5790.623208997155,5697.016718518857,5522.579236368628,5790.623208997155
nrc_groeneveld_24579pt__7544,3685.0,3494.45197907881,3589.3750802347245,3412.02876550226,3109.7884881392215,3425.353825375264,3412.02876550226
nrc_groeneveld_24579pt__13238,7192.5,7313.0657560805885,7289.83051798523,7311.467693870995,8103.5165817625875,7982.440077128242,7311.467693870995
nrc_groeneveld_24579pt__23924,503.0,346.56141850632855,491.79745194255077,489.334357316125,280.9166355050196,345.7293534825121,489.334357316125
nrc_groeneveld_24579pt__18961,425.0,587.530633246792,475.5782828596739,485.0906692255924,505.1438504799968,613.1988490970452,485.0906692255924
nrc_groeneveld_24579pt__13773,1301.0,1053.2273513597038,997.4469541655859,1123.6053381391112,1042.547629906417,1110.8853239137081,1123.6053381391112
nrc_groeneveld_24579pt__3338,2487.0,2222.9190726307183,2523.859600128434,2601.923716642326,1928.1651280919925,2378.859540474935,2601.923716642326
nrc_groeneveld_24579pt__2830,2497.0,2207.9612201577693,2506.8068935615074,2135.9830288054795,2324.6446872044557,2118.055568956983,2135.9830288054795
nrc_groeneveld_24579pt__13438,3525.0,3893.8310545267486,3197.124109590043,3506.3716723910857,4281.047622219591,4182.457684160006,3506.3716723910857
nrc_groeneveld_24579pt__8363,688.0,699.2496116075635,589.2906394281537,619.8324272839611,771.9287884651646,603.2280170968231,619.8324272839611
nrc_groeneveld_24579pt__14094,1022.0,1006.4110834053414,933.4648016967146,928.1008418721246,1040.386500398488,1046.1408052414765,928.1008418721246
nrc_groeneveld_24579pt__22668,1710.0,1541.7124892396198,1568.638838704846,1505.0515412014483,1683.3925651473053,1687.7604281216538,1505.0515412014483
nrc_groeneveld_24579pt__3315,2344.0,2044.8373685284,2347.7056728756534,2405.5110251852466,1976.5166287319869,2229.0259748276185,2405.5110251852466
nrc_groeneveld_24579pt__3637,1574.0,1466.3806918766775,1522.8008944565995,1422.7596838169718,1287.8756285017337,1413.9319818766892,1422.7596838169718
nrc_groeneveld_24579pt__2205,1017.0,1138.684612289014,1006.869440128913,1012.3153422387084,1097.8999352297749,1106.9523146543768,1012.3153422387084
nrc_groeneveld_24579pt__15719,1755.0,1531.765895230918,1463.041917535762,1600.7538927844894,1176.3475913448287,1253.3713206577652,1600.7538927844894
nrc_groeneveld_24579pt__20987,585.0,460.05125728400185,526.9542317997532,458.34224051387855,450.01877572793296,431.05292442717905,458.34224051387855
nrc_groeneveld_24579pt__10199,1825.0,1996.1032377636475,1860.0642747431075,1995.5316960107734,1755.6585274487911,1923.916825025351,1995.5316960107734
nrc_groeneveld_24579pt__20951,1445.0,1550.6291202954462,1442.6486587160243,1479.3274205539874,1477.8322969642763,1541.0630536273404,1479.3274205539874
nrc_groeneveld_24579pt__4314,730.0,815.2380093881798,725.8379656917749,735.5143740961556,744.0936534571132,805.6542774357077,735.5143740961556
nrc_groeneveld_24579pt__9392,718.0,670.6695236004631,579.7564690396724,601.1528483661247,697.3904547768614,716.0221967975896,601.1528483661247
nrc_groeneveld_24579pt__1808,4808.0,4981.2767781123575,4790.305923595934,4945.804077577971,5318.200305603946,4723.995662982029,4945.804077577971
nrc_groeneveld_24579pt__7793,1217.803,1135.9766813628744,1199.8651055823796,1192.750300556637,902.4733278047645,1075.585184386964,1192.750300556637
nrc_groeneveld_24579pt__11515,3405.0,3298.2828966589673,3249.9688685170645,3283.85331327216,2667.8066185154885,2875.697930489801,3283.85331327216
nrc_groeneveld_24579pt__16508,3299.0,3671.0041832401316,3213.5694957927767,3094.521717012118,3160.443346214937,3562.11695735138,3094.521717012118
nrc_groeneveld_24579pt__14190,844.0,826.6672642903256,827.9852934659143,820.9294382764133,788.8438111267707,849.9573377438834,820.9294382764133
nrc_groeneveld_24579pt__18120,1120.0,1125.7093915901537,1150.5982486747198,1168.851671574433,1682.1829184530295,1407.1310329027526,1168.851671574433
nrc_groeneveld_24579pt__24528,3016.0,2187.6844377820166,2745.9996149792555,2513.339507308393,1668.8250746958836,2664.146049360365,2513.339507308393
nrc_groeneveld_24579pt__5057,2948.0,2633.980691991681,2807.2197519187307,2874.4494700593864,2810.190616786483,2764.2011733517757,2874.4494700593864
nrc_groeneveld_24579pt__9097,1860.0,2009.546854806176,1819.7479825970968,1797.5187144307342,1990.7261336756058,2081.2685011464755,1797.5187144307342
nrc_groeneveld_24579pt__19438,441.8,447.1722075447965,460.9110363879992,459.99317569206767,405.1725489186625,477.27255203569575,459.99317569206767
nrc_groeneveld_24579pt__16713,1505.0,1131.5868745703451,1244.9992848662625,1201.5293183610474,1072.332393600682,1070.773508954034,1201.5293183610474
nrc_groeneveld_24579pt__24534,3303.0,2630.208864084413,3125.0827106288602,2792.8429854069427,1947.8846254903729,3587.6762174337337,2792.8429854069427
nrc_groeneveld_24579pt__24305,665.0,649.4931446195104,618.1206277788024,620.1562356561047,694.6985935734205,669.1908708252643,620.1562356561047
nrc_groeneveld_24579pt__11572,844.0,868.6685828230571,939.6344716713885,945.482292878762,830.2768344936702,929.7749815608483,945.482292878762
nrc_groeneveld_24579pt__9149,1872.0,1848.442868665497,1982.680202834208,1940.8780365865794,1605.128103020937,1821.1164634062816,1940.8780365865794
nrc_groeneveld_24579pt__21179,2171.0,2611.915015830461,2028.060688481592,2168.1712351029187,1971.775384670032,2383.6441790714753,2168.1712351029187
nrc_groeneveld_24579pt__11023,2570.0,2113.049900615284,2101.4386108391427,2220.5572300290532,1844.061012381339,2052.4110244596886,2220.5572300290532
nrc_groeneveld_24579pt__21252,295.0,354.833454470865,328.7065458367626,343.9099072650343,345.07087421751044,351.63864878186814,343.9099072650343
nrc_groeneveld_24579pt__13095,231.0,179.90740216911084,171.51455229204396,172.0239106386574,233.42746422154062,152.17871748375686,172.0239106386574
nrc_groeneveld_24579pt__3152,1648.0,1464.2838989160412,1663.8431725945552,1639.5618204394193,1717.7957028336532,1418.0757425398333,1639.5618204394193
nrc_groeneveld_24579pt__19553,2550.0,2645.3223186733944,2619.3830012188473,2570.192834498035,2685.007494246396,2901.104830733194,2570.192834498035
nrc_groeneveld_24579pt__11952,832.0,845.2575626842082,862.0871012445979,822.2514905612032,592.5662734634911,776.5394764470649,822.2514905612032
nrc_groeneveld_24579pt__890,509.0,760.5319249848158,528.5375414619888,475.70443998609437,1661.1796099868511,1292.315073456884,475.70443998609437
nrc_groeneveld_24579pt__24090,374.0,468.73904808544927,409.1885331236559,389.00013261386,567.407536590209,430.6278138387897,389.00013261386
nrc_groeneveld_24579pt__22398,2660.0,2911.2780951304426,2671.5229157264585,2792.7280697867122,2777.771819250266,3226.0026027781882,2792.7280697867122
nrc_groeneveld_24579pt__15157,1685.0,1697.2372070594997,1697.796658248518,1721.2854440971478,1370.8393983929473,1474.866559545103,1721.2854440971478
nrc_groeneveld_24579pt__4426,294.0,359.4103878195298,307.14541796391654,327.63148605892786,439.8033706912695,397.43277146837414,327.63148605892786
nrc_groeneveld_24579pt__11097,1000.0,940.6804222311395,964.9371483494443,897.6310127500102,1059.1131632086579,1032.939287108381,897.6310127500102
nrc_groeneveld_24579pt__12010,680.0,681.0445229703498,648.9203650950851,671.4694488688114,597.5125137099471,656.4456205159581,671.4694488688114
nrc_groeneveld_24579pt__18472,1339.0,1291.1405272915586,1199.2506904641025,1156.186484488508,1222.4009290805432,1225.9174929153091,1156.186484488508
nrc_groeneveld_24579pt__7378,522.6,717.6955219899302,444.7151357623343,585.5665226451067,824.7400175718558,791.9307859594453,585.5665226451067
nrc_groeneveld_24579pt__20921,1502.0,1551.2884364818497,1487.2394352485678,1477.3672979884077,1485.0684271384862,1556.6979177508856,1477.3672979884077
nrc_groeneveld_24579pt__24034,951.0,819.8933576457931,927.795707569945,918.5032095312149,949.8024390089582,766.6465746387321,918.5032095312149
nrc_groeneveld_24579pt__10816,816.0,862.774066402775,700.7556169642514,703.3705239579411,686.473954132497,737.150884237814,703.3705239579411
nrc_groeneveld_24579pt__17117,1714.0,1387.9994122479916,1599.4933135325523,1550.7481099597428,1317.5844675242597,1434.6061665158486,1550.7481099597428
nrc_groeneveld_24579pt__18450,2286.0,2341.5969345116728,2165.9102066247337,2404.3042322449837,1969.203472893826,2175.802136408735,2404.3042322449837
nrc_groeneveld_24579pt__2831,2480.0,2177.684311508839,2503.5822943602006,2110.8524981727687,2338.318814034459,2114.123771654326,2110.8524981727687
nrc_groeneveld_24579pt__11182,1267.0,1399.7392592178846,1314.7022395279052,1382.767865411484,1049.0201223673964,1268.4579376012487,1382.767865411484
nrc_groeneveld_24579pt__697,883.4,981.7677646906627,852.0398490124993,853.5133447995973,1181.1503310255432,1154.882449574931,853.5133447995973
nrc_groeneveld_24579pt__19554,2470.0,2523.6649713441143,2440.216376833132,2475.8398494903317,2529.4385202353824,2773.0212848096494,2475.8398494903317
nrc_groeneveld_24579pt__7104,2220.8,2158.699165208989,2251.006575784375,2207.832979549204,2178.28354656672,2105.3723502588305,2207.832979549204
nrc_groeneveld_24579pt__17632,1267.0,1225.8817953391367,1244.6584682382015,1135.9911881754101,1308.5620911824653,1300.5814637825017,1135.9911881754101
nrc_groeneveld_24579pt__2088,993.0,1043.192638732567,990.151571397788,960.8350028310505,1062.0203197579553,1032.2322465434197,960.8350028310505
nrc_groeneveld_24579pt__18400,2259.0,2283.662077466701,2341.0516171814165,2314.708802115059,1891.8905733178176,2129.0429708651586,2314.708802115059
nrc_groeneveld_24579pt__17665,668.0,567.0092850468534,593.0578974798186,593.4266528165948,631.9381759574143,570.7671686345111,593.4266528165948
nrc_groeneveld_24579pt__20001,2960.0,3500.483340614334,3513.321538450517,3595.321652486307,3248.69964364625,3518.2325837063113,3595.321652486307
nrc_groeneveld_24579pt__17559,1895.0,1872.4580802177165,2017.1742348758314,1883.507666663416,2225.8530702120543,2166.371390529982,1883.507666663416
nrc_groeneveld_24579pt__10582,319.0,392.26687626282154,414.5870536297077,451.2557783526231,413.64470554455386,358.73806201854745,451.2557783526231
nrc_groeneveld_24579pt__14420,1580.0,1325.5919837203362,1203.22608067668,1341.2626798793256,1109.2145121599892,1158.5822903947621,1341.2626798793256
nrc_groeneveld_24579pt__18712,827.0,785.7251765381095,842.9004905160562,815.9441632063354,989.7007416676756,948.7038042273965,815.9441632063354
nrc_groeneveld_24579pt__12297,355.0,482.5882547967179,399.5217510970411,369.4205621761355,481.07650733319826,455.0405798041953,369.4205621761355
nrc_groeneveld_24579pt__1403,781.0,781.6118006636596,843.0941321229149,889.1818819559765,1002.4724822436905,792.9640558601698,889.1818819559765
nrc_groeneveld_24579pt__2222,1495.0,1410.6220543147872,1490.7504758706898,1476.8108602754692,1268.6606807396277,1386.8763611411896,1476.8108602754692
nrc_groeneveld_24579pt__8387,607.0,502.6043820154517,537.4787390075156,510.8115941236184,629.9115271705354,431.7190470001473,510.8115941236184
nrc_groeneveld_24579pt__20422,2210.0,2234.2498554200924,2252.797248113097,2309.8016694728417,2007.827437278263,2054.552746082055,2309.8016694728417
nrc_groeneveld_24579pt__17748,1675.0,1478.9088057655347,1539.3479909453845,1581.0064638844526,1200.725146035912,1441.8864024295372,1581.0064638844526
nrc_groeneveld_24579pt__19108,9631.0,8963.499947588987,9582.692538373407,9440.832292091633,8811.085476892573,9901.84250742759,9440.832292091633
nrc_groeneveld_24579pt__10181,1123.0,842.9722654824675,1055.8834446290066,1004.846632722811,1034.4744219824197,967.6907948745385,1004.846632722811
nrc_groeneveld_24579pt__2201,513.0,524.269488475759,532.5152662856623,496.69306019699167,532.6741217666529,532.7530430251237,496.69306019699167
nrc_groeneveld_24579pt__7273,1498.4,1399.3805864261944,1347.045823677052,1300.5766956801815,1517.3784546034408,1431.4628107963104,1300.5766956801815
nrc_groeneveld_24579pt__11809,318.0,431.6819784029816,320.99762987585706,366.94464340015134,520.3038237739377,457.44726322402846,366.94464340015134
nrc_groeneveld_24579pt__1647,4532.0,4295.1910067323715,4445.618002250913,4320.861663698996,3974.058427569669,4694.915534108452,4320.861663698996
nrc_groeneveld_24579pt__7546,3541.0,2693.2833140846933,3610.9283783217847,3265.8455536733572,2692.636309095817,2979.7084727262454,3265.8455536733572
nrc_groeneveld_24579pt__23056,1942.0,2080.4451985197725,1877.7760723000124,1972.1937162966992,1465.8687326908785,1896.581094452178,1972.1937162966992
nrc_groeneveld_24579pt__10995,1492.0,1510.2877651369893,1644.4748299477042,1525.4419390553714,1349.4166872494523,1388.93149755086,1525.4419390553714
nrc_groeneveld_24579pt__23640,521.0,791.5870926466821,730.6832527827105,625.310020144902,714.332038663668,643.5130795828942,625.310020144902
nrc_groeneveld_24579pt__10823,541.0,388.1542463856021,402.54369154915275,379.17618447089865,398.0084328838076,376.93616052159825,379.17618447089865
nrc_groeneveld_24579pt__4808,2782.0,2124.961270596916,2832.816141856998,2821.8681324023696,1945.3083912031,2207.2761002333086,2821.8681324023696
nrc_groeneveld_24579pt__24282,315.0,292.04450951121214,292.92509735642767,299.37159122911146,296.6767929332602,299.7124354324571,299.37159122911146
nrc_groeneveld_24579pt__2253,510.0,483.5226447812797,534.5556542223837,504.044119850894,441.896168168109,492.29211081241283,504.044119850894
nrc_groeneveld_24579pt__18454,1682.0,1966.1732122845067,1765.9101761764944,1840.1591925078508,1753.8459958047958,1840.814951432122,1840.1591925078508
nrc_groeneveld_24579pt__20156,3980.0,3292.030405702195,3806.3537647706935,3574.7983173125367,2902.264738510251,3895.438724791066,3574.7983173125367
nrc_groeneveld_24579pt__12316,965.0,1063.2213387236072,860.5412158478346,864.9159169396637,1100.4703399581865,1133.7544659483322,864.9159169396637
nrc_groeneveld_24579pt__16363,1140.0,1480.9704647243866,1264.4694395801444,1295.8451647363572,1252.7987475243501,1327.2194252776128,1295.8451647363572
nrc_groeneveld_24579pt__10220,1335.0,1491.026049897367,1619.056268236189,1494.61468332901,1420.2444543754652,1428.4426403448724,1494.61468332901
nrc_groeneveld_24579pt__16961,3809.0,3915.164424493657,3714.3810446940315,3718.6265188662887,3761.8530187634433,3966.9869168378377,3718.6265188662887
nrc_groeneveld_24579pt__21789,1170.0,1186.459826522563,1172.9715599178332,1226.805139884239,989.0103193170236,1054.7439680190041,1226.805139884239
nrc_groeneveld_24579pt__20448,5000.0,4695.263300156394,5132.574672818122,5091.492248521244,6036.790104270933,5727.5957943414805,5091.492248521244
nrc_groeneveld_24579pt__8763,4396.0,4050.2353807671043,4326.07352501511,4619.914220506969,4206.789957832359,4339.220369789024,4619.914220506969
nrc_groeneveld_24579pt__5722,2895.0,2706.561225261453,2789.321739705394,2714.0371629613373,2611.8808656607716,2672.5388945084865,2714.0371629613373
nrc_groeneveld_24579pt__10690,1546.0,1364.115424938906,1414.0998372817883,1298.095848233799,1189.8643748352283,1349.1390848479878,1298.095848233799
nrc_groeneveld_24579pt__18678,604.0,609.099653660506,589.8698983640904,562.1272800745157,602.2205544655301,574.2088290187938,562.1272800745157
nrc_groeneveld_24579pt__3269,2505.0,2649.0293902803364,2520.496211418378,2632.7802719361193,2584.964097736714,2500.5600537406594,2632.7802719361193
nrc_groeneveld_24579pt__18794,1409.0,1480.7024516987765,1403.348055118929,1425.6108568602874,1325.6858394467524,1393.7073148351292,1425.6108568602874
nrc_groeneveld_24579pt__12017,597.0,665.7900990779401,651.2289229842031,647.7024678956184,711.6522520152128,708.8956886558115,647.7024678956184
nrc_groeneveld_24579pt__13571,1878.0,1456.3428061270674,1920.2962855782814,1887.0657272170436,1487.8510931031235,1581.7943864650938,1887.0657272170436
nrc_groeneveld_24579pt__6103,1114.8,1033.6999732172703,1014.064483159182,1041.124095077931,958.1860720822984,951.114407215525,1041.124095077931
nrc_groeneveld_24579pt__11520,1731.0,1707.6043063533211,1561.1552572676273,1782.6739331813633,1618.4953670494954,1465.9903117572064,1782.6739331813633
nrc_groeneveld_24579pt__13688,2577.0,2035.4244967825416,2542.979840025574,2312.123167822155,1566.6009452320181,1905.221447179345,2312.123167822155
nrc_groeneveld_24579pt__6159,1087.1,1012.097114708823,1133.7228778360554,1222.9540606890437,993.5045130918368,910.0464886716518,1222.9540606890437
nrc_groeneveld_24579pt__9490,1100.0,1231.2579835645897,1165.7898102685522,1087.1808237288628,1234.0784746259503,1284.5856154054625,1087.1808237288628
nrc_groeneveld_24579pt__17100,1437.0,1343.304808372056,1474.39922364919,1515.8956096968852,1491.8009134177805,1519.8114150443096,1515.8956096968852
nrc_groeneveld_24579pt__11042,379.0,430.9105212179689,359.14022221899705,384.3904055304183,537.079896544249,431.09581632738826,384.3904055304183
nrc_groeneveld_24579pt__11815,608.0,472.1049384474796,672.6447208337385,656.0893639479217,402.02323509021915,463.1247095016708,656.0893639479217
nrc_groeneveld_24579pt__13877,1673.0,1977.9447124344729,1862.3603193536771,1918.153093931302,1905.973101145004,1956.0239296506122,1918.153093931302
nrc_groeneveld_24579pt__13473,4519.0,3830.052405406642,3931.589849943513,3787.668719886648,4047.79167220782,4080.4184547467803,3787.668719886648
nrc_groeneveld_24579pt__9036,546.0,550.2281380089806,511.76351496283115,438.36925570764555,693.9907802170187,542.381008207279,438.36925570764555
nrc_groeneveld_24579pt__9685,3628.0,3258.5493897554816,3404.7687945179055,2994.1584860960547,3080.490201140181,3124.845575475013,2994.1584860960547
nrc_groeneveld_24579pt__4330,912.0,846.9571050462481,927.1519225077533,935.5441999521347,968.7022935572737,857.4193617840639,935.5441999521347
nrc_groeneveld_24579pt__14636,369.0,411.8442473116564,350.60417840319496,332.8171233462937,507.7570464141145,515.7134546120653,332.8171233462937
nrc_groeneveld_24579pt__18513,1960.0,2093.850239919808,1925.8997246870283,1880.3984290096555,1845.6493640627248,1929.0673811709196,1880.3984290096555
nrc_groeneveld_24579pt__22329,2975.0,3592.102320025689,3392.694591845399,3547.6069623709395,3484.3966314708396,3722.449287205219,3547.6069623709395
nrc_groeneveld_24579pt__5909,3280.0,2879.9867746401264,3165.307220564809,3306.4022993365347,3138.627267639789,3293.7584155747795,3306.4022993365347
nrc_groeneveld_24579pt__1310,495.0,442.94478645069114,499.67738170564905,477.8126709755511,427.29855000916666,376.3129336527444,477.8126709755511
nrc_groeneveld_24579pt__12662,660.0,732.6190599561859,633.6281137954924,701.6657195643137,783.6012811594829,880.7271864461001,701.6657195643137
nrc_groeneveld_24579pt__9523,1083.0,1020.4147320971862,1225.2450579968768,1104.5737045354624,1033.7540228034457,1046.2721260723908,1104.5737045354624
nrc_groeneveld_24579pt__7547,795.0,692.0530886547685,699.9769091997279,738.5434739409259,495.06697320872814,704.8868151931329,738.5434739409259
nrc_groeneveld_24579pt__3379,7886.5,8642.846321917265,8341.23314442086,8676.765653638286,6334.299431366445,7303.568070126059,8676.765653638286
nrc_groeneveld_24579pt__19184,8660.0,8642.463704723066,8591.772343695397,8474.638587410276,9209.100558023836,9462.386004171187,8474.638587410276
nrc_groeneveld_24579pt__22702,1446.0,1321.0606535975874,1280.1978603869534,1220.2226674919607,1020.8389189742428,1279.993116149018,1220.2226674919607
nrc_groeneveld_24579pt__21901,3862.0,3027.147317331436,3538.8092345448995,3797.129191145794,2656.427866003318,2979.0473886645996,3797.129191145794
nrc_groeneveld_24579pt__16128,2116.0,2002.5108822283132,1865.1705420409298,1953.191111636816,1941.2735964339959,2179.701368725885,1953.191111636816
nrc_groeneveld_24579pt__10433,1651.0,1439.4423820308075,1714.791697982059,1768.2380884941836,1338.262214951733,1575.2923288948255,1768.2380884941836
nrc_groeneveld_24579pt__5977,2610.0,2220.4459704334718,2562.904768948158,2574.1974930397178,2469.0817544591423,2279.3001854126005,2574.1974930397178
nrc_groeneveld_24579pt__2780,1469.0,1366.9736222318102,1410.3593267008448,1334.301985278125,1411.1358591702904,1179.3399720208313,1334.301985278125
nrc_groeneveld_24579pt__14242,1455.0,1416.1352441525244,1296.8791892308434,1540.818186211997,1112.6311850303662,1236.1330223053362,1540.818186211997
nrc_groeneveld_24579pt__11634,2081.0,2384.3113843576684,2248.1815096712544,2104.4094487282578,1999.0646760136297,2338.04385436492,2104.4094487282578
nrc_groeneveld_24579pt__1765,4513.0,4388.815203660451,4599.632796713681,4262.580027723781,4305.429279979124,4727.353709444638,4262.580027723781
nrc_groeneveld_24579pt__21656,1580.0,1261.576376087297,1495.170644002024,1494.6640232318268,1044.3014528996414,1092.3607313177677,1494.6640232318268
nrc_groeneveld_24579pt__22526,14131.2,11341.302406290353,13414.139299661489,14041.61755521425,11950.292231465024,13714.927800101716,14041.61755521425
nrc_groeneveld_24579pt__3884,979.0,903.9765727294786,1133.1526619371132,1181.3443701974463,903.703889922821,973.7384493300328,1181.3443701974463
nrc_groeneveld_24579pt__23962,390.0,427.03044223471346,387.0166512332834,396.7369485665742,438.9755314874494,467.6106553735659,396.7369485665742
nrc_groeneveld_24579pt__7556,1070.0,1176.9137252714809,1174.5101105279555,1219.5377992459585,1009.8068664323487,1237.5332002709536,1219.5377992459585
nrc_groeneveld_24579pt__17460,808.0,752.5769409288012,695.8342986612536,674.4114455545036,740.4446701436556,689.8230233652242,674.4114455545036
nrc_groeneveld_24579pt__17323,819.0,919.2897789545781,910.0552905906454,839.885018418646,893.8219452883377,818.3539144212401,839.885018418646
nrc_groeneveld_24579pt__13191,5130.0,6228.421982390982,4496.345658614587,4713.618060038795,3863.890667078153,4898.9758034192,4713.618060038795
nrc_groeneveld_24579pt__15930,720.0,635.9518384159884,720.3023455053293,678.2215281969429,711.7095600241561,588.9696775959102,678.2215281969429
nrc_groeneveld_24579pt__9284,643.0,729.3753135712323,617.4282626578383,652.4469718326261,605.1661166677022,602.2449438660758,652.4469718326261
nrc_groeneveld_24579pt__16577,2618.0,2845.3326883045397,2548.403103226713,2644.1966396949515,2969.8686805589887,3056.110821553001,2644.1966396949515
nrc_groeneveld_24579pt__22708,2991.0,2558.2625379544743,2034.3157278047377,2660.899734097045,2026.0241972432198,2318.511157903953,2660.899734097045
nrc_groeneveld_24579pt__14484,520.0,462.79341332444943,392.7388546079439,407.2951111411541,523.8152984807668,486.7571028147754,407.2951111411541
nrc_groeneveld_24579pt__6007,2030.0,1733.7360471127436,1956.3980420543198,2100.6289096030227,1782.0800774579175,1801.075425746881,2100.6289096030227
nrc_groeneveld_24579pt__11881,3056.0,2110.618327402101,2414.0153158745534,2345.5511852308327,1881.2019558621314,1850.499516940314,2345.5511852308327
nrc_groeneveld_24579pt__13529,941.0,884.6277382072307,891.4079381075105,853.8509346457724,642.97786020452,738.5282361956067,853.8509346457724
nrc_groeneveld_24579pt__9085,1663.0,1409.6405061947366,1626.2138241876764,1552.8382127026214,1411.9870190609747,1442.9503900477876,1552.8382127026214
nrc_groeneveld_24579pt__3479,2398.0,2597.8203689313054,2510.7138658970393,2490.3271198350208,2254.286026656585,2398.0598107040337,2490.3271198350208
nrc_groeneveld_24579pt__5128,1523.0,1791.5735320618653,1601.510465153779,1740.3764434964708,1368.3147301390825,1566.404819884345,1740.3764434964708
nrc_groeneveld_24579pt__23769,332.0,284.3230990309485,311.1248533850203,254.55989227052632,352.2698090480951,290.70875428988074,254.55989227052632
nrc_groeneveld_24579pt__1448,1181.0,1212.0803283628213,1172.1604404403831,1091.6840015010282,1349.813415345398,1333.5493802621957,1091.6840015010282
nrc_groeneveld_24579pt__15167,1672.0,1610.1129349472,1659.0760178893554,1674.1126878209325,1446.0676296571553,1563.2922438304338,1674.1126878209325
nrc_groeneveld_24579pt__15436,1105.0,1245.6642342045188,1059.9320525558437,1141.5185607345354,1010.8303540010432,1041.203529681068,1141.5185607345354
nrc_groeneveld_24579pt__15908,1247.5,1191.4228508432852,1146.066518151121,1135.6534390320044,1190.2222412911049,1126.1588297083717,1135.6534390320044
nrc_groeneveld_24579pt__18733,1657.0,1805.878894391901,1720.0689326855677,1620.7197461811065,1531.449093464649,1664.7389299623514,1620.7197461811065
nrc_groeneveld_24579pt__11885,1886.0,2079.061320974906,2451.7194244946054,2339.168110129789,1898.3409311254118,1878.3455122674688,2339.168110129789
nrc_groeneveld_24579pt__17975,1532.0,1787.378633706834,1599.6738126100527,1594.4454185480688,1635.2989870399304,1720.9446754109147,1594.4454185480688
nrc_groeneveld_24579pt__19798,1260.0,1314.987513175986,1450.6480467553524,1476.1102043871717,921.8504509090785,1172.9155438335558,1476.1102043871717
nrc_groeneveld_24579pt__19614,2450.0,2315.8719299562345,2428.489225136541,2765.922111203284,2458.193364084951,2759.2880199229553,2765.922111203284
nrc_groeneveld_24579pt__9535,1496.0,1710.06642370825,1614.9603410380232,1681.3594110347697,1565.6437701273069,1670.8564308537748,1681.3594110347697
nrc_groeneveld_24579pt__6633,225.0,218.8493240805358,233.98617878544172,233.36124181079057,246.51973584344418,211.83461094637042,233.36124181079057
nrc_groeneveld_24579pt__10981,1725.0,1832.131062104042,1759.6260525659063,1754.6328821108618,1622.8539502084097,1727.9708107257093,1754.6328821108618
nrc_groeneveld_24579pt__13084,1121.0,1162.8814741255655,1150.8406535279482,1085.2947495324017,854.7981898699142,1071.4574660202557,1085.2947495324017
nrc_groeneveld_24579pt__2165,2514.0,2677.228818350201,2577.1944905728137,2455.1955475533023,2742.9639455412866,2782.6848210146286,2455.1955475533023
nrc_groeneveld_24579pt__16132,1910.0,2004.451997800867,1828.0335205119934,1939.7208281082862,1946.4120786944814,2180.1203666500764,1939.7208281082862
nrc_groeneveld_24579pt__2669,1490.0,1383.316915503208,1492.1430999909912,1579.7884020679294,1476.1125546633975,1411.5765671926247,1579.7884020679294
nrc_groeneveld_24579pt__2705,2031.0,1780.727032333654,1994.8592258664924,2073.708295660068,1871.945698399755,1716.5674716861524,2073.708295660068
nrc_groeneveld_24579pt__21414,2331.0,2394.6737691196613,2104.855538331478,2362.283004041686,1868.1263390420233,2196.592274329622,2362.283004041686
nrc_groeneveld_24579pt__13972,1390.0,1575.2127897467626,1304.9945656834848,1439.7265867062913,1288.8425585066836,1397.919098219474,1439.7265867062913
nrc_groeneveld_24579pt__1977,2001.0,1850.2767374532561,2066.3311959714288,2029.9677448305135,1981.5719545660863,2084.3821779245427,2029.9677448305135
nrc_groeneveld_24579pt__5515,3328.0,3059.9608250559054,3445.326991660795,3681.9746451933797,2740.830249019042,3126.511797454179,3681.9746451933797
nrc_groeneveld_24579pt__22373,3353.0,3655.832612648214,3162.4676924763157,3268.805586992707,3349.891086664465,3915.9417899851005,3268.805586992707
nrc_groeneveld_24579pt__1751,3849.0,3209.3566787346685,3899.445399396731,3899.3957681494594,3414.763975262488,3503.074877050939,3899.3957681494594
nrc_groeneveld_24579pt__3249,2518.0,1975.603330851756,2466.182415237949,2323.811799931093,2243.511036240014,2361.857858251658,2323.811799931093
nrc_groeneveld_24579pt__8341,928.0,762.3258091908466,758.8004825404375,799.432484070454,858.4342854378242,745.6480974817298,799.432484070454
nrc_groeneveld_24579pt__10077,3106.0,2472.667531903814,2847.83728448341,2774.0276282335153,2957.805073758048,2608.4245948039406,2774.0276282335153
nrc_groeneveld_24579pt__3215,1746.0,1828.0428434779196,1618.9519916783424,1586.7885789384204,1895.328385648738,1815.8962979033583,1586.7885789384204
nrc_groeneveld_24579pt__19100,7366.0,7371.652846615969,8251.432884669795,7943.095379081533,5444.570256262837,7037.447487042769,7943.095379081533
nrc_groeneveld_24579pt__16341,3685.0,4486.707524401289,3596.0574822398016,4062.189552207796,4353.832299238847,4523.335083175821,4062.189552207796
nrc_groeneveld_24579pt__339,709.0,803.5622106762918,720.8826167092051,718.9852211568148,836.3415079618899,814.1378542783402,718.9852211568148
nrc_groeneveld_24579pt__18566,354.0,513.9660305291399,397.0621546906004,427.5169844136006,495.7710778439687,509.3013586755513,427.5169844136006
nrc_groeneveld_24579pt__18783,666.0,751.4499423256841,696.2849945190045,732.433975589296,620.9837033452808,707.885352292913,732.433975589296
nrc_groeneveld_24579pt__14032,2571.0,2598.148615291674,3097.551034604147,2815.5370214675104,2724.4812557317705,3266.695998828641,2815.5370214675104
nrc_groeneveld_24579pt__13369,1264.0,1040.2059444112913,1254.7068116975327,1398.1275020434236,619.8089712630701,624.3701062153451,1398.1275020434236
nrc_groeneveld_24579pt__1236,745.0,680.4151844104749,742.882706268633,722.807308226375,753.7995546769582,673.3216453241782,722.807308226375
nrc_groeneveld_24579pt__9889,382.0,577.1477603705229,499.4659476079839,504.750485401465,547.7005962484274,541.1924674818254,504.750485401465
nrc_groeneveld_24579pt__18126,2213.0,2320.132327843346,2211.464774664473,2223.9946620514916,2342.133118454839,2328.3079709696817,2223.9946620514916
nrc_groeneveld_24579pt__5211,2972.0,3025.449472836876,3097.5356046622305,3387.768899954571,2461.8794911046393,2753.891414977157,3387.768899954571
nrc_groeneveld_24579pt__13161,2860.0,2806.467653768762,2960.608663687266,2538.0523190700787,1540.4595411604712,2524.880540483362,2538.0523190700787
nrc_groeneveld_24579pt__774,476.0,785.8613930871829,672.7729364751574,487.3714132723928,1435.659857147059,1178.620007601573,487.3714132723928
nrc_groeneveld_24579pt__9060,897.0,1109.495644162803,982.3562846678025,926.8598634889238,1001.0374495792554,1014.0010530873634,926.8598634889238
nrc_groeneveld_24579pt__16379,1191.0,1442.1975137886486,1073.8441167398212,1158.03656899589,1237.3696772405344,1354.8490290871591,1158.03656899589
nrc_groeneveld_24579pt__12156,3640.0,3738.515358020149,3771.986161055019,3771.057819544489,3856.9251187376535,3623.3548788866347,3771.057819544489
nrc_groeneveld_24579pt__6308,9020.0,8780.373934933965,8406.150085467567,8606.21579115717,7105.191974399746,7480.027311271352,8606.21579115717
nrc_groeneveld_24579pt__10802,775.0,887.8545689262783,829.2449403655396,856.4882002785115,808.2331641603155,845.1361160824135,856.4882002785115
nrc_groeneveld_24579pt__9615,1546.0,1420.144980546267,1491.882728178018,1471.43562050732,1292.211516985576,1422.294641974124,1471.43562050732
nrc_groeneveld_24579pt__22651,883.0,1115.7607432389266,1103.4033863111638,1065.7730657342415,1417.5501412909236,1211.2582279175826,1065.7730657342415
nrc_groeneveld_24579pt__20065,1100.0,1134.6808536285541,960.4573411520519,1030.2727910481328,978.9293385028367,897.4360338615888,1030.2727910481328
nrc_groeneveld_24579pt__2667,1490.0,1382.0230815724826,1477.5399470050322,1493.2278767597484,1509.190713656571,1360.1687471562784,1493.2278767597484
nrc_groeneveld_24579pt__21163,621.0,642.7843843256074,614.3660315492615,590.5832830926483,801.5974476452009,710.895848929317,590.5832830926483
nrc_groeneveld_24579pt__17602,1643.0,1970.842318789796,1622.5969201888765,1644.7641595207251,2088.908172933571,1968.163635329582,1644.7641595207251
nrc_groeneveld_24579pt__1583,4155.0,3961.600754905569,3983.3194077960093,4178.510832062181,4080.5832302598033,4215.252719979918,4178.510832062181
nrc_groeneveld_24579pt__15998,232.0,279.6608445374146,245.48389392845064,252.40330204600937,352.45528350837293,294.7588855471425,252.40330204600937
nrc_groeneveld_24579pt__13471,3545.0,3238.2190756293908,3327.6505786290377,3092.5424585125097,3452.561445602835,3526.4143472572855,3092.5424585125097
nrc_groeneveld_24579pt__21541,980.0,1221.1354240205271,1002.5711555974207,1149.380887337655,1023.7826918850816,1053.255815839186,1149.380887337655
nrc_groeneveld_24579pt__9806,525.0,566.9621622804149,598.865448919316,560.9280403862614,642.6954315845065,544.1630420947154,560.9280403862614
nrc_groeneveld_24579pt__19298,1274.62,1156.6809923146684,1245.2911006256847,1183.5277349068658,1025.2444449700042,1111.8081308245398,1183.5277349068658
nrc_groeneveld_24579pt__17525,1855.0,1787.627680125571,1672.2439700893044,1666.6186784835868,2095.0632662915623,1981.5272567561215,1666.6186784835868
nrc_groeneveld_24579pt__22901,708.0,663.5686284969738,603.1814409557194,673.7730342993757,574.2853756001473,646.4252432517036,673.7730342993757
nrc_groeneveld_24579pt__23546,955.0,935.1210955071931,953.4830022903518,946.4739595898455,944.9846472024193,939.8215063080692,946.4739595898455
nrc_groeneveld_24579pt__11824,337.0,316.25504189257276,322.2573246977873,316.9770115902935,359.27526920569767,306.87265809017094,316.9770115902935
nrc_groeneveld_24579pt__834,993.0,1458.0391227798061,1392.9844781633378,1250.7984198987615,2300.172359806063,1632.4401482658843,1250.7984198987615
nrc_groeneveld_24579pt__9909,949.0,1071.290248383716,1091.7883668481584,963.9053710545862,1138.2082868837817,1137.3409002928727,963.9053710545862
nrc_groeneveld_24579pt__12733,496.0,393.2891253713852,506.9138419320489,473.1041265010351,289.7472541316197,440.38296584429963,473.1041265010351
nrc_groeneveld_24579pt__12339,1000.0,941.5123445607454,998.998250897727,963.4608296207479,980.6951011719134,978.9419176556131,963.4608296207479
nrc_groeneveld_24579pt__4955,3028.0,2466.8758474358115,2850.9476187732107,2798.41603498569,2417.1946535700495,3180.2507398338976,2798.41603498569
nrc_groeneveld_24579pt__22501,1025.0,1290.8549166201617,1291.2208108846783,1323.8622894048235,1291.309256498937,1345.1057515194957,1323.8622894048235
nrc_groeneveld_24579pt__17227,3530.0,3837.3270793181714,3786.0659902253783,3765.8504354289275,3044.488044845614,3418.31381031872,3765.8504354289275
nrc_groeneveld_24579pt__13515,1921.0,1756.7133059330422,1858.1878691927157,1818.0764178710074,1689.458465715802,1772.9178482127838,1818.0764178710074
nrc_groeneveld_24579pt__6335,7250.0,6535.396544866933,7916.697757724864,7425.287493307511,5724.421560839174,7294.856143899022,7425.287493307511
nrc_groeneveld_24579pt__18118,1365.0,1277.0664623789992,1332.1896430885188,1332.8754352503795,1814.6206537691407,1572.6156051498263,1332.8754352503795
nrc_groeneveld_24579pt__18394,538.0,648.0138449874584,638.9325087946138,662.1236494005866,745.374210340688,697.9401110766578,662.1236494005866
nrc_groeneveld_24579pt__10579,394.0,360.70532831367893,462.46129907221473,456.51641828354553,403.0816032477736,321.44998817756283,456.51641828354553
nrc_groeneveld_24579pt__4023,1882.0,1699.501139891475,1842.6259693589727,1758.049122986683,1342.2395317574424,1596.9977443949626,1758.049122986683
nrc_groeneveld_24579pt__19591,2250.0,1968.78289999139,2344.8336993557773,2520.457283365541,1816.716710217842,2195.1627121625465,2520.457283365541
nrc_groeneveld_24579pt__14204,3260.0,2936.313250269386,3254.195038871827,2946.7410005199426,2805.162662563755,3102.5493063859685,2946.7410005199426
nrc_groeneveld_24579pt__5041,1956.0,1663.214481116712,1860.4592650901657,2010.8984895982142,1292.1693292732507,1601.188152031289,2010.8984895982142
nrc_groeneveld_24579pt__7380,686.0,816.2036016762656,485.4105247940961,615.3377834796902,886.9139107704286,851.392028488245,615.3377834796902
nrc_groeneveld_24579pt__18064,598.0,682.384630697943,675.0506655976892,666.1496445514283,690.3988865501584,646.2329484415509,666.1496445514283
nrc_groeneveld_24579pt__19633,3130.0,3413.6535024616596,3354.8419592451514,3300.1636828806736,3397.1937917334362,3807.92536436161,3300.1636828806736
nrc_groeneveld_24579pt__16313,4335.0,5171.3012620137115,4403.258523358915,4304.246109516897,4381.512713564049,4692.278954500171,4304.246109516897
nrc_groeneveld_24579pt__12622,1453.0,1732.1163452495475,1431.934111881796,1663.4394865969584,1342.7016704086282,1483.7788608734313,1663.4394865969584
nrc_groeneveld_24579pt__1090,572.0,599.0407165647891,549.4580581251236,551.7597469144508,700.4530945672369,498.9135740333467,551.7597469144508
nrc_groeneveld_24579pt__9133,1616.0,1622.164933584358,1564.6844569798839,1517.644472136691,1510.9831124986122,1633.4313807929036,1517.644472136691
nrc_groeneveld_24579pt__8080,1965.0,2173.964528725105,2056.4958565431907,2198.062897736831,1935.875270526121,2228.3866829591434,2198.062897736831
nrc_groeneveld_24579pt__5884,1300.0,1406.2354617603753,1297.3622196080994,758.5817852932528,1318.175444017512,1506.7929761186026,758.5817852932528
nrc_groeneveld_24579pt__5745,4479.0,3917.4948983612467,3893.36262923508,3990.914515144395,3268.945356152774,3768.338598859553,3990.914515144395
nrc_groeneveld_24579pt__6249,9900.0,7213.18728540959,10154.353199427129,10978.49755246423,6428.283634385034,9006.31735285188,10978.49755246423
nrc_groeneveld_24579pt__5053,2404.0,2285.693888164005,2398.1409766037377,2506.241980605566,2132.9737266256247,2246.9925152993205,2506.241980605566
nrc_groeneveld_24579pt__1124,363.0,323.72161570870776,363.59604050409115,367.0037141304563,399.8432261114362,256.04510461301055,367.0037141304563
nrc_groeneveld_24579pt__20836,1374.0,1155.373817859689,1121.4132782653933,1126.4928130009478,1096.9581782645594,1126.450791123749,1126.4928130009478
nrc_groeneveld_24579pt__18750,1220.0,1188.4047425197368,1217.471432297311,1238.6376059537213,1065.9674657782602,1174.3718923208924,1238.6376059537213
nrc_groeneveld_24579pt__2938,2034.0,1985.5598645089758,2012.2804469534026,2115.6594393458836,1994.7124525493502,2045.4486016947958,2115.6594393458836
nrc_groeneveld_24579pt__2801,1461.0,1312.0215479665894,1439.0054369450095,1440.2815234732604,1374.379837451175,1494.4450078062491,1440.2815234732604
nrc_groeneveld_24579pt__18762,1337.0,1535.906227981491,1224.6954710659181,1241.3952568090438,1139.0035852614358,1393.503095684953,1241.3952568090438
nrc_groeneveld_24579pt__238,2820.0,2953.9034306185667,2748.8801710136045,2658.821752675846,2730.1392076905827,3018.6807667905473,2658.821752675846
nrc_groeneveld_24579pt__9415,4842.0,3808.6695286987983,4450.31614828755,4227.727048261155,3428.4447975598146,4124.031500635321,4227.727048261155
nrc_groeneveld_24579pt__11116,4356.0,3218.582515710648,3907.273318020992,4326.648725532286,3329.30523031898,3315.336433827466,4326.648725532286
nrc_groeneveld_24579pt__12922,1758.0,1765.9263982389402,1787.0789438908607,1928.0425994715154,1711.8203091086402,1739.9147415747148,1928.0425994715154
nrc_groeneveld_24579pt__5198,1998.0,2087.1553594882175,2516.933697317553,2633.2671985719203,2268.510897734557,2388.144722768178,2633.2671985719203
nrc_groeneveld_24579pt__13656,1023.0,781.472637972352,885.1387740179152,848.876117472281,616.753095565704,642.9574452985057,848.876117472281
nrc_groeneveld_24579pt__12206,919.0,1022.9969667743466,870.34075530209,912.0201451107358,725.8252884563004,932.959712682681,912.0201451107358
nrc_groeneveld_24579pt__5194,2154.0,2168.4337499739727,2118.498995331348,2076.221772678854,2014.150147416035,2099.1533054174224,2076.221772678854
nrc_groeneveld_24579pt__3816,2113.0,1695.4304018012808,2135.90774857449,2282.9223901603627,1431.267029908711,1770.0632004192794,2282.9223901603627
nrc_groeneveld_24579pt__4466,1339.0,1254.8739161999642,1315.9671363407451,1168.998225206329,1451.247055878873,1381.2780469295778,1168.998225206329
nrc_groeneveld_24579pt__8047,1686.0,1780.661555070616,1823.327160776807,1676.6537042495022,1404.1651716081421,1619.4537676631662,1676.6537042495022
nrc_groeneveld_24579pt__215,1300.0,1191.216544638217,1225.1362604212027,1231.1003458325463,1163.6148933365316,1186.9916179150691,1231.1003458325463
nrc_groeneveld_24579pt__11493,714.0,686.2434468756434,641.9388921873666,677.4274969275745,648.2301058070203,647.4601990171443,677.4274969275745
nrc_groeneveld_24579pt__12030,286.0,348.7178691163917,340.7793685277531,398.6928750417492,238.9094959700531,354.47623197155133,398.6928750417492
nrc_groeneveld_24579pt__15759,2046.0,2766.331213049435,2196.683025995797,2445.473620616714,3689.0890162016835,2789.648364168451,2445.473620616714
nrc_groeneveld_24579pt__4790,2044.0,2133.870952017722,2061.670778184421,2055.05978059165,1882.3778146483967,1990.1207629056435,2055.05978059165
nrc_groeneveld_24579pt__944,418.0,431.84684375990787,405.8155772117478,414.1890583114483,521.8465835801865,316.1638487051069,414.1890583114483
nrc_groeneveld_24579pt__23321,1591.0,1628.0335341542939,1718.8282967088107,1650.837388860813,1461.4349795064234,1946.4350073116618,1650.837388860813
nrc_groeneveld_24579pt__6787,264.0,265.8197939021645,276.40140390387876,264.34967407263116,242.8255659951008,228.9701930202008,264.34967407263116
nrc_groeneveld_24579pt__8796,1139.0,1285.290706635276,1311.720342119384,1404.8957345996691,1176.7537599636862,1300.6550961287471,1404.8957345996691
nrc_groeneveld_24579pt__5251,1494.0,1503.6179106221407,1318.0509873961225,1431.8752500026783,1215.6181453077606,1300.2172226525893,1431.8752500026783
nrc_groeneveld_24579pt__12710,138.0,222.72699237000876,192.56482469780136,178.68042451394174,218.71808294704473,230.54879574820333,178.68042451394174
nrc_groeneveld_24579pt__18920,303.0,420.1596033505392,344.5538933142189,377.18218938291125,429.67359016220814,516.3488749616334,377.18218938291125
nrc_groeneveld_24579pt__7328,574.5,830.388867003094,660.3016502169639,646.1022216123964,901.3700466545178,796.7034298584308,646.1022216123964
nrc_groeneveld_24579pt__1540,3005.0,2893.6487353482303,3047.6191281105616,3061.6003009496267,3155.6511167939234,3104.1925924109896,3061.6003009496267
nrc_groeneveld_24579pt__4817,2009.0,1853.5955034323615,2174.111082143897,2112.221104694189,1681.4500221745316,1863.0808910461005,2112.221104694189
nrc_groeneveld_24579pt__15636,512.0,660.3796294315159,916.3623344849341,711.7398198093576,668.9006305212004,696.568406318176,711.7398198093576
nrc_groeneveld_24579pt__2104,1522.0,1608.4383831516054,1511.971364553635,1455.3608939117025,1779.0170974006908,1704.6359141222556,1455.3608939117025
nrc_groeneveld_24579pt__627,1465.0,1527.3503038167778,1496.2809990923793,1379.682731906854,1162.9291684146287,1367.1749098846656,1379.682731906854
nrc_groeneveld_24579pt__3089,2099.0,2072.2256916547176,2064.8254873921373,1959.7134329848209,2130.912706015892,2163.978322067401,1959.7134329848209
nrc_groeneveld_24579pt__10351,265.0,445.44205200983674,354.08995441604674,369.84970940741005,452.4665865925112,403.52081231135037,369.84970940741005
nrc_groeneveld_24579pt__16076,1604.0,2047.0819065112878,1846.047169640605,1904.8705503225897,1996.7130651327157,2184.236143915154,1904.8705503225897
nrc_groeneveld_24579pt__12728,765.0,1001.8161694625818,974.3569189711534,847.1984253418261,861.9111201326878,947.5908079686241,847.1984253418261
nrc_groeneveld_24579pt__4541,1017.0,1180.1660647171382,1056.7038182870617,1089.5891887359487,1329.6632504227928,1246.8243125582278,1089.5891887359487
nrc_groeneveld_24579pt__18514,1773.0,1916.8214468601336,1817.5782256017678,1777.166401265984,1728.286719991694,1771.3145214161457,1777.166401265984
nrc_groeneveld_24579pt__11397,614.0,673.9422904262102,749.7489888125438,686.1380699556778,789.6421803426156,789.1416088669855,686.1380699556778
nrc_groeneveld_24579pt__3699,439.0,545.0583361936374,466.48419670043563,498.16855890175503,639.0059782500264,594.3096646709092,498.16855890175503
nrc_groeneveld_24579pt__17318,1626.0,1805.4418687428515,1672.394756067708,1777.6665116468664,1786.0038473909199,1881.4781752763402,1777.6665116468664
nrc_groeneveld_24579pt__13218,6813.9,6786.6227574415325,6588.02849570444,6746.35052521627,6913.730477664868,7743.213800206233,6746.35052521627
nrc_groeneveld_24579pt__6000,2460.0,2184.4789729991967,2600.1494338421426,2440.289312675212,2365.2851300963184,2345.4583455534025,2440.289312675212
nrc_groeneveld_24579pt__3869,2158.0,2032.7191379002145,2120.2912029997888,1972.414784868471,1841.1149942770353,2272.2953622597497,1972.414784868471
nrc_groeneveld_24579pt__20248,5120.0,4972.817075061574,5128.629543089786,5389.212286161796,4367.937922118049,5437.706427562414,5389.212286161796
nrc_groeneveld_24579pt__170,1920.0,1818.63268927871,1935.2356414516275,1870.6773885536456,1764.3159395739158,1938.6137873454163,1870.6773885536456
nrc_groeneveld_24579pt__18129,1769.0,1883.4579890590808,1794.0557193113475,1738.983946639501,2079.7938076070955,1940.7706447764501,1738.983946639501
nrc_groeneveld_24579pt__21948,3092.0,2786.6454949939666,3104.075173391771,2848.078431419831,2387.767743532506,2653.6963058556985,2848.078431419831
nrc_groeneveld_24579pt__1260,592.0,657.0655101545368,588.3269833586728,595.6684673962333,692.7109261033356,669.251737094173,595.6684673962333
nrc_groeneveld_24579pt__14125,1479.0,1670.3931520955932,1609.1636732914483,1646.070629289572,1557.6769922798533,1604.8298422245264,1646.070629289572
nrc_groeneveld_24579pt__2547,2471.0,2600.1615616620784,2479.7038487243094,2450.966350899989,2619.6294076601307,2140.4385594360465,2450.966350899989
nrc_groeneveld_24579pt__8539,361.0,455.899476993343,417.40729829601827,389.00450363277037,409.00994270014684,387.9536163209798,389.00450363277037
nrc_groeneveld_24579pt__6876,706.0,602.8260058390305,658.5091372534314,621.3227536452761,627.2252085398247,677.6686269014775,621.3227536452761
nrc_groeneveld_24579pt__20446,5350.0,4858.3800316101815,5581.633732745554,5548.087068165328,6438.960159284347,5971.978755285541,5548.087068165328
nrc_groeneveld_24579pt__8272,2338.0,2132.630968049474,2146.2872173688875,2085.209663162614,1738.5314519359831,1985.7590324714317,2085.209663162614
nrc_groeneveld_24579pt__7887,3232.8,2875.211559296143,2790.098589340475,3255.8529028817584,2872.8411236448974,3179.624890481616,3255.8529028817584
nrc_groeneveld_24579pt__1085,570.0,573.9563618913213,532.58716650921,547.1693621362602,618.4195347699062,483.68091447290453,547.1693621362602
nrc_groeneveld_24579pt__6486,3564.7,2861.434546219852,3409.848840466974,3331.306673209131,3404.8115436781286,3433.726045959915,3331.306673209131
nrc_groeneveld_24579pt__21122,1122.0,1248.3291228586822,1360.884297103142,1292.0761070485437,1034.004719156863,1196.4958327596673,1292.0761070485437
nrc_groeneveld_24579pt__10856,190.0,283.7284643605986,225.61743382456513,229.33930871437562,251.99993144765514,241.47943996341243,229.33930871437562
nrc_groeneveld_24579pt__22325,3000.0,2998.607452029163,2728.913100958689,3084.2177290589684,2860.341088211939,3236.659238068434,3084.2177290589684
nrc_groeneveld_24579pt__13481,1172.0,1195.968180703147,1046.7744377414288,1048.3505545275898,824.2184199925504,969.6879655250832,1048.3505545275898
nrc_groeneveld_24579pt__23607,713.0,851.1068222404249,760.9935660727855,754.979067023185,769.1406186586047,861.1121063847407,754.979067023185
nrc_groeneveld_24579pt__21061,535.0,546.4462783560871,506.82139276251013,538.7423620920924,636.9619377058477,578.3355762750384,538.7423620920924
nrc_groeneveld_24579pt__10268,723.0,654.9995956824521,703.4812461993203,708.5545640109169,642.623094126844,626.2941064505656,708.5545640109169
nrc_groeneveld_24579pt__19560,2120.0,2279.6871185794757,2310.8024651634605,2504.4959862654523,2159.4845775048652,2471.2420688642396,2504.4959862654523
nrc_groeneveld_24579pt__21695,220.0,421.5386515922228,339.956750227469,358.7119111243327,375.4001438613141,374.58073968653474,358.7119111243327
nrc_groeneveld_24579pt__12321,2093.0,2129.9132085798233,2052.144479461433,2021.0842783251808,1704.22767254954,1898.7959265097982,2021.0842783251808
nrc_groeneveld_24579pt__12479,1977.0,2204.7659987374705,1831.9632612909427,2094.7624395130147,1946.7965777537272,1981.4847885162994,2094.7624395130147
nrc_groeneveld_24579pt__63,2791.0,2650.2048512749548,2456.2153266785613,2761.3918598058535,2367.4723312182405,2764.398166692147,2761.3918598058535
nrc_groeneveld_24579pt__4246,314.0,407.2046618398949,325.2412621563065,364.0139475315272,366.2271716119237,431.3756212665251,364.0139475315272
nrc_groeneveld_24579pt__4909,2776.0,2878.1620458277494,2921.0737585691404,3055.3037604623096,3293.2952261642577,3213.450398604158,3055.3037604623096
nrc_groeneveld_24579pt__17657,861.0,953.0935285790099,918.474286859497,988.9469037112916,1045.6473235493818,1021.7127002831311,988.9469037112916
nrc_groeneveld_24579pt__22572,2628.0,2577.603984646778,2593.099685937563,2255.682051927683,2360.3286914243345,2815.117558129552,2255.682051927683
nrc_groeneveld_24579pt__13351,2257.0,2028.1518121901759,2242.977140702119,2377.7875368889872,2029.4791368134938,2115.8426096566996,2377.7875368889872
nrc_groeneveld_24579pt__19984,5680.0,4470.653138513377,5410.822712174035,5129.655728183502,3984.9307219601656,4517.220982580739,5129.655728183502
nrc_groeneveld_24579pt__8051,1360.0,1724.1407278627607,1589.955085445627,1636.9847532099068,1351.678301981021,1573.2255826265637,1636.9847532099068
nrc_groeneveld_24579pt__11403,536.0,691.5463708964667,747.2868227142849,638.1773063508,842.6469644239584,810.4739372919508,638.1773063508
nrc_groeneveld_24579pt__21501,840.0,828.9057973442603,822.7969771744797,806.4297133568479,825.64694797025,728.1297137311094,806.4297133568479
nrc_groeneveld_24579pt__24407,751.0,743.2595286946136,804.3887948829098,814.5608579619965,751.8909080962696,809.1807064034816,814.5608579619965
nrc_groeneveld_24579pt__13719,1971.0,1699.785422414344,2095.613129747374,2025.054675900546,1454.3604428844938,1658.1909132894768,2025.054675900546
nrc_groeneveld_24579pt__10266,804.0,716.2129696834413,838.7935365179163,775.8368719880896,657.5751634814786,672.580670713743,775.8368719880896
nrc_groeneveld_24579pt__275,755.0,736.3155930544198,786.2887258135257,786.1100150627469,813.7092553858961,759.2477204750891,786.1100150627469
nrc_groeneveld_24579pt__7942,3180.0,2922.284411016853,2881.5647319225864,2907.0903490251444,2797.3015696692682,3125.2220605887123,2907.0903490251444
nrc_groeneveld_24579pt__19221,10635.0,9848.744100309215,9674.861918443938,10344.360999673267,10330.295448841769,10169.362352848688,10344.360999673267
nrc_groeneveld_24579pt__2469,969.0,938.2719629244127,956.5990582457744,883.2394936179901,967.5687572867113,987.9746010110817,883.2394936179901
nrc_groeneveld_24579pt__15731,1185.0,1105.311922647667,1064.6608660653244,1024.9764289092454,899.4963031903445,1011.7539815467204,1024.9764289092454
nrc_groeneveld_24579pt__20691,405.0,650.4901421329553,498.0610592314403,560.1646345767567,538.7519847276322,526.8314996791211,560.1646345767567
nrc_groeneveld_24579pt__527,1744.0,1465.0642517924816,1502.0132416340723,1611.8198080620589,1140.6296519199668,1219.6935429645375,1611.8198080620589
nrc_groeneveld_24579pt__21972,3267.0,2652.4488033999614,3199.956396246619,2875.7243401661012,1917.5063185394263,2358.14851616923,2875.7243401661012
nrc_groeneveld_24579pt__7772,526.464,550.2755734473755,519.0473022857079,559.8772224124319,614.329914833863,673.6315653069934,559.8772224124319
nrc_groeneveld_24579pt__23668,1366.0,1243.0507801302915,1187.737609523125,1285.4421076170368,1264.2463857789312,1389.9393580603708,1285.4421076170368
nrc_groeneveld_24579pt__13497,2485.0,2181.3241606824104,2348.0730969616798,2304.9895483698697,1908.1500104325125,2167.4431575680696,2304.9895483698697
nrc_groeneveld_24579pt__14547,191.0,297.6981442567591,226.41835586608067,237.10365748704336,286.0479818977566,269.5498874937854,237.10365748704336
nrc_groeneveld_24579pt__17810,1343.0,1269.1045826789775,1299.9857302380108,1239.595766869009,948.9103508714494,1106.867408754965,1239.595766869009
nrc_groeneveld_24579pt__15394,1163.0,1119.195443749941,920.5382477461029,1067.288642610428,1085.6585615328809,1071.2722145655737,1067.288642610428
nrc_groeneveld_24579pt__23360,486.0,700.0162563791158,544.6798633823997,531.2154103655233,756.4438406632191,675.9493404566675,531.2154103655233
nrc_groeneveld_24579pt__23270,824.0,696.3021493657035,699.618870395459,720.2809464884293,859.1649369851208,707.1262506177856,720.2809464884293
nrc_groeneveld_24579pt__11761,2035.0,2137.6802458185825,1751.1734228035825,1904.9442576137096,1612.795972131047,1774.0370349026296,1904.9442576137096
nrc_groeneveld_24579pt__555,2070.0,2409.348302050935,2082.433945173123,2042.6842084217835,2039.7494349458714,2312.9888198935805,2042.6842084217835
nrc_groeneveld_24579pt__19763,1250.0,1610.0258578137657,1432.7205615797639,1479.0333909712751,1338.6156471072711,1460.0568835040847,1479.0333909712751
nrc_groeneveld_24579pt__2268,1004.0,950.7629315115951,1001.7466660577685,1029.3157017988387,1045.6513222073258,1058.8398860074021,1029.3157017988387
nrc_groeneveld_24579pt__14160,3274.0,3207.49384884264,3309.0446317727224,3314.666019801467,3159.240498076151,3249.7227051584255,3314.666019801467
nrc_groeneveld_24579pt__2844,2002.0,1886.865488852503,2039.0200838740968,2026.7262064620897,2044.3585598939537,1717.6153981105635,2026.7262064620897
nrc_groeneveld_24579pt__20640,1771.0,1820.3697716665608,1800.0696058457759,1772.3018115182142,1548.6335409954916,1680.3868109951675,1772.3018115182142
nrc_groeneveld_24579pt__12312,760.0,1042.5331214374712,804.3979488779163,882.1896106893657,922.0559299593548,940.3177026706121,882.1896106893657
nrc_groeneveld_24579pt__10631,658.0,374.50018676012223,443.8969688042792,414.2662900666473,369.188020095767,316.1935933925729,414.2662900666473
nrc_groeneveld_24579pt__21446,670.0,551.6057641068629,608.9883107663615,537.77747006814,565.309246714919,450.8275718585923,537.77747006814
nrc_groeneveld_24579pt__21269,576.0,576.4286011832738,676.6903985318125,669.7112882605788,627.8420936785142,669.0023733957983,669.7112882605788
nrc_groeneveld_24579pt__6150,2204.7,2085.190534817869,2135.3163126103395,2163.9547568653193,1842.1484122785898,1978.6401866008302,2163.9547568653193
nrc_groeneveld_24579pt__24107,521.0,596.4087972380602,525.3770374186815,534.216232267065,790.3414524473799,667.0478735306183,534.216232267065
nrc_groeneveld_24579pt__19839,1330.0,1725.3206575386953,1590.7692796035585,1783.0245441217019,1922.3793364130934,1914.6680353974027,1783.0245441217019
nrc_groeneveld_24579pt__2576,2865.0,3118.4114272822117,2826.48581576897,2768.8194983409185,3196.606195817411,2874.0824931668426,2768.8194983409185
nrc_groeneveld_24579pt__15,1514.0,1861.2755577463024,1519.6624424506804,1471.912199583071,2066.098893066835,2123.791680983851,1471.912199583071
nrc_groeneveld_24579pt__3594,1966.0,1961.0865320410057,1983.0986950610456,1864.093583110432,1556.6921186183813,1736.3827175464485,1864.093583110432
nrc_groeneveld_24579pt__3484,3170.0,3381.197021630892,3073.1104707947793,3115.130141901339,3109.5225935159883,3251.2054466228547,3115.130141901339
nrc_groeneveld_24579pt__18640,1312.0,1048.7523499313309,1320.7782853112708,1108.034649394028,1281.9725472845655,1076.031102283277,1108.034649394028
nrc_groeneveld_24579pt__14672,975.0,960.2162563275699,950.515831605709,984.1411739544252,866.944313167479,994.4913349494402,984.1411739544252
nrc_groeneveld_24579pt__22453,1177.0,1012.4738521541749,1014.2003511539592,1034.8789482595275,1201.6555876972175,1043.9823940960378,1034.8789482595275
nrc_groeneveld_24579pt__17621,1951.0,2321.516441395863,2031.6816404244203,1942.9373656635853,2210.664984210153,2173.12741837314,1942.9373656635853
nrc_groeneveld_24579pt__2505,1409.0,1405.8259149576686,1410.4739023061175,1441.1157426281634,1452.7675635961766,1428.4288247367062,1441.1157426281634
nrc_groeneveld_24579pt__5659,3602.0,3203.999068882528,3174.392752257131,3850.2120077706254,3484.2927849689277,3806.0949388448466,3850.2120077706254
nrc_groeneveld_24579pt__7408,922.3,1114.1413636227023,632.3173943423685,708.3206492213092,1076.6805401284605,1172.1656454382517,708.3206492213092
nrc_groeneveld_24579pt__22635,2725.0,2855.443560534664,2302.6398515437877,2386.260641416732,2524.4552058439567,2914.6849544143565,2386.260641416732
nrc_groeneveld_24579pt__19055,7690.0,7406.916317356235,7546.073833069147,7150.000958202216,6289.036369542142,7820.238032280785,7150.000958202216
nrc_groeneveld_24579pt__524,686.0,644.1792964924147,629.096573186562,672.6889423871842,702.5107258707654,619.4234071776366,672.6889423871842
nrc_groeneveld_24579pt__7881,2475.7,1954.1694970587762,2505.599990288575,2327.855084893319,1769.4058497865685,2219.925685700832,2327.855084893319
nrc_groeneveld_24579pt__24206,664.0,570.0058588142969,680.8441919962258,648.6627020815315,660.4055081071524,564.7531499483581,648.6627020815315
nrc_groeneveld_24579pt__22781,615.0,687.8275151978366,811.1506061669074,774.7996757952059,892.6383474451765,802.4938820243519,774.7996757952059
nrc_groeneveld_24579pt__16213,2393.0,2293.317652749159,2201.6455293026556,2110.5750594379365,1946.9499302250088,2227.4421419261985,2110.5750594379365
nrc_groeneveld_24579pt__13010,550.0,397.43500791689695,546.00281727357,584.6157362549387,428.4869557899327,369.05714831576404,584.6157362549387
nrc_groeneveld_24579pt__11862,729.0,662.7166613154685,680.634028252636,623.1181568496407,647.0123945456529,638.7741339278207,623.1181568496407
nrc_groeneveld_24579pt__12293,483.0,486.2344456459866,408.22686042836887,369.4205621761355,482.1577049600665,458.52880567530326,369.4205621761355
nrc_groeneveld_24579pt__18065,551.0,645.8165379731109,607.5252019962901,599.2602910301619,682.332213413977,625.0411838601468,599.2602910301619
nrc_groeneveld_24579pt__10389,4774.0,4375.475750980828,4460.767120103099,4472.201841626922,3909.8269207368403,4251.950791321604,4472.201841626922
nrc_groeneveld_24579pt__8058,2151.0,2003.1414272138074,1908.0113086954927,1838.1780330749907,1824.3697508709852,2043.4899708434787,1838.1780330749907
nrc_groeneveld_24579pt__11067,1221.0,1263.7183875312248,1083.8322336964054,1091.5584086107176,1107.8901400984093,1158.4694677253854,1091.5584086107176
nrc_groeneveld_24579pt__20076,1760.0,1685.5409430348373,1914.4764913857039,1874.4551740596078,1804.216114749009,1782.4485210188254,1874.4551740596078
nrc_groeneveld_24579pt__4227,726.0,786.5232310288376,786.4979478862729,819.3898383206063,775.3575658609328,902.0893655845955,819.3898383206063
nrc_groeneveld_24579pt__651,1069.0,1113.065563206614,1068.262654470122,1051.2598047719978,810.8671964190233,1046.1189882402819,1051.2598047719978
nrc_groeneveld_24579pt__1609,3979.0,4020.264737129768,3815.5211100371735,4120.461231576903,4021.891100003188,4027.763312716775,4120.461231576903
nrc_groeneveld_24579pt__20751,734.0,834.4862586309625,754.6828559008146,808.7456021876925,900.9294573139308,842.5005963012953,808.7456021876925
nrc_groeneveld_24579pt__15989,330.0,316.11308958594896,317.4481143930816,327.26065041291633,385.34321358309126,335.2497872544763,327.26065041291633
nrc_groeneveld_24579pt__5684,2736.0,2694.8032719589514,2640.1071876598594,2756.540355861964,2382.9929753915458,2629.2237574197447,2756.540355861964
nrc_groeneveld_24579pt__1913,1761.0,1632.300786299458,1743.9586640682858,1817.0343797248697,1825.3681474554733,1949.7068515885594,1817.0343797248697
nrc_groeneveld_24579pt__2756,1008.0,930.3016490701988,1009.0970968271928,1040.128524837969,998.4174540813866,918.4692283246316,1040.128524837969
nrc_groeneveld_24579pt__20625,3012.0,2521.6250136987337,2710.8167856139244,2637.3397363714685,2374.884952206771,2571.2929567309043,2637.3397363714685
nrc_groeneveld_24579pt__21062,804.0,712.1281735905801,782.1658493823861,753.100946387905,711.2887395439712,723.5450285209454,753.100946387905
nrc_groeneveld_24579pt__7987,1368.0,1513.3107677826315,1577.2788788227945,1419.8285064065647,1278.0038085210138,1291.447609627312,1419.8285064065647
nrc_groeneveld_24579pt__1412,545.0,524.2210778733031,529.2500220572958,517.2007355753296,522.1061016573977,533.3489279164417,517.2007355753296
nrc_groeneveld_24579pt__24135,550.0,642.739141398353,591.9212129786636,602.706111304856,781.6712626132894,607.7102041608937,602.706111304856
nrc_groeneveld_24579pt__1071,855.0,889.2655533289502,876.2887892627307,891.4342867648502,1081.6695661238139,882.4793048831057,891.4342867648502
nrc_groeneveld_24579pt__14949,228.0,244.94195264120393,210.0295485423589,198.58993922379827,193.02841716823457,192.17068399081697,198.58993922379827
nrc_groeneveld_24579pt__23782,603.0,624.189083280866,551.2960538075174,523.0908465303737,651.8544983387529,586.0009059921102,523.0908465303737
nrc_groeneveld_24579pt__20016,2360.0,2634.38327586837,2369.873050949873,2484.896134480433,2579.33708084543,2659.3032013625434,2484.896134480433
nrc_groeneveld_24579pt__21757,870.0,675.4801019199527,700.0757777918451,729.1026646739715,562.834631564076,605.4273748164873,729.1026646739715
nrc_groeneveld_24579pt__8145,2128.0,1894.040752949238,2054.5799467235934,1970.8147055348431,1874.9658600618466,1898.8070047544657,1970.8147055348431
nrc_groeneveld_24579pt__18838,888.0,894.242705329397,815.6675352545507,839.7852342716689,796.2405291865377,831.7451219891078,839.7852342716689
nrc_groeneveld_24579pt__13170,3930.0,3981.4441513459633,3824.3137388602527,4212.620274390284,2459.6806690952462,3530.4459254195103,4212.620274390284
nrc_groeneveld_24579pt__7626,1395.0,1529.1906869591385,1679.0156129033046,1523.7694912389916,1481.634849950884,1565.8218140076444,1523.7694912389916
nrc_groeneveld_24579pt__10170,3986.0,3311.4120374278773,4024.545697766498,4307.440574359722,3401.2042741390906,3644.198736880071,4307.440574359722
nrc_groeneveld_24579pt__7675,1755.301,1678.0116004575043,1679.4381683212991,1749.0436704483532,1479.8089476113573,1591.4166759876216,1749.0436704483532
nrc_groeneveld_24579pt__16139,4555.0,4643.505922293712,4219.153068472342,4294.317415121849,4106.522873347848,4718.6802582442715,4294.317415121849
nrc_groeneveld_24579pt__13298,3430.0,3191.9958247743525,3587.2877887790055,3554.2854000380694,2699.132276410117,3404.7776947944817,3554.2854000380694
nrc_groeneveld_24579pt__137,2790.0,2980.3420502101167,2814.30305914921,2718.0183339407536,2979.70554938832,3164.396262109957,2718.0183339407536
nrc_groeneveld_24579pt__11350,1165.0,1524.9977793307953,1279.1398670705128,1277.6752327335248,1606.2765802182837,1478.4252153692262,1277.6752327335248
nrc_groeneveld_24579pt__17177,2066.0,2130.285738210597,2033.7585969133681,2083.34779178902,1834.1230313031467,2049.0105997529504,2083.34779178902
nrc_groeneveld_24579pt__20761,576.0,812.9348804402869,756.514927698822,775.7936033851711,883.1074442301372,819.5167885499912,775.7936033851711
nrc_groeneveld_24579pt__7116,1936.9,1963.415520338773,1928.3279867084439,1931.1306996735966,2043.468241539923,1920.6179760104212,1931.1306996735966
nrc_groeneveld_24579pt__13724,393.0,257.1735657267816,330.3432154918776,334.0373180209476,117.59470994816256,240.44310115630222,334.0373180209476
nrc_groeneveld_24579pt__17622,1878.0,2191.197650449906,2001.6686002158497,1815.0923105715774,2165.980825502348,2098.850977266515,1815.0923105715774
nrc_groeneveld_24579pt__8285,1950.0,1856.4784883695304,1986.5673543494602,2030.505144592275,1712.0245990210049,1986.8384229300289,2030.505144592275
nrc_groeneveld_24579pt__18948,778.0,807.5607322820706,735.9304255083111,722.8722589763436,764.2101176712207,814.9930958182565,722.8722589763436
nrc_groeneveld_24579pt__22589,2542.0,3090.8203033955856,2847.976648113377,2822.496548738329,3255.7591582868467,3441.8690897489287,2822.496548738329
nrc_groeneveld_24579pt__23632,475.0,434.26490068359624,454.53559844488717,465.69260703515437,418.63054621390944,349.7678502873524,465.69260703515437
nrc_groeneveld_24579pt__14492,1278.0,1371.9472993490117,1276.7420287485545,1366.760156443156,1105.9163955163378,1152.466646827504,1366.760156443156
nrc_groeneveld_24579pt__22842,3201.0,2999.116408918026,2860.3129815815155,3177.677726951279,2980.8221423331,2970.84813933534,3177.677726951279
nrc_groeneveld_24579pt__22155,926.9,857.3035646316999,934.9734494730353,938.0815712056176,870.6247246210467,868.3808467252668,938.0815712056176
nrc_groeneveld_24579pt__20166,1950.0,2697.577023263115,2416.8591192634453,2610.625939413262,2365.4342338662186,2661.8756968003404,2610.625939413262
nrc_groeneveld_24579pt__24103,356.0,414.1380729286076,366.2322422888088,366.9790801229151,525.0716023265198,468.0323408289134,366.9790801229151
nrc_groeneveld_24579pt__3836,774.0,697.0278220570513,849.8636639501204,776.3379077225777,513.4802043205557,554.7833189975288,776.3379077225777
nrc_groeneveld_24579pt__16013,92.0,121.6140786966704,87.23796098810799,87.49939347145707,144.79444775475864,101.22928387676032,87.49939347145707
nrc_groeneveld_24579pt__22697,1791.0,2143.8287942952425,2436.6028752105476,2436.0539489134026,1837.4724496490462,2139.977194597014,2436.0539489134026
nrc_groeneveld_24579pt__5277,995.0,1112.6453237418061,817.941826698704,931.8636115381361,846.6570805040918,935.6882687636995,931.8636115381361
nrc_groeneveld_24579pt__5249,1003.0,1059.2278067294344,947.7632924304431,965.4757222371062,708.6309954296914,863.0339121449055,965.4757222371062
nrc_groeneveld_24579pt__3696,355.0,509.8056710156323,372.43135407457333,446.3483910167247,573.4795064729345,545.4101561893139,446.3483910167247
nrc_groeneveld_24579pt__4738,2277.0,1978.6561683650878,1945.1679024760926,2184.6274369480284,2586.106073302481,2146.9282011955456,2184.6274369480284
nrc_groeneveld_24579pt__12385,1256.0,1057.6637671706576,1111.9208104800316,1152.0660401764387,1038.4610214561865,1136.6709271814907,1152.0660401764387
nrc_groeneveld_24579pt__23795,2465.0,3051.127588229938,2653.8297312907766,2775.8879118537657,2954.481115800997,3274.8123171879292,2775.8879118537657
nrc_groeneveld_24579pt__1087,568.0,594.5921073783459,538.0497851421387,559.1107942404586,634.6786523438509,481.7633087384961,559.1107942404586
nrc_groeneveld_24579pt__1743,3900.0,3174.70095639763,3966.7757729025407,3864.6835037830733,3373.6821596245463,3231.409745111206,3864.6835037830733
nrc_groeneveld_24579pt__17606,1202.0,1440.6573197823632,1363.419457231304,1362.6345779159926,1810.20182491476,1604.3085339647419,1362.6345779159926
nrc_groeneveld_24579pt__18960,456.0,588.3463289391716,476.3702286456724,490.6707484712507,503.903066794998,611.4678512436191,490.6707484712507
nrc_groeneveld_24579pt__12617,1418.0,1658.9151007165472,1577.0106841893241,1364.238891846309,1339.081720135497,1454.1908140706958,1364.238891846309
nrc_groeneveld_24579pt__18459,1705.0,1874.877768942134,1678.033691296485,1775.5678795418805,1694.6178448077349,1759.503474435102,1775.5678795418805
nrc_groeneveld_24579pt__15058,2395.0,2225.546836424528,2307.160786973827,2315.258868177722,2022.9570045812807,2229.003960567296,2315.258868177722
nrc_groeneveld_24579pt__9441,1232.0,1024.9004250420458,1139.6471950995854,965.0413099489851,1160.9608758601266,1135.3444490625418,965.0413099489851
nrc_groeneveld_24579pt__33,789.0,1099.5333639480564,881.0240532129397,819.4405578971879,1300.819294961528,1295.7870882987122,819.4405578971879
nrc_groeneveld_24579pt__16202,3377.0,3020.6837620152796,3198.0415172663074,3087.76741087482,2988.2705136475815,3496.3834240682713,3087.76741087482
nrc_groeneveld_24579pt__8256,1550.0,1684.150425482394,1415.8020265188254,1416.3203111124915,1396.3980894805832,1589.2979538972522,1416.3203111124915
nrc_groeneveld_24579pt__10088,5834.0,6086.995941079211,6132.849560831417,6396.604580994425,5779.494569792108,6714.256076928937,6396.604580994425
nrc_groeneveld_24579pt__14616,267.0,241.78216837105646,222.59908811521984,209.23292779035958,207.3878784770895,213.25262320996745,209.23292779035958
nrc_groeneveld_24579pt__945,419.0,426.86025019100725,408.80531910449383,416.3813682527325,516.8479299865163,308.5064143695423,416.3813682527325
nrc_groeneveld_24579pt__11106,1663.0,1655.3114453373003,1652.3323589614945,1550.3508056482453,1519.7466638456544,1657.6975305405863,1550.3508056482453
nrc_groeneveld_24579pt__14178,1954.0,2059.8888022154615,2032.089945518133,1928.0327841874978,1903.3611078706797,2287.2033244689183,1928.0327841874978
nrc_groeneveld_24579pt__17292,2972.0,2988.6652130483544,2975.8819923215583,3151.665405887805,2844.039736516386,3035.9675015550133,3151.665405887805
nrc_groeneveld_24579pt__2585,2789.0,2744.9343891512563,2657.8541932082053,2715.4263624307737,3009.931594302838,3215.1927941177387,2715.4263624307737
nrc_groeneveld_24579pt__21724,1040.0,805.4214119239917,948.9159256074554,897.0796275954978,578.4682346711227,715.0153221323401,897.0796275954978
nrc_groeneveld_24579pt__15902,1054.7,1160.300704740248,1123.0314626989534,1103.2465100169766,1180.6795909939958,1114.6903123160816,1103.2465100169766
nrc_groeneveld_24579pt__12834,1181.0,1101.024201341846,1055.5916307239595,1091.5465164974416,870.917682540729,1183.4543769187665,1091.5465164974416
nrc_groeneveld_24579pt__1063,836.0,831.3635952758101,837.3091167413522,820.4247086956814,899.6364352752934,809.3918747736267,820.4247086956814
nrc_groeneveld_24579pt__7196,2186.1,2079.4745398625632,2330.4184610154925,2215.4806393763665,2059.2543760742296,1990.5135304661087,2215.4806393763665
nrc_groeneveld_24579pt__15952,240.0,257.45883267360836,229.76166384751122,232.36014773759635,308.4955475355301,250.5010870509098,232.36014773759635
nrc_groeneveld_24579pt__1769,4510.0,4207.496349099548,4410.997908700637,4817.656071630504,4776.305711397863,4278.473528625884,4817.656071630504
nrc_groeneveld_24579pt__2887,1013.0,960.9259847964687,1060.3300691107117,1057.7221138288514,1013.7517368389881,991.8297864245457,1057.7221138288514
nrc_groeneveld_24579pt__678,6860.7,4238.60330934466,6689.809507990064,6087.553299724784,5647.600473494764,5603.388287970848,6087.553299724784
nrc_groeneveld_24579pt__14928,258.0,286.6236679423461,262.6812161779165,248.09561339429848,270.2313530153457,236.13380333484173,248.09561339429848
nrc_groeneveld_24579pt__8348,631.0,613.2066200573228,677.7895889847003,627.4276103182455,781.6494735094105,665.3695601718705,627.4276103182455
nrc_groeneveld_24579pt__2295,2015.0,1989.0370845224834,2010.0098950589006,1950.0879913551641,1819.3269404518333,1909.592139609862,1950.0879913551641
nrc_groeneveld_24579pt__11219,331.0,324.7260634723767,375.92399234820255,334.1711642094717,339.0199386721317,275.73667291665595,334.1711642094717
nrc_groeneveld_24579pt__13690,2779.0,2146.4287509563537,2682.603867754064,2510.32735150156,1616.287162089143,1964.8457681477819,2510.32735150156
nrc_groeneveld_24579pt__9182,1604.0,1511.093661617333,1490.0670515508705,1546.1573760453707,1472.542037426843,1552.7152089443528,1546.1573760453707
nrc_groeneveld_24579pt__12787,1993.0,2001.8827244954662,1664.2832476098306,1633.0062064212584,1553.9032887276114,1909.218543716621,1633.0062064212584
nrc_groeneveld_24579pt__10237,1915.0,1687.267082325454,1680.189353243483,1606.1592199428915,1389.4610735084705,1596.6670108021185,1606.1592199428915
nrc_groeneveld_24579pt__9218,414.0,608.4426972470156,486.0390281042795,490.0804454627995,734.9494040460894,626.5835235398225,490.0804454627995
nrc_groeneveld_24579pt__14432,1055.0,1180.6552427017532,1132.6930333862854,1190.4257255168864,1032.0908031515185,1059.3962871160945,1190.4257255168864
nrc_groeneveld_24579pt__789,2158.0,1875.3697354826797,2080.7736480638937,2100.6289765779275,2071.157385953203,1951.5236599064965,2100.6289765779275
nrc_groeneveld_24579pt__21413,2431.0,2374.3077817313547,2141.207683073114,2303.1223910304757,1848.7610595382914,2175.068940354373,2303.1223910304757
nrc_groeneveld_24579pt__19712,6660.0,4050.801580492398,5406.849157122601,5190.193846867363,4633.089340355529,4912.721096838306,5190.193846867363
nrc_groeneveld_24579pt__8674,898.0,743.5999659334542,823.0892235552697,767.428927630361,847.6845681390631,717.9164940684539,767.428927630361
nrc_groeneveld_24579pt__259,709.0,1018.8739817357637,874.9972356873092,847.3200321707853,957.148298079711,914.5439510958371,847.3200321707853
nrc_groeneveld_24579pt__6783,292.0,257.74362555675145,257.0850825386157,262.62431754622276,243.1506978914476,225.60356331718674,262.62431754622276
nrc_groeneveld_24579pt__13909,2335.0,2223.007290074629,2253.256058815611,2243.1579986513743,2032.081176320639,2605.785163170526,2243.1579986513743
nrc_groeneveld_24579pt__7801,1647.802,1495.6413895154176,1760.6245979152527,1834.1849949778425,1230.3163573113675,1526.6041296629028,1834.1849949778425
nrc_groeneveld_24579pt__19236,9030.0,9172.480208918378,9495.97976246454,8858.684138102763,9713.60677459205,9108.630036053308,8858.684138102763
nrc_groeneveld_24579pt__14384,1180.0,1002.4059665425547,1109.5184647384244,1090.7078624333644,730.1480857016716,1167.5262079048146,1090.7078624333644
nrc_groeneveld_24579pt__4586,1173.0,1114.501689480219,1343.0163076276249,1387.425085912969,1688.3641248865422,1320.297661035795,1387.425085912969
nrc_groeneveld_24579pt__7262,880.1,1124.175542650397,1097.8645507801746,1047.2930237037178,1021.2197428655991,957.2072786549005,1047.2930237037178
nrc_groeneveld_24579pt__21460,560.0,603.4597133163813,504.04667231475753,481.24311371898995,589.3048804734613,470.57534558724666,481.24311371898995
nrc_groeneveld_24579pt__2803,2021.0,1802.3445718655428,1908.3928044853328,1852.1881740206452,1888.0713300282287,1708.1582098005906,1852.1881740206452
nrc_groeneveld_24579pt__10007,685.0,532.2344129738752,500.86736643743905,508.0235327867239,501.1809656437579,543.6548636982089,508.0235327867239
nrc_groeneveld_24579pt__11198,961.0,1069.5071958731396,1075.6600282455936,1000.3827568709634,1041.9489209935866,1030.8374406271269,1000.3827568709634
nrc_groeneveld_24579pt__7761,1647.802,1782.2004735586227,1704.1114339227956,1557.1083522883237,1483.0657733019502,1568.3871510645881,1557.1083522883237
nrc_groeneveld_24579pt__17128,1210.0,1128.513511762578,1205.548980589477,1182.194431160387,1194.2988676751343,1220.077292443736,1182.194431160387
nrc_groeneveld_24579pt__6406,2416.4,2032.7078301490699,2239.9067699192237,2242.036843061262,2323.7925997826887,2284.34260459123,2242.036843061262
nrc_groeneveld_24579pt__9841,2999.0,2654.198378719734,2685.858431390757,2505.045767774929,2252.682706993438,2438.824437567863,2505.045767774929
nrc_groeneveld_24579pt__2811,2010.0,1788.782960608743,1914.7079575440284,1816.3751692535075,1843.109006822056,1627.2522745378558,1816.3751692535075
nrc_groeneveld_24579pt__18356,605.0,622.2652251997266,591.5926202129286,612.7917351656399,558.4805932908428,590.6784012741873,612.7917351656399
nrc_groeneveld_24579pt__1702,3389.0,2755.1253677880545,3401.95751442786,3220.967982658481,2728.2839407447545,2682.5835838447556,3220.967982658481
nrc_groeneveld_24579pt__16380,1155.0,1449.9421111515887,1118.8548679431492,1174.8834987486546,1244.0920775378588,1361.383700261211,1174.8834987486546
nrc_groeneveld_24579pt__10014,639.0,565.2371297922688,602.3217849532625,547.259436599549,563.1687858254037,579.9834415699036,547.259436599549
nrc_groeneveld_24579pt__3481,2535.0,2803.2649807646535,2610.5444622799982,2562.495138274574,2470.181445326487,2625.99163458582,2562.495138274574
nrc_groeneveld_24579pt__22856,918.0,1031.9420365174508,1393.4550501605252,1011.5417335152108,1106.6953292099547,1005.3065466250863,1011.5417335152108
nrc_groeneveld_24579pt__20111,1730.0,1323.7727834494176,1604.8713295305483,1520.1087852250673,1601.2664925666973,1468.4961119403677,1520.1087852250673
nrc_groeneveld_24579pt__13860,1048.0,1178.9787281573306,1197.754789765659,1277.5717837709226,854.0013950053952,1042.6272974873045,1277.5717837709226
nrc_groeneveld_24579pt__19857,2100.0,1974.5853817820669,1938.8686553575053,2048.214149082055,2114.7353786303347,2119.8317741546275,2048.214149082055
nrc_groeneveld_24579pt__13538,1504.0,1193.64205818016,1349.1203277670265,1351.2756455412691,1266.1763882586395,1281.0095470914243,1351.2756455412691
nrc_groeneveld_24579pt__1827,5093.0,5609.654032541481,4783.143229421707,5436.680795341605,5626.214165246035,5279.948939103604,5436.680795341605
nrc_groeneveld_24579pt__23438,381.0,300.9089177008851,301.75841854453637,293.03299694173364,365.50381804919675,353.7038660560915,293.03299694173364
nrc_groeneveld_24579pt__3186,1532.0,1501.7717723049757,1759.7872044056785,1690.2583890478206,1782.6096241505682,1419.6809730922334,1690.2583890478206
nrc_groeneveld_24579pt__2456,3479.0,3632.794398691821,3461.2181649493727,3722.7165977317563,3435.246432047028,3422.430081347008,3722.7165977317563
nrc_groeneveld_24579pt__15130,1163.0,1259.2399002630896,1271.0759475577452,1296.626284586036,1233.5663449694853,1298.6114272300538,1296.626284586036
nrc_groeneveld_24579pt__16885,4671.0,5496.705075652719,4557.151538607034,4621.167711274052,4503.388510990721,4193.987431732637,4621.167711274052
nrc_groeneveld_24579pt__20969,1341.0,1279.4575814671052,1428.8663261783247,1464.538083180113,1280.9182373060198,1295.7188114569665,1464.538083180113
nrc_groeneveld_24579pt__7361,923.6,1156.3458075922752,764.064522831649,751.0396596137998,1064.0295178103563,1015.0637685509985,751.0396596137998
nrc_groeneveld_24579pt__18313,1059.0,1103.0602139008265,1027.269068579893,1076.491941642505,1089.7994668368085,1118.798135503405,1076.491941642505
nrc_groeneveld_24579pt__2979,2976.0,2859.6866193303495,2882.0329004829837,2788.7785362520845,2760.40456457139,2986.230699700297,2788.7785362520845
nrc_groeneveld_24579pt__9720,924.0,992.3678385860239,1110.8241617911153,973.1949739553779,1210.5262474959363,1141.4211567229963,973.1949739553779
nrc_groeneveld_24579pt__5306,2001.0,1860.8109603801645,1662.1440249371913,1783.8801674150516,1566.1174429687724,1707.6771327634397,1783.8801674150516
nrc_groeneveld_24579pt__632,1058.0,1256.968232880045,1194.2796920758276,1176.7455170662176,1020.8587718161821,1220.8119596139643,1176.7455170662176
nrc_groeneveld_24579pt__20100,1610.0,1449.000427425704,1414.3989447567678,1544.9322315292382,1682.9227942370785,1583.0426962451872,1544.9322315292382
nrc_groeneveld_24579pt__24334,163.0,158.27010135165648,174.9146198515857,165.32100172784723,222.88960061417887,175.95058661005027,165.32100172784723
nrc_groeneveld_24579pt__17021,1505.0,1413.1518707729738,1470.4264986943506,1292.6808450702497,1518.6806647875385,1554.237744702984,1292.6808450702497
nrc_groeneveld_24579pt__7773,530.247,555.549470624204,523.8080350758121,579.9967613735896,618.3966127265871,678.5706625929568,579.9967613735896
nrc_groeneveld_24579pt__7732,1889.597,2081.987077941253,1905.831750591141,1880.5677899649338,1806.1656194678994,1970.9684868417773,1880.5677899649338
nrc_groeneveld_24579pt__3747,3333.0,2167.4717490804305,2949.8387318286336,2714.1318031145147,2220.7132926076815,2492.5985912036326,2714.1318031145147
nrc_groeneveld_24579pt__18222,570.0,657.6472989306544,648.6109213854741,665.8102979655962,742.5711213680895,714.0880159650271,665.8102979655962
nrc_groeneveld_24579pt__13858,733.0,1122.3270729867663,860.3837056207869,980.4562060529114,767.206707134819,946.9127468569236,980.4562060529114
nrc_groeneveld_24579pt__2881,995.0,925.6893804152053,996.3816148694327,1008.4243773355777,948.5047878737186,795.6825093844308,1008.4243773355777
nrc_groeneveld_24579pt__1947,1023.0,998.2738037008206,1048.1285703719122,1038.1768129717411,1069.6018182569937,1006.733688329462,1038.1768129717411
nrc_groeneveld_24579pt__18097,1993.0,1882.9139603969704,1908.9145095461256,1952.6527893561267,2031.9113562990665,1914.3968102244828,1952.6527893561267
nrc_groeneveld_24579pt__23504,494.0,571.5914530097075,594.5506119699818,558.0889260573394,644.9662451682229,533.4509390381661,558.0889260573394
nrc_groeneveld_24579pt__21665,330.0,241.37311430942503,271.2148233228631,219.9259115491009,231.20364922828426,164.7101044349295,219.9259115491009
nrc_groeneveld_24579pt__21925,2284.0,2041.2345442507167,2177.7937257685026,2298.254747071952,1989.2566684742446,2064.0426976269446,2298.254747071952
nrc_groeneveld_24579pt__9197,1756.0,1964.6393161054625,1958.7481853267234,1921.0650783638437,2079.3959221360406,2109.518379735173,1921.0650783638437
nrc_groeneveld_24579pt__12648,705.0,670.6333670601701,732.8360192472021,724.9488605066499,712.587857659194,819.9509775426126,724.9488605066499
nrc_groeneveld_24579pt__19442,462.2,469.27551607672194,480.48688849630287,479.3484789866462,389.3791270735585,478.9529977286231,479.3484789866462
nrc_groeneveld_24579pt__8912,1521.0,1384.2950307027838,1415.980799929696,1269.650547794102,1372.5058846933327,1445.4391765493954,1269.650547794102
nrc_groeneveld_24579pt__6585,5489.0,4638.259220364613,6091.174373491618,5127.827927558334,5409.062242398154,5919.753280813857,5127.827927558334
nrc_groeneveld_24579pt__5852,2800.0,2574.426576263441,2640.7903286510486,2802.126250618441,2365.391794056619,2693.0266943614715,2802.126250618441
nrc_groeneveld_24579pt__19016,9949.0,8877.583619075876,10332.646978522076,9878.659295377229,9280.291483105188,9341.095724499002,9878.659295377229
nrc_groeneveld_24579pt__15671,2407.0,2314.058622131194,2318.6473331657103,2413.91937123403,1748.881802064956,1932.7218983064618,2413.91937123403
nrc_groeneveld_24579pt__14108,2756.0,2980.0450620247057,2605.2468935336783,2613.0890977700856,2697.8284157892745,2866.4738755097273,2613.0890977700856
nrc_groeneveld_24579pt__14358,2916.0,3236.4966723655034,2819.7681948870168,2960.329434310097,5167.370742133982,1997.1070573183922,2960.329434310097
nrc_groeneveld_24579pt__7369,661.8,978.1443052987643,733.0386241152131,778.731513787469,987.4641540920843,939.3305725215091,778.731513787469
nrc_groeneveld_24579pt__11795,569.0,759.1094190215556,665.4350717558749,739.9807441460312,718.0126551848952,727.3928939510394,739.9807441460312
nrc_groeneveld_24579pt__8885,1264.0,1500.5939986125547,1642.328062858038,1646.4735397889035,1688.2529967459877,1720.9528882040797,1646.4735397889035
nrc_groeneveld_24579pt__2207,1020.0,1110.6944960734902,1014.5495723444258,1032.9835326948555,1082.4694443885173,1085.2547002224937,1032.9835326948555
nrc_groeneveld_24579pt__3275,4229.0,4026.3584141583465,4117.540731032496,4092.4488533323415,4311.754482171674,4111.1241917982225,4092.4488533323415
nrc_groeneveld_24579pt__4957,2713.0,2367.3153358524237,2721.8385111782054,2654.7197177857547,2232.6548769283518,2977.7995016319396,2654.7197177857547
nrc_groeneveld_24579pt__11342,2573.0,1854.7010057861505,2641.945964922216,2226.320490629961,1919.5127608893104,1965.6235154034175,2226.320490629961
nrc_groeneveld_24579pt__1846,751.0,796.5136973884523,725.459508307968,762.3111089644813,803.5503195474005,778.6313225405564,762.3111089644813
nrc_groeneveld_24579pt__15894,679.1,820.6684192212249,731.0919655014116,737.4423418323568,793.7234584810558,715.2301757773179,737.4423418323568
nrc_groeneveld_24579pt__8379,662.0,930.8425054671746,832.4333600500254,816.5380319580217,939.208920847811,847.9159343122985,816.5380319580217
nrc_groeneveld_24579pt__8855,2767.0,2581.0527640210253,2726.869663265018,2667.91640656815,3003.606957530337,3072.670429678133,2667.91640656815
nrc_groeneveld_24579pt__11765,587.0,584.1475055608785,536.4645219268237,537.7435419281297,618.7342399564216,618.1546830175168,537.7435419281297
nrc_groeneveld_24579pt__8368,536.0,544.4439950280116,544.5886750594683,576.7122211600579,707.2398118412847,531.0282082231789,576.7122211600579
nrc_groeneveld_24579pt__16225,2987.0,2651.9972373884166,2856.5500044292253,2735.838340404487,2268.768910345552,2586.1682072910235,2735.838340404487
nrc_groeneveld_24579pt__15979,786.0,598.222478813924,787.4733154636865,762.6682646488149,767.0384309122168,715.393908688719,762.6682646488149
nrc_groeneveld_24579pt__14809,494.0,443.359822229538,459.9996917697249,403.68880353619056,417.8708687635875,329.08018246652614,403.68880353619056
nrc_groeneveld_24579pt__23662,600.0,527.1686680773527,500.85491851154717,551.383122922938,549.505199382425,496.1554837690437,551.383122922938
nrc_groeneveld_24579pt__16318,4149.0,4736.074565464347,4213.202550108548,3983.0840577024983,4141.630180616412,4498.984006762415,3983.0840577024983
nrc_groeneveld_24579pt__19345,2782.71,2922.199913502159,2744.7850435446126,2654.9776831468876,2192.596179169303,2500.5762280652143,2654.9776831468876
nrc_groeneveld_24579pt__11492,505.0,569.2348954102886,541.0270276834381,507.1204951313859,563.7399656952251,581.4999152472275,507.1204951313859
nrc_groeneveld_24579pt__13235,7066.3,7492.69533053959,7296.605406281459,7530.437308401967,8311.44040649509,8141.5087749682225,7530.437308401967
nrc_groeneveld_24579pt__18994,8793.0,8863.02777770657,8960.787181401865,8424.221907844154,11793.90984285057,8720.05886935371,8424.221907844154
nrc_groeneveld_24579pt__15004,159.0,176.46230036313048,159.6311043263852,157.34334562217444,122.32536369321903,169.13434879745466,157.34334562217444
nrc_groeneveld_24579pt__16547,3345.0,4322.040677742198,3798.4084725915263,3540.765846217103,3763.858485430685,3941.599074344962,3540.765846217103
nrc_groeneveld_24579pt__17871,1171.0,1312.9580763283216,1217.7747154437977,1143.9102415500668,1291.8137196966957,1363.4781864039935,1143.9102415500668
nrc_groeneveld_24579pt__10950,1622.0,1500.9518751017174,1545.3251845185298,1661.356365711593,1616.1584904309168,1434.892244986144,1661.356365711593
nrc_groeneveld_24579pt__5031,1280.0,974.0223995338971,1211.5502104543045,1144.1267860889418,699.113115867999,1018.5967472715531,1144.1267860889418
nrc_groeneveld_24579pt__5049,2350.0,2220.05109711539,2385.5896237476095,2448.0539412548565,2046.0187673889466,2183.9480262637453,2448.0539412548565
nrc_groeneveld_24579pt__5608,3885.0,3582.855887841291,3538.0172586462927,3940.5247415021163,3435.2346882340057,3670.71283539882,3940.5247415021163
nrc_groeneveld_24579pt__23787,402.0,279.76981263914223,246.94934811543496,232.5712392744283,384.808462464648,242.55710963785498,232.5712392744283
nrc_groeneveld_24579pt__15956,157.0,196.4447853631865,151.42127940338676,152.7763933097147,227.61525307287346,183.68483391200425,152.7763933097147
nrc_groeneveld_24579pt__4429,358.0,432.13354665194277,370.84844793037865,395.59120238407843,480.9093202446101,455.41730949612565,395.59120238407843
nrc_groeneveld_24579pt__19354,1590.12,1706.483287099129,1627.1761501499348,1724.6082590811386,1489.1903783632763,1572.6700878153226,1724.6082590811386
nrc_groeneveld_24579pt__18705,1113.0,1161.251584156149,1054.1330742631135,1089.4999473868877,1219.9851872215952,1244.3441169397313,1089.4999473868877
nrc_groeneveld_24579pt__1767,4520.0,4859.267474013508,4710.933898243351,4043.016672538155,4131.936296205775,4871.228037006207,4043.016672538155
nrc_groeneveld_24579pt__4012,712.0,703.3298977508756,660.2716674847981,724.595645112494,464.3985113275475,518.3412012476463,724.595645112494
nrc_groeneveld_24579pt__1166,1160.0,1275.2641283682049,1153.6099084065638,1150.5425572403503,1242.505093573575,1260.9989992158235,1150.5425572403503
nrc_groeneveld_24579pt__19994,4740.0,4437.516215415824,5151.677982461769,4545.263921258549,3950.565316483303,4467.56893423056,4545.263921258549
nrc_groeneveld_24579pt__15151,1476.0,1557.3523098291391,1436.0979094502452,1460.1152144845241,1317.6662394247912,1408.5566946223087,1460.1152144845241
nrc_groeneveld_24579pt__10075,5866.0,5695.39419742494,5803.836068715197,5626.981301923206,5460.187861171341,5701.696722940498,5626.981301923206
nrc_groeneveld_24579pt__21708,230.0,430.45685024434135,344.8373921571913,343.3503404536215,374.9103378932824,385.1194075657586,343.3503404536215
nrc_groeneveld_24579pt__4232,1035.0,983.3028125929873,1026.5922128546767,1074.6900783955855,880.7986835651185,1002.6086644985069,1074.6900783955855
nrc_groeneveld_24579pt__19728,3690.0,3765.237734243433,3718.2162226682017,3597.567353023703,4052.3578432852737,4289.549630549558,3597.567353023703
nrc_groeneveld_24579pt__6963,2924.3,3590.068919615079,3242.1421713958043,3349.5755762819927,3630.036256187889,3842.6750713899564,3349.5755762819927
nrc_groeneveld_24579pt__9826,344.0,386.74936975829803,507.81771649459506,424.76093673355234,441.6656330599463,345.34354220024056,424.76093673355234
nrc_groeneveld_24579pt__7067,3088.4,2632.983818902346,3068.4601878857206,2997.458225131305,2647.58774439943,2682.1405620363084,2997.458225131305
nrc_groeneveld_24579pt__23541,247.0,456.7079183393755,402.29384545353133,422.5932366922679,518.985891205321,455.79782561697345,422.5932366922679
nrc_groeneveld_24579pt__14481,390.0,369.7655002820707,362.92962720429136,362.4833530089707,408.9201538661952,342.6704650281601,362.4833530089707
nrc_groeneveld_24579pt__14277,411.0,422.4066596125481,394.0192934978125,370.00285481606073,366.4332605297667,429.4792498278103,370.00285481606073
nrc_groeneveld_24579pt__19766,1610.0,1791.3216188654412,1639.4185544124427,1595.0834769980252,1508.8453885469444,1596.32563212324,1595.0834769980252
nrc_groeneveld_24579pt__10206,1172.0,1395.4831932481327,1282.5144120835064,1357.1042731690695,1403.078821557219,1362.93467365659,1357.1042731690695
nrc_groeneveld_24579pt__7381,772.7,938.6766972929885,476.0830865143727,616.1202772223934,947.9551706216843,912.2379078125919,616.1202772223934
nrc_groeneveld_24579pt__11036,637.0,597.789168630451,653.437844285365,681.0733253470747,610.7809284129096,596.0127813205611,681.0733253470747
nrc_groeneveld_24579pt__10145,1578.0,1446.4685888617996,1490.4789500579177,1616.4599375231137,1794.6143418822135,1688.4524921597713,1616.4599375231137
nrc_groeneveld_24579pt__4507,1663.0,1563.73226628814,1537.400247752758,1661.8819435025275,1472.149537938631,1609.9969848580836,1661.8819435025275
nrc_groeneveld_24579pt__2754,1013.0,902.399696018747,1005.6866356719694,982.3844168231147,946.290925532715,835.9994498873086,982.3844168231147
nrc_groeneveld_24579pt__19637,4580.0,3531.3697498892984,4042.962472402272,4014.1984483784336,3498.7938221563945,3929.574677806653,4014.1984483784336
nrc_groeneveld_24579pt__19654,3320.0,3256.5672821435683,3397.64122099147,3451.225704426187,3243.585726890382,3625.116303103184,3451.225704426187
nrc_groeneveld_24579pt__122,2380.0,2346.7604557375475,2419.675738553378,2457.054743424311,2408.7946903751194,2608.4868224417364,2457.054743424311
nrc_groeneveld_24579pt__4428,340.0,423.344056891883,374.8356630935451,388.20258750088107,476.78063105468215,448.1117980076855,388.20258750088107
nrc_groeneveld_24579pt__8698,1580.0,1565.4501135156797,1544.5660226752095,1689.5850142583286,1370.800926585672,1513.9073825891608,1689.5850142583286
nrc_groeneveld_24579pt__23620,140.0,215.72006133741627,193.12897087034742,209.93098641370045,305.7253771507639,211.10042325752374,209.93098641370045
nrc_groeneveld_24579pt__22738,1175.0,1127.4899734963549,1320.5808831606323,1315.4082571696918,1254.4679981818738,1251.3058182020268,1315.4082571696918
nrc_groeneveld_24579pt__2534,1967.0,2048.252805354249,1982.3119317770995,2119.592424102542,2114.356822231597,2106.358660969318,2119.592424102542
nrc_groeneveld_24579pt__7524,5563.0,5466.534192288042,5490.14424879463,5415.914266051584,4778.650382323843,5895.507923677336,5415.914266051584
nrc_groeneveld_24579pt__429,1500.0,1806.3955531264335,1551.7681185831516,1519.7842043695057,1521.3775288328154,1683.2871202107242,1519.7842043695057
nrc_groeneveld_24579pt__1212,995.0,937.8718531462291,984.3226425700092,996.0895143617707,1001.5553487579429,953.7944409381463,996.0895143617707
nrc_groeneveld_24579pt__12950,1767.0,1861.5572367904144,1769.6089757761051,1687.3766413970923,2014.5654875731746,1792.8954757178888,1687.3766413970923
nrc_groeneveld_24579pt__21276,905.0,717.9468712008756,868.8541836300631,797.5002780692267,703.4175962434161,805.8648210605743,797.5002780692267
nrc_groeneveld_24579pt__18150,2166.0,2434.1967322771557,2211.87154625354,2312.541066657486,2397.0506979780666,2363.4176887006024,2312.541066657486
nrc_groeneveld_24579pt__8709,638.0,879.5742592715155,607.0653489648304,626.245633090605,846.121259579113,705.5454553007844,626.245633090605
nrc_groeneveld_24579pt__18820,2298.0,2419.4507192037745,2303.4319266769153,2391.361058084826,2195.288097572968,2243.790399685319,2391.361058084826
nrc_groeneveld_24579pt__17236,2727.0,2735.979969622576,2677.3238317759387,2788.097047538895,2151.498250760991,2523.591706636634,2788.097047538895
nrc_groeneveld_24579pt__21540,1210.0,1276.509056369009,1047.9228230624929,1216.272848639942,1040.125256472078,1070.521389085512,1216.272848639942
nrc_groeneveld_24579pt__15860,1030.0,1199.1089287150419,1173.0134923608011,1145.0186858057054,859.2261063218276,1107.436851104628,1145.0186858057054
nrc_groeneveld_24579pt__16942,2378.0,2450.5980394855555,2217.050288810817,2344.227836814713,2496.828112824715,2647.8274653331373,2344.227836814713
nrc_groeneveld_24579pt__20293,830.0,905.1874961906801,991.3681761463334,958.0858469940017,907.2784877613879,781.4063342391316,958.0858469940017
nrc_groeneveld_24579pt__10103,10219.0,11179.414549859124,9855.439428841148,10330.582186946971,14475.72301361164,15626.6822213977,10330.582186946971
nrc_groeneveld_24579pt__13742,1789.0,1753.2026004113384,1783.633452155462,1968.6081805226527,1325.2178051371018,1579.402772417223,1968.6081805226527
nrc_groeneveld_24579pt__22883,737.0,666.9001003310685,639.4791585392568,683.6398484185672,657.831175391772,633.9042756986324,683.6398484185672
nrc_groeneveld_24579pt__6182,1308.2,1258.3845503288492,1447.170880962928,1473.964207242456,1421.939204529689,1308.8780596597253,1473.964207242456
nrc_groeneveld_24579pt__6246,1937.2,1703.6959065818085,1931.4419698454938,1712.8198839370727,1482.212671039206,1979.8767420831898,1712.8198839370727
nrc_groeneveld_24579pt__20768,985.0,779.5648115023579,838.1423781411687,883.4558466220767,861.696475228755,786.7679603891759,883.4558466220767
nrc_groeneveld_24579pt__12659,957.0,1125.5772428581492,1092.3670672508133,1014.653818402611,928.1330151848292,1071.9688656420906,1014.653818402611
nrc_groeneveld_24579pt__20858,1485.0,1253.414063378153,1282.3479833770018,1395.9063409815756,1130.5727094183887,1189.7114104210427,1395.9063409815756
nrc_groeneveld_24579pt__9427,6431.0,4651.984695944889,6343.839225066394,5690.269879070905,4742.4549330664595,5308.785036362673,5690.269879070905
nrc_groeneveld_24579pt__1515,1511.0,1613.9415608183933,1471.091395822526,1442.629130990783,1585.9674712267968,1563.9257839320962,1442.629130990783
nrc_groeneveld_24579pt__22166,649.5,632.0254767375764,727.6083657096366,742.3577624002473,741.3174208798791,739.077105438703,742.3577624002473
nrc_groeneveld_24579pt__8138,1825.0,1821.0945911188549,1588.6177198219038,1787.3608491491511,1727.907039897855,1759.13288051696,1787.3608491491511
nrc_groeneveld_24579pt__13312,1660.0,1547.1499871119197,1671.230722526856,1854.1057077311373,1217.7725713363045,1152.3702363862512,1854.1057077311373
nrc_groeneveld_24579pt__14796,435.0,399.9450663590937,486.82225195221844,384.856264468059,363.0621616623575,278.8097748982975,384.856264468059
nrc_groeneveld_24579pt__14534,456.0,349.3663039187866,405.472326395275,336.01955769867345,377.0340908585688,331.1679583092585,336.01955769867345
nrc_groeneveld_24579pt__19177,9289.0,8185.311425381278,9279.975757389413,9203.608298784267,7017.806746665768,7990.839863928218,9203.608298784267
nrc_groeneveld_24579pt__18455,1593.0,1768.8364712103812,1573.105506209815,1540.5217883233654,1638.4406106363924,1666.0015657973397,1540.5217883233654
nrc_groeneveld_24579pt__21607,750.0,632.8927430220103,741.7186512951096,677.1531850497274,688.8607217298745,579.3836285605142,677.1531850497274
nrc_groeneveld_24579pt__6185,1065.6,1062.0404511869617,1026.4080357542418,1038.7558371792386,1047.0328628040288,1042.1199918661828,1038.7558371792386
nrc_groeneveld_24579pt__9260,693.0,651.9694281345031,740.7527217417583,693.8194721315161,731.3206172679915,613.5280092046877,693.8194721315161
nrc_groeneveld_24579pt__8088,6381.0,5799.410702635934,5147.4756795521525,5470.648944377581,5550.526185225399,5671.638804574692,5470.648944377581
nrc_groeneveld_24579pt__8996,1239.0,1128.2978087472745,1381.2175578491194,1296.2710090710652,1037.3906370587188,1071.5489803059988,1296.2710090710652
nrc_groeneveld_24579pt__19331,2126.47,2093.7291661623117,2091.9591801173274,2003.5244279880626,2251.7784165881653,2269.336551838018,2003.5244279880626
nrc_groeneveld_24579pt__14587,145.0,204.35224009518416,202.0983832078463,207.29504417341263,162.43719229120904,166.23142265543956,207.29504417341263
nrc_groeneveld_24579pt__22451,3437.0,3050.0860951258883,3075.771982097948,3022.013497610141,2937.3606977242634,3353.990973761483,3022.013497610141
nrc_groeneveld_24579pt__16007,169.0,208.73965630686087,167.7881140429724,185.5445683275207,263.4709763961706,207.8042954129741,185.5445683275207
nrc_groeneveld_24579pt__20039,1120.0,1166.5597505757428,1253.4771021900813,1175.506766946029,1011.1969885282463,925.168648731571,1175.506766946029
nrc_groeneveld_24579pt__6227,1995.0,2300.9663980431064,2114.3551372005263,2028.474466376513,2063.251033329853,2290.763343552428,2028.474466376513
nrc_groeneveld_24579pt__7963,1390.0,1700.769377465606,1357.9558450598363,1608.5126519575804,1402.3163905161582,1534.7043374926905,1608.5126519575804
nrc_groeneveld_24579pt__712,943.345,1081.7484161105406,903.1359761660412,919.788803898502,1130.5772395646661,1150.2728201099214,919.788803898502
nrc_groeneveld_24579pt__24179,312.0,317.99957850975477,325.4437583577858,311.8830303322222,438.06746110371245,387.6329144130722,311.8830303322222
nrc_groeneveld_24579pt__23011,1288.0,1374.0776398359037,1374.7607913934046,1612.0121061839113,1096.1338951383375,1311.12174952413,1612.0121061839113
nrc_groeneveld_24579pt__8038,3500.0,3966.812367914049,4308.340130995416,4147.423307827771,3980.679765044649,4243.432339104593,4147.423307827771
nrc_groeneveld_24579pt__17897,2880.0,2497.5980565168425,2741.64051101692,2760.980307985155,2146.817876944765,2400.13490859866,2760.980307985155
nrc_groeneveld_24579pt__15478,1106.0,1216.33758500942,1162.926770034803,1200.9196422880052,1142.2161449157477,1226.9801869038004,1200.9196422880052
nrc_groeneveld_24579pt__17379,1519.0,1806.6833307021857,1646.0152273280596,1767.4621271759502,1784.1913345831404,1886.606753987801,1767.4621271759502
nrc_groeneveld_24579pt__9862,1525.0,1868.727319458225,1673.7519233562962,1597.3775764969253,1957.2215366488588,1881.143605558142,1597.3775764969253
nrc_groeneveld_24579pt__5387,967.0,831.7727746228545,886.002664997139,868.358785902916,786.7655217824743,755.035441844911,868.358785902916
nrc_groeneveld_24579pt__22520,12733.0,7654.144093903571,7170.342705205909,5801.9495068047945,7383.6450224913015,9669.347614237524,5801.9495068047945
nrc_groeneveld_24579pt__927,662.0,606.6459082933103,724.4373373796129,634.4565469777875,788.1367605963339,446.76111801599683,634.4565469777875
nrc_groeneveld_24579pt__9959,266.0,301.7387561742039,280.4264059400514,258.78210354249876,312.6330648275581,249.15382181584232,258.78210354249876
nrc_groeneveld_24579pt__15085,2535.0,2695.2201958208625,2563.5616869099695,2593.3307904631138,2723.886598252881,2868.03937669319,2593.3307904631138
nrc_groeneveld_24579pt__3794,1226.0,940.148126136673,1183.0552468038309,1188.0802982383382,862.6641180512437,896.3623915388557,1188.0802982383382
nrc_groeneveld_24579pt__19429,1120.0,1270.696657108995,1118.170951781802,1066.1296062761464,1375.2114562902536,1308.5136411710416,1066.1296062761464
nrc_groeneveld_24579pt__211,1530.0,1564.5846165308058,1463.9369670080098,1562.9515958126885,1466.8210213125415,1551.1115365934622,1562.9515958126885
nrc_groeneveld_24579pt__23369,650.0,589.9749840637608,523.9565312214899,449.55757926748635,671.4759252350648,609.680030608666,449.55757926748635
nrc_groeneveld_24579pt__11945,1071.0,910.9402463495879,964.327249857023,919.832550019889,602.2347280654978,842.9700881435385,919.832550019889
nrc_groeneveld_24579pt__12740,690.0,571.9873646873224,599.31640942527,556.7009215478731,404.0383359166625,482.84082037702836,556.7009215478731
nrc_groeneveld_24579pt__4665,1856.0,1892.9279633938315,1796.119900920851,1730.5895752904503,1764.3438127708562,1879.77875307412,1730.5895752904503
nrc_groeneveld_24579pt__2362,999.0,886.4908069704122,974.9318040267038,944.6289263244759,782.6468537757521,899.9697987091514,944.6289263244759
nrc_groeneveld_24579pt__24416,568.0,548.8356841290608,587.5908576567089,592.9722611233068,492.6821817502032,574.4332605464681,592.9722611233068
nrc_groeneveld_24579pt__4833,2845.0,3091.7592084825997,2867.020644065485,2981.159574729276,3775.0658784530056,3666.868487585211,2981.159574729276
nrc_groeneveld_24579pt__7289,1665.6,1421.772704757874,1638.384854009362,1540.1490348370207,1611.8574245797106,1543.7203848513868,1540.1490348370207
nrc_groeneveld_24579pt__12337,1186.0,1182.1989389593455,1204.507637111053,1251.0061820282208,1220.0260006225126,1251.593911382996,1251.0061820282208
nrc_groeneveld_24579pt__16343,3499.0,4065.8967781380316,3496.8981099127673,3855.2276890633175,3931.7082392876828,4148.20063229679,3855.2276890633175
nrc_groeneveld_24579pt__15862,1130.0,1272.8649549802055,1254.898064539638,1257.5244465031967,905.3408305481745,1156.12998920186,1257.5244465031967
nrc_groeneveld_24579pt__2847,1996.0,1953.2471798030992,2055.361982654721,2039.8340740730555,2078.656276565965,1788.3107613048523,2039.8340740730555
nrc_groeneveld_24579pt__24272,357.0,404.363471837663,396.53381559903613,400.4804122379346,483.7752654687775,430.3721960789166,400.4804122379346
nrc_groeneveld_24579pt__17688,2927.0,3134.9608793208604,2805.1737272858727,2944.4056053346417,2757.2549440091766,3167.7188750295104,2944.4056053346417
nrc_groeneveld_24579pt__6723,578.0,554.7749206129055,568.4739298275422,575.0318053803265,639.946794285699,628.6750540104948,575.0318053803265
nrc_groeneveld_24579pt__2354,3522.0,3241.3994958941357,3476.793057795405,3429.18836091781,3301.928394602271,3675.8204668547874,3429.18836091781
nrc_groeneveld_24579pt__13706,882.0,780.8149470692857,934.4055652131187,800.2129060954883,649.2726816818272,665.0102733599483,800.2129060954883
nrc_groeneveld_24579pt__11983,632.0,715.4937978083703,728.6679753270585,758.652449071061,791.8241854017538,770.8375793853145,758.652449071061
nrc_groeneveld_24579pt__23813,2261.0,2084.8778250568644,1929.8126184377725,2427.4581696998325,1865.7313970386272,2106.976616869709,2427.4581696998325
nrc_groeneveld_24579pt__15125,1338.0,1552.7258766447903,1462.0148374740443,1352.714594189719,1330.4011926641715,1423.969844869348,1352.714594189719
nrc_groeneveld_24579pt__23548,372.0,355.5692631141093,283.9459120478761,325.9977960321998,432.2681063781405,324.68920596219965,325.9977960321998
nrc_groeneveld_24579pt__21746,550.0,604.2947316510121,569.5719219400731,568.7837253020759,557.3993512244144,559.119557629282,568.7837253020759
nrc_groeneveld_24579pt__17787,2668.0,2539.279116059347,2722.374854601749,2520.667637600458,1976.7165151900526,2428.006243897,2520.667637600458
nrc_groeneveld_24579pt__19172,9035.0,8508.178795317854,8404.229616761584,8191.358261752789,6854.561449794147,7745.192025976246,8191.358261752789
nrc_groeneveld_24579pt__14333,311.0,335.76259629202883,307.77519040814684,295.4447176304608,395.0598808863261,397.2650989842785,295.4447176304608
nrc_groeneveld_24579pt__11896,2099.0,2548.1278908900804,2670.6990747224413,2605.695800468705,2199.9776156409534,2284.476407191248,2605.695800468705
nrc_groeneveld_24579pt__7958,2060.0,1802.8633477583405,1577.099962798744,1632.5729094346555,1451.6195713746736,1585.8013340068069,1632.5729094346555
nrc_groeneveld_24579pt__5456,1848.0,1144.1232377551612,1643.4854603718532,1380.5883862171122,872.4359971515624,1186.8181626455084,1380.5883862171122
nrc_groeneveld_24579pt__14540,898.0,924.8857151535537,872.8598972103398,880.1534712354287,750.968075811077,806.561179888827,880.1534712354287
nrc_groeneveld_24579pt__7358,642.9,925.9559505862469,652.917819809013,692.303828552253,984.0673731559207,911.8315245227428,692.303828552253
nrc_groeneveld_24579pt__18371,1322.0,1147.517994422712,1241.2528372439745,1259.0654029881384,898.719192015405,1045.9054787880498,1259.0654029881384
nrc_groeneveld_24579pt__3455,2690.0,2533.0514405085714,2634.080147139446,2541.142847837567,2349.911504091872,2506.6477268933827,2541.142847837567
nrc_groeneveld_24579pt__705,946.5,1018.8952986538834,880.2232605766482,878.5564196976738,952.6542954403436,967.8702930226503,878.5564196976738
nrc_groeneveld_24579pt__5692,2543.0,2076.352201448519,2525.4707476291355,2358.023746983072,2372.464400322649,2354.104356128382,2358.023746983072
nrc_groeneveld_24579pt__1541,2994.0,2911.3590525822005,3057.179908614914,2900.316265586249,3140.504662677807,3128.3334865867205,2900.316265586249
nrc_groeneveld_24579pt__11939,589.0,706.0751099731569,722.6287075839701,610.7418139444757,792.0369648884621,774.0031839488564,610.7418139444757
nrc_groeneveld_24579pt__7106,2369.1,2198.987696890864,2417.4676939155684,2262.9035673925428,2194.3242722092664,2134.022833920016,2262.9035673925428
nrc_groeneveld_24579pt__64,2339.0,1920.3481742476572,1953.9832750942135,2207.0399635048325,1835.1978737010127,2149.624970909672,2207.0399635048325
nrc_groeneveld_24579pt__16635,4365.0,4053.6711530297107,4277.468197477788,4354.336510801003,3820.872260316806,4230.03005974851,4354.336510801003
nrc_groeneveld_24579pt__7034,1653.0,1694.9919791869377,1677.3217978123944,1299.9115850516778,1602.8487527933262,1677.2727511130406,1299.9115850516778
nrc_groeneveld_24579pt__14548,203.0,305.12560061270835,251.1920841033704,251.3260838078882,296.23577582756417,276.39517158365186,251.3260838078882
nrc_groeneveld_24579pt__9759,295.0,434.81644587763964,315.8625247973231,361.1348311751512,450.1805538448968,401.19201966261056,361.1348311751512
nrc_groeneveld_24579pt__17736,1229.0,1139.7983271714133,1182.3995678962872,1213.16087679422,1179.6541169937784,1263.480678494863,1213.16087679422
nrc_groeneveld_24579pt__12045,673.0,578.2993127077231,568.1551281055707,582.8190657371531,425.6080535998604,538.300281718791,582.8190657371531
nrc_groeneveld_24579pt__16898,2305.0,2274.306440056493,2267.6226579772556,2164.1666189506695,2368.1645344517715,2461.541397717853,2164.1666189506695
nrc_groeneveld_24579pt__20801,1080.0,1158.1293582579058,994.5934045758246,1079.1967673728643,1097.8581163634017,1128.493852671183,1079.1967673728643
nrc_groeneveld_24579pt__16968,2577.0,3156.2635551675266,2557.9096646151556,2546.232337655837,3057.685003386329,3161.215244978069,2546.232337655837
nrc_groeneveld_24579pt__3525,529.0,644.1866057655507,618.8107552817431,623.4852799190493,753.8449541815387,693.7002970265554,623.4852799190493
nrc_groeneveld_24579pt__7423,462.6,727.7535973958145,384.7209213114941,500.3520359912666,884.9143240114568,975.739086844545,500.3520359912666
nrc_groeneveld_24579pt__23830,2073.0,2267.9039702679083,2034.1285737952667,1982.6073889125598,2268.822302413481,2379.491119594046,1982.6073889125598
nrc_groeneveld_24579pt__1929,506.0,535.9010419546993,525.3098959915809,497.38619843043944,576.8054247132092,513.8443364917405,497.38619843043944
nrc_groeneveld_24579pt__21248,404.0,369.1380819625466,461.1909249616381,403.7417385792512,363.4169099802495,374.6023660774268,403.7417385792512
nrc_groeneveld_24579pt__2383,1523.0,1595.4941148841344,1498.3606517090368,1541.2089594575314,1486.157119143686,1544.9013569486626,1541.2089594575314
nrc_groeneveld_24579pt__22743,895.0,864.7684991007272,790.6583101363348,749.5546921189442,639.6638275259216,735.5699610915095,749.5546921189442
nrc_groeneveld_24579pt__7807,834.4,976.4207940535633,919.928319638145,901.4682955075217,960.5691722112145,930.7207534537614,901.4682955075217
nrc_groeneveld_24579pt__21402,1788.0,1873.4033032792697,1840.459828857985,1877.9586827474739,1476.429115661113,1733.8518456619536,1877.9586827474739
nrc_groeneveld_24579pt__1643,3467.0,3047.690643609086,3396.254325797948,3284.103892654468,3060.54247518078,3657.8489061920195,3284.103892654468
nrc_groeneveld_24579pt__22025,1242.2,1679.3788608892824,1397.9169967196087,1504.9892741158794,1366.4419354872161,1857.1057464412515,1504.9892741158794
nrc_groeneveld_24579pt__12586,718.0,824.7028402958096,774.5007586706713,727.8996596441522,713.3147821038847,766.9499449411546,727.8996596441522
nrc_groeneveld_24579pt__14582,564.0,557.3268979202842,544.5039339431521,545.4457906195586,510.96762116625433,576.7068300085956,545.4457906195586
nrc_groeneveld_24579pt__22116,1467.9,1201.7036381513706,1388.5680614763633,1381.4004261633843,1128.2473389494203,1145.4133814380448,1381.4004261633843
nrc_groeneveld_24579pt__22818,2063.0,2006.4201039924296,1647.6384483562676,1818.3942371837227,1519.5926691561444,1676.0125458161403,1818.3942371837227
nrc_groeneveld_24579pt__730,4101.0,3854.3502906187314,3886.6401836850064,3935.845621058592,4093.4970064057707,4331.06664038592,3935.845621058592
nrc_groeneveld_24579pt__7239,1252.4,1601.2927714720847,1383.5273623475496,1486.8047911750175,1650.5631612815384,1575.416275858644,1486.8047911750175
nrc_groeneveld_24579pt__3803,1585.0,1411.8602266067262,1557.1992408741748,1597.4928347641417,1212.1084263732039,1412.308957442971,1597.4928347641417
nrc_groeneveld_24579pt__22343,2308.0,1996.3529229924839,2503.9390478039513,2315.3757573368434,2366.5169832877164,2317.848984076798,2315.3757573368434
nrc_groeneveld_24579pt__7448,2611.0,1920.8511558839352,2671.9040513884815,2792.6460279263506,2080.456554496343,2384.931427952745,2792.6460279263506
nrc_groeneveld_24579pt__5542,3161.0,2929.94359612855,2951.629873683569,3009.6222932981564,2182.088087977485,2736.2367070974524,3009.6222932981564
nrc_groeneveld_24579pt__11447,661.0,706.6725282752429,801.6654281067276,818.3584498395553,712.1270913536216,704.4187675125811,818.3584498395553
nrc_groeneveld_24579pt__3300,2048.0,2137.1688251743653,2122.345880990165,2151.3355671880768,2234.414059242652,2152.8324379728992,2151.3355671880768
nrc_groeneveld_24579pt__15068,1858.0,1605.9628412091201,1979.1358375784573,2011.7979862989241,1709.3631058029737,1856.819077372309,2011.7979862989241
nrc_groeneveld_24579pt__8245,5092.0,4512.821627702032,5263.884405799233,5167.010529022953,4561.95275597422,4855.778381489198,5167.010529022953
nrc_groeneveld_24579pt__2653,974.0,883.5827192279978,983.4348087768591,958.1595731733787,958.7348136378353,864.7093508982052,958.1595731733787
nrc_groeneveld_24579pt__5178,1042.0,965.9391642041874,978.8289110534197,1001.1715795855717,681.7797453832621,872.2093405847088,1001.1715795855717
nrc_groeneveld_24579pt__23488,659.0,870.0912839286468,760.7046500541632,760.8825516064602,845.3917459309375,798.5675623440532,760.8825516064602
nrc_groeneveld_24579pt__10081,3879.0,4740.692457413616,4040.3910939329476,4082.555655821031,3977.5634593067202,4201.567351266822,4082.555655821031
nrc_groeneveld_24579pt__10091,6213.0,5445.165117153194,5707.151908383666,5947.972464856294,4741.754850079575,5055.542030709679,5947.972464856294
nrc_groeneveld_24579pt__12458,829.0,772.6307818383126,668.7195578272597,781.5331732877409,706.7073812061562,743.313281931605,781.5331732877409
nrc_groeneveld_24579pt__8318,1640.0,1702.3483051507624,1706.0298574015897,1623.9757328462524,1354.533505337284,1456.8152962900992,1623.9757328462524
nrc_groeneveld_24579pt__7751,913.274,990.2544943859517,951.3558514371775,926.7972748761064,962.7227352383868,1012.2878013893989,926.7972748761064
nrc_groeneveld_24579pt__22793,1210.0,988.74762041728,1078.1213815960245,1076.7828326079646,1147.842042587107,1172.5500199684848,1076.7828326079646
nrc_groeneveld_24579pt__3666,1704.0,1882.7868973293223,1754.409955063943,1787.014186767228,1737.7781284661182,1896.1701325461954,1787.014186767228
nrc_groeneveld_24579pt__23568,268.0,226.19050071091905,218.3299724107371,215.19609376445268,240.61651848987228,169.07232102963496,215.19609376445268
nrc_groeneveld_24579pt__212,1450.0,1445.6928297634868,1447.9038360118261,1427.0084778115893,1373.9630116239503,1437.6912313053451,1427.0084778115893
nrc_groeneveld_24579pt__3752,3601.0,2652.800907203069,3478.163361549598,3260.8487282334695,2480.5103586097775,2940.548484169789,3260.8487282334695
nrc_groeneveld_24579pt__15922,1681.6,1610.7472623964666,1615.9368346116266,1659.213637374037,1661.8557776264288,1563.5019114241952,1659.213637374037
nrc_groeneveld_24579pt__5941,1620.0,1391.2231702625725,1852.119132484543,1747.1298375877643,1501.8345824863964,1625.2118244580918,1747.1298375877643
nrc_groeneveld_24579pt__12449,1110.0,1099.2085372663007,1113.0809531035654,1134.9928302253043,932.3392113392426,1035.0379672836089,1134.9928302253043
nrc_groeneveld_24579pt__5535,2335.0,1812.5175539515037,2316.043125047421,2202.896618786921,1240.3711001240174,1871.685902545478,2202.896618786921
nrc_groeneveld_24579pt__18620,3062.0,2530.8339241338654,3011.75506116335,2656.7730945457934,4257.116254635053,2901.9344696669723,2656.7730945457934
nrc_groeneveld_24579pt__16470,3384.0,2934.9273914067544,3416.16415884905,3316.2181328358065,2228.8383897467884,2639.3069634684107,3316.2181328358065
nrc_groeneveld_24579pt__21187,1809.0,1694.3442474628407,1693.8743203739784,1730.7810912458217,1443.3742804861135,1517.9489016207363,1730.7810912458217
nrc_groeneveld_24579pt__1183,1206.0,1369.6506507520232,1196.61637487282,1193.8483673708545,1585.9667206426052,1429.640237665677,1193.8483673708545
nrc_groeneveld_24579pt__13008,611.0,405.773744551842,546.6815240527583,600.2383147183635,432.6044368127547,376.16067159249593,600.2383147183635
nrc_groeneveld_24579pt__6620,199.0,196.22898026789682,207.39916570060856,196.78030368402946,194.93485098268715,178.20852174242657,196.78030368402946
nrc_groeneveld_24579pt__5398,2796.0,2528.7179015437796,2657.579405597245,2552.2552913795216,2190.12519000661,2721.4587042541834,2552.2552913795216
nrc_groeneveld_24579pt__23973,621.0,665.3525618606368,617.829388848565,609.3302937922252,591.6006842156422,687.7625106957466,609.3302937922252
nrc_groeneveld_24579pt__13681,2143.0,1639.2175633622821,2025.4268875421913,2131.6790148180658,1401.548155389124,1696.5162925953625,2131.6790148180658
nrc_groeneveld_24579pt__8573,776.0,800.123639480598,716.3508956558976,764.9185377250386,879.1529509887438,908.1846037293757,764.9185377250386
nrc_groeneveld_24579pt__14271,1961.0,2033.3380023383672,1979.0363961018363,1988.8360482324513,1683.6870823204456,2326.2240706125326,1988.8360482324513
nrc_groeneveld_24579pt__17922,1108.0,1364.7115415279877,1303.0876810437626,1273.4076569078418,1489.6607372867275,1414.911411215598,1273.4076569078418
nrc_groeneveld_24579pt__19394,733.1,1121.9994248665553,905.0499818800223,991.9653081860192,1809.9311462478822,1012.9475730361428,991.9653081860192
nrc_groeneveld_24579pt__18066,504.0,600.6548104112566,553.1092727359206,556.7942614482179,670.5874250098826,597.1076909381703,556.7942614482179
nrc_groeneveld_24579pt__4743,2111.0,1922.962578570783,2019.3201569984778,2165.4708843262133,2543.155297499557,2098.735667800707,2165.4708843262133
nrc_groeneveld_24579pt__21706,280.0,418.49918150095874,345.553930987015,331.9633368902851,373.8363781269431,369.48289514218646,331.9633368902851
nrc_groeneveld_24579pt__10960,2741.0,2582.2479510396515,2265.200018353577,2439.13254041976,2510.5307363438656,2583.2824925615505,2439.13254041976
nrc_groeneveld_24579pt__15857,1470.0,1425.2089031499197,1344.2039827107385,1460.5797063270672,1070.1670242055313,1304.2166450917116,1460.5797063270672
nrc_groeneveld_24579pt__19407,435.0,437.7228507691567,449.12792975215876,459.3824273379689,373.53988400792645,428.61686894820065,459.3824273379689
nrc_groeneveld_24579pt__4509,2005.0,1699.6511386374652,1719.4586528035595,1809.104684427509,1576.221218783749,1745.53601369532,1809.104684427509
nrc_groeneveld_24579pt__16453,2605.0,2067.3517794100503,2593.206477089526,2588.690789934228,1834.8613635341121,2152.3134253760268,2588.690789934228
nrc_groeneveld_24579pt__22782,664.0,704.6828661423616,783.6035700394949,832.9422616644604,951.5884623446792,856.731345808032,832.9422616644604
nrc_groeneveld_24579pt__21311,573.0,523.1281794220528,583.4931493545052,601.7917837481514,596.1513759700715,610.4474180370868,601.7917837481514
nrc_groeneveld_24579pt__5989,2390.0,2239.560485121906,2564.324847940464,2501.8024460154866,2284.589251055111,2330.168069483532,2501.8024460154866
nrc_groeneveld_24579pt__7227,1476.4,1428.5746857394604,1533.4804557556263,1549.5068515474609,1664.9943523908817,1570.848135823848,1549.5068515474609
nrc_groeneveld_24579pt__11443,589.0,585.8410239458136,555.9578569240617,564.4843942439971,573.5660365512413,589.8618995594974,564.4843942439971
nrc_groeneveld_24579pt__22715,1300.0,1535.5403977351962,1627.6630679144778,1538.9305377883798,1492.4781228491486,1651.0746755332007,1538.9305377883798
nrc_groeneveld_24579pt__6290,7340.0,6702.223538582265,7099.668707049043,7353.591285661304,5875.423493532136,6735.375085112218,7353.591285661304
nrc_groeneveld_24579pt__8443,2695.0,2628.4602217756587,2873.1070416060825,2691.3952875718533,3153.375544853184,3135.943172642486,2691.3952875718533
nrc_groeneveld_24579pt__8369,497.0,531.3599391070459,522.2385332753283,499.99419656768583,701.0049350741441,524.5568458457421,499.99419656768583
nrc_groeneveld_24579pt__6504,3911.7,3112.2871624559466,3699.0442228133243,3594.9589238702574,2724.2043471775623,3137.7495971304224,3594.9589238702574
nrc_groeneveld_24579pt__11261,1028.0,930.0098165433817,1022.6876059847164,1091.7456705296593,776.7699258179305,872.7764239749453,1091.7456705296593
nrc_groeneveld_24579pt__7421,297.7,342.13037764549205,333.61740450739484,369.1236242920628,584.9431573520773,659.0842430490263,369.1236242920628
nrc_groeneveld_24579pt__3497,1339.0,1410.560027552872,1467.798451800969,1549.124116579743,1397.557524765677,1417.2580451236483,1549.124116579743
nrc_groeneveld_24579pt__18217,827.0,816.1633839923999,887.7819629693579,844.4192719071981,833.6820518200124,865.6429518792692,844.4192719071981
nrc_groeneveld_24579pt__11168,1018.0,1033.3278003614275,1099.9088164335071,1184.81641459469,903.4549993311331,1072.8822078523447,1184.81641459469
nrc_groeneveld_24579pt__19871,1750.0,1473.4658855139426,1895.1834666989407,1845.1184225266054,1629.44409686297,1649.0490478954637,1845.1184225266054
nrc_groeneveld_24579pt__17204,1256.0,962.8415452077978,1008.1625678046555,994.6230302262662,955.2321654537915,918.7658812313563,994.6230302262662
nrc_groeneveld_24579pt__10897,554.0,429.43014838303,438.98394949888956,443.11054266999633,362.6867900754823,440.497894214035,443.11054266999633
nrc_groeneveld_24579pt__11528,4350.0,3922.622332450723,4079.817510500098,4345.778794881573,3845.9710952971277,4129.675664032102,4345.778794881573
nrc_groeneveld_24579pt__10997,964.0,871.9221294917708,903.4178322910345,1016.9664913183955,841.9384846841133,933.4182615862409,1016.9664913183955
nrc_groeneveld_24579pt__4056,869.0,994.9205243827511,898.056434310356,976.1037518980958,1057.4441142251922,1023.0173370614577,976.1037518980958
nrc_groeneveld_24579pt__5085,2414.0,2703.266164612775,2617.953942323935,2945.0608300489625,2699.5494916916614,2649.5655118387467,2945.0608300489625
nrc_groeneveld_24579pt__8177,1642.0,1541.3382568041463,1491.9770465106353,1501.6743057126644,1498.3409302060138,1608.9836531570793,1501.6743057126644
nrc_groeneveld_24579pt__4004,2042.0,1898.8215935115495,2488.1237810290886,2303.430012804892,1693.132507236179,1635.1563766916202,2303.430012804892
nrc_groeneveld_24579pt__7719,1217.803,1032.2401718209253,1223.3653589577577,1139.2431534693346,1137.0003089557567,1076.53989839427,1139.2431534693346
nrc_groeneveld_24579pt__8782,5721.0,5045.15040409333,5971.035046609882,5854.1056420518735,4756.467510909894,5303.135391554112,5854.1056420518735
nrc_groeneveld_24579pt__19695,2690.0,2481.378651386676,2599.0469860235908,2796.810071659624,2551.9158993959013,2852.5018584938302,2796.810071659624
nrc_groeneveld_24579pt__18130,1603.0,1799.8758049310345,1748.22139950861,1677.5158967498462,2027.331998024654,1867.5806532519684,1677.5158967498462
nrc_groeneveld_24579pt__23624,466.0,367.3907200467392,363.66134562706696,289.71448422961134,434.30527199497317,380.14679198230147,289.71448422961134
nrc_groeneveld_24579pt__14762,404.0,445.97725507349304,419.51035099984193,466.55145991953134,390.5774441983465,436.9553364710584,466.55145991953134
nrc_groeneveld_24579pt__23660,878.0,1193.7469917915068,1193.6313110561337,1242.2783018220323,1211.6108373547502,1359.1663551237614,1242.2783018220323
nrc_groeneveld_24579pt__13155,3458.0,3438.4325919430426,3778.516736196903,3598.826999212601,2626.6242389203117,3460.0725908043582,3598.826999212601
nrc_groeneveld_24579pt__20269,1480.0,1252.3460381210398,1215.7758620548761,1141.336291450069,1124.1425087407674,981.7875433556426,1141.336291450069
nrc_groeneveld_24579pt__748,1735.0,1448.37663173862,1612.957347526389,1246.5448878613574,2181.428387843252,1632.3539482108406,1246.5448878613574
nrc_groeneveld_24579pt__22661,1362.0,1636.0985395144476,1749.6661825205624,1763.8016886050636,1906.701905451598,1947.9967627273638,1763.8016886050636
nrc_groeneveld_24579pt__24388,1042.0,830.1242125898675,970.4407954926861,924.1305911359782,703.2343658522631,842.3633542756875,924.1305911359782
nrc_groeneveld_24579pt__6362,6820.0,6219.255226774467,7240.390538003879,7040.6322148971685,5311.1719748157175,6937.706447705411,7040.6322148971685
nrc_groeneveld_24579pt__9705,1337.0,1685.0639614602405,1681.750622268967,1534.6813409074593,1899.744869028107,1810.05941430037,1534.6813409074593
nrc_groeneveld_24579pt__24557,1317.2,1287.985142190575,1258.0397335647867,1318.372239769745,1229.0628311268222,1121.6478937489821,1318.372239769745
nrc_groeneveld_24579pt__18718,509.0,495.0395282417568,597.7698876985716,563.4358487927342,540.6848980176605,568.2435340555378,563.4358487927342
nrc_groeneveld_24579pt__23445,1613.0,1435.303449399725,1704.4306518465366,1831.3768017519433,1229.4919182863757,1444.8330408312438,1831.3768017519433
nrc_groeneveld_24579pt__6830,491.0,483.89704355715816,486.85100885663644,490.933484578066,476.3542163977681,534.744603432527,490.933484578066
nrc_groeneveld_24579pt__18978,6745.0,7109.35840653396,6925.8940925314055,6380.273479780846,6995.933046475575,6023.964736950718,6380.273479780846
nrc_groeneveld_24579pt__24229,283.0,292.3290235774173,246.94605426740404,283.51015986449556,329.30756591311876,329.4120020970567,283.51015986449556
nrc_groeneveld_24579pt__3235,3254.0,2346.0354514576507,2792.0199820969565,2620.8839468392252,2492.4681427928144,2726.1619448438028,2620.8839468392252
nrc_groeneveld_24579pt__5287,1479.0,1306.823585814732,1403.856313080549,1298.8100318722366,1150.1487562039283,1206.340222095649,1298.8100318722366
nrc_groeneveld_24579pt__18787,2354.0,2617.359073001634,2325.849802278903,2298.4153228039345,2549.671457604426,2607.2454218269804,2298.4153228039345
nrc_groeneveld_24579pt__4052,1490.0,1552.1277825701752,1605.0175498303156,1563.9005422552261,1291.1732647244714,1453.607426041287,1563.9005422552261
nrc_groeneveld_24579pt__22794,1453.0,1295.3627149788947,1501.3498107929001,1303.9589454839147,1310.2344793798293,1395.5799860050206,1303.9589454839147
nrc_groeneveld_24579pt__11874,702.0,545.2803018681019,592.8454917186334,547.9444255178832,643.5463190442867,567.8518065081543,547.9444255178832
nrc_groeneveld_24579pt__8910,1707.0,1356.5096782934722,1375.7997856941267,1283.9919145198414,1355.711350324584,1420.4233587163449,1283.9919145198414
nrc_groeneveld_24579pt__22263,962.9,1306.6191224624924,1210.9008433623483,1219.359077504915,1249.0080819283953,1281.974136901099,1219.359077504915
nrc_groeneveld_24579pt__1146,1214.0,1240.4312093115395,1171.4973255721331,1111.6876495884696,1492.1041332966918,1346.955208797794,1111.6876495884696
nrc_groeneveld_24579pt__1306,495.0,442.415127125006,452.5523961620707,442.085074175542,409.56376928907605,376.19007705937196,442.085074175542
nrc_groeneveld_24579pt__23842,1962.0,1721.58547632937,1661.5356516981756,1749.0583541106676,1633.3449378201847,1766.914843303664,1749.0583541106676
nrc_groeneveld_24579pt__3940,252.0,369.7145511146312,351.7783311501764,353.5021630850163,380.95742345688257,360.05817724239296,353.5021630850163
nrc_groeneveld_24579pt__14470,919.0,875.9504275656869,928.1539745595944,918.71685290685,871.9510517765844,796.3808416997114,918.71685290685
nrc_groeneveld_24579pt__5201,984.0,944.4858161194353,1002.2148465385933,1050.8214106477883,870.2584485904156,971.9911569596494,1050.8214106477883
nrc_groeneveld_24579pt__19386,784.4,1213.3664402457282,930.0074633024777,1036.012342231539,1483.3973757571455,1435.9931066889797,1036.012342231539
nrc_groeneveld_24579pt__2499,1431.0,1535.2181664007815,1413.9586767758758,1413.7156404006967,1657.71429665293,1381.1936601131438,1413.7156404006967
nrc_groeneveld_24579pt__20970,1193.0,1074.0084231302803,1224.4901344843004,1266.2801811155311,1124.3218462962095,1092.7261178244446,1266.2801811155311
nrc_groeneveld_24579pt__3136,2190.0,2117.445847394734,2024.6309877036806,2112.5938620269008,2161.1987712676237,1767.1419299077684,2112.5938620269008
nrc_groeneveld_24579pt__11546,3007.0,3219.26295261138,3168.4195582875154,3290.051211995711,2252.4255788239902,2812.532795739176,3290.051211995711
nrc_groeneveld_24579pt__1245,737.0,756.547319007292,740.1493000590641,740.1142654205154,959.0046187227993,759.1259470787687,740.1142654205154
nrc_groeneveld_24579pt__6665,273.0,266.5928081522727,263.298737777451,255.45637503652733,266.48285318659083,269.99471620164866,255.45637503652733
nrc_groeneveld_24579pt__18075,911.0,930.653856471749,931.6124619367663,994.308550122403,870.6767374482556,840.2293720480478,994.308550122403
nrc_groeneveld_24579pt__11008,1938.0,1802.2242844692616,1826.8622703738129,1783.9967405142402,1415.7438323226575,1668.0790096804012,1783.9967405142402
nrc_groeneveld_24579pt__4875,3571.0,2589.2799553386785,3260.529051603688,3253.608591347244,2484.6933966420547,2720.9262805651038,3253.608591347244
nrc_groeneveld_24579pt__4940,2524.0,1740.1802666509798,2416.5644481900686,2419.7012411723204,1516.9419578741797,2241.48629717077,2419.7012411723204
nrc_groeneveld_24579pt__21161,796.0,733.0016611866926,659.7294361118584,679.5750982233512,849.1310654522889,791.2263265472901,679.5750982233512
nrc_groeneveld_24579pt__5528,5447.0,4646.978224868115,4716.993196919783,5082.707105345157,4570.778983164079,5142.41099481804,5082.707105345157
nrc_groeneveld_24579pt__203,2960.0,4326.803906324821,3387.5898473963503,3406.594507557306,3439.3790264667227,3358.4656190674923,3406.594507557306
nrc_groeneveld_24579pt__12934,403.0,466.01738561301016,368.17297016594597,376.94630153991227,461.79053052852976,406.1454296355789,376.94630153991227
nrc_groeneveld_24579pt__6953,1662.5,1428.53794161797,1479.4565349681327,1495.8986595283957,1464.4124904781663,1525.0968294905306,1495.8986595283957
nrc_groeneveld_24579pt__9994,367.0,404.1133408245856,418.2871249977179,437.8733200232798,360.6061561206121,370.3177727608325,437.8733200232798
nrc_groeneveld_24579pt__20352,1070.0,1030.2497506977743,1103.7270815803463,1107.7677014985923,1322.510982897557,1168.1870174660226,1107.7677014985923
nrc_groeneveld_24579pt__14752,265.0,354.2364534015128,285.7425348687607,270.2869307466102,281.098640637208,369.157446174691,270.2869307466102
nrc_groeneveld_24579pt__23224,2081.0,2187.7017244422063,2089.120662134606,2181.639211464243,1695.2299352781,1989.5264343483375,2181.639211464243
nrc_groeneveld_24579pt__14676,488.0,291.2705177049878,451.1228013317614,408.6765391915661,333.2485078636402,289.563253719999,408.6765391915661
nrc_groeneveld_24579pt__3519,339.0,329.470077616009,365.5542602708913,365.6301110196105,340.69692174622253,269.0538050665637,365.6301110196105
nrc_groeneveld_24579pt__16345,3685.0,4020.5693940645006,3803.5401073597163,3994.2207214041846,4762.351216018502,4764.354517885301,3994.2207214041846
nrc_groeneveld_24579pt__9039,433.0,534.6345500638419,396.3749363496999,416.3994390309891,687.3421758231585,526.9241252556537,416.3994390309891
nrc_groeneveld_24579pt__24487,4406.1,4620.803691896097,6089.471229824322,5674.017950800103,5061.695251920272,4833.6522688495015,5674.017950800103
nrc_groeneveld_24579pt__7281,1530.0,1369.7961339549802,1632.8234326810211,1531.7770884711651,1611.2794205579628,1555.790160135481,1531.7770884711651
nrc_groeneveld_24579pt__8444,2462.0,2546.3285870193113,2708.5989463873198,2656.049757186051,3021.1319913106868,2987.3042597047956,2656.049757186051
nrc_groeneveld_24579pt__18397,2557.0,2668.1567645868977,2715.2058146811323,2613.2644199340007,2060.8632427871225,2442.756133947839,2613.2644199340007
nrc_groeneveld_24579pt__15737,1163.0,1315.6536588544907,1250.0802910363918,1237.3695477550193,1056.6261566832584,1201.91063687894,1237.3695477550193
nrc_groeneveld_24579pt__17386,4153.0,4304.931294301289,4268.81681967615,4208.46256192795,4307.137244840782,4509.25561974125,4208.46256192795
nrc_groeneveld_24579pt__20082,1640.0,1786.2140233210282,1662.7823808247701,1694.962098307328,1853.3194525380677,1860.8090870088495,1694.962098307328
nrc_groeneveld_24579pt__11194,1536.0,1625.8160316855538,1686.6632799816953,1578.1651180535962,1295.3512825961209,1480.5654450467146,1578.1651180535962
nrc_groeneveld_24579pt__15802,1081.0,1142.7758488445427,910.7709942348973,968.1221552447505,938.547495366423,1262.4329432651093,968.1221552447505
nrc_groeneveld_24579pt__10784,590.0,560.4406539073001,514.7539508693358,478.8195160245107,564.269215282062,571.4679952065493,478.8195160245107
nrc_groeneveld_24579pt__23137,436.0,543.4977129299158,530.765236709412,559.8460691089767,576.346119438143,476.35369523828894,559.8460691089767
nrc_groeneveld_24579pt__2802,2020.0,1780.5240895686793,1972.620429025993,1851.6459544972467,1822.608006449126,1591.9546262498272,1851.6459544972467
nrc_groeneveld_24579pt__14804,248.0,396.1038277086457,299.248847037341,303.6498214224206,362.4467664566654,270.42921435795455,303.6498214224206
nrc_groeneveld_24579pt__10662,1488.0,1429.624335429374,1560.3584103856174,1625.6907492671887,1841.0131996453995,1750.4040106431453,1625.6907492671887
nrc_groeneveld_24579pt__9361,1893.0,2207.809093936206,1962.165715631969,2076.0670988869247,2307.2945401341153,2171.597695676118,2076.0670988869247
nrc_groeneveld_24579pt__16778,2275.0,2242.7453584783357,2273.2011128409645,2257.012205841747,2066.3234666836006,2273.3861901757946,2257.012205841747
nrc_groeneveld_24579pt__4526,2259.0,1975.6090133607092,2182.895429385589,2065.9694643862595,1984.4217686715722,2216.784445444742,2065.9694643862595
nrc_groeneveld_24579pt__23669,374.0,355.0820235034888,411.7677006004423,375.92785668744943,398.55655216989896,305.3021604080415,375.92785668744943
nrc_groeneveld_24579pt__15839,1050.0,1045.4512350203495,950.0052891551488,1074.2841162184927,831.9937635469944,986.8517627536088,1074.2841162184927
nrc_groeneveld_24579pt__5385,1953.0,1631.5121725394215,1794.6026356209616,1923.288103538903,1369.444670838176,1496.9743455913474,1923.288103538903
nrc_groeneveld_24579pt__139,4600.0,4463.992186367146,4354.143707181149,4341.430557732989,3783.5934492814918,4325.289261476573,4341.430557732989
nrc_groeneveld_24579pt__23621,213.0,308.93003543844424,282.79689212694547,250.94648264697796,399.7103036974697,327.9560327542823,250.94648264697796
nrc_groeneveld_24579pt__196,2376.0,2270.9055477341876,2415.8402246047917,2380.9287588862794,1919.9583696002671,2006.006942408086,2380.9287588862794
nrc_groeneveld_24579pt__13272,3915.0,3352.397701122819,3776.631579848381,3897.5636548011817,2753.893841254653,3230.276872482409,3897.5636548011817
nrc_groeneveld_24579pt__5949,2070.0,1599.8804196408257,1956.51052855177,2016.124080376383,1547.1057187150789,1652.7590109954128,2016.124080376383
nrc_groeneveld_24579pt__22679,1698.0,2077.0200411142164,2129.7771466824515,2189.4137082516563,2078.756166119049,2391.86811236901,2189.4137082516563
nrc_groeneveld_24579pt__19092,8937.0,9785.480143397406,9071.687010568723,9097.91621335246,13132.996960741966,10516.994288534916,9097.91621335246
nrc_groeneveld_24579pt__21914,3778.0,3192.1345627468963,3785.209472753954,3785.0997088320155,2677.611192257448,3048.99183566246,3785.0997088320155
nrc_groeneveld_24579pt__22121,1034.1,904.3203237507628,1097.1155575382022,1062.3254021578769,952.5980510068615,917.5015975899428,1062.3254021578769
nrc_groeneveld_24579pt__7229,1435.3,1366.219417296017,1444.585922960347,1473.9140997068755,1612.4576769596895,1490.8395615139816,1473.9140997068755
nrc_groeneveld_24579pt__10727,737.0,601.681314270497,588.6574521693115,554.5307602671875,525.1551389832474,577.154847364338,554.5307602671875
nrc_groeneveld_24579pt__14680,399.0,276.39621919682264,388.467075502554,367.32686976380825,328.59987697653924,273.0151294575531,367.32686976380825
nrc_groeneveld_24579pt__18829,1070.0,1023.9241070621284,1155.8954177875125,1086.1306483690087,1026.8918516846786,1047.5736017439715,1086.1306483690087
nrc_groeneveld_24579pt__20865,1056.0,1126.2281783063718,1069.9581197022471,1105.2608752255765,1086.3977348453823,1107.600528291888,1105.2608752255765
nrc_groeneveld_24579pt__5639,4823.0,5020.8772768381905,3686.2909718182477,4792.486268480496,4357.193905712465,4705.799515769427,4792.486268480496
nrc_groeneveld_24579pt__832,361.0,811.2453853685926,1342.2397058682677,840.2851820552837,1463.6048869661804,1047.7621036730914,840.2851820552837
nrc_groeneveld_24579pt__12517,823.0,702.9809794356013,746.3433542840087,761.9344330390506,646.2212415325829,663.1753153361126,761.9344330390506
nrc_groeneveld_24579pt__10422,1097.0,985.4515821376224,1191.277113783869,1126.1019532471607,1031.0095693192934,1055.5231041491443,1126.1019532471607
nrc_groeneveld_24579pt__10565,324.0,504.2501034756428,408.8070732456979,435.25437293630006,544.1203788110876,490.28248786523426,435.25437293630006
nrc_groeneveld_24579pt__20840,1110.0,1002.4893923534776,844.427291019908,938.0763291468046,1037.919775169692,1023.9637840093915,938.0763291468046
nrc_groeneveld_24579pt__12666,1246.0,1282.6596933577403,1304.3609200179237,1280.7110046566197,1014.0688410930038,1166.3870840971038,1280.7110046566197
nrc_groeneveld_24579pt__23426,216.0,269.1968984662957,246.97874288762594,243.75333958490137,315.8719687723327,288.5683839978217,243.75333958490137
nrc_groeneveld_24579pt__22919,1485.0,1521.7550998400106,1556.894874781534,1589.8181590888385,1361.2143619799044,1476.342664791388,1589.8181590888385
nrc_groeneveld_24579pt__6517,3974.8,4314.351942381284,4009.0606640237593,4001.849683504824,3800.3007773606823,4066.0488837252306,4001.849683504824
nrc_groeneveld_24579pt__3242,3247.0,2501.0401155175655,2596.840016998128,2810.0745364230993,2491.946294418296,2674.225755424688,2810.0745364230993
nrc_groeneveld_24579pt__15844,1390.0,1237.78651091376,1299.7987249078392,1292.8438057970088,953.6411201937893,1155.9583564670606,1292.8438057970088
nrc_groeneveld_24579pt__11428,311.0,406.31775180824525,325.4589576796474,290.6459482704767,364.17070736490933,374.3680662294461,290.6459482704767
nrc_groeneveld_24579pt__5553,4862.0,5022.54741135847,4506.168445543895,4576.568862875686,4227.214666780217,4668.473042139989,4576.568862875686
nrc_groeneveld_24579pt__9897,958.0,880.0860802251303,996.407804584559,962.6883257725336,979.0192304820403,1023.4009960933128,962.6883257725336
nrc_groeneveld_24579pt__13502,852.0,907.8886033725015,917.7255828688151,900.668998182869,587.5898916850343,764.1647057605627,900.668998182869
nrc_groeneveld_24579pt__18483,572.0,597.5909456158321,556.5996161782645,523.7064112968524,691.6026500803927,568.5770614393017,523.7064112968524
nrc_groeneveld_24579pt__17772,617.0,520.8953370707248,411.120444918565,398.66807366720025,581.2751129833963,518.0084584989198,398.66807366720025
nrc_groeneveld_24579pt__17837,1841.0,1667.7642910021702,1642.0782832010516,1528.6875039146448,1697.3494958318497,1767.5704567982998,1528.6875039146448
nrc_groeneveld_24579pt__3739,2010.0,1906.7504028602557,2041.1338182720294,1984.389458476733,1558.8365097870114,1526.4419902994334,1984.389458476733
nrc_groeneveld_24579pt__19313,1517.56,1575.043267155983,1532.914458974771,1595.2878092314622,1614.990258876842,1682.9112467067152,1595.2878092314622
nrc_groeneveld_24579pt__18784,640.0,714.4996193917627,688.7636004806983,696.0575867297713,609.2119512512028,680.4046743790286,696.0575867297713
nrc_groeneveld_24579pt__22394,1808.0,2519.464021524933,1983.0613197830316,1978.302210541309,2462.006781734398,2596.362787599718,1978.302210541309
nrc_groeneveld_24579pt__9887,469.0,586.4163114900899,504.85067143169226,502.3743628607871,565.9882515932608,560.0714128513944,502.3743628607871
nrc_groeneveld_24579pt__649,1069.0,1107.9377307873983,1079.2830018048883,1091.5842951951881,818.9023312820524,1040.3070130879028,1091.5842951951881
nrc_groeneveld_24579pt__4473,1113.0,1160.049316809846,1095.1468097233032,1256.6983754589485,1418.7107161913061,1319.0911785052717,1256.6983754589485
nrc_groeneveld_24579pt__10514,668.0,724.9977915216597,735.8643076429446,719.9973179832004,806.4050931901651,794.9856762414101,719.9973179832004
nrc_groeneveld_24579pt__14463,471.0,561.8724263190907,601.9827450002465,595.2597796483219,681.0213577595256,594.764226934246,595.2597796483219
nrc_groeneveld_24579pt__23129,1095.0,1042.8094553966969,791.5779302023753,871.3037434720807,1035.3642720369635,1015.6480453103231,871.3037434720807
nrc_groeneveld_24579pt__14820,420.0,508.93183793167225,396.7991786253218,425.0770753767349,458.49329974368527,368.8391213735484,425.0770753767349
nrc_groeneveld_24579pt__2958,2536.0,2335.9953869050632,2528.299676188855,2533.941500511278,2482.5506827231916,2180.9064096050442,2533.941500511278
nrc_groeneveld_24579pt__7774,591.09,592.8496603421925,575.3213952817928,611.9512642556068,639.158819747213,708.6372205518117,611.9512642556068
nrc_groeneveld_24579pt__11228,842.0,612.1472984920307,746.5565072903624,744.7934495222955,467.9570495930859,551.7542018720712,744.7934495222955
nrc_groeneveld_24579pt__10197,2203.0,2165.9963803885576,2228.1338615164573,2114.3820472506554,1844.4214670291608,2073.8380055786643,2114.3820472506554
nrc_groeneveld_24579pt__17746,643.0,758.7520929390992,805.0163751346128,717.1264739372843,974.2157794201706,896.5207005606466,717.1264739372843
nrc_groeneveld_24579pt__7405,562.8,948.3440559275575,497.40349418060987,665.6454162628839,960.926286501317,1060.791984124474,665.6454162628839
nrc_groeneveld_24579pt__22688,2583.0,2057.486450450565,2092.908700963689,2295.9677593319966,2010.1890076920427,2335.940173444099,2295.9677593319966
nrc_groeneveld_24579pt__17872,1100.0,1291.5429903135355,1199.6236939438156,1111.2156829604667,1289.9176540773258,1349.9440817087125,1111.2156829604667
nrc_groeneveld_24579pt__13403,3274.0,2689.510898515428,3052.1125234020465,2946.696517168016,2172.812180735446,2306.408638560843,2946.696517168016
nrc_groeneveld_24579pt__16018,1122.0,1203.8281491842915,1115.678334571533,1112.345212569125,947.2059296733933,1282.4355453490173,1112.345212569125
nrc_groeneveld_24579pt__10877,830.0,797.1689740474804,767.4555478423475,812.142722907793,725.3734397783774,735.0000454601591,812.142722907793
nrc_groeneveld_24579pt__1905,1763.0,1727.9215143399656,1714.2443793575067,1953.837981500999,1776.5226980429668,1831.297063209557,1953.837981500999
nrc_groeneveld_24579pt__18441,598.0,639.9723066499804,576.4588369579852,544.119730229151,707.4897397270263,641.839971474524,544.119730229151
nrc_groeneveld_24579pt__6519,5741.4,5087.117200555521,5118.454857563586,4795.948248874348,4507.138860884076,4611.473212785331,4795.948248874348
nrc_groeneveld_24579pt__10616,465.0,489.8830706823573,396.51454531929545,417.2349566543659,570.3702097397546,481.1900943520066,417.2349566543659
nrc_groeneveld_24579pt__14394,1247.0,1470.8917254378039,1750.549922374067,1690.9489655282566,1408.2606730218406,1649.470797144842,1690.9489655282566
nrc_groeneveld_24579pt__18326,1765.0,2047.533951601004,1863.4535880491371,1993.3046816937638,2210.9727489141565,2172.4598206723067,1993.3046816937638
nrc_groeneveld_24579pt__20381,3910.0,3679.5782627066055,3817.407515301754,4003.1187613821858,3418.7472270694198,3646.0944731332947,4003.1187613821858
nrc_groeneveld_24579pt__4054,629.0,671.7074388091171,728.8948116246187,788.9428447970324,841.6622298371517,808.9130945392636,788.9428447970324
nrc_groeneveld_24579pt__13496,2348.0,1979.640599065591,2118.0392857995225,2206.198508768612,1847.4974117302504,2023.143386961339,2206.198508768612
nrc_groeneveld_24579pt__7316,544.3,797.7331343383605,591.0813945051098,666.9571814959511,880.6564776073851,745.4065410437669,666.9571814959511
nrc_groeneveld_24579pt__18139,2517.0,2608.466480496943,2522.9325732030793,2439.1305953874594,2502.4160364890254,2543.4454317437257,2439.1305953874594
nrc_groeneveld_24579pt__23168,1433.0,1197.3684098106958,1435.543857052402,1362.7997024802312,1142.9629345264127,1308.4201768648563,1362.7997024802312
nrc_groeneveld_24579pt__16236,3030.0,3019.5010743693556,2786.6500798108145,2706.3822243635486,2380.9970861335096,2746.6180476623244,2706.3822243635486
nrc_groeneveld_24579pt__10713,1349.0,1297.5993783200322,1485.1864948542486,1378.5735026368072,1316.7187841229022,1453.6192946084882,1378.5735026368072
nrc_groeneveld_24579pt__21756,920.0,738.0429799494793,740.0507405960523,742.5185712608252,567.7203946459628,644.0918340593826,742.5185712608252
nrc_groeneveld_24579pt__5578,3790.0,3647.5011537424325,3434.6019784956543,3564.6407450584866,3117.2597827616983,3625.2183038246385,3564.6407450584866
nrc_groeneveld_24579pt__24233,607.0,642.077874274733,559.4913608505306,621.167314045708,756.5237174068844,708.2872666498774,621.167314045708
nrc_groeneveld_24579pt__6957,3410.1,2420.426816089734,2728.9250065329843,2753.609565323193,2621.150367374352,2766.4564733726756,2753.609565323193
nrc_groeneveld_24579pt__8563,559.0,496.57202958972226,545.907455634519,571.6217646067437,522.4542011449394,466.35160579532675,571.6217646067437
nrc_groeneveld_24579pt__20835,1449.0,1195.8004718964776,1154.095680710554,1117.3674396948227,1111.2254074244593,1152.7311249063168,1117.3674396948227
nrc_groeneveld_24579pt__20728,1046.0,910.7481564880666,1009.1445818175778,898.0627334909043,956.073741276552,918.936184017226,898.0627334909043
nrc_groeneveld_24579pt__22976,2530.0,2523.9334858174407,2408.811906172143,2580.111703228207,2508.933459042706,2675.825752234673,2580.111703228207
nrc_groeneveld_24579pt__22927,1588.0,1279.312913276957,1167.0670673741142,1268.0627605357997,1217.5257181823308,1283.8134037800671,1268.0627605357997
nrc_groeneveld_24579pt__9029,1372.0,1314.6094081169679,1321.3328279713548,1263.8206705536952,1154.520220540151,1196.2303794865918,1263.8206705536952
nrc_groeneveld_24579pt__3687,2068.0,2191.77458073367,2064.8318718947435,1957.8875667012271,1995.3546595024889,2103.631070570427,1957.8875667012271
nrc_groeneveld_24579pt__8958,1268.0,1067.3429269245662,918.8407858421207,839.5431280065375,1053.9678815980055,1055.264704059803,839.5431280065375
nrc_groeneveld_24579pt__12400,1581.0,1587.900421698627,1544.3142533868695,1595.6588459261359,1289.8001607573829,1478.4981268532918,1595.6588459261359
nrc_groeneveld_24579pt__15824,568.0,660.4581061998585,528.1168536827704,577.7549306985866,651.248607865388,825.7072567516121,577.7549306985866
nrc_groeneveld_24579pt__22390,1706.0,1780.354938606559,1972.3848835167537,1836.3513956375764,2006.5297986760174,2066.6444338255706,1836.3513956375764
nrc_groeneveld_24579pt__15218,1465.0,1386.6552354125693,1438.4425868444612,1465.0714737961225,1264.0341937724306,1316.417349401943,1465.0714737961225
nrc_groeneveld_24579pt__6696,466.0,439.24935061199136,447.4821276299115,439.8679671225091,491.20119120062026,505.6269602037888,439.8679671225091
nrc_groeneveld_24579pt__105,3330.0,3792.70052773349,3191.162614630338,3216.4357916674107,3210.728659270394,3679.145575462594,3216.4357916674107
nrc_groeneveld_24579pt__1094,575.0,585.8979394663621,573.3888247840484,593.9083066079471,752.5329975202754,515.3415733515866,593.9083066079471
nrc_groeneveld_24579pt__8350,1938.0,1590.4508304567994,1676.6809273485226,1494.883505006727,1269.4203180307547,1281.523470279657,1494.883505006727
nrc_groeneveld_24579pt__14999,127.0,156.36834003608737,128.530908076777,141.8220307441117,85.99601635511084,149.61172611140842,141.8220307441117
nrc_groeneveld_24579pt__22881,1453.0,1714.9163607070732,1815.1253950406895,1791.1151455069776,1709.9299233688328,1939.7419214338192,1791.1151455069776
nrc_groeneveld_24579pt__16124,2668.0,2491.326579745236,2479.0300796763645,2583.6125028456695,2276.471887406275,2621.4317929412614,2583.6125028456695
nrc_groeneveld_24579pt__17312,2314.0,2391.429961472569,2312.073326771037,2442.589689583355,2146.0869246068423,2400.415935292013,2442.589689583355
nrc_groeneveld_24579pt__6276,7640.0,6920.456611442102,6666.154811412023,7355.805391769631,7120.584592951043,6327.357427185304,7355.805391769631
nrc_groeneveld_24579pt__18226,883.0,716.1826564719669,853.0859014279042,791.2551129669057,611.6613297875708,672.235327135955,791.2551129669057
nrc_groeneveld_24579pt__12141,2501.0,2362.341297088286,2200.10174815977,2237.281865841619,1817.8860048941913,2040.5574931693527,2237.281865841619
nrc_groeneveld_24579pt__15569,663.0,775.3600737191144,769.0717588718628,722.0906347532432,891.3369002519662,827.0900724796358,722.0906347532432
nrc_groeneveld_24579pt__18029,376.0,567.8635089702564,599.6792688822691,544.0196262614055,535.0775708398708,561.149584228864,544.0196262614055
nrc_groeneveld_24579pt__23430,408.0,562.5117521612694,452.3771619981774,469.47309279227255,583.6493161556049,568.167904553595,469.47309279227255
nrc_groeneveld_24579pt__10676,1108.0,1054.188325441468,985.8260777305234,938.0483436471102,858.6241154132794,930.4018663677497,938.0483436471102
nrc_groeneveld_24579pt__1869,1026.0,937.3025471993453,1035.2758784581142,999.8334114896311,975.0561061740925,947.9289764766861,999.8334114896311
nrc_groeneveld_24579pt__8801,1953.0,1809.6465110251443,1820.8744867385774,1772.797615653451,1624.6953002801617,1775.5830488184133,1772.797615653451
nrc_groeneveld_24579pt__2842,2031.0,2014.9044871429396,2126.078521377732,2209.9688771339493,1955.7473909839543,2019.6126293404966,2209.9688771339493
nrc_groeneveld_24579pt__10500,755.0,912.6950533924245,995.6407500632376,938.6995452787346,1127.76421918671,1073.4993560081205,938.6995452787346
nrc_groeneveld_24579pt__18138,2670.0,2719.692562650553,2729.867680822776,2603.480685544951,2560.9488598019175,2634.0908648232803,2603.480685544951
nrc_groeneveld_24579pt__2654,959.0,842.2235988191063,940.0095458559632,942.8211637228209,905.4379329099183,761.6007221562706,942.8211637228209
nrc_groeneveld_24579pt__15643,1465.0,1387.331066766317,1415.0425949112018,1361.0151284251142,967.7031020181748,1149.5302021394846,1361.0151284251142
nrc_groeneveld_24579pt__5549,4215.0,4538.951460051229,3229.69801601364,3777.8869813848346,3290.033181334904,3808.5788599622147,3777.8869813848346
nrc_groeneveld_24579pt__13726,488.0,491.50465613031037,491.223481311564,479.37099871457497,277.4702382864614,347.63767549108445,479.37099871457497
nrc_groeneveld_24579pt__3909,1218.0,1172.4420058441183,1151.4566407342559,1168.0888586724013,1120.0148052801244,1072.5167850468304,1168.0888586724013
nrc_groeneveld_24579pt__14735,624.0,480.2114834683042,477.0591382448019,555.146852760208,475.4745103775467,482.1998856382945,555.146852760208
nrc_groeneveld_24579pt__16130,2037.0,1999.045104601191,1951.1036147418079,1956.7146369882691,1932.027969717849,2174.570010560641,1956.7146369882691
nrc_groeneveld_24579pt__9141,1139.0,1146.1943783831398,1061.3389111229963,1198.235073912913,1214.246245972784,1225.0825071793001,1198.235073912913
nrc_groeneveld_24579pt__13112,789.0,677.1262556141681,657.578707863691,702.8217103917622,689.7906990507447,617.7727443167062,702.8217103917622
nrc_groeneveld_24579pt__21032,934.0,788.4340411686597,933.9860753835794,896.6513311040189,741.9130728424545,791.1570092377245,896.6513311040189
nrc_groeneveld_24579pt__8326,2779.0,2678.9349988481003,2465.294544921438,2790.475345991265,2321.5063227563774,2563.613963694458,2790.475345991265
nrc_groeneveld_24579pt__17007,2339.0,3013.544279807876,2431.3169420013073,2498.4081739052763,2794.096279018407,2819.0049486151374,2498.4081739052763
nrc_groeneveld_24579pt__2969,2992.0,2949.867084844456,2911.348914943577,2778.659539594456,2952.1209028373323,2799.2919529808137,2778.659539594456
nrc_groeneveld_24579pt__10190,3384.0,3140.34552634412,3386.852494150083,3432.0480997698505,2374.9211859366596,3074.6605145235962,3432.0480997698505
nrc_groeneveld_24579pt__2851,2009.0,2044.8193132152328,2109.8312824375034,2199.5514430229637,1987.740451667999,2030.2115292517426,2199.5514430229637
nrc_groeneveld_24579pt__10448,1721.0,1366.5804053620745,1740.0126240391517,1577.182369100479,1351.9148966688385,1471.7335946323346,1577.182369100479
nrc_groeneveld_24579pt__14478,288.0,216.7562684598972,247.48011863704735,246.8667165807854,241.3062950620161,189.20553249610626,246.8667165807854
nrc_groeneveld_24579pt__13782,772.0,647.9960038099287,707.1718621249693,767.8762559258097,539.7756580739853,580.1048413086346,767.8762559258097
nrc_groeneveld_24579pt__2391,1531.0,1548.1576416308615,1531.5473798013654,1556.454135078932,1494.1471737081392,1516.338507406364,1556.454135078932
nrc_groeneveld_24579pt__12873,2581.0,2429.2241340969094,2589.1734938811187,2516.0201679074125,2266.533859331566,2118.0417498031793,2516.0201679074125
nrc_groeneveld_24579pt__9634,1558.0,1649.7602908870806,1694.5580494341336,1698.0798363782628,1421.2615844179677,1627.3484695475515,1698.0798363782628
nrc_groeneveld_24579pt__10431,1849.0,1592.1255745327285,1775.757711283541,1831.4867029232794,1379.0436890732165,1684.4371819971484,1831.4867029232794
nrc_groeneveld_24579pt__4975,883.0,942.3545873754416,857.5655234524536,872.0396789946323,1057.6573345372103,1039.0678051559926,872.0396789946323
nrc_groeneveld_24579pt__285,1500.0,1387.2219885242907,1285.3199024068863,1382.881725240199,1073.3087823337048,1183.2819758154944,1382.881725240199
nrc_groeneveld_24579pt__6699,449.0,448.7042937322943,473.4635857595711,458.1423842711283,489.96011703742505,514.3654189870787,458.1423842711283
nrc_groeneveld_24579pt__2301,2022.0,2087.5315995397027,2029.6042633162342,1956.5496359955662,2030.6150780595904,2064.1057742811527,1956.5496359955662
nrc_groeneveld_24579pt__6197,1513.6,1562.262637782367,1674.0753698408773,1607.3602436098893,1523.4621881522069,1536.6478951651673,1607.3602436098893
nrc_groeneveld_24579pt__8935,1338.0,1294.3771366612675,1438.2685105669811,1315.1455357081775,1296.1434979012147,1313.8433914804211,1315.1455357081775
nrc_groeneveld_24579pt__5690,2418.0,2013.2236678190577,2163.607176032437,2214.747618181835,2286.993417314497,2251.9207933631096,2214.747618181835
nrc_groeneveld_24579pt__7054,2195.6,2133.808616346052,2164.774978931981,2216.22990648543,2574.474953168918,2293.7305178393963,2216.22990648543
nrc_groeneveld_24579pt__23001,154.0,213.76960274498384,179.4778553105216,179.618585446198,154.05769798514513,178.30456667433154,179.618585446198
nrc_groeneveld_24579pt__2353,3522.0,3317.6144579708266,3288.402463318122,3260.9271537457435,3342.007892817452,3606.5892568960917,3260.9271537457435
nrc_groeneveld_24579pt__3886,1175.0,1184.6261500945052,1242.5456589578264,1256.6358002352656,1039.556990014768,1152.1476268033327,1256.6358002352656
nrc_groeneveld_24579pt__11776,626.0,775.6684164882467,699.5624533592643,715.6545935560627,813.0847331575883,785.5887754957752,715.6545935560627
nrc_groeneveld_24579pt__9495,2814.0,2267.00686500264,2430.7195925924257,2295.1601284873336,2108.819638849949,2328.37438616606,2295.1601284873336
nrc_groeneveld_24579pt__11439,418.0,492.60702648568014,458.07814511244084,451.6749117831527,477.54822616690797,488.5291484961967,451.6749117831527
nrc_groeneveld_24579pt__2900,1019.0,1025.4139618654167,1038.551391530364,1075.0347552695494,1029.691301420101,1046.5714454030367,1075.0347552695494
nrc_groeneveld_24579pt__2596,2895.0,2814.457534367155,2706.8769274122515,2563.089519936316,2975.625396858544,3261.3489332924246,2563.089519936316
nrc_groeneveld_24579pt__9385,611.0,607.9273722917778,568.0752462440655,589.192829857155,633.2974147161397,638.0241059387189,589.192829857155
nrc_groeneveld_24579pt__1454,947.0,1093.0030690522601,908.910172671679,931.6675049331017,1004.6509198407991,1099.1294290275225,931.6675049331017
nrc_groeneveld_24579pt__13883,746.0,818.2806800935934,891.0450713212444,893.2368299003133,864.0556409490661,830.0950886786028,893.2368299003133
nrc_groeneveld_24579pt__17416,649.0,550.647832283637,572.1041244081869,533.0977981449439,572.8841756568793,510.1276548845171,533.0977981449439
nrc_groeneveld_24579pt__6369,8650.0,7721.4209318333915,7922.891395505624,7904.362149744902,6561.418946049995,7337.343805749057,7904.362149744902
nrc_groeneveld_24579pt__21577,420.0,514.0969625478684,354.3010293820173,405.33057777546406,543.753197814352,432.9545047885754,405.33057777546406
nrc_groeneveld_24579pt__19226,8687.0,9159.624692288755,8098.068397409631,8344.04253240046,9111.663080284417,9009.843545855387,8344.04253240046
nrc_groeneveld_24579pt__17956,2058.0,2107.5726541128615,1929.5492277673338,1853.3543957581942,2021.948363183153,2084.217756032198,1853.3543957581942
nrc_groeneveld_24579pt__18425,1303.0,1401.1370718283702,1280.3577077135847,1320.9603045912284,1251.8526996427308,1329.366791410483,1320.9603045912284
nrc_groeneveld_24579pt__9452,2258.0,2214.95549612457,2430.0052966926023,2235.908102095093,1927.5461371513973,2209.076203927106,2235.908102095093
nrc_groeneveld_24579pt__7001,1637.2,1620.681241575798,1338.011477095165,1204.8268133644806,1370.3958168637876,1399.47291423855,1204.8268133644806
nrc_groeneveld_24579pt__8937,1159.0,1141.8428072353618,1247.9294478462693,1341.052190781515,1216.7766270022626,1233.5050828790697,1341.052190781515
nrc_groeneveld_24579pt__21625,470.0,649.9606446889057,609.5079575361988,591.8981054484135,696.1599777576347,598.4572761727658,591.8981054484135
nrc_groeneveld_24579pt__21727,940.0,774.4977305322324,922.7366315108884,869.4687168041179,575.0201456919023,681.1017473733431,869.4687168041179
nrc_groeneveld_24579pt__15230,669.0,534.1842297745748,684.7514631653333,690.0318128970038,639.8689909213766,574.5846045086289,690.0318128970038
nrc_groeneveld_24579pt__8241,2236.0,2138.3224581876634,2619.69285459104,2718.948849658083,2062.726744223335,2402.047699638263,2718.948849658083
nrc_groeneveld_24579pt__20478,760.0,819.0368734854561,678.9788512281401,643.7227116981796,657.010517603551,715.5318004277619,643.7227116981796
nrc_groeneveld_24579pt__3451,2408.0,2167.7617444568245,2410.7327891982463,2569.6005532238923,1943.5130431037069,2134.9454727752077,2569.6005532238923
nrc_groeneveld_24579pt__5564,2295.0,1921.144584158561,2261.568702000651,2308.362084047829,1189.5899430815412,1745.4571555086275,2308.362084047829
nrc_groeneveld_24579pt__11234,618.0,516.9874586254608,601.0996932678867,646.2775750285498,459.37841533383084,481.5652835007507,646.2775750285498
nrc_groeneveld_24579pt__21877,1200.0,981.6473546529976,981.9223322992665,1050.4729234664305,915.0098635372759,948.2101950823454,1050.4729234664305
nrc_groeneveld_24579pt__7108,2362.8,2183.2555319110797,2365.386377204838,2292.272073070411,2183.3839134034492,2120.578021238668,2292.272073070411
nrc_groeneveld_24579pt__24415,358.0,369.75252692501925,352.234910005178,353.2880543261917,345.28665754154923,376.58868789148715,353.2880543261917
nrc_groeneveld_24579pt__662,269.0,401.59846544742595,302.8938397631793,328.08440547683193,422.4401778345911,449.84826526833155,328.08440547683193
nrc_groeneveld_24579pt__15190,939.0,650.0412961049111,874.8039137457499,764.5819414743662,739.4059919218041,670.5972228363833,764.5819414743662
nrc_groeneveld_24579pt__15155,1290.0,1550.9640862572217,1393.5563449440895,1466.0396699551895,1315.9996031762623,1406.3187758251838,1466.0396699551895
nrc_groeneveld_24579pt__5571,2900.0,2794.839702949816,2737.044921123756,2624.994103476145,2259.128835494034,2627.817681514866,2624.994103476145
nrc_groeneveld_24579pt__10779,805.0,790.6655116825775,759.1921977521689,775.1535507652984,608.7314790648263,723.8027009107993,775.1535507652984
nrc_groeneveld_24579pt__3595,2018.0,1872.14359336929,1903.9469394341916,1990.9171820467766,1574.9076305237365,1729.978547496848,1990.9171820467766
nrc_groeneveld_24579pt__17839,1562.0,1550.2453394136114,1549.7926822934774,1374.6985718854207,1633.178296021311,1665.3255393413885,1374.6985718854207
nrc_groeneveld_24579pt__6582,4889.6,4274.424809381453,5066.878253192953,4732.802930410277,4852.120251455922,4631.4325578895005,4732.802930410277
nrc_groeneveld_24579pt__6226,2155.9,2642.594385755333,2289.380151796724,2218.865459975582,2360.26548836693,2568.1740122287015,2218.865459975582
nrc_groeneveld_24579pt__16040,1858.0,2190.0607108912764,1871.9888426735733,1986.837530218538,2678.429910662546,3402.4402613047605,1986.837530218538
nrc_groeneveld_24579pt__16272,3397.0,3285.764204640628,3379.069647395256,3250.7752718833362,3676.9836800554067,3800.767632280569,3250.7752718833362
nrc_groeneveld_24579pt__23318,971.0,1222.3107643703502,1076.099964388132,1106.7417939773122,1115.0985715041993,1130.85055274204,1106.7417939773122
nrc_groeneveld_24579pt__5944,1900.0,1598.1492634210176,2015.7755052544805,1911.0816807383567,1588.1533023237205,1726.2337949919574,1911.0816807383567
nrc_groeneveld_24579pt__3718,1394.0,1211.2991270935715,1397.5765102765524,1477.931861543113,885.8672815068308,858.6721309331896,1477.931861543113
nrc_groeneveld_24579pt__23935,261.0,290.7648818947634,259.7440901902018,273.1584276050203,270.7510717272694,303.45257906388423,273.1584276050203
nrc_groeneveld_24579pt__8869,4367.0,3490.6680092120714,4073.921298260799,4272.475351515719,3391.625714360608,3810.8508913757532,4272.475351515719
nrc_groeneveld_24579pt__15992,348.0,343.8296679044191,344.45282131737423,368.43623720960414,425.2057113874825,343.24901326102326,368.43623720960414
nrc_groeneveld_24579pt__8281,1710.0,1775.2216671385356,1787.6212285125468,1761.8212937345802,1540.0712747543732,1757.9975787438184,1761.8212937345802
nrc_groeneveld_24579pt__5920,2170.0,1575.8753118115817,1999.8078779629361,1971.3294024845127,1687.1350369769448,1834.0444027123515,1971.3294024845127
nrc_groeneveld_24579pt__20364,2210.0,1850.0252689622496,1811.5877595712382,1931.0803412415682,1744.9248958324176,1731.5694784404586,1931.0803412415682
nrc_groeneveld_24579pt__2774,1013.0,931.4370685283587,1047.5121914644858,988.2950691909621,1012.0478508282258,955.9770025408446,988.2950691909621
nrc_groeneveld_24579pt__14249,3261.0,3771.4632992365837,3301.8729497030545,3278.9642517668676,3487.392397670396,3569.792860129125,3278.9642517668676
nrc_groeneveld_24579pt__23091,1090.0,920.0446526571693,929.814575298241,868.6074604090742,1096.7011876347722,1033.6975941170044,868.6074604090742
nrc_groeneveld_24579pt__15932,722.0,614.6690935084007,709.9928347958297,674.0487345267481,708.7706811297758,579.3601645446664,674.0487345267481
nrc_groeneveld_24579pt__10281,1593.0,1336.6738443498425,1526.4323370233603,1344.9365681960799,1100.1118103158774,1232.1266807595541,1344.9365681960799
nrc_groeneveld_24579pt__16983,2257.0,2851.0440048824753,2395.3090486268884,2275.7107963236886,2738.4415503647574,2740.9356301907155,2275.7107963236886
nrc_groeneveld_24579pt__10352,225.0,440.664080766668,355.9040809197427,358.8252984290976,451.7551874161098,399.1851149400366,358.8252984290976
nrc_groeneveld_24579pt__11385,418.0,524.5717129373832,445.0796878771267,470.0685506216593,425.33485511768873,469.670947224396,470.0685506216593
nrc_groeneveld_24579pt__8541,318.0,452.45575148221076,413.9518318130357,391.3991783623926,407.28930694707884,386.33938647661824,391.3991783623926
nrc_groeneveld_24579pt__8738,6838.0,5882.4747638469735,7258.933487647143,7374.811189539768,5651.807349680074,6048.450468600621,7374.811189539768
nrc_groeneveld_24579pt__155,2389.0,2342.315371277503,2286.235562352664,2008.3470298239024,2089.4911664361434,2335.893590406565,2008.3470298239024
nrc_groeneveld_24579pt__10412,1093.0,862.5131564557197,1042.932605395009,908.8441054051317,1184.2093057803436,1076.938146252882,908.8441054051317
nrc_groeneveld_24579pt__3947,402.0,440.2317655888748,428.69873788427213,442.55783015808436,527.2433927068043,477.0102123019573,442.55783015808436
nrc_groeneveld_24579pt__17630,1295.0,1271.6922392411677,1192.7815707714863,1152.9406582344723,1332.1381513322506,1338.0480895748965,1152.9406582344723
nrc_groeneveld_24579pt__21511,580.0,781.0691580111412,697.198711055047,724.7141215781859,804.7438610923601,699.0327477431501,724.7141215781859
nrc_groeneveld_24579pt__3506,651.0,587.9384413954075,583.97895810579,574.635147826757,678.990978671243,600.3766498769514,574.635147826757
nrc_groeneveld_24579pt__1109,338.0,400.2323875499542,339.42725635159525,326.87224827115375,426.19213489731067,357.8704932075238,326.87224827115375
nrc_groeneveld_24579pt__4837,2997.0,2933.4392536198125,3032.3504559669896,2910.5996340704028,2601.709827787973,2747.3901077843457,2910.5996340704028
nrc_groeneveld_24579pt__23796,2830.0,3534.6731527777774,3112.6349785786565,3151.3250760102865,3371.7187526810962,3713.077725467532,3151.3250760102865
nrc_groeneveld_24579pt__21598,370.0,454.7266699747193,415.48277221187976,431.80283476934864,533.6452109328695,382.73806075763,431.80283476934864
nrc_groeneveld_24579pt__8589,2376.0,2222.1798378289463,2355.720041648543,2436.198231533241,2111.5162679120226,2400.4422504115573,2436.198231533241
nrc_groeneveld_24579pt__8342,882.0,768.571665792889,754.594771479833,799.432484070454,861.3179671326335,748.8033647517617,799.432484070454
nrc_groeneveld_24579pt__21358,1120.0,889.0665482072748,918.06083609179,946.6387769642971,819.0105024007704,874.2834367789105,946.6387769642971
nrc_groeneveld_24579pt__7863,700.6,641.46041638949,740.0258119652333,697.9426898888916,801.7544425114728,729.9134940959293,697.9426898888916
nrc_groeneveld_24579pt__7109,2813.9,2411.7825665493665,2730.64841430155,2699.497586349927,2302.8275160563826,2318.111854545083,2699.497586349927
nrc_groeneveld_24579pt__2671,1484.0,1373.5891322591783,1487.7109991833765,1479.8428262536288,1509.6297327601667,1312.2415204854956,1479.8428262536288
nrc_groeneveld_24579pt__10078,2848.0,2366.3665150056504,2699.65511143055,2753.80967322994,2882.535895462478,2517.475377264465,2753.80967322994
nrc_groeneveld_24579pt__15742,1174.0,1370.4627774321912,1221.7749984567467,1351.1906177320338,1114.9263591805227,1270.1151491858814,1351.1906177320338
nrc_groeneveld_24579pt__15803,796.0,940.8587832575266,806.7561736309203,810.5348098004473,791.6266412043663,1120.5675370014167,810.5348098004473
nrc_groeneveld_24579pt__12881,859.0,808.1804189008107,786.0278966348347,814.7759261898191,645.6236953793813,796.0789409463725,814.7759261898191
nrc_groeneveld_24579pt__6101,2047.0,1935.3857461740079,2087.1283173971915,2106.3149272446763,1797.2135052753936,2110.5460934174353,2106.3149272446763
nrc_groeneveld_24579pt__13932,1887.0,1833.217066493754,1894.0601892167865,1935.7755758709952,1621.8729305962968,2108.6639463107053,1935.7755758709952
nrc_groeneveld_24579pt__7024,1747.6,1644.8199863562188,1898.1731918088558,1455.446024123012,1524.5068042797775,1638.9696530697017,1455.446024123012
nrc_groeneveld_24579pt__4579,1418.0,1138.1886755828589,1322.2649839515705,1343.5347101532632,1703.317391138516,1333.9534418374342,1343.5347101532632
nrc_groeneveld_24579pt__5391,967.0,888.9858205900518,852.9865895082851,846.2783448949409,797.1436367245896,745.7492888728948,846.2783448949409
nrc_groeneveld_24579pt__6411,3817.1,2758.2056666288136,3749.1309366473884,3708.817953058859,2605.973731471948,2975.3290443299625,3708.817953058859
nrc_groeneveld_24579pt__15733,1163.0,1248.9771627854184,1227.6193152726958,1182.1299752905734,981.5172829225093,1126.659968136854,1182.1299752905734
nrc_groeneveld_24579pt__20655,2657.0,2404.8090444767445,2003.1967995493314,2684.7772281807447,2051.41543412384,2227.9374868659324,2684.7772281807447
nrc_groeneveld_24579pt__22982,504.0,558.7547960786158,540.2559244400766,516.9885108304951,708.634178629025,624.0618334415418,516.9885108304951
nrc_groeneveld_24579pt__21844,1020.0,803.5913582972021,904.405391653364,927.3237400784019,664.1498725189298,746.0102847601388,927.3237400784019
nrc_groeneveld_24579pt__16399,3064.0,3119.195588666356,2927.426174740263,3171.1868140170764,2847.2110189571467,3265.7999087733588,3171.1868140170764
nrc_groeneveld_24579pt__14617,288.0,252.63801964858774,184.7681253988469,206.01161738060355,226.64897191590447,231.65867427998353,206.01161738060355
nrc_groeneveld_24579pt__5354,1506.0,1584.1823212894535,1631.7570374626848,1777.6957683577104,1382.1450761222002,1460.7648134703998,1777.6957683577104
nrc_groeneveld_24579pt__543,1163.0,1314.5505196388126,1252.8984125782126,1216.0796213278607,1055.4167824229228,1200.097628954961,1216.0796213278607
nrc_groeneveld_24579pt__6809,336.0,356.2888712256322,350.9754112650477,343.4024339399291,331.2850524087147,346.094068418301,343.4024339399291
nrc_groeneveld_24579pt__17588,3471.0,3488.8979812899934,3830.5432538669947,3680.059493310615,3651.4990069344594,3858.6195060003424,3680.059493310615
nrc_groeneveld_24579pt__5507,2111.0,1768.5162797154046,2151.8642125294105,2112.684793454324,1609.631771187025,1947.0343503588365,2112.684793454324
nrc_groeneveld_24579pt__11249,683.0,583.9640770565946,651.8697962536614,628.0551613010184,554.5661053927456,575.6549338326444,628.0551613010184
nrc_groeneveld_24579pt__7922,1835.0,1682.0132450707151,1570.4173291397708,1563.258719502396,1493.1795280151614,1731.604249510335,1563.258719502396
nrc_groeneveld_24579pt__298,1744.0,1608.9429548793566,1559.7578987866139,1554.3831877364478,1488.7586673884016,1646.037193658666,1554.3831877364478
nrc_groeneveld_24579pt__9176,2686.0,2268.3560915364114,2222.0803074246337,2085.430412387946,1831.2010354541342,2130.080924862156,2085.430412387946
nrc_groeneveld_24579pt__17124,1412.0,1188.5945209362635,1260.3906889028879,1291.4794236485393,1226.2917537064727,1272.171540061512,1291.4794236485393
nrc_groeneveld_24579pt__19171,8575.0,8507.18449924784,8346.510501211798,8163.7911906795825,6854.052891613404,7736.406296776172,8163.7911906795825
nrc_groeneveld_24579pt__22499,1008.0,1341.850483486661,1322.6715021747762,1319.2423266498947,1319.1861349092294,1365.0985526697498,1319.2423266498947
nrc_groeneveld_24579pt__2419,1980.0,1771.5074851204722,2062.5448552034177,2131.09090422027,2111.3725571096247,2143.1266833887703,2131.09090422027
nrc_groeneveld_24579pt__7413,422.9,713.1900983625567,408.66930128612773,585.3775064440722,923.1855271942075,1010.6942970705005,585.3775064440722
nrc_groeneveld_24579pt__8268,2848.0,2777.3375649270743,2647.056996226062,2531.323323477708,2170.1674763983538,2489.568153051109,2531.323323477708
nrc_groeneveld_24579pt__13658,1104.0,879.9139703830797,1017.712173941171,939.4557391999027,734.1830813176637,759.9515127449013,939.4557391999027
nrc_groeneveld_24579pt__13511,1554.0,1460.5515274979955,1711.685782342653,1692.3273199317127,1454.9154135780643,1498.000798628184,1692.3273199317127
nrc_groeneveld_24579pt__5406,3725.0,2709.6472949627755,3603.7216971962757,4708.285757417836,2572.1148931978846,3413.6034614431005,4708.285757417836
nrc_groeneveld_24579pt__10068,4194.0,4316.9372925274565,4145.014780652368,4280.779900330107,3815.1340281223947,3837.5703983661856,4280.779900330107
nrc_groeneveld_24579pt__3066,1505.0,1544.7852407528183,1476.5796549848594,1591.0584775605982,1548.3635067141588,1339.664115139627,1591.0584775605982
nrc_groeneveld_24579pt__4977,760.0,879.7607129906854,803.5988462518849,793.7386055494038,1020.5675758371773,988.1424181260682,793.7386055494038
nrc_groeneveld_24579pt__249,3030.0,3392.2270105197326,2994.0141400476687,2949.903392385153,3116.5032945487474,3325.737168631897,2949.903392385153
nrc_groeneveld_24579pt__21000,525.0,402.00801997069584,410.4152410345989,411.29234754736893,345.56511053302773,316.4555336672026,411.29234754736893
nrc_groeneveld_24579pt__13732,713.0,677.5573031077643,659.632661098621,720.9354099538917,451.6910269652486,508.44526728531764,720.9354099538917
nrc_groeneveld_24579pt__6081,1323.7,1371.8181755645255,1347.719734819449,1452.36348336326,1191.8877925754882,1245.2870431450092,1452.36348336326
nrc_groeneveld_24579pt__20073,2350.0,2304.6667471752353,2314.115838161331,2297.984548041726,2026.3517347397387,2234.847276226286,2297.984548041726
nrc_groeneveld_24579pt__17090,1317.0,1269.7228747811396,1399.8877180278969,1476.1174174006585,1443.5417157823815,1457.9075045129782,1476.1174174006585
nrc_groeneveld_24579pt__14785,273.0,364.3106239452902,219.3091475050922,236.76006756286802,279.88946101765754,197.09850534964028,236.76006756286802
nrc_groeneveld_24579pt__9466,2645.0,2484.5697923052235,2619.5909298712895,2556.0614745632947,2449.281475328669,2654.8395299174736,2556.0614745632947
nrc_groeneveld_24579pt__20089,1070.0,1266.9644068558077,1225.03742034044,1313.4142513111542,1559.6501713575433,1413.4694226611653,1313.4142513111542
nrc_groeneveld_24579pt__9846,2220.0,2404.438315164817,2461.9472880853655,2241.2785058530562,2178.712604978209,2240.9325083735607,2241.2785058530562
nrc_groeneveld_24579pt__20493,664.0,643.7505625957284,609.2119691566281,626.7584180846666,534.3982894364366,611.3724191677767,626.7584180846666
nrc_groeneveld_24579pt__17965,2390.0,2339.3804434007184,2296.982130208108,2170.1609890587974,2164.920645867032,2290.0237218456505,2170.1609890587974
nrc_groeneveld_24579pt__20261,2440.0,2433.4834198566964,2059.2213834817467,2124.6501402262734,2257.185389992703,2268.224280642816,2124.6501402262734
nrc_groeneveld_24579pt__8828,1546.0,1415.0357948329004,1743.700577173945,1723.6527862066448,1388.2846528577802,1492.2391955195037,1723.6527862066448
nrc_groeneveld_24579pt__12919,2107.0,2272.486060802697,2081.078807024492,2185.684652486522,2225.3019261319705,2018.3925933954883,2185.684652486522
nrc_groeneveld_24579pt__21281,680.0,645.1330724368444,675.7298659294657,687.9442754190896,667.853334298841,736.9898886102608,687.9442754190896
nrc_groeneveld_24579pt__11046,1623.0,1404.545025711628,1461.3531486799584,1513.0571358062762,1120.151435311025,1294.578221564969,1513.0571358062762
nrc_groeneveld_24579pt__23800,2599.0,3033.9424342055254,2846.0719170403277,2872.606926905334,2885.1146250127485,3351.5014985507546,2872.606926905334
nrc_groeneveld_24579pt__7728,1450.772,1743.7647206485287,1637.0036663362037,1572.2914951245182,1618.1847760782764,1706.999738339093,1572.2914951245182
nrc_groeneveld_24579pt__20412,1700.0,1639.999660756569,1645.9460380787682,1731.658446605188,1632.9041832282605,1594.1328255004173,1731.658446605188
nrc_groeneveld_24579pt__7011,892.8,1101.733734161257,1047.0153069811313,932.9268178997672,1176.8594378722844,1140.1514600273765,932.9268178997672
nrc_groeneveld_24579pt__10848,522.0,524.0637326312927,468.0689473634146,440.4910979704579,574.8852614132925,541.3047798090444,440.4910979704579
nrc_groeneveld_24579pt__11108,1116.0,1225.1537216913612,1346.4721581350784,1170.4940333447146,1333.4151611272523,1330.876701228617,1170.4940333447146
nrc_groeneveld_24579pt__13835,822.0,768.8916755673362,758.2172750199995,717.2540108643288,812.024596275411,809.7177127232147,717.2540108643288
nrc_groeneveld_24579pt__23654,461.0,545.2513709702541,497.5322310570304,501.63506865358005,556.7903867156135,502.9075395120263,501.63506865358005
nrc_groeneveld_24579pt__2236,1526.0,1460.5474144578598,1668.4936493012337,1647.1820739047448,1768.5958327255137,1758.9175322094427,1647.1820739047448
nrc_groeneveld_24579pt__1376,1070.0,992.3142379465298,1048.3499916790763,1025.4036826620243,991.9550813430108,1013.8966025998388,1025.4036826620243
nrc_groeneveld_24579pt__20324,1960.0,1781.514136086869,1962.4509494454749,1839.004260045555,1961.8897564844417,1925.283536927211,1839.004260045555
nrc_groeneveld_24579pt__4138,1827.0,1635.133807884486,1713.5664084264367,1672.3900207972756,1376.438582718516,1621.9124101346497,1672.3900207972756
nrc_groeneveld_24579pt__7767,343.936,420.5381877730184,364.4960202328645,349.4450215992752,529.1639311176098,564.215937713643,349.4450215992752
nrc_groeneveld_24579pt__11906,3500.0,3360.694578739057,3764.4514081831444,3597.5487869564463,2737.039311510569,3078.3840450210923,3597.5487869564463
nrc_groeneveld_24579pt__20508,905.0,1187.22084845162,1075.0529997645517,1004.6024812738395,1089.7920055211537,1116.556720162899,1004.6024812738395
nrc_groeneveld_24579pt__17056,4295.0,3932.849676051008,4094.5384999557373,3936.19040172021,3272.05800766445,3825.158019274737,3936.19040172021
nrc_groeneveld_24579pt__11225,205.0,373.3485182130465,363.6875564905951,397.73284438626615,350.43516913097085,333.64362229421147,397.73284438626615
nrc_groeneveld_24579pt__3717,1358.0,1147.3584915229615,1493.1876717145244,1413.952157172241,828.8785107564274,813.9664810144841,1413.952157172241
nrc_groeneveld_24579pt__3632,1119.0,998.4688982510947,948.0078179803907,1093.8631983218395,1007.1187946922371,1086.2629102470053,1093.8631983218395
nrc_groeneveld_24579pt__17522,2160.0,2010.320538591442,1970.7037370241849,1890.5524538849054,2238.51608109198,2194.5001559597345,1890.5524538849054
nrc_groeneveld_24579pt__16766,3713.0,3633.0744967165365,3639.9647669599235,3714.487369726202,3432.450771294726,3756.629302896103,3714.487369726202
nrc_groeneveld_24579pt__16147,3157.0,2528.5664180155873,2815.5222152568904,2732.7526400684687,2459.1872760395618,2931.6024589797184,2732.7526400684687
nrc_groeneveld_24579pt__20367,4130.0,3210.9755077895493,3732.518131029069,3743.556008864753,3092.3133497947724,3373.810895778102,3743.556008864753
nrc_groeneveld_24579pt__6396,1971.6,2015.525101319051,2059.7998041774827,2100.2028639679866,1918.9617350488418,1942.1773850264751,2100.2028639679866
nrc_groeneveld_24579pt__18496,2664.0,2826.2020144066996,2745.246197670095,2764.542556100275,2209.8228552744317,2582.593203252111,2764.542556100275
nrc_groeneveld_24579pt__3007,1478.0,1410.8782337481107,1483.6214530702,1513.0907032985072,1498.54819250768,1372.0413160081914,1513.0907032985072
nrc_groeneveld_24579pt__8076,1802.0,1797.6069665042357,1869.8992501365276,2175.016904344168,1636.298948416436,1880.4969483622247,2175.016904344168
nrc_groeneveld_24579pt__1317,777.0,725.9652180756995,765.3813580812563,746.9515201996264,748.0888967531905,715.6343469061068,746.9515201996264
nrc_groeneveld_24579pt__12418,1360.0,1450.2691148489967,1325.056392514245,1622.279358022858,1219.3883874938235,1336.7375375009726,1622.279358022858
nrc_groeneveld_24579pt__7618,1380.0,1315.5759203493474,1400.901109849803,1303.3952431492387,1292.7610423130018,1392.7484966037475,1303.3952431492387
nrc_groeneveld_24579pt__21408,1351.0,1243.7434617434944,1307.7201251153158,1283.488138508419,1029.0488468834753,1206.4687867685047,1283.488138508419
nrc_groeneveld_24579pt__22043,1321.1,1733.8058076497525,1628.5610374712392,1614.0350644418177,1548.3922255515783,1749.5079063427158,1614.0350644418177
nrc_groeneveld_24579pt__7038,3321.8,2729.456847614787,3358.8372014480587,3128.185296605473,2654.0871143455643,2583.43527224017,3128.185296605473
nrc_groeneveld_24579pt__706,883.4,1013.5938527149846,875.3294159816072,878.5564196976738,947.9972528229914,961.4989200357212,878.5564196976738
nrc_groeneveld_24579pt__8528,1132.0,966.8497440614724,958.8107131863111,905.0226482703206,993.7411889732385,1019.0440208146942,905.0226482703206
nrc_groeneveld_24579pt__23302,1467.0,1852.9766658967944,1839.9141804437095,1728.2550058954348,1732.6050090364724,2088.846937657215,1728.2550058954348
nrc_groeneveld_24579pt__22741,1646.0,1730.8172554744965,1740.6869066430993,1709.6654886938338,1678.817539591305,1728.8697548100347,1709.6654886938338
nrc_groeneveld_24579pt__2285,1513.0,1631.4489622670872,1529.945138410188,1563.9560473764298,1591.0755350312813,1597.6170573625436,1563.9560473764298
nrc_groeneveld_24579pt__4823,2186.0,1839.792261256314,2246.6673962559416,2266.2761898526855,2286.978612970331,2082.873262487798,2266.2761898526855
nrc_groeneveld_24579pt__15838,697.0,651.6014133707429,618.7831240014984,653.2953852413264,610.1093280612388,713.5705051573142,653.2953852413264
nrc_groeneveld_24579pt__15331,4035.0,3156.01668524459,3467.7268941262746,3433.7095379405314,2797.5392576721933,3245.0568231810357,3433.7095379405314
nrc_groeneveld_24579pt__23208,438.0,603.1522396875449,498.2544975866616,629.3333213039521,670.7479527532854,621.0858903962869,629.3333213039521
nrc_groeneveld_24579pt__12394,2139.0,1965.0483740639825,1881.5952950411759,1989.135585220188,1556.2299904474003,1973.8322183964729,1989.135585220188
nrc_groeneveld_24579pt__16248,3038.0,2831.630777160182,2752.547556751085,2756.047592446104,2321.501699400326,2691.5087773772348,2756.047592446104
nrc_groeneveld_24579pt__18923,767.0,803.8313396070141,752.9452708029498,707.4746566666536,620.7821218395924,754.2349949131931,707.4746566666536
nrc_groeneveld_24579pt__16410,1730.0,1828.9954403826343,1708.030900627686,1826.1884620066087,1755.209982400774,2016.5924884550243,1826.1884620066087
nrc_groeneveld_24579pt__829,3106.0,3638.1061747931735,3771.5009899898673,3949.4575821174158,4597.039701224443,4274.6858861213595,3949.4575821174158
nrc_groeneveld_24579pt__21568,380.0,465.34457448854215,507.3831684053357,491.61307497089877,532.0124056507955,390.30946500931753,491.61307497089877
nrc_groeneveld_24579pt__2011,2011.0,2165.4307908557103,1865.7173373928958,1968.5439049847025,1985.435087307407,2034.4623612317966,1968.5439049847025
nrc_groeneveld_24579pt__5363,1480.0,1241.2867759690055,1345.668994941284,1297.898276152477,1153.3805003522607,1166.983639646045,1297.898276152477
nrc_groeneveld_24579pt__5125,1531.0,1827.5000617927553,1548.79125156557,1522.1201983264941,1384.065184582154,1566.7162570324053,1522.1201983264941
nrc_groeneveld_24579pt__7575,560.0,582.6571850882889,595.8114842284273,600.8372317884988,430.02435737557005,594.0078298364582,600.8372317884988
nrc_groeneveld_24579pt__11886,1815.0,2037.1492428188176,2179.522014784653,2089.137689537375,1816.3821648563767,1752.969440096718,2089.137689537375
nrc_groeneveld_24579pt__16056,3141.0,3154.463832903889,3014.0221721583916,3351.3486549412305,3008.6849986702227,3406.006807016199,3351.3486549412305
nrc_groeneveld_24579pt__18037,753.0,702.9641396381514,774.6876268344914,749.3637060373778,616.5771340212494,649.1123605834472,749.3637060373778
nrc_groeneveld_24579pt__13712,1388.0,1114.5849069806616,1270.8744276004802,1374.9786048956562,1142.66481760051,1217.2450114537014,1374.9786048956562
nrc_groeneveld_24579pt__17908,3114.0,2697.6375668630794,2895.9012598808126,2830.3658685893174,2227.928180366041,2566.5031664092216,2830.3658685893174
nrc_groeneveld_24579pt__8725,2617.0,2639.9414308325486,2618.1767134768747,2834.5089084776523,2458.7140700620976,2765.665237813987,2834.5089084776523
nrc_groeneveld_24579pt__17353,2188.0,2494.424769864647,2321.515155041838,2297.0163790024517,2318.270038360361,2486.1773447997743,2297.0163790024517
nrc_groeneveld_24579pt__9787,747.0,454.5664607842226,637.4343974909805,581.7762439681309,576.2925522364798,479.0625650912116,581.7762439681309
nrc_groeneveld_24579pt__22801,507.0,503.3072058401319,592.339169432514,515.78382659168,685.8741037511197,623.1991951969268,515.78382659168
nrc_groeneveld_24579pt__5694,2736.0,2110.263938603017,2473.325039784768,2337.1649871047484,2419.238197492493,2411.7866201919906,2337.1649871047484
nrc_groeneveld_24579pt__4524,2124.0,1886.3963762861767,2054.02801188943,2104.0295574672778,1797.329997147562,2016.412624674951,2104.0295574672778
nrc_groeneveld_24579pt__12735,427.0,371.94118126679615,430.4059651332133,457.9471260588307,279.4646062916712,443.07550547172195,457.9471260588307
nrc_groeneveld_24579pt__21215,2743.0,2140.742015748976,2096.7651071610385,2161.2869655483723,1696.2748486461246,1941.5630949060373,2161.2869655483723
nrc_groeneveld_24579pt__18742,1029.0,1065.9560691738113,987.23634647157,942.9244855886865,1167.3499579315608,1165.338706574735,942.9244855886865
nrc_groeneveld_24579pt__7659,1047.569,1122.5714100266325,999.3067266326474,992.1372974513853,1088.398433561363,1103.1698248081816,992.1372974513853
nrc_groeneveld_24579pt__12454,602.0,749.1927980402663,686.2875355217066,757.1650256893048,668.5987366279431,754.2163841262791,757.1650256893048
nrc_groeneveld_24579pt__9215,900.0,1111.9138894331497,1052.805778319593,1065.2693595650567,1094.7830851518818,1083.5756664298226,1065.2693595650567
nrc_groeneveld_24579pt__15991,344.0,326.29290306753126,331.99955946197196,330.2275578648177,398.1166645889845,333.851111881403,330.2275578648177
nrc_groeneveld_24579pt__12149,1031.0,966.3232186143437,1099.546999856885,1093.1183164488675,882.8053247933949,873.8857839581023,1093.1183164488675
nrc_groeneveld_24579pt__6296,5510.0,5973.91638520338,5629.653633794974,5085.961759468534,6302.737522312002,5397.906948304211,5085.961759468534
nrc_groeneveld_24579pt__14404,2438.0,1918.1980403106807,2333.9721726735147,2342.6790732161853,1897.7279483488117,2472.9992523312653,2342.6790732161853
nrc_groeneveld_24579pt__9997,661.0,516.4280135760588,595.8565579324695,579.70757373491,445.9805503623883,510.0746603331426,579.70757373491
nrc_groeneveld_24579pt__8899,6640.0,4826.953232291893,6085.572380742191,5970.740879810379,4595.951886631095,5021.222276118798,5970.740879810379
nrc_groeneveld_24579pt__1602,3943.0,3761.0554608098196,3869.3802928200544,4019.77001955414,3790.928045306336,4239.150278456634,4019.77001955414
nrc_groeneveld_24579pt__10967,1088.0,872.7951510542399,1057.4939116370554,1002.5102903344839,1064.4683600675828,1038.157431122648,1002.5102903344839
nrc_groeneveld_24579pt__23525,494.0,832.1788614249091,668.935830520344,673.0085296574302,823.5469758081445,748.0037048608327,673.0085296574302
nrc_groeneveld_24579pt__5771,2975.0,3031.3308463113012,3033.955322074152,3145.8868048164622,3375.5751156326287,3373.32777389342,3145.8868048164622
nrc_groeneveld_24579pt__15822,782.0,939.8769097098206,789.9011634208197,809.9509847373216,771.7941736596366,953.4407116132445,809.9509847373216
nrc_groeneveld_24579pt__2716,2008.0,1793.245648967841,2000.8698475570525,2056.8654891894375,1864.9436497701518,1733.4714311177238,2056.8654891894375
nrc_groeneveld_24579pt__11628,838.0,885.3314564700532,730.3405991779088,817.5772718855733,848.1539103862784,800.796345682364,817.5772718855733
nrc_groeneveld_24579pt__6731,870.0,900.8136789679968,877.6288085213027,912.4031732874375,1052.1370188196445,956.8653191232892,912.4031732874375
nrc_groeneveld_24579pt__3116,2566.0,2511.214193079542,2560.888681636523,2560.6459379938933,2547.4156886163123,2515.9262467098597,2560.6459379938933
nrc_groeneveld_24579pt__12822,1517.0,1455.3832645181105,1307.7127360372247,1335.904657077891,1023.1823626232663,1403.067190827998,1335.904657077891
nrc_groeneveld_24579pt__13184,4390.0,4576.62033032645,4252.319554989194,3850.1994593449735,3392.104269414621,4254.0121898199,3850.1994593449735
nrc_groeneveld_24579pt__13479,1085.0,1111.279415955596,958.486305687488,1002.2666176469631,750.9704826742384,906.143346079236,1002.2666176469631
nrc_groeneveld_24579pt__16189,3245.0,2810.3981356405507,3023.039764305791,3119.422320624327,2617.0221275768886,3177.1311588785734,3119.422320624327
nrc_groeneveld_24579pt__10660,1977.0,1905.7346767274742,1979.4692486047852,2334.589189001331,2043.7469350421638,2073.483199193006,2334.589189001331
nrc_groeneveld_24579pt__19286,760.36,1071.4204265182475,792.4395848728836,741.86377771235,706.7499126951299,888.3529043189716,741.86377771235
nrc_groeneveld_24579pt__24156,303.0,385.5503706203099,328.958301712604,312.7188466743586,475.5408574713792,349.7318453079876,312.7188466743586
nrc_groeneveld_24579pt__8907,2670.0,3055.295575249616,3004.9845845772693,2868.6886228417293,3017.2288881638538,3180.790451960522,2868.6886228417293
nrc_groeneveld_24579pt__9730,839.0,834.4606947067693,733.6086220469424,677.8147210459937,937.3830583644341,899.039839704407,677.8147210459937
nrc_groeneveld_24579pt__15864,1390.0,1570.48851275764,1428.9585549227368,1434.2434272923322,1108.8682242043924,1348.1134864513474,1434.2434272923322
nrc_groeneveld_24579pt__17132,960.0,1115.5534419676917,1093.7491421846705,1086.1757846043768,1186.5369594790945,1207.70832360177,1086.1757846043768
nrc_groeneveld_24579pt__4281,561.0,526.6125630448716,488.4192941373407,478.6679966697184,542.3581663564888,601.7771660627637,478.6679966697184
nrc_groeneveld_24579pt__12308,1014.0,1198.0976403138582,995.6809664720774,1068.915931919404,1029.7933313061321,1162.646901974015,1068.915931919404
nrc_groeneveld_24579pt__10363,1374.0,1562.5406686738265,1294.5781838648259,1369.5120078946488,1301.4901549393405,1491.490703147211,1369.5120078946488
nrc_groeneveld_24579pt__16010,121.0,155.25149495151877,120.09713377243916,120.52302902247285,191.55786730639335,139.7870192608271,120.52302902247285
nrc_groeneveld_24579pt__7900,2843.0,3075.533446074082,2837.306799576572,2892.4048338324587,2452.2705742729436,2952.01295507558,2892.4048338324587
nrc_groeneveld_24579pt__17990,2383.0,2611.1960867773914,2438.7839927050322,2274.5933328196884,2516.846622102036,2699.0860510934544,2274.5933328196884
nrc_groeneveld_24579pt__3533,1150.0,989.2720175335643,1167.6409555247642,1157.832327054265,972.7780907904793,968.8006467043339,1157.832327054265
nrc_groeneveld_24579pt__7028,2214.5,2309.1294545438354,2185.4431327655147,2212.225094835964,2087.842983670205,2240.0862852531322,2212.225094835964
nrc_groeneveld_24579pt__23251,545.0,613.0642872710814,537.0528669041769,507.0687901327445,518.0937392076702,709.6896199490055,507.0687901327445
nrc_groeneveld_24579pt__24391,707.0,660.8301306585181,795.0278384613854,753.329588767464,709.928834046344,702.3788635969,753.329588767464
nrc_groeneveld_24579pt__21532,1770.0,1435.8672312706385,1483.466332534794,1572.612681588445,1107.8158408889606,1143.7812523609368,1572.612681588445
nrc_groeneveld_24579pt__23983,474.0,331.0003941882709,475.1647764344551,462.3637785972176,279.79250947352864,335.23274939185774,462.3637785972176
nrc_groeneveld_24579pt__8111,2546.0,2435.2921559445113,2811.7247342837513,3025.45999159396,2775.0951292882364,2652.535078964797,3025.45999159396
nrc_groeneveld_24579pt__1931,508.0,512.8648464106063,529.789566156397,509.38517938977793,562.2703821000391,504.6855249775318,509.38517938977793
nrc_groeneveld_24579pt__5696,3594.0,2790.1273888512424,3587.4533477824157,3698.5857879411374,2537.000257993358,2887.633979625112,3698.5857879411374
nrc_groeneveld_24579pt__1926,506.0,511.98043561531813,508.408635748395,522.7391409861714,556.5617592733606,514.6895285168082,522.7391409861714
nrc_groeneveld_24579pt__17735,1240.0,1251.732685790053,1309.5945404851027,1256.968666780319,1216.866798058728,1346.2461673599366,1256.968666780319
nrc_groeneveld_24579pt__21802,230.0,215.89618408781274,247.865840217799,246.08699851393357,220.1601338773326,212.66655275071457,246.08699851393357
nrc_groeneveld_24579pt__6929,2309.2,1803.1922793557296,2495.7796373737797,2163.506841893695,1753.7399955119527,2485.921713562901,2163.506841893695
nrc_groeneveld_24579pt__8693,2181.0,1972.720702236641,2000.716371629215,2206.9798570760827,1641.7690237887682,1807.7180023668293,2206.9798570760827
nrc_groeneveld_24579pt__11768,410.0,485.411802868328,426.57972805234726,416.30968370043,564.8541017470772,530.4230403042455,416.30968370043
nrc_groeneveld_24579pt__3908,1062.0,997.9123245599803,1015.1318520476289,968.2003995120059,1039.7271122742636,979.3823601225353,968.2003995120059
nrc_groeneveld_24579pt__14192,979.0,882.4356139558015,1066.0297521475982,1114.259589772328,891.3319770568382,956.331145292575,1114.259589772328
nrc_groeneveld_24579pt__6155,1374.8,1565.190497534089,1432.151013830932,1477.175520384103,1415.8823098478933,1289.5952658194292,1477.175520384103
nrc_groeneveld_24579pt__19703,4150.0,3870.523416194987,4015.3824971655054,4516.3528884666475,4191.105553497901,4460.995470227525,4516.3528884666475
nrc_groeneveld_24579pt__13231,5583.6,5608.449168295778,6267.049613548026,6289.055003034156,5544.292040636281,5764.264276358574,6289.055003034156
nrc_groeneveld_24579pt__23538,1568.0,1669.5081064827814,1693.0369958002875,1572.3160159818426,1365.0195512407001,1464.351584990204,1572.3160159818426
nrc_groeneveld_24579pt__2714,2037.0,1778.1203810300206,2021.7969200929113,2043.01401413123,1711.392983764482,1905.7263141234537,2043.01401413123
nrc_groeneveld_24579pt__3966,1588.0,1424.8477256436538,1585.64250223336,1637.2141117454196,964.9782827405505,899.957540884577,1637.2141117454196
nrc_groeneveld_24579pt__19244,694.1,862.8202402724605,782.6339241415211,870.8699340829519,827.3737827122878,811.6910628710111,870.8699340829519
nrc_groeneveld_24579pt__23982,403.0,282.09130224558294,402.89166261549747,390.3572427888467,240.65234796004728,286.7024245726602,390.3572427888467
nrc_groeneveld_24579pt__8718,879.0,968.1278524402312,995.2782435824282,993.1790635043234,1019.7354237899846,1125.8413447926482,993.1790635043234
nrc_groeneveld_24579pt__22408,1424.0,1418.6907070942693,1307.8919387624135,1407.0197126619992,1673.114962561237,1596.632366886156,1407.0197126619992
nrc_groeneveld_24579pt__7527,5012.0,4778.659402059609,4945.22447882202,5031.25594948068,3993.3009918820703,4807.050634494704,5031.25594948068
nrc_groeneveld_24579pt__18122,2683.0,3019.930873473711,2591.6664279854217,2501.8956766054803,2710.7276001639534,2935.3040216307786,2501.8956766054803
nrc_groeneveld_24579pt__3867,1717.0,1623.9728825468424,1649.9147187088345,1635.7539895080224,1489.3553683452394,1564.7378997829874,1635.7539895080224
nrc_groeneveld_24579pt__20689,440.0,653.1889499456177,507.5465629538219,560.1646345767567,541.0553586776279,528.7510092441765,560.1646345767567
nrc_groeneveld_24579pt__11358,1636.0,1867.7123092093268,1712.7733846723097,1929.8241567849807,1973.5394458701094,1961.4033689510288,1929.8241567849807
nrc_groeneveld_24579pt__608,744.0,533.2166062508678,674.1273260226234,703.033545757396,528.3628842913537,630.6317962129636,703.033545757396
nrc_groeneveld_24579pt__19339,1227.3,1239.4922334510063,1095.8648174576067,1103.739036246722,983.1839025844362,1098.4407903457645,1103.739036246722
nrc_groeneveld_24579pt__12477,1372.0,1464.22938469292,1280.7759904563268,1405.3702668035492,1618.045876350149,1531.1950372480692,1405.3702668035492
nrc_groeneveld_24579pt__23495,715.0,669.724799242029,547.4266300534119,613.5026383222471,677.5205420006881,617.0114922992187,613.5026383222471
nrc_groeneveld_24579pt__23563,414.0,591.3691142312429,498.96544265643666,489.01911385403184,676.2244867641932,594.316864540238,489.01911385403184
nrc_groeneveld_24579pt__7285,1258.7,1247.4307942251535,1349.8196602712808,1355.7744366257332,1540.9895281601541,1440.283032037266,1355.7744366257332
nrc_groeneveld_24579pt__314,1488.0,1517.7460959737123,1550.2754965016154,1491.551133320103,1298.2387645245249,1471.004657965125,1491.551133320103
nrc_groeneveld_24579pt__14836,285.0,281.16981457649206,291.6494495584631,274.213541745039,193.8462006388019,178.8644019792368,274.213541745039
nrc_groeneveld_24579pt__18163,3213.0,3511.7136245456827,3410.731740858123,3437.392551311252,3500.420776897679,3722.182663310503,3437.392551311252
nrc_groeneveld_24579pt__17721,1525.0,1477.579067929334,1527.6035706624618,1510.944830180395,1530.5643033633241,1616.1838227535688,1510.944830180395
nrc_groeneveld_24579pt__20271,1250.0,1115.1825289194755,1145.8791251855628,1119.9327571129027,1050.9468752159316,909.4831823143321,1119.9327571129027
nrc_groeneveld_24579pt__10238,1771.0,1687.267082325454,1680.189353243483,1606.1592199428915,1389.4610735084705,1596.6670108021185,1606.1592199428915
nrc_groeneveld_24579pt__10403,6289.0,6326.707017416612,6105.387615675198,5906.070433302773,5368.091006361237,6473.555080712664,5906.070433302773
nrc_groeneveld_24579pt__17350,2911.0,2783.240624721932,2857.128223711709,2697.631909527858,2541.6397466458106,2786.9089812607926,2697.631909527858
nrc_groeneveld_24579pt__19045,8558.0,8346.442262498527,8315.283058482744,8628.815528487286,8528.762241079632,8873.404373409878,8628.815528487286
nrc_groeneveld_24579pt__10443,2221.0,1968.9839220904478,2339.463829626599,2135.2196796982316,1547.589660797671,1910.563071767804,2135.2196796982316
nrc_groeneveld_24579pt__860,2652.0,2773.9900636509965,2412.2824528600595,2455.5193491289747,2965.2339760048103,2805.3864282209074,2455.5193491289747
nrc_groeneveld_24579pt__10964,1280.0,1144.0733489731274,1297.6158362059025,1268.4349673876227,1215.1191356304582,1331.4248038394105,1268.4349673876227
nrc_groeneveld_24579pt__20285,1240.0,1272.4304307290213,1228.7948230928146,1181.4271313289642,1133.750989669236,992.2011597294274,1181.4271313289642
nrc_groeneveld_24579pt__19466,1558.0,1816.0497318110815,1615.3312831455858,1604.70137045197,2500.2846651220107,1775.862665402051,1604.70137045197
nrc_groeneveld_24579pt__4735,2277.0,2013.7881383488293,2133.7873613564134,2026.499931019271,2491.838482642939,2161.2392397532767,2026.499931019271
nrc_groeneveld_24579pt__5209,2441.0,2279.9735679573014,2411.1768177986073,2493.801907423788,2372.339434475253,2509.270426436272,2493.801907423788
nrc_groeneveld_24579pt__13906,1718.0,1659.6920172578223,1676.3849776378052,1733.9776186947158,1491.8161700391452,1589.8758272828022,1733.9776186947158
nrc_groeneveld_24579pt__9050,654.0,894.3452892006102,793.6690803932203,773.2881695577864,908.4577262895394,822.9901645049827,773.2881695577864
nrc_groeneveld_24579pt__12044,715.0,580.1486794062822,562.4209409012685,577.1537868169893,420.724778622282,535.0089669711415,577.1537868169893
nrc_groeneveld_24579pt__13386,2325.0,2063.511007699933,2181.0311096283526,1990.1112133990325,1556.1240532959812,1479.0376958239744,1990.1112133990325
nrc_groeneveld_24579pt__10330,434.0,756.7677673630775,617.192899218444,523.32970181448,774.8301604942761,671.6437348235905,523.32970181448
nrc_groeneveld_24579pt__7470,2053.0,1208.1352435758927,2016.2565284349637,1811.0528781842029,1525.2366837588536,1490.2779812268602,1811.0528781842029
nrc_groeneveld_24579pt__12011,609.0,629.4301417905666,567.5331626682205,561.8099593326463,588.0738913964985,625.5790945174626,561.8099593326463
nrc_groeneveld_24579pt__23846,3903.0,3479.689045646324,3867.1417189242256,3777.7325807160896,3305.592225188246,3447.300117554511,3777.7325807160896
nrc_groeneveld_24579pt__15550,1268.0,1335.9211929960973,1272.7082866772594,1274.7868406416462,1379.6091582625365,1287.8590664435158,1274.7868406416462
nrc_groeneveld_24579pt__19483,2040.0,2238.864940004734,1950.9849058069292,1912.4905042209407,1654.2900594977557,2047.971130825941,1912.4905042209407
nrc_groeneveld_24579pt__16670,1188.0,1438.0938516246385,1399.8172084250346,1285.2406850316338,1318.5288647559958,1398.637842682541,1285.2406850316338
nrc_groeneveld_24579pt__15196,1151.0,1237.4341338306533,1119.2814397103793,1108.1688018991288,1243.4732630755502,1205.3560949937068,1108.1688018991288
nrc_groeneveld_24579pt__15316,331.0,359.85099215410463,368.7198829759257,371.7680884302451,360.33973344060126,315.24817009627515,371.7680884302451
nrc_groeneveld_24579pt__23347,838.0,674.6874326826743,640.4432370925402,676.4579519430679,816.9008536927619,731.175009789453,676.4579519430679
nrc_groeneveld_24579pt__3710,1258.0,1135.7007099613882,1272.612116807879,1265.2326295706719,1113.4188322484845,1223.0198636996886,1265.2326295706719
nrc_groeneveld_24579pt__13096,210.0,179.79604927258606,171.51455229204396,172.0239106386574,232.90591750738983,151.67365003028402,172.0239106386574
nrc_groeneveld_24579pt__8478,661.0,781.6393159695798,740.2178663259863,766.5557302731,707.6757068936063,744.0513871609052,766.5557302731
nrc_groeneveld_24579pt__10903,738.0,492.6087000709669,590.2030036431906,573.9055264123529,418.137640845922,505.90788690334983,573.9055264123529
nrc_groeneveld_24579pt__6383,1785.5,1758.5990673422186,1880.3225834080813,1902.8020721588086,1901.269695583149,1665.1130631376484,1902.8020721588086
nrc_groeneveld_24579pt__19687,2500.0,2863.2562801994713,2954.09984737126,2807.6395988035915,2798.023487548531,3114.342478920868,2807.6395988035915
nrc_groeneveld_24579pt__6634,233.0,227.61651191481553,239.43823209710973,253.76507094947385,246.23895505358885,215.97938165595554,253.76507094947385
nrc_groeneveld_24579pt__5220,2933.0,3041.647439478826,2900.224928095139,3224.828194408618,2415.869222638092,2672.640071237416,3224.828194408618
nrc_groeneveld_24579pt__24452,223.0,245.37222753608245,235.5134986700755,240.66241532250788,265.5594976428181,282.95874375079217,240.66241532250788
nrc_groeneveld_24579pt__14414,840.0,827.9836219014657,672.7293698594686,660.0817105446065,806.0687553122615,746.85524371808,660.0817105446065
nrc_groeneveld_24579pt__22560,1753.0,1700.6841363684557,1764.9049100871528,1705.581329214657,1389.8352073907695,1790.2455421001575,1705.581329214657
nrc_groeneveld_24579pt__8546,611.0,761.1502323294259,684.4889306296839,613.1639054113748,672.4751716251005,643.207697688479,613.1639054113748
nrc_groeneveld_24579pt__24136,575.0,635.2545569495994,560.7824412754055,598.6192592762798,783.3295558823264,606.5515808081964,598.6192592762798
nrc_groeneveld_24579pt__192,2850.0,3241.565101672204,2942.0292914271254,2830.042473652559,2788.7049313336515,2979.9573728594896,2830.042473652559
nrc_groeneveld_24579pt__20746,867.0,875.327718495373,866.5630060254463,816.5993536159227,929.6636432390866,881.5800152767496,816.5993536159227
nrc_groeneveld_24579pt__7420,246.6,217.93210813035358,318.7075408678113,290.6681623672202,456.2833274734849,527.1450994387849,290.6681623672202
nrc_groeneveld_24579pt__7450,2427.0,1718.6781411013492,2642.9375091738416,2743.7385665615,1942.607576561896,2213.3050195355713,2743.7385665615
nrc_groeneveld_24579pt__12858,1737.0,1850.3724770305264,1776.6537277762086,1914.6648461145649,1255.2623495864511,1657.5883138954212,1914.6648461145649
nrc_groeneveld_24579pt__17874,933.0,1056.1028368091943,982.8177955239884,922.6907319625964,1166.6921710352462,1153.2185501514127,922.6907319625964
nrc_groeneveld_24579pt__3217,1958.0,2292.166951010297,1768.294048549855,1889.7879485128108,2109.663622972049,2069.2455196020323,1889.7879485128108
nrc_groeneveld_24579pt__15758,2035.0,2531.2651622632593,2096.1596420049163,2382.0277535428304,3108.338233123108,2724.137253714784,2382.0277535428304
nrc_groeneveld_24579pt__17583,2073.0,2548.8003508767983,2149.996208059475,2227.3857489274787,2602.982476977946,2577.1362603565794,2227.3857489274787
nrc_groeneveld_24579pt__22869,1135.0,1003.8250639827595,1088.8451956323024,1055.1167263720924,1170.537949049752,1048.0967378064568,1055.1167263720924
nrc_groeneveld_24579pt__18876,846.0,906.2849733638474,873.7317984796105,827.5437937389265,816.7374377463756,839.96305988494,827.5437937389265
nrc_groeneveld_24579pt__11113,5512.0,3396.2475999227804,5031.09567305076,5123.943266210099,3357.3010325672103,3525.998573425103,5123.943266210099
nrc_groeneveld_24579pt__17961,3101.0,2842.407089983969,2837.866774029126,2607.9877234069154,2488.4349427287193,2754.601356424128,2607.9877234069154
nrc_groeneveld_24579pt__16295,3475.0,3681.8877000565344,3830.0913284138765,3769.6197884307567,3582.591299709593,3906.3688527524655,3769.6197884307567
nrc_groeneveld_24579pt__23710,506.0,407.39434420545103,445.8458798041774,443.0772232749386,515.3613657306372,415.84595613174616,443.0772232749386
nrc_groeneveld_24579pt__18680,561.0,584.5257963610112,516.325232776847,541.075475871588,570.902768726826,548.1162813980759,541.075475871588
nrc_groeneveld_24579pt__14615,251.0,227.71829736192385,214.27546709738232,198.74590044084567,187.1163098366319,193.76228019272872,198.74590044084567
nrc_groeneveld_24579pt__4626,2309.0,2148.84558092619,2270.2467663831103,2341.0693983842666,2176.5476424601393,2302.9611495247796,2341.0693983842666
nrc_groeneveld_24579pt__22820,3218.0,3455.9188036802716,3113.904206775635,3067.5783438440185,2638.6330213803562,3042.1032377977476,3067.5783438440185
nrc_groeneveld_24579pt__17192,1365.0,1261.2011603718422,1461.7228893723486,1342.2080790013194,1238.6983097851237,1291.7634603443266,1342.2080790013194
nrc_groeneveld_24579pt__5914,1720.0,1363.62898218295,1628.9774447832951,1755.9019163394057,1307.6273342926531,1474.504841714671,1755.9019163394057
nrc_groeneveld_24579pt__10944,3635.0,3216.9885835687382,3274.30917480884,3628.142168708785,2779.4698397739085,3050.8439332197713,3628.142168708785
nrc_groeneveld_24579pt__17259,1738.0,1860.8310976863504,1855.6842751736533,1862.2981368828257,1760.3391312455428,1908.3035777723276,1862.2981368828257
nrc_groeneveld_24579pt__21997,1245.0,945.057212019315,1224.9667013608662,1180.392841211324,783.5382359824243,708.0047534416124,1180.392841211324
nrc_groeneveld_24579pt__3151,1648.0,1467.22524151436,1682.444658203626,1649.4140790717188,1737.0600531810298,1421.7175407275256,1649.4140790717188
nrc_groeneveld_24579pt__4999,3470.0,3117.1087746930257,3734.550015575685,3576.7616217945447,3467.2454133996785,3575.9391452224772,3576.7616217945447
nrc_groeneveld_24579pt__8338,1065.0,781.3552819660571,763.1169722154256,804.6755228422951,867.0813013733358,755.1401727350484,804.6755228422951
nrc_groeneveld_24579pt__13304,1452.0,1228.6992961739588,1446.4804892666166,1614.4716853044479,891.8301776572657,858.8407946321686,1614.4716853044479
nrc_groeneveld_24579pt__14067,2559.0,2775.683276534842,3033.881620435079,2777.5970932662535,2663.1366657459976,2808.9136835743375,2777.5970932662535
nrc_groeneveld_24579pt__23239,410.0,327.4501347980195,271.5468731301987,283.2763565907534,389.75921932326264,384.6028395368131,283.2763565907534
nrc_groeneveld_24579pt__12474,846.0,1006.1824243586881,968.8367525331503,876.2043108815498,1310.5450689416978,1157.9555307792896,876.2043108815498
nrc_groeneveld_24579pt__2256,985.0,1074.542440331905,984.3847387803837,1005.329355655171,1039.7765647533245,1051.679635115806,1005.329355655171
nrc_groeneveld_24579pt__19104,9023.0,9084.511944867781,9033.834446589737,9260.877054660175,9097.95329601124,10251.651380002386,9260.877054660175
nrc_groeneveld_24579pt__3890,1975.0,1685.6115419808525,1840.6880079967962,1708.4591175739465,1419.449132350467,1488.4916255301735,1708.4591175739465
nrc_groeneveld_24579pt__12870,3000.0,2870.9801695475985,2961.8893626680447,2652.4942429903112,3028.1581791460194,2407.866586394649,2652.4942429903112
nrc_groeneveld_24579pt__14601,420.0,547.0467861526432,420.05994233333104,484.8900438191163,570.5269894918083,556.0445298902634,484.8900438191163
nrc_groeneveld_24579pt__7749,814.916,837.977961751531,820.6706770092198,809.0381831880487,904.881988669667,901.3085099028111,809.0381831880487
nrc_groeneveld_24579pt__17928,1311.0,1549.2597902904427,1423.8866827570464,1340.9513294910848,1428.8495433296164,1509.1613288964566,1340.9513294910848
nrc_groeneveld_24579pt__1944,1015.0,983.1853791111707,1042.5195109436722,1048.0407475966094,1062.569626013524,1010.8060950960822,1048.0407475966094
nrc_groeneveld_24579pt__9376,676.0,617.5162540084394,577.479223373024,586.8812784518677,577.1941752760974,577.377483169572,586.8812784518677
nrc_groeneveld_24579pt__16931,1802.0,1795.0983609652037,2057.4068911348086,1944.0044153845715,1992.095099895933,2040.7640189882945,1944.0044153845715
nrc_groeneveld_24579pt__18523,2226.0,2516.650452216134,2200.8089567254347,2131.301767653988,2102.2599862497236,2293.211802350862,2131.301767653988
nrc_groeneveld_24579pt__5381,519.0,559.8548259111691,516.0415497633905,485.6903622257169,462.1742259131639,486.5665948807303,485.6903622257169
nrc_groeneveld_24579pt__5701,2975.0,2635.039738394432,2691.750815983847,2904.304502356408,2398.2602126590323,2710.3043089264784,2904.304502356408
nrc_groeneveld_24579pt__17618,2137.0,2648.0225978664052,2168.4272692122904,2130.59317206253,2304.9314747059716,2344.3751627566253,2130.59317206253
nrc_groeneveld_24579pt__2823,2504.0,2107.44304594616,2489.253444596513,2126.163888988349,2310.235668405561,2061.8722651922635,2126.163888988349
nrc_groeneveld_24579pt__14462,438.0,534.8017739391905,539.3915940769701,522.228313089447,644.1790602568916,547.8454746583378,522.228313089447
nrc_groeneveld_24579pt__5489,2574.0,2151.58500581548,2592.6350423055865,2665.4920673817487,2482.1628487230364,2424.2680641112847,2665.4920673817487
nrc_groeneveld_24579pt__13540,1650.0,1325.5363388011847,1511.2375337129026,1430.5864061765974,1367.4332447645568,1391.3836218383462,1430.5864061765974
nrc_groeneveld_24579pt__7102,2170.4,2183.9382186353014,2252.582730123077,2257.6941710500423,2192.060492616348,2127.9223091275226,2257.6941710500423
nrc_groeneveld_24579pt__13242,4118.0,3050.099275444705,3918.2110544774805,4036.646357142462,3272.8875265146553,3564.7479264519643,4036.646357142462
nrc_groeneveld_24579pt__20178,2990.0,2743.4450037126235,2850.3333431998444,2984.7401264137698,2395.552760241158,2704.999891124096,2984.7401264137698
nrc_groeneveld_24579pt__815,1920.0,1749.5996483088293,1973.7880587318057,1865.6419895655058,1878.4723910491225,1832.0423614029412,1865.6419895655058
nrc_groeneveld_24579pt__24465,622.0,680.9662351455765,617.96023572909,607.02685251775,612.3500479466109,705.8294499791951,607.02685251775
nrc_groeneveld_24579pt__10393,2538.0,3268.0290943553714,2992.125399394026,2745.679800641137,3258.571539585292,3047.0943362004496,2745.679800641137
nrc_groeneveld_24579pt__21799,270.0,232.45899543316807,274.3908808700522,285.02519732414027,223.93872273259197,232.16096497664654,285.02519732414027
nrc_groeneveld_24579pt__8337,1106.0,766.7938558505522,744.94771058445,788.8154075601807,864.4985019556242,751.2697645711845,788.8154075601807
nrc_groeneveld_24579pt__5658,3400.0,3111.016614630468,2821.8960290212667,3337.1189596717886,3311.3266952056415,3532.457213159085,3337.1189596717886
nrc_groeneveld_24579pt__19690,4310.0,3661.1285081404462,3616.4186136943986,3960.876562469143,3572.384803946537,4016.5948204677184,3960.876562469143
nrc_groeneveld_24579pt__15341,1749.0,2043.3309508900566,1793.2004257829674,1865.6197965820243,2143.37834496749,2071.5644776761246,1865.6197965820243
nrc_groeneveld_24579pt__1447,1177.0,1232.3094987646064,1172.6021104421934,1087.1186509175288,1388.6446568625784,1367.0906895108387,1087.1186509175288
nrc_groeneveld_24579pt__8307,908.0,986.1314333992345,955.1937982831214,941.4215104792005,1005.0595414798818,1005.1300830876461,941.4215104792005
nrc_groeneveld_24579pt__4017,1181.0,1135.0156385919388,1142.9467958840112,1191.780817146098,929.115893973962,1028.5542711245325,1191.780817146098
nrc_groeneveld_24579pt__20217,1510.0,1420.449004928352,1648.1604527323577,1604.736672439076,1791.8890087187176,1693.7832601969692,1604.736672439076
nrc_groeneveld_24579pt__12240,2698.0,2837.7928912127636,2737.199171615432,2491.750160935345,2680.3278991594384,2790.0835303524273,2491.750160935345
nrc_groeneveld_24579pt__13867,2071.0,1947.6754417248087,2129.437644765986,2255.5948209236503,1881.9637599489095,1972.808691003863,2255.5948209236503
nrc_groeneveld_24579pt__18415,1471.0,1669.8305610635066,1520.4265532860506,1492.068476060739,1576.8061920106459,1619.823347230402,1492.068476060739
nrc_groeneveld_24579pt__23737,218.0,281.66456585515584,339.9819529516433,273.4921597208589,375.68953325189,308.26385146238545,273.4921597208589
nrc_groeneveld_24579pt__17958,1718.0,1826.0693185994432,1609.7993065652443,1557.4505586002422,1818.4683244871171,1811.8303055521985,1557.4505586002422
nrc_groeneveld_24579pt__11614,462.0,480.345559303614,572.6838150237995,505.83953987526,571.6783084098142,530.520933861905,505.83953987526
nrc_groeneveld_24579pt__18667,862.0,688.9862873712399,855.1592764402408,799.5204014011206,686.8673460907651,652.9607185291304,799.5204014011206
nrc_groeneveld_24579pt__19259,533.2,642.7033497280098,475.53950758151046,545.6086707986125,424.72265584964873,483.4241612235598,545.6086707986125
nrc_groeneveld_24579pt__1286,992.0,1029.1481530385931,1000.5608951647974,914.7187831087404,1067.9418417019444,1018.585160083976,914.7187831087404
nrc_groeneveld_24579pt__13032,423.0,425.76556659331294,385.5116637686839,387.7218947114497,460.21563164176763,382.6361452682236,387.7218947114497
nrc_groeneveld_24579pt__23417,646.0,679.8244086396975,683.0077701282278,727.5122610285109,636.840952907893,684.6299994080464,727.5122610285109
nrc_groeneveld_24579pt__2517,1995.0,2065.3692876712107,2010.0026848063233,2062.4168080707823,2085.417077449725,1915.380866341725,2062.4168080707823
nrc_groeneveld_24579pt__6613,211.0,188.02744310323496,191.81597361292216,196.2264344914711,195.3973600798792,175.05934069268238,196.2264344914711
nrc_groeneveld_24579pt__16980,2544.0,3577.700116672182,2803.5646010687665,2693.5462662239793,3059.3748517992067,3185.5465596704526,2693.5462662239793
nrc_groeneveld_24579pt__1054,1560.0,1748.3687485659598,1591.6428236522997,1506.125455952481,2072.3348478719167,1738.7822190932247,1506.125455952481
nrc_groeneveld_24579pt__20683,580.0,718.8354991563649,610.2667995096273,555.5633441445992,609.9770421490337,589.1924366657408,555.5633441445992
nrc_groeneveld_24579pt__12804,964.0,893.040821171655,801.6868166467116,834.7335766274476,823.2938212940978,984.1774630720992,834.7335766274476
nrc_groeneveld_24579pt__9244,857.0,541.043111679435,548.908472922461,617.6567814828447,686.0483423337105,573.7894117806342,617.6567814828447
nrc_groeneveld_24579pt__14783,319.0,365.8446086176487,289.9899103281396,275.67536893051135,279.70015356875086,198.7045652963009,275.67536893051135
nrc_groeneveld_24579pt__23759,183.0,355.48332934147,375.78620995875815,278.4073184778375,427.52333297034454,377.82169177485713,278.4073184778375
nrc_groeneveld_24579pt__19740,5660.0,4010.6791429192494,5319.821641495547,5235.191304514008,4508.901537229586,4774.692803292123,5235.191304514008
nrc_groeneveld_24579pt__20852,1237.0,1112.0284608913219,1263.8892749438762,1199.8772145139283,1081.4869234314451,1099.2961852021576,1199.8772145139283
nrc_groeneveld_24579pt__613,744.0,820.9122915070459,758.0988808024081,765.4571683449761,673.2780683943472,840.1499153943865,765.4571683449761
nrc_groeneveld_24579pt__6636,241.0,205.11477506870543,240.09608263069222,227.79274979762405,246.81123073762183,204.93869560355083,227.79274979762405
nrc_groeneveld_24579pt__1857,761.0,702.7943667026859,772.9560533850744,768.1648588328579,763.6602326189135,707.6737884834857,768.1648588328579
nrc_groeneveld_24579pt__9590,1803.0,1709.2379258238225,1746.5074172191482,1657.9430567988568,1905.8697489752622,1784.6107775556047,1657.9430567988568
nrc_groeneveld_24579pt__7397,807.5,1226.5927112824788,835.7568632732508,860.5412999015846,1126.8888804827702,1164.9373143663297,860.5412999015846
nrc_groeneveld_24579pt__22104,1648.3,1296.5507452594156,1469.078796212081,1396.7196979308364,1291.7885328251323,1311.2183355359853,1396.7196979308364
nrc_groeneveld_24579pt__5449,3145.0,2339.3053249275454,2944.833143744191,2962.7574398036827,2034.76248700674,2593.2113671520806,2962.7574398036827
nrc_groeneveld_24579pt__13503,890.0,935.7010803797157,956.2945844763309,904.4913652385445,610.3133262333665,786.9605542652657,904.4913652385445
nrc_groeneveld_24579pt__23498,1041.0,993.3790043806022,830.5051623151728,968.3313925625337,978.7704396119074,956.067545333704,968.3313925625337
nrc_groeneveld_24579pt__9068,382.0,490.40618908518854,412.0651875693877,454.3385308224448,606.9164435695608,444.4697140557461,454.3385308224448
nrc_groeneveld_24579pt__15968,99.0,138.10704361897325,93.52921216830195,88.09344717087583,149.01858114819828,113.7603455895266,88.09344717087583
nrc_groeneveld_24579pt__17998,1900.0,2116.9003092654166,1855.2359596018032,1776.8325893379695,2000.6053458583506,2107.370216691987,1776.8325893379695
nrc_groeneveld_24579pt__18255,286.0,484.076035917703,429.4583461958676,439.2111322613521,523.0523899241853,473.6004303679967,439.2111322613521
nrc_groeneveld_24579pt__16816,2293.0,2283.610417585983,2097.548881382484,2239.2600926004025,2405.3764145980344,2587.8414412580546,2239.2600926004025
nrc_groeneveld_24579pt__8314,2109.0,1933.8155140731824,2110.2824576448334,1960.8011663995794,1464.2369590558449,1585.4346310916665,1960.8011663995794
nrc_groeneveld_24579pt__14298,2388.0,2130.497158430561,2229.0906132917426,2345.844890998663,1838.9549054144982,2121.2273355506254,2345.844890998663
nrc_groeneveld_24579pt__21273,1020.0,765.5835629639272,894.9332175715174,828.575580188024,724.7252576453258,849.695169847193,828.575580188024
nrc_groeneveld_24579pt__1001,1418.0,1499.2949819057583,1388.4998840721305,1354.743728759055,1370.3090552888264,1458.5988753186161,1354.743728759055
nrc_groeneveld_24579pt__1296,1392.0,1565.3056086554154,1401.7136862111613,1387.302641852551,1592.8772519930915,1505.1391479739964,1387.302641852551
nrc_groeneveld_24579pt__18597,508.0,511.3298071727081,513.6168396005618,481.20682126391745,406.6772471181988,508.78654629360653,481.20682126391745
nrc_groeneveld_24579pt__23537,1342.0,1197.0446499272653,1318.7431289299489,1266.7859777325893,1078.3381046674112,1078.022413782732,1266.7859777325893
nrc_groeneveld_24579pt__21451,550.0,545.6636099522402,609.6020753466858,537.77747006814,562.6836127985829,448.0025565564123,537.77747006814
nrc_groeneveld_24579pt__4989,3722.0,3011.7851069036074,3502.7947700219024,3643.488615144305,3992.1804486989968,3937.4480505814117,3643.488615144305
nrc_groeneveld_24579pt__20924,1327.0,1271.2753783922162,1274.7249311048904,1338.2831409996995,1282.1786165069402,1290.0404133732002,1338.2831409996995
nrc_groeneveld_24579pt__13050,709.0,655.5943548988407,725.5478729198195,706.1402923408884,589.9848017330918,555.4759228734351,706.1402923408884
nrc_groeneveld_24579pt__13002,1128.0,1123.2503614579105,1015.6023224385051,1018.9430952704324,835.6784815975122,1288.8770100388742,1018.9430952704324
nrc_groeneveld_24579pt__23530,444.0,449.8999572242464,386.37433711818767,453.3429831977758,494.1284370933454,345.8461631494706,453.3429831977758
nrc_groeneveld_24579pt__11581,2102.0,2022.837779192122,1830.6842449982266,2126.34337652094,1455.2965644783023,1757.3945183272012,2126.34337652094
nrc_groeneveld_24579pt__5887,1610.0,1577.9147563101242,1745.713167500952,1505.2600934710651,1411.0705900150501,1615.420399145443,1505.2600934710651
nrc_groeneveld_24579pt__12798,1406.0,1262.0776621825098,1374.7642092298706,1407.0355814598765,1065.3634428493824,1336.5213429546545,1407.0355814598765
nrc_groeneveld_24579pt__11892,766.0,1312.6758830162062,1052.9061027348284,1053.9690842829546,1337.3046562364905,1196.3969653075137,1053.9690842829546
nrc_groeneveld_24579pt__15278,1163.0,1310.754955767603,1229.4865948052077,1252.036483310161,1255.4076869473788,1267.6172263085818,1252.036483310161
nrc_groeneveld_24579pt__21259,355.0,306.85683483399083,256.02559010143653,294.5808540256194,291.71304375820336,296.4300393268634,294.5808540256194
nrc_groeneveld_24579pt__4677,1859.0,1566.0737069606312,1676.8191577614439,1660.4411706773305,2285.6593438037266,1708.4186323381534,1660.4411706773305
nrc_groeneveld_24579pt__14946,259.0,248.43721256694124,194.4291364412943,196.6214176398774,193.84619943876623,186.44936451166447,196.6214176398774
nrc_groeneveld_24579pt__3772,2646.0,2255.5820157189128,2733.480904093207,2940.3208913868475,2202.1993063407804,2408.1183321740223,2940.3208913868475
nrc_groeneveld_24579pt__14321,929.0,857.4210971741885,913.5628736512223,895.5594167036155,776.0849114875209,899.9021125253927,895.5594167036155
nrc_groeneveld_24579pt__14381,987.0,920.1517477971478,972.9549666009497,963.9646630903457,679.3850345362479,1091.5201385746268,963.9646630903457
nrc_groeneveld_24579pt__20346,1790.0,1729.698871121632,1747.1381145914631,2004.10022529754,1921.732155345734,1874.088564951121,2004.10022529754
nrc_groeneveld_24579pt__15340,1914.0,2355.060596112283,1972.4553975464758,2037.3493238648412,2292.3789350196244,2281.1566685831317,2037.3493238648412
nrc_groeneveld_24579pt__6979,2489.63,3414.927054404991,3313.4204701633057,2918.0514586063255,3204.910343842763,3446.2026604339085,2918.0514586063255
nrc_groeneveld_24579pt__9818,490.0,593.7949916296967,560.1907086597255,546.9471627316319,676.3397855862536,573.8934810959554,546.9471627316319
nrc_groeneveld_24579pt__6399,2536.3,2540.869031556363,2423.2856063742615,2276.421651161421,2306.9557727996967,2498.710481695406,2276.421651161421
nrc_groeneveld_24579pt__12725,601.0,636.572081245071,641.228852291944,575.2018141047312,643.6662834693691,674.1245312810954,575.2018141047312
nrc_groeneveld_24579pt__6910,2700.3,1725.130218815075,1837.7084388331127,2008.2842144353694,1706.992197406241,1778.1177182327967,2008.2842144353694
nrc_groeneveld_24579pt__20943,2058.0,2112.2678784181526,2073.6299129502627,2047.4096149900374,1857.911893794592,2068.242549374254,2047.4096149900374
nrc_groeneveld_24579pt__3168,985.0,835.03602327068,1008.0186876910684,972.4402256084459,721.846570300158,836.7445840578216,972.4402256084459
nrc_groeneveld_24579pt__15378,1338.0,1287.5740754478488,1451.0938336828353,1348.9547164738226,1443.9043654200752,1492.3527861164914,1348.9547164738226
nrc_groeneveld_24579pt__19330,1662.69,1717.0798303968195,1659.6859174104588,1585.0217163294508,1733.0338687373412,1735.4762486710686,1585.0217163294508
nrc_groeneveld_24579pt__3390,2976.0,2745.703340847533,2733.9534480447105,3030.3227701294077,2583.6798300358782,2634.6378485029463,3030.3227701294077
nrc_groeneveld_24579pt__2247,513.0,494.9589955911487,506.1565737484522,523.2719261303305,481.15564588657406,501.87227720880054,523.2719261303305
nrc_groeneveld_24579pt__23121,992.0,1084.4619266111872,1182.0556511751467,1073.1488037817737,1070.9500398981363,1081.503088899861,1073.1488037817737
nrc_groeneveld_24579pt__15849,1470.0,1352.521756860168,1516.4061331421178,1448.2847391047787,1046.364265159378,1263.7475914344698,1448.2847391047787
nrc_groeneveld_24579pt__813,1816.0,1653.3063535758945,1922.265239498178,1772.760713031587,1803.3702269328965,1751.8526574800742,1772.760713031587
nrc_groeneveld_24579pt__4086,1454.0,1380.622735348071,1272.8417097674887,1499.1893851617697,1110.161889678806,1224.277626455516,1499.1893851617697
nrc_groeneveld_24579pt__7479,2334.0,1789.467152741643,2221.0982194600188,2144.9610347258795,1950.03378356255,1956.5068982448754,2144.9610347258795
nrc_groeneveld_24579pt__17580,2895.0,3150.103739496667,2976.375543916299,2913.454168500315,3043.7777158716585,3163.563428107543,2913.454168500315
nrc_groeneveld_24579pt__17287,4149.0,3893.2117416533642,4118.483410823514,3860.09207441882,3351.050648831182,3738.8843067773023,3860.09207441882
nrc_groeneveld_24579pt__16126,2489.0,2497.767700033901,2586.243746785205,2611.503272101802,2293.3783520163684,2637.7613698310693,2611.503272101802
nrc_groeneveld_24579pt__500,1031.0,1016.8677726213693,1008.3429344742377,1061.6274536902592,943.2312206461623,967.9044592657618,1061.6274536902592
nrc_groeneveld_24579pt__13482,1227.0,1284.2190063993153,1064.980251022624,1075.5894191633815,920.511493471604,1049.7790306264512,1075.5894191633815
nrc_groeneveld_24579pt__4369,294.0,374.45254075971286,415.79055446429874,333.0959182879629,475.7679184979612,520.807496563256,333.0959182879629
nrc_groeneveld_24579pt__21552,270.0,338.9458962834902,253.2272230312863,265.0749989522434,321.137642621016,198.0094558580034,265.0749989522434
nrc_groeneveld_24579pt__9642,2640.0,2354.743466924191,2355.093384995688,2333.4657329998113,1630.5316785521793,2030.3409940058796,2333.4657329998113
nrc_groeneveld_24579pt__8522,787.0,832.9541105868141,734.9626430049934,663.2300558715996,787.310214600115,737.7994565478443,663.2300558715996
nrc_groeneveld_24579pt__21659,1270.0,1057.3763822715773,1242.2893884526025,1256.1772227662368,969.7359434755904,969.8993921441245,1256.1772227662368
nrc_groeneveld_24579pt__9152,1628.0,1494.0592015969526,1548.0607992394057,1667.0430020309177,1461.9626063693825,1564.8892443584898,1667.0430020309177
nrc_groeneveld_24579pt__2445,2989.0,2979.1919512656214,3140.7677066913766,3092.081339674174,3181.2402949936177,3137.6822713149713,3092.081339674174
nrc_groeneveld_24579pt__18024,502.0,555.572559223874,528.2430022906617,535.8052755663288,533.6380434920777,550.4770089589688,535.8052755663288
nrc_groeneveld_24579pt__7399,1034.4,1371.108503997865,1043.2666179298872,1019.8385369019376,1203.7110590592974,1255.6222410999178,1019.8385369019376
nrc_groeneveld_24579pt__16452,2730.0,2306.2223267431345,2764.1834562105673,2787.3082158466686,2045.7550915387328,2384.916041787215,2787.3082158466686
nrc_groeneveld_24579pt__20124,1190.0,1045.230158411532,1197.5562789627218,1272.7802977962,1376.6074663693994,1196.4062659015867,1272.7802977962
nrc_groeneveld_24579pt__10602,474.0,397.72471628271563,393.7687451677108,461.6899071846058,490.9744356888999,402.59118742489335,461.6899071846058
nrc_groeneveld_24579pt__17025,1298.0,1364.4910125327071,1405.0724084928095,1289.9320854112914,1476.3138037615308,1505.3518687200446,1289.9320854112914
nrc_groeneveld_24579pt__3954,829.0,862.7404877296942,841.3256449142459,919.4587317580364,871.5937778804667,802.8814833587388,919.4587317580364
nrc_groeneveld_24579pt__21490,940.0,780.021574815862,797.0422444729775,796.7112646778261,807.455779224585,710.6071291011262,796.7112646778261
nrc_groeneveld_24579pt__20304,1070.0,909.4709067817421,1067.2687148289895,1070.0425776353266,910.6644063012709,783.6149510786529,1070.0425776353266
nrc_groeneveld_24579pt__583,1180.0,1262.7405030754646,1191.2424126675169,1083.6506778834466,1210.5480659607913,1241.9115300958736,1083.6506778834466
nrc_groeneveld_24579pt__20741,1027.0,907.3475608930686,938.9871936972721,906.7074269887268,952.4181391401994,914.3008694329943,906.7074269887268
nrc_groeneveld_24579pt__2639,966.0,810.4068209970146,943.2171951726422,948.0181139377772,867.0743925531877,737.0348102122799,948.0181139377772
nrc_groeneveld_24579pt__1730,3853.0,3368.055569795446,3844.633147645684,3847.2440354002238,3391.054579990798,3382.4017643648785,3847.2440354002238
nrc_groeneveld_24579pt__13714,1480.0,1250.271047061841,1484.2807536024643,1579.834613437386,1214.104918170362,1354.6201587708006,1579.834613437386
nrc_groeneveld_24579pt__20654,1653.0,1509.049741819157,1700.4377609969272,1572.9266989671667,1342.19113951558,1459.1657107909205,1572.9266989671667
nrc_groeneveld_24579pt__7379,613.7,736.2728929469157,468.00956749834006,599.985386595753,837.3069011316603,803.7743560684995,599.985386595753
nrc_groeneveld_24579pt__1305,488.0,459.11273008331614,488.1820156499741,486.8411759231475,468.37164892607495,430.05793962504566,486.8411759231475
nrc_groeneveld_24579pt__10127,3532.0,3156.6319095026884,3127.0420858021507,3226.879311123499,2912.2889097708157,3177.213721446237,3226.879311123499
nrc_groeneveld_24579pt__22587,2593.0,2404.706221202979,2596.7182329155057,2563.0176051640433,2522.0718490390454,2666.080088371858,2563.0176051640433
nrc_groeneveld_24579pt__24286,655.0,649.4829984004668,609.484232063547,595.5643410800958,683.7150931756971,643.4715830599971,595.5643410800958
nrc_groeneveld_24579pt__3656,490.0,661.5041125651984,626.8717508943679,606.5585627856921,737.9983751961397,707.1192854152563,606.5585627856921
nrc_groeneveld_24579pt__13740,1505.0,1268.5661655900326,1344.8178294135212,1425.6858623484313,1107.7895237851417,1243.1486204125936,1425.6858623484313
nrc_groeneveld_24579pt__19619,4410.0,3794.2942406781017,3943.6011205781456,3647.002607983216,3682.9517015950805,4161.954958596057,3647.002607983216
nrc_groeneveld_24579pt__20697,515.0,563.1836258444989,612.792265002174,586.459186588843,456.9142150878555,461.8889447609632,586.459186588843
nrc_groeneveld_24579pt__12123,986.0,1043.384129006293,1010.5797518025793,999.7385790457755,1056.7007437198934,1068.0379123244288,999.7385790457755
nrc_groeneveld_24579pt__12372,971.0,922.7058819028881,879.4921727038961,931.5533356150886,947.1582901219037,962.2859607220608,931.5533356150886
nrc_groeneveld_24579pt__15554,1070.0,1198.1129449201924,1143.3340005488567,1152.5531454786706,1352.1160372863094,1273.570847025651,1152.5531454786706
nrc_groeneveld_24579pt__18398,2456.0,2582.9361140508104,2761.5523256426545,2566.9918776251975,2015.660380750217,2354.631629720831,2566.9918776251975
nrc_groeneveld_24579pt__21585,310.0,500.515232306236,374.2261348039228,401.1230328419262,540.575942974471,420.07227640553225,401.1230328419262
nrc_groeneveld_24579pt__21235,336.0,336.36363087137875,406.70290914162257,352.55946849320003,320.63045332404124,324.8303783744081,352.55946849320003
nrc_groeneveld_24579pt__7811,1012.6,1055.1622631194464,978.7113553549954,935.4050168359036,1003.8199199990834,995.6999293602977,935.4050168359036
nrc_groeneveld_24579pt__10176,1466.0,1172.383940707029,1305.3771084317393,1309.3967409747904,1233.6067709797342,1338.1935907283314,1309.3967409747904
nrc_groeneveld_24579pt__13175,3082.0,2979.7385476478594,3223.9999207626674,2917.031922416127,1921.7901327436798,2673.035774428207,2917.031922416127
nrc_groeneveld_24579pt__23693,416.0,447.5153276902308,387.568775913393,411.2614739734923,523.3672528576769,382.91260357202333,411.2614739734923
nrc_groeneveld_24579pt__8152,2326.0,1932.4933897765843,2186.3692164808413,2091.8787808529305,2034.7012996702374,2112.517266568594,2091.8787808529305
nrc_groeneveld_24579pt__19529,2740.0,2734.8323880958437,2664.443325794518,2720.2136434808413,2703.8736704224657,2934.885367985129,2720.2136434808413
nrc_groeneveld_24579pt__3639,1858.0,1629.2658605731394,1752.6045201191287,1744.3853879612013,1469.8625847130147,1569.9790301678215,1744.3853879612013
nrc_groeneveld_24579pt__10680,921.0,953.4668264592872,887.9917265201257,809.9952049908159,792.0338872430924,831.5092324265504,809.9952049908159
nrc_groeneveld_24579pt__7486,1327.0,2293.330803890092,1655.6718791342478,1875.3173378984943,2200.583642678062,2352.4073159774894,1875.3173378984943
nrc_groeneveld_24579pt__17808,1473.0,1311.412227678147,1412.2623248481927,1396.8085264046542,956.626391339901,1131.6595731289258,1396.8085264046542
nrc_groeneveld_24579pt__3845,1388.0,1155.790963196114,1324.6574486033282,1486.1180663842072,1165.9456090469175,1250.7103456539733,1486.1180663842072
nrc_groeneveld_24579pt__442,1989.0,2377.730447930269,1947.7043686986524,2218.222081344613,2339.7495756930853,2393.4472602705464,2218.222081344613
nrc_groeneveld_24579pt__7688,2050.689,1896.4170744845242,2013.5379119138458,2049.5916467542156,1634.1923223702372,1751.0412015637762,2049.5916467542156
nrc_groeneveld_24579pt__22997,1438.0,1401.8813417161434,1378.2303062417343,1306.152582877574,1216.0634095594737,1307.1077598951329,1306.152582877574
nrc_groeneveld_24579pt__3065,1505.0,1538.7972658274196,1483.0137744561127,1587.36047478325,1475.3282026255806,1256.2379588766532,1587.36047478325
nrc_groeneveld_24579pt__16360,1401.0,1484.8120178965346,1284.1906323183553,1295.8451647363572,1254.795545737077,1329.2155426668392,1295.8451647363572
nrc_groeneveld_24579pt__14584,691.0,723.5019479513645,652.6645789987255,690.9332816364298,604.2065520855998,674.4288211355713,690.9332816364298
nrc_groeneveld_24579pt__16307,3373.0,3688.0838229493033,3570.5048864001155,3685.486094662926,3483.992125251328,3895.8360433611656,3685.486094662926
nrc_groeneveld_24579pt__12404,1163.0,1211.4429983017023,1229.515258227861,1250.4173448123545,1133.067161995453,1225.1937066366154,1250.4173448123545
nrc_groeneveld_24579pt__851,1563.0,1458.4009311928842,1637.3146415043561,1663.038651607317,2243.6360832961414,1843.5421918549164,1663.038651607317
nrc_groeneveld_24579pt__4801,1909.0,1866.8910528235756,2006.087412156621,1955.3801614084502,1719.8798426259523,1810.306814296467,1955.3801614084502
nrc_groeneveld_24579pt__23503,437.0,446.1725520435342,531.1106379711853,511.4795807218217,480.2156638517167,396.46568298911984,511.4795807218217
nrc_groeneveld_24579pt__7997,544.0,443.77117036777275,427.35571894755435,480.8749773725078,604.0713859602373,435.5033627185771,480.8749773725078
nrc_groeneveld_24579pt__18601,462.0,489.8940682292854,439.85330849775437,440.2089129680034,405.45800899787474,508.20889182126245,440.2089129680034
nrc_groeneveld_24579pt__6534,4574.2,3249.987437658054,4146.903355658539,4407.824584775922,3252.886968787721,3389.20707558763,4407.824584775922
nrc_groeneveld_24579pt__22419,2707.0,2042.3228519492998,2178.657348555128,2122.7801732841676,2181.4373552145603,2558.5729587451056,2122.7801732841676
nrc_groeneveld_24579pt__21200,1700.0,1669.7577925872147,1629.1190223730698,1588.4718398629116,1428.622096150887,1494.9964390107402,1588.4718398629116
nrc_groeneveld_24579pt__15697,1372.0,1501.3860713283848,1422.471282247356,1299.9015748671843,1153.6349777366397,1307.5059829904376,1299.9015748671843
nrc_groeneveld_24579pt__24035,1240.0,1038.7624700245362,1174.8914591848174,1151.7893921393695,1175.2340857522986,970.8763690088374,1151.7893921393695
nrc_groeneveld_24579pt__2733,1490.0,1389.1532409167914,1500.4095338784289,1441.1710901436347,1495.925291797374,1315.0653705965449,1441.1710901436347
nrc_groeneveld_24579pt__653,1035.0,1200.308267664662,1170.4232964492821,1147.4009849269125,860.1169136850164,1107.3257867951618,1147.4009849269125
nrc_groeneveld_24579pt__13936,540.0,537.7608336283706,491.3876161813548,660.3494551502754,759.6414908989868,1016.1999101607855,660.3494551502754
nrc_groeneveld_24579pt__976,1032.0,1121.0852773519775,1083.060716702317,1097.0825678262945,1382.1223224487312,1041.5012124921948,1097.0825678262945
nrc_groeneveld_24579pt__3740,2074.0,1871.4125965835065,2041.7164485026312,2019.3126462236282,1566.4960880168846,1526.5675015243614,2019.3126462236282
nrc_groeneveld_24579pt__21008,1041.0,871.9718976112189,895.5816737728852,933.4947282487442,766.8367601653244,861.874636943705,933.4947282487442
nrc_groeneveld_24579pt__23505,532.0,666.4143316699706,670.827327135271,650.4007992925355,750.2405002283581,640.6810002163999,650.4007992925355
nrc_groeneveld_24579pt__14673,1083.0,1125.9530228091744,1056.6363793279324,1106.4826133023817,1096.9817695560732,1188.5744280875101,1106.4826133023817
nrc_groeneveld_24579pt__1826,5142.0,5597.736233437622,4762.644130793052,5438.768714730917,5637.72746721214,5273.075244452408,5438.768714730917
nrc_groeneveld_24579pt__17827,1010.0,1024.755487130756,978.9930629600005,1002.6010375396709,896.4315488537396,956.0205743544553,1002.6010375396709
nrc_groeneveld_24579pt__4847,3110.0,2757.9734934994276,3189.0138253782943,3069.063086387295,2583.411766901647,2987.0064689236524,3069.063086387295
nrc_groeneveld_24579pt__4170,772.0,650.4706376212989,661.7805284213941,779.4236704893744,551.5064564165745,596.9301565557697,779.4236704893744
nrc_groeneveld_24579pt__18019,607.0,552.6322861920357,559.382409317617,548.8497507013848,532.2240682166782,548.2820633229215,548.8497507013848
nrc_groeneveld_24579pt__11282,726.0,508.3079650654962,566.0522044864886,590.3803264825314,500.40494264602853,496.9399361771759,590.3803264825314
nrc_groeneveld_24579pt__246,2380.0,2430.980437040287,2217.862414351461,2329.2493598303486,2481.8886495955644,2629.4346962474774,2329.2493598303486
nrc_groeneveld_24579pt__20606,1475.0,1464.2556781814953,1528.177573910476,1450.9027456854596,1284.3837252202566,1370.9814635090456,1450.9027456854596
nrc_groeneveld_24579pt__3661,909.0,1079.966556823053,1118.988137262609,1050.6396572967744,1165.487655838104,1168.7046589780657,1050.6396572967744
nrc_groeneveld_24579pt__1512,1082.0,966.8252468904961,1062.5056906661432,1051.3824392094803,986.2949882240997,1055.7453497529227,1051.3824392094803
nrc_groeneveld_24579pt__22098,1503.9,1252.8729128118312,1407.6950484757085,1437.5202392380604,1265.4153872808597,1272.374766866597,1437.5202392380604
nrc_groeneveld_24579pt__909,652.0,637.352707344572,662.2913314793667,608.2560184474895,803.9113723209122,492.9912898345602,608.2560184474895
nrc_groeneveld_24579pt__21285,538.0,516.7051676622712,506.78702222210836,528.0497941760311,591.4152709676674,610.3671850047187,528.0497941760311
nrc_groeneveld_24579pt__16058,2960.0,3110.970233539879,3017.2816807266313,3370.9339537984347,2950.265160676097,3371.412683829951,3370.9339537984347
nrc_groeneveld_24579pt__13597,1208.0,852.1957599310017,1074.2438215279474,925.5915564005159,742.6324409248657,752.8617664937824,925.5915564005159
nrc_groeneveld_24579pt__13236,6435.4,6168.366882755364,6911.657996079482,6621.572393772418,6102.608948580245,6285.297233807793,6621.572393772418
nrc_groeneveld_24579pt__2302,2018.0,2053.740007494238,2020.6849415957129,1968.9724715377122,2024.776270641373,2051.857926955908,1968.9724715377122
nrc_groeneveld_24579pt__3572,1994.0,1793.7573036453364,1703.2073539662051,1779.0802525821434,1461.9186940210268,1726.0047450764157,1779.0802525821434
nrc_groeneveld_24579pt__17232,3162.0,2915.677620860748,3046.7595640953236,3179.782475542691,2280.9430936510057,2750.629569032584,3179.782475542691
nrc_groeneveld_24579pt__11178,1653.0,1643.3659744313377,1552.8853375088206,1608.6344073450464,1103.9069632664318,1428.1694295310162,1608.6344073450464
nrc_groeneveld_24579pt__6364,6250.0,5845.807264202765,6589.343953059425,6335.7337401949535,5151.9864538326065,6157.903137755894,6335.7337401949535
nrc_groeneveld_24579pt__7841,1734.7,1632.2525395458802,1607.3732893347133,1580.4997979565514,1377.259491091669,1529.3194877084911,1580.4997979565514
nrc_groeneveld_24579pt__23153,1263.0,1053.2361378054502,905.4615930894245,1044.6151043778975,979.630532452273,954.62611053752,1044.6151043778975
nrc_groeneveld_24579pt__384,1689.0,1855.1711970567549,1876.0023058108432,1727.0838793310265,2015.6988469706482,1855.3617211007677,1727.0838793310265
nrc_groeneveld_24579pt__19914,3600.0,3169.0673382905748,3179.36212779235,3246.0834219132503,2616.550532917377,2976.144925649421,3246.0834219132503
nrc_groeneveld_24579pt__19504,2090.0,1944.050724715554,1931.7670812624408,1795.17100879315,1407.1567007957026,1857.9591641256643,1795.17100879315
nrc_groeneveld_24579pt__5814,5570.0,4879.217452092373,5453.555407756408,5178.5930157434905,4558.893482596311,4946.410497046936,5178.5930157434905
nrc_groeneveld_24579pt__8239,2766.0,2751.0836618467615,2928.704318156481,2952.427677361135,2433.7135680626357,2810.9885137533556,2952.427677361135
nrc_groeneveld_24579pt__11627,949.0,911.8038074827058,775.4774135027643,872.5393792296173,864.7040769435148,826.9995930919589,872.5393792296173
nrc_groeneveld_24579pt__17280,740.0,867.548931832664,815.8250548030783,765.8519053871407,853.2881371770809,781.493377329677,765.8519053871407
nrc_groeneveld_24579pt__17407,1666.0,2329.945593584556,2041.94388078136,1936.9909435538382,2354.2200487359714,2461.1257889615367,1936.9909435538382
nrc_groeneveld_24579pt__14766,327.0,397.37888315104954,364.26796124224757,304.84186505250574,365.2186531569813,432.16781498066604,304.84186505250574
nrc_groeneveld_24579pt__18694,336.0,444.0674228516353,366.6195802995742,367.72169930434706,519.4902534213295,517.0322722740726,367.72169930434706
nrc_groeneveld_24579pt__10839,493.0,492.0339765122387,389.10139702208335,403.9703803696343,495.78120815710855,498.24901738743563,403.9703803696343
nrc_groeneveld_24579pt__16406,1991.0,1958.2523976830191,1901.2169241360104,1905.552910499498,1826.9863218405342,2082.322672641787,1905.552910499498
nrc_groeneveld_24579pt__9076,792.0,803.5807692848196,701.0450745157044,759.8547424838815,821.6423580496162,712.9497303830459,759.8547424838815
nrc_groeneveld_24579pt__580,1850.0,2105.52627669708,1872.2567815893497,1945.9632750226901,1642.7779978470753,1820.8473418955705,1945.9632750226901
nrc_groeneveld_24579pt__2321,2513.0,2651.288482669968,2560.665011452801,2604.290968763106,2783.7862861140175,2857.244853925897,2604.290968763106
nrc_groeneveld_24579pt__10529,458.0,495.30100221484946,351.3581459221151,359.33711736815656,517.3879121585277,463.6867260222454,359.33711736815656
nrc_groeneveld_24579pt__13685,2343.0,1740.6704752408796,2287.5261310793785,2179.714161445486,1456.4348496173764,1768.6477586168148,2179.714161445486
nrc_groeneveld_24579pt__5293,1497.0,1307.9839275708334,1437.058246284583,1529.9679796178373,1307.6963612162072,1350.4648340775568,1529.9679796178373
nrc_groeneveld_24579pt__1537,3180.0,3022.3327983692025,3051.4368514525354,3018.842784098515,3065.264364889936,3028.216490647951,3018.842784098515
nrc_groeneveld_24579pt__14712,592.0,461.70344586292896,405.70241574837354,416.42395245821825,545.0568337221339,468.99354918851145,416.42395245821825
nrc_groeneveld_24579pt__14722,1132.0,855.0622913385545,983.836772395552,887.2001576138839,790.089942434296,797.5791578071872,887.2001576138839
nrc_groeneveld_24579pt__2198,513.0,480.20489748229016,528.9633901382381,515.3130990531591,503.0875686199033,513.9668945319424,515.3130990531591
nrc_groeneveld_24579pt__4627,2441.0,2237.3865435408634,2346.616206472981,2327.854131185636,2387.3222504980304,2537.585003018482,2327.854131185636
nrc_groeneveld_24579pt__14824,402.0,506.8869933084079,396.8436518979663,425.0770753767349,457.8527143234218,366.69781575066173,425.0770753767349
nrc_groeneveld_24579pt__8222,3066.0,2854.261577280786,2892.646712259852,2815.208198502053,2459.715887186399,2861.764357594506,2815.208198502053
nrc_groeneveld_24579pt__23840,1803.0,1898.7059049763882,1810.1380534108116,1784.5135423090487,1856.4565673367874,1916.1269411008195,1784.5135423090487
nrc_groeneveld_24579pt__13078,391.0,426.9158961700901,382.3640383697256,434.7900430599531,507.2421385505459,539.1754849953769,434.7900430599531
nrc_groeneveld_24579pt__14539,801.0,737.5363788786999,800.5998693277936,737.4727535361278,654.4250209210207,676.0104110669405,737.4727535361278
nrc_groeneveld_24579pt__12674,1159.0,1089.93494693303,1222.8575191117745,1135.0408060428028,957.1248343932766,1115.1160934544384,1135.0408060428028
nrc_groeneveld_24579pt__2144,2031.0,2233.9136764833897,2023.4218792084246,2090.8282144848095,2089.6599287079293,2119.9894053949693,2090.8282144848095
nrc_groeneveld_24579pt__5172,2034.0,2224.7474949504945,2020.3707678959747,2072.2871181222013,2039.6207455560775,2077.9672330625276,2072.2871181222013
nrc_groeneveld_24579pt__10496,673.0,782.5490451273454,827.586614145852,809.1477417318788,1006.486513849217,935.0445465977431,809.1477417318788
nrc_groeneveld_24579pt__9391,762.0,663.007085276548,689.3000201094865,630.1567894089941,695.0547230711051,711.1316432292892,630.1567894089941
nrc_groeneveld_24579pt__13596,1115.0,913.4299617762573,1032.7006681786454,1009.4942526093922,801.6040343856874,813.6051150009881,1009.4942526093922
nrc_groeneveld_24579pt__12790,3891.0,4257.630214107068,4495.630380946776,4406.711948873309,4831.069624880253,3021.095712643566,4406.711948873309
nrc_groeneveld_24579pt__22480,772.0,823.4151606376396,844.5840544066536,859.8724540930859,977.6283843175589,833.0528643824391,859.8724540930859
nrc_groeneveld_24579pt__5558,1689.0,1352.6959766256832,1608.9402790593467,1599.2772372228364,787.0608077873752,1354.558415157924,1599.2772372228364
nrc_groeneveld_24579pt__9577,3903.0,4781.988779262295,4499.251586923948,4264.019003773212,3999.180546043477,4286.819287054061,4264.019003773212
nrc_groeneveld_24579pt__20451,3660.0,3967.3610648351355,4222.560626003442,3993.52827277445,4339.743749434341,4445.9284543662125,3993.52827277445
nrc_groeneveld_24579pt__1745,3882.0,3221.5404340488485,3860.889097250458,4003.5305465705255,3499.61843104097,3339.351283212661,4003.5305465705255
nrc_groeneveld_24579pt__5465,2612.0,2117.473266206496,2589.3705038287485,2922.700764188541,1767.4310598269078,2145.3486529948746,2922.700764188541
nrc_groeneveld_24579pt__16812,2820.0,2548.0700170332434,2404.008477332274,2580.070350636414,2719.5851665205746,2949.398297138784,2580.070350636414
nrc_groeneveld_24579pt__8602,2408.0,2393.786578272653,2430.792140162804,2602.0162240126338,2240.7771755911454,2516.835524040963,2602.0162240126338
nrc_groeneveld_24579pt__22091,1358.9,1209.3260971057193,1360.119128153068,1354.7000117531145,1244.3264811875174,1238.8299044577948,1354.7000117531145
nrc_groeneveld_24579pt__12478,1082.0,1351.902643477615,1218.4650798811547,1269.4333995803684,1558.335334902644,1461.6445508501818,1269.4333995803684
nrc_groeneveld_24579pt__13894,2164.0,2202.3752027256155,2125.277139468583,2049.3795384160485,2039.2314442181182,2415.138978058492,2049.3795384160485
nrc_groeneveld_24579pt__13244,4589.0,3534.308336120386,4040.0273132107277,4509.751567859426,3304.389448106793,3806.855499037515,4509.751567859426
nrc_groeneveld_24579pt__21958,2848.0,2477.980954567549,2731.0080076143,2824.6759398679383,2298.28699124859,2564.945614874116,2824.6759398679383
nrc_groeneveld_24579pt__3000,1453.0,1541.4018464048836,1495.1043928088866,1551.8048241855076,1610.840340655809,1288.233809651577,1551.8048241855076
nrc_groeneveld_24579pt__4964,672.0,838.4481320352588,777.9375663006459,804.9127726945851,992.6858829008278,942.8275334907765,804.9127726945851
nrc_groeneveld_24579pt__13464,3241.0,2610.1948787624724,3075.972493966585,2961.153759808339,2937.7030928128734,3063.069372061095,2961.153759808339
nrc_groeneveld_24579pt__15563,2744.0,2286.2939571032502,2487.464271655172,2189.467565010194,1660.2491757425992,2219.5899337392166,2189.467565010194
nrc_groeneveld_24579pt__9553,1031.0,875.6871716377364,955.1940351051604,870.2901493864236,916.876198542286,885.8979003992614,870.2901493864236
nrc_groeneveld_24579pt__10153,4460.0,3782.020089130055,4147.7738531822315,4341.596252272299,3223.9374156551635,3778.6579081704103,4341.596252272299
nrc_groeneveld_24579pt__15936,441.0,391.88329346754625,439.10479643343984,421.05139994616223,510.09319466479536,409.5557100059724,421.05139994616223
nrc_groeneveld_24579pt__1232,727.0,746.1157964221976,722.584112056044,733.8298334597736,794.2015125284514,752.5913276842961,733.8298334597736
nrc_groeneveld_24579pt__771,277.0,454.77877283671324,352.049053642101,297.2147907415737,1103.443344040647,901.6536953762128,297.2147907415737
nrc_groeneveld_24579pt__9067,410.0,510.24710181972335,436.581716519362,446.1995305179041,611.1494409642556,459.1376644849515,446.1995305179041
nrc_groeneveld_24579pt__17466,552.0,702.6712135332558,628.1462071871538,692.7055232124034,726.5129769935626,683.628662035378,692.7055232124034
nrc_groeneveld_24579pt__13794,540.0,430.6575684551803,584.1698789875295,629.4833578828585,315.13398609338856,391.9444291548355,629.4833578828585
nrc_groeneveld_24579pt__19532,2530.0,2393.951525986826,2411.45357640776,2506.3438164292274,2267.1491613133003,2575.572644743231,2506.3438164292274
nrc_groeneveld_24579pt__16841,2767.0,2815.5051940275143,2983.6364724151754,2725.4530988423235,3118.864698190163,3300.445205136665,2725.4530988423235
nrc_groeneveld_24579pt__7438,1560.4,1497.6730943462403,1531.6316912090172,1461.1074638654898,1517.9008862053322,1783.5407892381804,1461.1074638654898
nrc_groeneveld_24579pt__7224,1407.0,1393.1189184884543,1439.5089054791026,1521.9834593336846,1630.2414084645532,1518.2951777635585,1521.9834593336846
nrc_groeneveld_24579pt__20336,1980.0,1936.1825754129175,1873.5970434136589,1860.1465741815987,2068.717987857168,2057.8970493286315,1860.1465741815987
nrc_groeneveld_24579pt__2097,1514.0,1581.4127403017403,1459.9873467440543,1477.6365130290499,1537.1671528746715,1554.722274786711,1477.6365130290499
nrc_groeneveld_24579pt__11714,2756.0,3157.7853544982954,2957.1246474426252,3068.29482640237,2488.1138249655073,2717.6098383994085,3068.29482640237
nrc_groeneveld_24579pt__6518,4731.9,4739.714526106263,4731.674548234727,4470.009019421198,4208.520830633855,4390.079714261665,4470.009019421198
nrc_groeneveld_24579pt__21864,530.0,667.0312846747746,724.6115184274171,643.6595523069124,625.5486612825254,631.8723890017384,643.6595523069124
nrc_groeneveld_24579pt__10953,6089.0,4802.976794329935,5717.399816012218,5652.657615273621,4832.665472697534,5437.723101146535,5652.657615273621
nrc_groeneveld_24579pt__22147,781.9,823.6674278723965,878.0829108060292,890.7662479748881,871.7233136078013,858.6277839450198,890.7662479748881
nrc_groeneveld_24579pt__6839,491.0,485.536158727815,488.78855087125214,497.08381103697405,473.1338235343361,534.0441834730516,497.08381103697405
nrc_groeneveld_24579pt__17546,1418.0,1437.5159025454113,1487.6264308647915,1501.3223889186497,1909.6073216384896,1746.4524164565948,1501.3223889186497
nrc_groeneveld_24579pt__3704,682.0,701.4292423707908,698.0641000260854,684.789476503179,783.790983852541,693.2266856069419,684.789476503179
nrc_groeneveld_24579pt__10316,373.0,456.47998832178774,466.84954671989,397.0732352904082,512.1586486145856,427.9073883525139,397.0732352904082
nrc_groeneveld_24579pt__13213,3407.0,3415.6081598194723,3273.9854236344713,3307.976682194195,3095.5163674734627,3637.207941374042,3307.976682194195
nrc_groeneveld_24579pt__4914,2852.0,3161.9119018618258,2934.288401004274,2969.9449161187886,3222.6305062802,3257.5738248446146,2969.9449161187886
nrc_groeneveld_24579pt__19157,9610.0,9215.887202163944,9620.158499404475,9572.855507650782,9453.480137013185,10114.166233156795,9572.855507650782
nrc_groeneveld_24579pt__24330,381.0,383.76451379414357,419.92429078829656,416.85183769406683,509.44123938451196,470.2140043316392,416.85183769406683
nrc_groeneveld_24579pt__20202,1660.0,1409.3200134993629,1558.6623117917782,1660.074531674955,1784.6882555527209,1683.3015804589984,1660.074531674955
nrc_groeneveld_24579pt__8340,967.0,787.8717061173448,759.3782235049587,804.6755228422951,869.9600291965268,758.3216182010264,804.6755228422951
nrc_groeneveld_24579pt__18023,536.0,550.9628415589932,550.6919160756119,516.64744143561,531.211333650688,547.1206749143574,516.64744143561
nrc_groeneveld_24579pt__21564,490.0,465.1429049342393,446.0219295081326,414.7950859461707,531.2449830156696,389.4477270364886,414.7950859461707
nrc_groeneveld_24579pt__24367,142.0,130.05725948942342,135.06098283355425,136.81322178581405,177.90815325973088,132.59964732599778,136.81322178581405
nrc_groeneveld_24579pt__2956,2566.0,2389.7690340471195,2498.791990276315,2546.760842138771,2292.7243321522606,2504.6340814579853,2546.760842138771
nrc_groeneveld_24579pt__759,1376.0,1247.9722263323047,1327.4037099585148,1102.6808026940603,2028.1912860879013,1574.7937855343255,1102.6808026940603
nrc_groeneveld_24579pt__20526,843.0,930.0346506489504,974.3101320238904,979.3111966867283,954.6263421642469,982.0640448682866,979.3111966867283
nrc_groeneveld_24579pt__18109,2193.0,2422.9696738262874,1972.2618712532364,2327.9519144537708,2395.072190481547,2450.9142449825804,2327.9519144537708
nrc_groeneveld_24579pt__13531,1078.0,966.9800361592946,1028.1898991953447,982.8941129692699,827.2708828236184,886.9478557102333,982.8941129692699
nrc_groeneveld_24579pt__6050,1515.8,1469.9321183135553,1604.9396835489683,1701.4743544215519,1310.6365131194993,1382.28924372322,1701.4743544215519
nrc_groeneveld_24579pt__24421,590.0,486.2966465217375,598.4782345887152,627.117397702472,439.1331349428969,543.3454283234739,627.117397702472
nrc_groeneveld_24579pt__16595,1505.0,1526.3892296589179,1436.2711565379498,1554.5993134895718,1439.8304855852289,1617.4742996912812,1554.5993134895718
nrc_groeneveld_24579pt__8908,2223.0,2744.434582438786,2537.247632312925,2422.047843277414,2723.5173079493675,2845.2030022111076,2422.047843277414
nrc_groeneveld_24579pt__3121,3040.0,2752.1990093530417,3015.9573065425357,2919.381093286616,2976.6324066748757,2516.1387057313245,2919.381093286616
nrc_groeneveld_24579pt__22623,2469.0,2608.8285286058626,2262.7964349816903,2514.4066799575553,2508.277103386431,2807.2727180373845,2514.4066799575553
nrc_groeneveld_24579pt__1844,530.0,509.3872916853015,521.3274135426985,512.8264796036664,529.4534431292958,475.4608821577512,512.8264796036664
nrc_groeneveld_24579pt__12513,332.0,470.00300086468536,392.785306952061,386.61643634025836,503.3876556502526,482.20987948275797,386.61643634025836
nrc_groeneveld_24579pt__19956,2270.0,2248.6144333223206,2308.566094413607,2183.168930107279,2202.182272719357,2333.042382505553,2183.168930107279
nrc_groeneveld_24579pt__8172,1661.0,1431.5449468812926,1328.6744773579446,1455.6207887721419,1494.3601752479337,1560.8302874124222,1455.6207887721419
nrc_groeneveld_24579pt__21618,660.0,667.1178722023385,634.435590054111,625.6881980016248,700.5197850370605,621.2605773745416,625.6881980016248
nrc_groeneveld_24579pt__6667,273.0,273.75725699161615,266.15792338471596,262.56381552023555,265.60022450482836,272.33398914365125,262.56381552023555
nrc_groeneveld_24579pt__19682,3060.0,3145.4911703269913,3373.144374102008,3247.2252349486535,3131.630531972298,3492.98763415149,3247.2252349486535
nrc_groeneveld_24579pt__11218,344.0,326.88290226558274,375.87000503751244,363.60261983711024,339.641245780015,278.22425676099175,363.60261983711024
nrc_groeneveld_24579pt__3565,1559.0,1145.0483110091698,1432.040483354918,1427.4459599011777,1186.4908823028366,1226.8424377693323,1427.4459599011777
nrc_groeneveld_24579pt__20438,5620.0,4503.458871713108,5428.568668856114,5143.870423742563,5590.172214702325,5432.727292969543,5143.870423742563
nrc_groeneveld_24579pt__15460,1175.0,953.1177049230516,1013.3095149346609,976.5054896336394,1040.2389392387634,1034.320538483666,976.5054896336394
nrc_groeneveld_24579pt__15920,1552.0,1518.3396147770966,1595.8977812502408,1579.9374531141048,1600.61170648697,1497.2702933146713,1579.9374531141048
nrc_groeneveld_24579pt__2352,3521.0,3374.1182145899356,3297.713595622944,3224.4084517222086,3376.5808843518284,3617.190416414007,3224.4084517222086
nrc_groeneveld_24579pt__23283,1263.0,1825.0686942324535,1873.0952936980013,1700.8492608420165,1766.7019820395108,1957.982592975536,1700.8492608420165
nrc_groeneveld_24579pt__5761,3054.0,2786.2962577484327,2997.9434882196942,2844.809497308567,3619.2716369097807,3012.4675759683496,2844.809497308567
nrc_groeneveld_24579pt__16174,3000.0,2522.827225192784,2658.2689397962918,2351.251636023508,2346.8965107740005,2920.3894655136664,2351.251636023508
nrc_groeneveld_24579pt__1023,1799.0,2047.304566415608,1849.9678719694793,1931.637811680134,2329.32872407868,2107.8631458493996,1931.637811680134
nrc_groeneveld_24579pt__18333,1953.0,1687.8920939383772,1820.0547306311294,1789.7385363803733,1592.28969222806,1794.3276416981662,1789.7385363803733
nrc_groeneveld_24579pt__9571,7368.0,5073.687125142176,7040.746038212502,7170.027764862825,4884.865383844211,6080.893694053041,7170.027764862825
nrc_groeneveld_24579pt__11045,286.0,497.59523187445217,429.87007117764506,450.99249075402827,575.8183449069586,509.80851465060977,450.99249075402827
nrc_groeneveld_24579pt__7559,1715.0,1533.6800884854122,1521.963320754916,1619.8677939853567,1427.901008487249,1569.3835925665248,1619.8677939853567
nrc_groeneveld_24579pt__7909,3712.0,4309.460318093188,3644.6037060518456,3643.856454793505,3446.147588304497,3941.135530852059,3643.856454793505
nrc_groeneveld_24579pt__17720,1636.0,1430.97788466449,1457.5041643347895,1458.9752045517184,1512.1586270325029,1581.8739081867054,1458.9752045517184
nrc_groeneveld_24579pt__1704,3353.0,2737.424586056971,3420.836225105835,3274.4602945178713,2710.849097480477,2698.746754670667,3274.4602945178713
nrc_groeneveld_24579pt__18352,678.0,681.5900777231004,642.1479140143692,673.4775824419954,567.4650311420303,634.6229584863875,673.4775824419954
nrc_groeneveld_24579pt__1611,3949.0,3797.422293828282,3938.5791204714255,4255.599916051477,3977.6246932722056,4125.539740333716,4255.599916051477
nrc_groeneveld_24579pt__1075,861.0,928.0752980243233,874.271340104418,961.6142382686036,1059.3775068980053,874.1982250406293,961.6142382686036
nrc_groeneveld_24579pt__8648,923.0,1097.285271937165,976.3279191826102,947.746297813979,1011.1306047389114,981.8712413169994,947.746297813979
nrc_groeneveld_24579pt__6859,660.0,627.6581386607334,685.8917961705836,690.414337027311,724.4544835996991,643.0677691149585,690.414337027311
nrc_groeneveld_24579pt__14856,179.0,325.0106040413797,311.25384773900305,330.839377925812,254.87920017364777,246.44701591079445,330.839377925812
nrc_groeneveld_24579pt__1773,4491.0,4101.60751239047,4492.559863808639,4699.52324988506,4668.846393309957,4224.521267846236,4699.52324988506
nrc_groeneveld_24579pt__19671,2950.0,2773.30433943027,2528.2395444582567,2724.216324962295,2716.5525299071396,3019.99130199044,2724.216324962295
nrc_groeneveld_24579pt__10435,1442.0,1267.8272909212922,1383.4798910713646,1449.583488012054,1283.762276634505,1442.9968227610423,1449.583488012054
nrc_groeneveld_24579pt__14947,244.0,247.68680697626894,193.32543840844184,177.04566214083593,192.64392829929608,184.74032449478455,177.04566214083593
nrc_groeneveld_24579pt__8082,2477.0,2907.8321053340055,2376.666449994169,2594.449830648081,2372.973657258141,2702.4349756363426,2594.449830648081
nrc_groeneveld_24579pt__13322,2010.0,1879.9274721810662,2001.032870503412,1978.5240744348505,1514.9805980543658,1471.3447426427683,1978.5240744348505
nrc_groeneveld_24579pt__17273,1016.0,1153.8278744439926,1168.8393315783871,1235.4089325955074,1166.4673066143002,1167.2355216862782,1235.4089325955074
nrc_groeneveld_24579pt__16776,2487.0,2470.547994538206,2375.7778435673026,2383.7660403849964,2203.740856867012,2452.1390344840147,2383.7660403849964
nrc_groeneveld_24579pt__4501,1883.0,1629.1769497111982,1754.6205676216243,1677.6906297095338,1500.6571061138798,1613.1131576307782,1677.6906297095338
nrc_groeneveld_24579pt__16914,1822.0,1640.794776716194,1948.2742213072534,1937.2824221955634,1931.176627692804,1969.3339244909537,1937.2824221955634
nrc_groeneveld_24579pt__23933,145.0,163.995944249715,144.32916377664128,150.66768633879167,147.43935314062915,167.0455308900846,150.66768633879167
nrc_groeneveld_24579pt__3160,1414.0,1234.920157248162,1403.6174121207446,1376.4980028338434,1226.3753134730196,1214.0276070229113,1376.4980028338434
nrc_groeneveld_24579pt__24143,616.0,659.664717916959,589.2683284036405,601.0107172000794,793.8803127174233,621.5784195585306,601.0107172000794
nrc_groeneveld_24579pt__18760,615.0,743.6478991139222,713.6920919132981,767.4077443537118,847.0203186497921,856.7657018233733,767.4077443537118
nrc_groeneveld_24579pt__4843,3451.0,2805.8215926951257,3206.9817321613614,2972.4650059530163,2505.0255913296382,2898.441339076287,2972.4650059530163
nrc_groeneveld_24579pt__5905,2310.0,2124.4767545089157,2473.852020444736,2477.1940056072244,2216.4790330188016,2300.62608111981,2477.1940056072244
nrc_groeneveld_24579pt__4986,814.0,987.3306345780148,885.9250997379945,887.4590838853312,1185.609246243129,1160.557062832001,887.4590838853312
nrc_groeneveld_24579pt__15118,1511.0,1544.992706670473,1671.0577795878867,1589.7523283237892,1504.2394260710798,1515.006469503511,1589.7523283237892
nrc_groeneveld_24579pt__1200,983.0,2077.556588642476,1021.0085602151884,1032.5570233852745,1675.8245884808657,1793.82451009329,1032.5570233852745
nrc_groeneveld_24579pt__1168,1157.0,1235.9398900862684,1154.1655543508527,1187.0482764433411,1174.7022391301928,1222.5047424044274,1187.0482764433411
nrc_groeneveld_24579pt__16270,2555.0,2244.140574462586,2357.1272903679105,2511.615792339506,2334.8346892243303,2647.569736453601,2511.615792339506
nrc_groeneveld_24579pt__24479,6332.6,7239.252588183119,6232.726014781929,6329.263935229488,7150.384428716634,6171.057946256045,6329.263935229488
nrc_groeneveld_24579pt__12306,1114.0,1349.834916105254,1200.9621392914426,1167.749045400912,1129.1443876588157,1401.260819379563,1167.749045400912
nrc_groeneveld_24579pt__5332,2030.0,1646.126942521108,1928.3651432983984,1804.576677598351,1514.6384655307802,1638.14502981547,1804.576677598351
nrc_groeneveld_24579pt__13825,441.0,282.8436283224242,363.8651853002097,338.2022872179839,259.00721960305094,277.27172559478424,338.2022872179839
nrc_groeneveld_24579pt__22208,895.4,648.9789690089455,870.027166475029,795.0011171948756,721.1638427166749,845.4672227475943,795.0011171948756
nrc_groeneveld_24579pt__2559,2424.0,2512.282973993125,2432.5791662914066,2482.5219725012653,2492.338220794907,2543.973842716803,2482.5219725012653
nrc_groeneveld_24579pt__2933,2011.0,1928.6892942351817,1978.4341694228522,2049.7039509412793,2062.3004889808817,1720.941349933528,2049.7039509412793
nrc_groeneveld_24579pt__12122,1059.0,1164.8057516178494,1181.8816317505111,1158.69257942454,1112.6152771237457,1157.8936632762986,1158.69257942454
nrc_groeneveld_24579pt__11878,522.0,493.2109733559374,579.7479736178807,526.3290123338339,617.3512692589966,515.9644177045946,526.3290123338339
nrc_groeneveld_24579pt__8739,6403.0,5976.371285801695,6297.580247736766,6460.11919279191,5476.832772405626,5826.11400802235,6460.11919279191
nrc_groeneveld_24579pt__21441,280.0,358.81692094947647,361.7684750454854,325.21437479177393,347.8082779861506,278.58374267265185,325.21437479177393
nrc_groeneveld_24579pt__12251,1344.0,1516.1964121048318,1417.27201424481,1312.7515402328627,1326.1092904267236,1537.2067912417756,1312.7515402328627
nrc_groeneveld_24579pt__9886,508.0,593.7563113302086,534.4436173698525,502.3743628607871,579.0663916772048,574.3240570380468,502.3743628607871
nrc_groeneveld_24579pt__23885,2752.0,1875.5932510741895,2463.382839259287,3058.0416658888216,1943.104591641972,2068.832212222014,3058.0416658888216
nrc_groeneveld_24579pt__16279,4662.0,4861.052777414717,4345.279120768729,4359.245207492996,4805.783946407872,4870.577617941822,4359.245207492996
nrc_groeneveld_24579pt__22134,988.2,954.9532724214611,965.5397788046214,998.3768654033835,913.0900433963666,919.189924732791,998.3768654033835
nrc_groeneveld_24579pt__3667,1953.0,2052.822301024173,2014.6803068039678,1928.0503253579725,1896.2308629731906,2270.77895529531,1928.0503253579725
nrc_groeneveld_24579pt__7433,1241.8,1335.3664580051359,948.2668623994036,846.1635471071576,1270.4910438172687,1401.8973390797103,846.1635471071576
nrc_groeneveld_24579pt__10674,618.0,815.1820960344976,680.1004006690601,761.8326140079396,657.6231410001153,688.9965116765218,761.8326140079396
nrc_groeneveld_24579pt__4749,2770.0,3001.069170662879,2542.0197212996154,2870.427874081994,2513.835804765132,2713.248692204188,2870.427874081994
nrc_groeneveld_24579pt__23435,1279.0,1302.7602871391055,1230.828813317997,1092.421444413297,1260.6250324531206,1934.6803916727986,1092.421444413297
nrc_groeneveld_24579pt__8086,6211.0,5401.207174335758,5969.769009539898,6484.871011328968,6803.4409438963,6068.632544709882,6484.871011328968
nrc_groeneveld_24579pt__6604,156.0,136.33071085002686,154.7979767758657,151.40158309306838,145.31404425812588,117.71660471172295,151.40158309306838
nrc_groeneveld_24579pt__15925,1801.8,1616.847629728514,1705.0019616067339,1592.2532126735853,1648.5522164425656,1552.0041535669407,1592.2532126735853
nrc_groeneveld_24579pt__14285,727.0,796.0552474507193,763.167349332078,790.510370783746,767.6780541408575,888.074594504193,790.510370783746
nrc_groeneveld_24579pt__7401,211.8,573.4032365110054,364.1873704638193,282.3346677186255,590.3595851717128,719.0651988394089,282.3346677186255
nrc_groeneveld_24579pt__3885,1059.0,1074.7299125964828,1257.2367952381628,1212.9387292167823,982.4732756992157,1073.37963560195,1212.9387292167823
nrc_groeneveld_24579pt__23440,553.0,531.4438349281679,518.8190452376905,496.9109210938116,560.6171919640866,593.6445790772499,496.9109210938116
nrc_groeneveld_24579pt__24246,620.0,597.5602259103988,642.8801809276107,605.4966081972331,770.1347121324354,657.4816015356313,605.4966081972331
nrc_groeneveld_24579pt__6250,8250.0,6518.52142538087,9216.098179922668,9236.13502817248,5814.397252105967,8279.621745229239,9236.13502817248
nrc_groeneveld_24579pt__4288,1238.0,1061.9810716249772,1144.5890175247025,1084.8315349641553,902.8214232640627,1007.9826047480466,1084.8315349641553
nrc_groeneveld_24579pt__22533,3270.0,3021.9748897407176,1750.1934352339629,1955.380547115551,1752.142426267984,2891.4015599290337,1955.380547115551
nrc_groeneveld_24579pt__10320,1145.0,1150.1470413485408,1036.3015103989471,980.5670329529082,942.9236605269026,1048.8374416623562,980.5670329529082
nrc_groeneveld_24579pt__833,613.0,1035.2150956407088,1541.6690657527945,1029.7239525990094,1873.0447399409602,1352.1534253684351,1029.7239525990094
nrc_groeneveld_24579pt__18317,788.0,868.8543830307666,833.7237238099239,854.527875738765,982.3372101785168,936.9578108213188,854.527875738765
nrc_groeneveld_24579pt__17835,2096.0,1811.1603939154138,1903.7959725967526,1766.0834101219627,1770.0825933951535,1887.3262125649896,1766.0834101219627
nrc_groeneveld_24579pt__2610,3526.0,3464.2226351232757,3419.321545268586,3255.5953315949105,3819.14785385645,3095.962549109953,3255.5953315949105
nrc_groeneveld_24579pt__13891,1684.0,1802.414148558093,1689.605626833161,1679.969971124433,1777.8882811486174,1838.172867702711,1679.969971124433
nrc_groeneveld_24579pt__5402,3242.0,2759.7593551718687,3176.81072748997,3473.6112419608676,2373.446281036949,3061.592447244218,3473.6112419608676
nrc_groeneveld_24579pt__17034,609.0,495.46858873793957,487.1417510626439,449.5043767744143,619.0085438666705,480.23317539627175,449.5043767744143
nrc_groeneveld_24579pt__7852,530.0,452.2209730333813,535.7604140506664,614.6233434038336,642.3901205328698,468.5488666591104,614.6233434038336
nrc_groeneveld_24579pt__9499,2005.0,2231.9026474833017,2452.9813112810452,2271.842610199103,2079.4107210758325,2289.5959436672256,2271.842610199103
nrc_groeneveld_24579pt__2473,954.0,934.6298914906206,948.2420098984423,966.6466838907364,943.0676528939734,944.8786556538876,966.6466838907364
nrc_groeneveld_24579pt__21622,540.0,667.1178722023385,634.435590054111,625.6881980016248,700.5197850370605,621.2605773745416,625.6881980016248
nrc_groeneveld_24579pt__18339,1495.0,1390.367053396094,1618.8200899741216,1565.9503832660673,1491.3977517924234,1592.0282999777883,1565.9503832660673
nrc_groeneveld_24579pt__18932,487.0,650.0062868590924,587.9863416599466,592.4147892563755,585.9441261720118,669.9476981962688,592.4147892563755
nrc_groeneveld_24579pt__9613,1965.0,2229.258439787447,2093.5304705588946,1929.2011934233446,2191.541970545966,2278.389344103641,1929.2011934233446
nrc_groeneveld_24579pt__479,1069.0,1023.1034855924407,1000.313278808669,924.2882369699083,795.1630831825589,940.4634805932004,924.2882369699083
nrc_groeneveld_24579pt__21531,1810.0,1466.9180480246139,1516.3346568641648,1773.4579524072922,1139.3133690522582,1179.6098008357408,1773.4579524072922
nrc_groeneveld_24579pt__16533,3213.0,3503.495968077882,3416.3020835838474,3258.8882718817713,3661.485014265872,3895.549775959126,3258.8882718817713
nrc_groeneveld_24579pt__12932,464.0,534.9490371544348,552.158078069559,558.2689978691386,500.8180417521369,475.9111260735972,558.2689978691386
nrc_groeneveld_24579pt__24512,3396.0,2414.2814667816924,3139.066185132051,3390.1182591537936,1768.495226105756,3090.000361333185,3390.1182591537936
nrc_groeneveld_24579pt__20329,1170.0,1301.7835052651608,1254.6146435967337,1285.907117881998,1506.5178382592471,1368.223388925872,1285.907117881998
nrc_groeneveld_24579pt__10707,836.0,932.8346383818308,949.6936126175265,975.5080136315162,1042.6069535119843,1035.7370848131463,975.5080136315162
nrc_groeneveld_24579pt__6434,1911.7,2059.1558048737406,1922.1677660087962,1774.1042273979122,1839.138506073035,1919.4989717126323,1774.1042273979122
nrc_groeneveld_24579pt__8411,6573.0,4786.657398496797,5275.530922170285,5939.949059548096,6392.545262313342,5593.678881919636,5939.949059548096
nrc_groeneveld_24579pt__2832,2482.0,2237.1554363529226,2488.078513813965,2236.185321772309,2323.335885639154,2175.30582327492,2236.185321772309
nrc_groeneveld_24579pt__2490,1461.0,1560.5112000530548,1450.6108628317327,1440.0310332554118,1556.4338108746465,1328.8352488723017,1440.0310332554118
nrc_groeneveld_24579pt__12865,1071.0,1113.0233505809563,995.1414208095005,982.8010351703456,767.9315169390968,1033.4575509837935,982.8010351703456
nrc_groeneveld_24579pt__1943,1015.0,965.5073876832895,1028.794484295972,1041.0846854222086,1030.6001737020006,996.0858350638778,1041.0846854222086
nrc_groeneveld_24579pt__10759,1467.0,1405.018518230849,1627.073525376554,1521.516819738691,1092.4350594500304,1268.1613130965407,1521.516819738691
nrc_groeneveld_24579pt__15969,102.0,141.87506423511033,99.26665861834749,93.51458238139126,154.15962368675187,118.00493198556099,93.51458238139126
nrc_groeneveld_24579pt__5226,1960.0,2035.5114012947981,1941.9074616629634,1887.3733424195518,1812.3703415307418,1896.4862648438623,1887.3733424195518
nrc_groeneveld_24579pt__4990,3975.0,3126.145287794345,3908.057961323933,3981.509419636968,4108.2079049778895,4087.71148459469,3981.509419636968
nrc_groeneveld_24579pt__10621,343.0,448.30716149145167,405.41817249308286,378.9032384088691,555.4594327264032,445.5958660845735,378.9032384088691
nrc_groeneveld_24579pt__13180,3888.0,3353.5939666157205,3952.101495192725,3600.650379146519,2813.1997117499,3560.6246870643945,3600.650379146519
nrc_groeneveld_24579pt__5070,3844.0,3236.029682489558,3777.137034873555,4062.26280572558,3724.7874584927304,3983.563682461199,4062.26280572558
nrc_groeneveld_24579pt__15129,1140.0,1350.773167144094,1354.9400205636796,1367.699837671786,1266.5976685053793,1340.7757356878215,1367.699837671786
nrc_groeneveld_24579pt__13286,2011.0,1583.7767058285963,1947.4886792955367,1816.8354352469582,1358.8890751115032,1289.0198987690085,1816.8354352469582
nrc_groeneveld_24579pt__20528,1175.0,997.248291718222,1107.7179074378869,1016.4029178810825,991.2641434452629,1017.4035208654935,1016.4029178810825
nrc_groeneveld_24579pt__4845,3082.0,2804.3443149131294,3042.179011473872,3099.9414411022426,2570.480166550002,2962.9297244388704,3099.9414411022426
nrc_groeneveld_24579pt__15008,154.0,136.5144373332828,132.4700254070169,150.70198896122653,67.69050248780998,54.1031119756533,150.70198896122653
nrc_groeneveld_24579pt__14427,591.0,615.1461165126165,594.2876055025391,700.3290766226618,636.8047517866936,567.8337797715157,700.3290766226618
nrc_groeneveld_24579pt__1134,1179.0,1268.4515045918085,1145.671918327104,983.5613604658994,1382.6271465680977,1267.585124009189,983.5613604658994
nrc_groeneveld_24579pt__4782,2133.0,2270.460091759556,2113.514741233419,1999.618870093771,2359.8935295848455,2390.3367942564314,1999.618870093771
nrc_groeneveld_24579pt__21458,590.0,588.8191062942825,468.94352284546335,485.9341697721124,581.7214467400763,462.2646060674117,485.9341697721124
nrc_groeneveld_24579pt__20043,1620.0,1391.5542918697524,1357.394100356346,1325.3455079535902,1230.717140197658,1144.6732237234712,1325.3455079535902
nrc_groeneveld_24579pt__12071,685.0,570.579996888773,543.5102727201657,557.560146108576,595.4156415035483,636.1100337753408,557.560146108576
nrc_groeneveld_24579pt__1629,3513.0,3097.1669680016325,3469.5470883403827,3401.0330990794073,3266.3993006576065,3768.882619673444,3401.0330990794073
nrc_groeneveld_24579pt__9871,2250.0,2697.2800180482336,2450.526377581183,2484.94424945677,2255.25306202786,2392.0493406395876,2484.94424945677
nrc_groeneveld_24579pt__9448,575.0,796.7158157045402,829.5158731662253,883.3467464173061,1009.0676985164755,915.242847453701,883.3467464173061
nrc_groeneveld_24579pt__1186,1214.0,1321.5576696992407,1174.52262418538,1282.0267325517484,1583.1556010981135,1451.120015223909,1282.0267325517484
nrc_groeneveld_24579pt__14565,894.0,869.8131550407736,879.4534625692072,901.6687336563491,881.2941825506928,826.6144857895673,901.6687336563491
nrc_groeneveld_24579pt__17701,2656.0,2467.844051923431,2541.15092914007,2435.674652758452,1851.0189298820164,2362.3361262348017,2435.674652758452
nrc_groeneveld_24579pt__1828,525.0,544.3975133227241,500.77858892845836,493.8409123742372,557.2344269230066,539.4571706548048,493.8409123742372
nrc_groeneveld_24579pt__2728,1464.0,1356.2556550374147,1489.4736392923967,1518.8329531159798,1430.8650825833752,1491.5113014831397,1518.8329531159798
nrc_groeneveld_24579pt__3483,2904.0,3231.802603338178,2933.3133548017013,2866.543058419793,2959.7583065213553,3129.961812469813,2866.543058419793
nrc_groeneveld_24579pt__10720,2046.0,2112.9708606632094,2435.0217011501263,2387.577047197397,1694.4566622812179,1879.91515979592,2387.577047197397
nrc_groeneveld_24579pt__8008,3349.0,3851.466911631908,3398.9193441740163,3277.00027831427,3230.584727214375,3618.615066077028,3277.00027831427
nrc_groeneveld_24579pt__16790,2466.0,2569.5378138913707,2431.1118193108423,2443.6426007113937,2255.4224258453555,2523.72712885353,2443.6426007113937
nrc_groeneveld_24579pt__4201,2437.0,2199.1355631514266,2342.1266179232866,2385.3917046110914,1675.5618693416104,1928.609724694294,2385.3917046110914
nrc_groeneveld_24579pt__11966,1089.0,1146.1942994098288,1148.410095147552,1037.0862949688446,757.4643149267446,971.1566056263464,1037.0862949688446
nrc_groeneveld_24579pt__24529,3555.0,2628.3209806432756,3978.6364915461695,3809.921936649384,2722.9280294063196,4002.079028161597,3809.921936649384
nrc_groeneveld_24579pt__16907,2729.0,2936.2578379559386,2718.240340941819,2651.7249112259237,2685.1628925981563,2966.787833348007,2651.7249112259237
nrc_groeneveld_24579pt__6312,8350.0,8596.5619112767,8614.887949998028,8373.759602715108,6718.9384619124785,7877.761259783939,8373.759602715108
nrc_groeneveld_24579pt__8783,5280.0,4988.7272446474535,5517.167623149963,5285.0012542631275,4536.915456836798,5022.773084478021,5285.0012542631275
nrc_groeneveld_24579pt__2518,2038.0,2043.992358293361,2052.8770474386356,2045.7202241324194,1971.2378020794104,1881.8428132633546,2045.7202241324194
nrc_groeneveld_24579pt__7587,1413.0,1583.9542072752147,1508.3195494525132,1491.1207752664286,1494.4999281229072,1619.83785397324,1491.1207752664286
nrc_groeneveld_24579pt__1383,724.0,747.610124249895,736.8349779479129,757.2739318363576,722.6853636320532,747.8770672909802,757.2739318363576
nrc_groeneveld_24579pt__17915,2195.0,2056.2955505595846,2122.227063794054,2140.9571669682086,1918.5216231452437,2046.509045525215,2140.9571669682086
nrc_groeneveld_24579pt__21090,1479.0,1560.409106746215,1507.3422428312008,1483.1080151881808,1106.9146321930343,1414.4238678981721,1483.1080151881808
nrc_groeneveld_24579pt__4357,1417.0,1427.409470562692,1361.982732721922,1454.679247542175,1002.7837053999646,1316.3825100701592,1454.679247542175
nrc_groeneveld_24579pt__21652,910.0,716.1600549430023,908.6607079820449,913.0913344356718,793.2489409930628,701.6950039393734,913.0913344356718
nrc_groeneveld_24579pt__12050,440.0,456.02749369442483,488.4490989186647,467.12515428872393,416.6230247822758,517.6420925125683,467.12515428872393
nrc_groeneveld_24579pt__12635,474.0,532.3712236478882,456.73265016175975,492.0239929041508,454.8572818390425,543.9277065504207,492.0239929041508
nrc_groeneveld_24579pt__21903,4170.0,3380.476051133582,4004.197653596734,3979.866566689566,2792.23945323393,3307.4235311754333,3979.866566689566
nrc_groeneveld_24579pt__1462,978.0,1023.0186425842163,991.3126336413055,1040.6878093591583,965.2973905270513,1054.1667279163134,1040.6878093591583
nrc_groeneveld_24579pt__5140,2000.0,2122.6146598640157,2036.5563623720227,1988.280654688339,1779.2387719247915,1892.8417266318918,1988.280654688339
nrc_groeneveld_24579pt__74,2970.0,2687.2887335908636,2856.0394759245783,2948.802765322833,2393.5538509109765,2768.2258899657163,2948.802765322833
nrc_groeneveld_24579pt__1534,1523.0,1371.1760837844874,1549.700915284778,1568.0194829974564,1571.1153995372326,1575.446366866829,1568.0194829974564
nrc_groeneveld_24579pt__13368,1261.0,767.9300169374358,1117.0754658279168,1166.1958358039997,416.9256420337175,515.4774177371262,1166.1958358039997
nrc_groeneveld_24579pt__14816,242.0,438.42711139071804,344.8405833215266,361.8080291367319,417.91039212396777,337.1074988870036,361.8080291367319
nrc_groeneveld_24579pt__23304,872.0,800.580855731777,702.0185728944296,782.2752047182764,836.1349581642783,801.2769057545271,782.2752047182764
nrc_groeneveld_24579pt__15833,686.0,458.0323184789414,553.6681304279546,576.286424730643,509.79281552604715,536.30442408113,576.286424730643
nrc_groeneveld_24579pt__21009,1027.0,811.6434574459449,920.8007339923996,885.7312073327644,748.9005432043665,810.9195621331681,885.7312073327644
nrc_groeneveld_24579pt__372,2200.0,2433.0569948240177,1986.2686210095378,2325.617979456605,2399.473229283975,2461.453449626494,2325.617979456605
nrc_groeneveld_24579pt__24433,1030.0,856.1420040616314,917.558714844489,904.379879297932,761.822956347393,901.2308142303216,904.379879297932
nrc_groeneveld_24579pt__7693,591.09,746.7138702344997,609.5798425706616,680.4284166737853,848.9720938264275,806.6834792070795,680.4284166737853
nrc_groeneveld_24579pt__19949,2940.0,2798.638343968201,2752.219066357474,2699.241521826272,2417.004237576793,2658.9709161041933,2699.241521826272
nrc_groeneveld_24579pt__5022,1280.0,873.2272551426565,1201.3159513396442,1132.9062763872084,590.6472654257425,921.9350844088815,1132.9062763872084
nrc_groeneveld_24579pt__5682,2373.0,2305.8299391365417,2403.094086984247,2160.8257710718253,2134.1299845072363,2256.3639503186605,2160.8257710718253
nrc_groeneveld_24579pt__4039,752.0,801.0956636658052,778.6359510150498,750.4455059226983,599.3614724623403,645.0217301746372,750.4455059226983
nrc_groeneveld_24579pt__16769,2988.0,3239.6147036505395,2973.5450273582283,2945.971445823081,3032.56483265763,3271.252960751365,2945.971445823081
nrc_groeneveld_24579pt__9879,3285.0,2801.324210810854,3095.4440287046837,3078.293645694542,2468.0416250470803,2658.1095403918866,3078.293645694542
nrc_groeneveld_24579pt__4291,1631.0,1434.4238553686716,1607.908790847625,1607.3248933238574,1235.2155261289647,1495.4575731400184,1607.3248933238574
nrc_groeneveld_24579pt__12937,266.0,449.93753724473027,318.5615505927087,347.05044116969617,452.2430404805928,390.10169310566533,347.05044116969617
nrc_groeneveld_24579pt__14546,169.0,217.53159497342833,188.31750822102632,198.15406039406255,178.08461922155075,155.21273312327193,198.15406039406255
nrc_groeneveld_24579pt__24092,598.0,639.8380361845129,583.6840755416503,573.6379170031558,720.403830384209,598.6274324178919,573.6379170031558
nrc_groeneveld_24579pt__23154,1395.0,1179.1625515301796,1142.6685477097694,1199.3754752437362,1089.3994842425254,1100.5159349183973,1199.3754752437362
nrc_groeneveld_24579pt__10446,1825.0,1542.5214468569602,1711.7029940156142,1775.7230131400054,1416.5730278341725,1605.7683879544322,1775.7230131400054
nrc_groeneveld_24579pt__2224,1500.0,1430.8303944964036,1498.2085856524268,1456.3718236705076,1290.6952136724456,1391.2061616435844,1456.3718236705076
nrc_groeneveld_24579pt__3813,1987.0,1615.6747427343394,1965.295412428897,2032.9271085167522,1384.5891367062839,1709.7105205481585,2032.9271085167522
nrc_groeneveld_24579pt__22334,3263.0,4724.286118674566,3578.4210743096787,3999.9197677993457,4155.582588648829,4699.176771717097,3999.9197677993457
nrc_groeneveld_24579pt__4998,3880.0,3236.0606286142092,3839.2363773871393,3848.9122782395784,3554.326128234019,3708.269289632859,3848.9122782395784
nrc_groeneveld_24579pt__10171,3526.0,3047.8883374649627,3216.498167205019,3471.881883016133,3082.481942945966,3246.8466217393375,3471.881883016133
nrc_groeneveld_24579pt__2629,3944.0,4050.795121688724,3872.8682962946373,3768.4048329868265,3908.056539933855,4242.348484059822,3768.4048329868265
nrc_groeneveld_24579pt__14411,1354.0,1559.35101520922,1641.0119114925285,1576.2076458438905,1424.9609454469814,1673.673226601771,1576.2076458438905
nrc_groeneveld_24579pt__1367,1075.0,976.391002813912,1123.559007757141,1081.7059449752944,1211.3018365363907,1060.7388222514307,1081.7059449752944
nrc_groeneveld_24579pt__16026,443.0,426.58688010445275,470.412365267337,482.1812486878868,456.98541589444375,539.5693555842282,482.1812486878868
nrc_groeneveld_24579pt__17951,2986.0,2597.5930215000435,2683.6941325521248,2754.8986397704803,2327.6125036271005,2523.6079147818223,2754.8986397704803
nrc_groeneveld_24579pt__16234,3212.0,3128.661794844729,2845.6133388686553,2736.8954387309927,2438.191813818837,2801.1476887251893,2736.8954387309927
nrc_groeneveld_24579pt__3095,2064.0,1989.6364151538578,1998.6575230630997,2025.446044239517,2089.6362676389963,1808.9403157510717,2025.446044239517
nrc_groeneveld_24579pt__12808,624.0,612.5446956766913,518.271856316774,630.0346706550278,678.5237222640137,776.1835528367268,630.0346706550278
nrc_groeneveld_24579pt__892,819.0,1106.45320713377,831.8687285957483,927.8668264508414,1939.3639693429266,1535.5682302412395,927.8668264508414
nrc_groeneveld_24579pt__14505,314.0,471.76123061383646,373.86440089221225,414.74789918495696,526.3417172524988,495.61711743398297,414.74789918495696
nrc_groeneveld_24579pt__12428,1802.0,1880.814904670024,1757.5853962386773,1989.3690488437692,1484.3154922760361,1696.8516930258365,1989.3690488437692
nrc_groeneveld_24579pt__2939,2034.0,1910.379527833676,2010.7882734326768,2070.359854634556,1953.961139929706,2090.1059420890974,2070.359854634556
nrc_groeneveld_24579pt__22703,1722.0,1657.589356927125,1394.5027327694806,1500.079936115206,1347.6094195302023,1587.2109569119052,1500.079936115206
nrc_groeneveld_24579pt__23559,221.0,416.6770090751398,386.0438924181642,361.08201112336826,428.37335741640265,386.6209207197229,361.08201112336826
nrc_groeneveld_24579pt__11410,546.0,718.0865893432094,753.5560000882482,747.9250293456994,820.6754964589687,769.3325840674967,747.9250293456994
nrc_groeneveld_24579pt__24141,300.0,348.7544043298267,311.7312377339421,312.99274116540875,473.3871632030723,339.8780330284755,312.99274116540875
nrc_groeneveld_24579pt__8089,6201.0,5792.453302044049,5115.939908384218,5477.998246040479,5541.185434497079,5666.559383336739,5477.998246040479
nrc_groeneveld_24579pt__23373,1131.0,1079.584556142439,1153.190336032962,1090.4134548175364,1041.084625036975,1099.6273548156553,1090.4134548175364
nrc_groeneveld_24579pt__19672,2940.0,2650.270110456724,2540.826353746761,2730.2794255294607,2643.4712023049806,2940.4334044683824,2730.2794255294607
nrc_groeneveld_24579pt__22680,1859.0,2231.15958409359,2720.706470151589,2624.691157402168,2134.4620732838393,2530.6085106391465,2624.691157402168
nrc_groeneveld_24579pt__21758,840.0,645.1518435625776,736.5526754004261,702.5966091299255,557.0012050425432,584.5246074066984,702.5966091299255
nrc_groeneveld_24579pt__23914,101.0,73.12549414585088,2752.196013562374,102.56759566804763,70.97118153025436,77.40944020734682,102.56759566804763
nrc_groeneveld_24579pt__22484,1242.0,1152.0070415919004,1318.5492170942919,1238.891243617947,1229.4599784558386,1227.324099767857,1238.891243617947
nrc_groeneveld_24579pt__4062,1547.0,1464.8269345956446,1488.3757050911056,1566.8448857859307,1208.7320821276564,1296.9694638211786,1566.8448857859307
nrc_groeneveld_24579pt__5434,2010.0,2187.4445339798795,2088.4324593655556,2409.8212414705995,1643.5991202803361,2082.6855126745304,2409.8212414705995
nrc_groeneveld_24579pt__10494,930.0,882.3652012240698,852.7096556895025,943.5318296805029,1073.5742980071602,1040.627730644954,943.5318296805029
nrc_groeneveld_24579pt__19448,512.8,471.08741841840634,489.5195373739673,480.3673259850837,372.94864299409636,475.1947855430432,480.3673259850837
nrc_groeneveld_24579pt__11429,260.0,406.31775180824525,325.4589576796474,290.6459482704767,364.17070736490933,374.3680662294461,290.6459482704767
nrc_groeneveld_24579pt__1518,1555.0,1608.05659704042,1538.448494103238,1512.6006826747212,1600.9667721015946,1579.8885847105653,1512.6006826747212
nrc_groeneveld_24579pt__19494,1940.0,2398.030346502081,1871.6607938348134,1776.3723164240955,1890.7726567718564,2215.4699630621085,1776.3723164240955
nrc_groeneveld_24579pt__5269,1949.0,1804.5800157671224,2030.7167157905224,1975.8332955734784,1810.4274777054613,1882.6024151128868,1975.8332955734784
nrc_groeneveld_24579pt__5288,1476.0,1158.4211751812759,1260.4825547026524,1242.364885163971,998.6750592886548,1073.576656265437,1242.364885163971
nrc_groeneveld_24579pt__3176,1800.0,1645.8549089872217,1773.6051537003189,1723.8621506105214,1727.882790625689,1582.1732022974668,1723.8621506105214
nrc_groeneveld_24579pt__15414,1150.0,1129.8639548965857,1041.8681148350395,1043.0030309547803,997.7373315738871,989.2281286694897,1043.0030309547803
nrc_groeneveld_24579pt__12059,543.0,629.2757824314306,625.9368146163861,652.7214379479808,553.0296224671367,621.4454797227338,652.7214379479808
nrc_groeneveld_24579pt__5762,3094.0,2767.3032436582835,3020.8927409048406,2877.5146614390687,3772.6623665593766,3152.4456786571664,2877.5146614390687
nrc_groeneveld_24579pt__254,2460.0,3297.775451821323,2869.9003454259937,2831.256723976765,3191.5040879464996,3313.5287794246383,2831.256723976765
nrc_groeneveld_24579pt__14352,1417.0,1327.0584361187202,1275.4789865013995,1438.2067961062762,954.8949755604802,1423.6253672969988,1438.2067961062762
nrc_groeneveld_24579pt__13449,2724.0,2375.657410165643,2570.0411827058715,2613.1465711092505,2100.394879247195,2378.0200063166985,2613.1465711092505
nrc_groeneveld_24579pt__861,2670.0,2861.597325667158,2393.0259580745637,2468.0352181100625,2991.419137917781,2856.163421172049,2468.0352181100625
nrc_groeneveld_24579pt__14602,454.0,572.8418929783477,451.1378227993824,507.6261226351272,594.1516965218129,576.7412030086628,507.6261226351272
nrc_groeneveld_24579pt__9521,1236.0,1190.9362690516778,1271.1944370658805,1258.9858449049025,1109.0212236579716,1201.4379392862406,1258.9858449049025
nrc_groeneveld_24579pt__2442,2965.0,3111.550758016739,3142.7479219992942,3033.3006064990554,3165.2219017564084,3085.586405862506,3033.3006064990554
nrc_groeneveld_24579pt__5214,1501.0,1346.4190152892463,1484.096601952286,1507.3896854846375,1193.2796307345304,1332.4883822910886,1507.3896854846375
nrc_groeneveld_24579pt__22148,781.9,824.2001514241639,871.0618413984006,914.1197745551196,875.6654163905495,861.3901035620399,914.1197745551196
nrc_groeneveld_24579pt__3691,248.0,362.33339555478017,313.338169058442,327.4141798087142,397.80282816080893,333.2811390274862,327.4141798087142
nrc_groeneveld_24579pt__23955,2117.0,2111.6346637032266,2052.5433553915295,1877.7615076706143,2419.7707787859185,2209.7266756077865,1877.7615076706143
nrc_groeneveld_24579pt__9817,519.0,624.1943208073138,584.9003024079066,565.6878339993399,684.9076599896057,597.1345614100086,565.6878339993399
nrc_groeneveld_24579pt__440,2580.0,3112.5791798949713,2611.0188718849317,2579.414940983901,2728.0363867589404,3131.901901033306,2579.414940983901
nrc_groeneveld_24579pt__8122,4140.0,4044.2151205130526,4018.9208168922796,4127.454540612658,4036.8306945233508,4269.585224450429,4127.454540612658
nrc_groeneveld_24579pt__23245,1332.0,1195.890038553747,1282.5325860803482,1264.2413020637866,945.5184361045633,1071.7804513235042,1264.2413020637866
nrc_groeneveld_24579pt__8181,940.0,1107.0948018978947,900.5358614187252,918.5816742231744,1045.2852047328388,1028.4949690745345,918.5816742231744
nrc_groeneveld_24579pt__12221,268.0,404.0207647417107,347.13826060274414,325.50407982094924,493.378107863286,414.3263534419982,325.50407982094924
nrc_groeneveld_24579pt__14407,894.0,1067.0948383873852,853.4017415699959,1109.3935742472036,1037.34775751734,1098.2688859646123,1109.3935742472036
nrc_groeneveld_24579pt__679,7994.7,7115.344428781423,7702.617471937552,7729.819300142315,8048.2402642082425,7448.302143711239,7729.819300142315
nrc_groeneveld_24579pt__21445,690.0,541.2490398207025,609.4572695439397,539.4334361784563,560.7040377684376,445.89034164894497,539.4334361784563
nrc_groeneveld_24579pt__8965,888.0,932.1340415172143,999.5137222780438,909.6223896059004,981.8529486067314,931.6879106915319,909.6223896059004
nrc_groeneveld_24579pt__694,1063.235,1072.600656798896,1029.6663249774135,996.3467008959295,1321.5456973963578,1317.1841823966554,996.3467008959295
nrc_groeneveld_24579pt__1836,531.0,503.64663456385136,521.5875803984986,498.26241488644825,528.3137178433142,472.8179124612924,498.26241488644825
nrc_groeneveld_24579pt__855,2153.0,1833.505710916595,2140.971951706521,2129.2266262634757,2579.623558840148,2188.9748991646475,2129.2266262634757
nrc_groeneveld_24579pt__24191,296.0,300.62428801445355,283.39527108994287,285.69648003096506,433.0102859575562,275.5589800073464,285.69648003096506
nrc_groeneveld_24579pt__8558,683.0,555.1878830266904,601.8038305567133,579.4974207102842,547.4983343345901,491.9547899693862,579.4974207102842
nrc_groeneveld_24579pt__8163,781.0,860.4469264292055,797.5367345210275,804.3414198451788,774.8164830848762,805.9827248578159,804.3414198451788
nrc_groeneveld_24579pt__13397,2910.0,2252.059678182474,2611.247247935382,2592.857385145975,1973.3061295454786,2011.945565485727,2592.857385145975
nrc_groeneveld_24579pt__3443,1878.0,1526.8961706992588,2012.7589097848138,1974.7955189676209,1522.480041515846,1629.7663295455789,1974.7955189676209
nrc_groeneveld_24579pt__17012,2060.0,2316.6125294584012,2238.289163123972,2173.273476282367,2459.178783307666,2419.3629364762587,2173.273476282367
nrc_groeneveld_24579pt__9399,4047.0,3972.6898498401906,3799.041989212375,4286.662209492646,3971.65781649396,4120.938394135532,4286.662209492646
nrc_groeneveld_24579pt__13027,711.0,537.6174927198831,712.0481674065536,718.0536812797819,526.0335373081626,482.444332741451,718.0536812797819
nrc_groeneveld_24579pt__3458,2923.0,2950.764383920066,3116.768506864192,2927.9162547279084,2753.1714820063335,2914.4547249778357,2927.9162547279084
nrc_groeneveld_24579pt__1160,1172.0,1200.0891916323387,1211.4766971747824,1224.2000028977995,1194.7684394599937,1226.5381679967638,1224.2000028977995
nrc_groeneveld_24579pt__5503,1728.0,1532.0155962338977,1751.3097643003991,1928.243076068558,1422.4321209933642,1700.1498205257133,1928.243076068558
nrc_groeneveld_24579pt__9315,965.0,1006.1757633279544,942.042966923198,900.0305189787225,930.4758378231543,919.1621138226134,900.0305189787225
nrc_groeneveld_24579pt__24292,679.0,632.5680698178284,629.8620297879771,625.3941313992435,644.4115817943647,638.577385305116,625.3941313992435
nrc_groeneveld_24579pt__7155,2078.9,1762.079386784696,2048.230029059148,1951.3219754268662,1977.472271701379,1829.9569094281517,1951.3219754268662
nrc_groeneveld_24579pt__3749,3422.0,2262.6503317788074,3377.660147873425,3231.624043161065,2308.0111467591796,2657.0054613810457,3231.624043161065
nrc_groeneveld_24579pt__19020,9571.0,8988.220422931478,10300.951272058031,9428.254336442817,9407.33512471857,9306.788514030868,9428.254336442817
nrc_groeneveld_24579pt__310,1895.0,1577.127780599856,1640.3514194017505,1640.4243022310015,1248.5058645175225,1459.7109147284623,1640.4243022310015
nrc_groeneveld_24579pt__10515,596.0,654.7831841682801,645.2984120601727,591.1182149500113,769.1675514577213,722.270165404365,591.1182149500113
nrc_groeneveld_24579pt__20804,666.0,1221.7747852075734,1198.2532023495505,1223.0314589138402,1119.9508479716992,1169.6035111880014,1223.0314589138402
nrc_groeneveld_24579pt__19570,2160.0,2623.1277317343283,2512.466565535889,2547.276536765284,2660.69367625507,2883.764641280234,2547.276536765284
nrc_groeneveld_24579pt__277,767.0,877.9170474062774,782.0721785679907,848.4466723004911,909.9383808907451,918.5461032097286,848.4466723004911
nrc_groeneveld_24579pt__13919,1668.0,1873.7462257270147,1682.0922709823767,1764.0680616666784,1429.2991737909492,1673.5512308777086,1764.0680616666784
nrc_groeneveld_24579pt__22787,1599.0,1615.5697427274074,1665.3440944050344,1655.6371304389593,1459.2209293144006,1527.2545897970765,1655.6371304389593
nrc_groeneveld_24579pt__20672,534.0,571.8347546118939,611.4810864077057,593.3820930396812,465.6927890623256,468.71636548522656,593.3820930396812
nrc_groeneveld_24579pt__23585,433.0,535.0786196742589,477.41757777511833,544.0877582422562,631.4423962197303,550.4460436421977,544.0877582422562
nrc_groeneveld_24579pt__18527,1927.0,2089.7463793419356,1926.0383207875936,1877.3147632202558,1838.4782933444494,1925.6639247138992,1877.3147632202558
nrc_groeneveld_24579pt__933,422.0,425.0978381535913,422.6426925491983,408.1252070037136,498.82634654293025,242.87812242544535,408.1252070037136
nrc_groeneveld_24579pt__14729,677.0,753.4857258314228,742.9890301032391,777.947795982858,742.4310417619225,685.2117771502317,777.947795982858
nrc_groeneveld_24579pt__9682,3314.0,2920.8631313825817,2821.892512373705,2725.599454125247,2882.066837954651,2903.5205080587293,2725.599454125247
nrc_groeneveld_24579pt__305,744.0,786.824127498022,779.3573609385617,764.1385100715338,955.4815892556135,909.5730761829388,764.1385100715338
nrc_groeneveld_24579pt__9820,400.0,596.4995883074687,541.9471554149937,544.5680972130081,676.1457038984926,575.4223963806056,544.5680972130081
nrc_groeneveld_24579pt__10374,6042.0,3385.58010867895,5449.8646722882595,5770.483023681639,3373.849243630837,3720.6586904286833,5770.483023681639
nrc_groeneveld_24579pt__19387,642.4,746.7505946084084,654.2820705773389,680.1985847440775,753.3180405247805,846.168862163719,680.1985847440775
nrc_groeneveld_24579pt__3316,2495.0,2253.4571556416226,2527.840464327425,2678.8306281000023,2232.439768971057,2457.792245699677,2678.8306281000023
nrc_groeneveld_24579pt__12179,2512.0,2364.294811867441,2234.8931158647374,2304.7275658556714,1732.7121660673656,2178.0193727164165,2304.7275658556714
nrc_groeneveld_24579pt__13229,8580.5,7904.302902282188,7895.950417672902,7662.8041227603335,8754.995345875972,8481.644483680284,7662.8041227603335
nrc_groeneveld_24579pt__6751,1005.0,945.8413482828768,999.3823732418543,1018.2215257995367,978.635529300884,964.2894482128947,1018.2215257995367
nrc_groeneveld_24579pt__9095,1930.0,1918.9443521915912,1955.1565893645634,1830.8381661193603,1880.5585617859272,2008.5183732768755,1830.8381661193603
nrc_groeneveld_24579pt__11995,324.0,380.8484238094209,313.1513602463814,291.31319221053843,355.1466511036561,371.56156155339727,291.31319221053843
nrc_groeneveld_24579pt__20228,2810.0,2457.324696274487,2592.3777624033837,2705.6242406637616,2253.341527485994,2452.840715192302,2705.6242406637616
nrc_groeneveld_24579pt__551,1174.0,1410.5012616774738,1252.0792426922235,1318.6773370439798,1146.3498204227456,1317.5464407500558,1318.6773370439798
nrc_groeneveld_24579pt__1413,545.0,555.7700672422575,556.9540299019187,537.5082866949294,534.0848502678416,544.2020142713018,537.5082866949294
nrc_groeneveld_24579pt__7188,1949.5,1910.679380732024,1885.9719095853177,1849.9569134078254,1920.697240512387,1878.7859264851206,1849.9569134078254
nrc_groeneveld_24579pt__19623,3860.0,3700.0801444962012,3806.719097161461,3598.1506949766426,3628.9767311380506,4094.0122079616413,3598.1506949766426
nrc_groeneveld_24579pt__23042,819.0,819.9925441113219,739.1880451507116,867.5424288586428,771.6717435389558,848.9517926709534,867.5424288586428
nrc_groeneveld_24579pt__18416,1352.0,1565.786692354394,1466.8644365732225,1330.878092746106,1520.2050974370534,1531.2446203748832,1330.878092746106
nrc_groeneveld_24579pt__7143,1681.4,1755.8499987561097,1632.7647960314162,1619.9603805552733,1983.561559914006,1775.603416497127,1619.9603805552733
nrc_groeneveld_24579pt__14697,387.0,397.2416738638106,343.06062161304345,329.68873538160807,454.2553412503791,400.40390062551984,329.68873538160807
nrc_groeneveld_24579pt__19317,1839.37,1764.8672500586117,1952.4698207899644,1945.079031108314,1725.2517657493552,1817.4363186560875,1945.079031108314
nrc_groeneveld_24579pt__16254,2213.0,2234.1688544072267,2476.4860234954094,2630.18399716029,2060.127349331103,2439.2799143494253,2630.18399716029
nrc_groeneveld_24579pt__18497,2577.0,2744.3132401202006,2641.420995893252,2719.6132094574,2168.924246030766,2519.247016459338,2719.6132094574
nrc_groeneveld_24579pt__2199,513.0,485.96662504107576,531.9726730002129,515.9363628299441,490.35019337138175,507.9536857320797,515.9363628299441
nrc_groeneveld_24579pt__20622,2307.0,2171.518818874738,2146.92206135224,2159.3239155646515,1858.6498245412854,2017.8759661593385,2159.3239155646515
nrc_groeneveld_24579pt__23652,105.0,367.9400734204063,178.09807223660872,181.26108614046015,294.2405000047145,261.0771257716853,181.26108614046015
nrc_groeneveld_24579pt__20577,1525.0,1710.7850951410887,1268.9377403612436,1434.1942908037515,1365.8583491011873,1478.176011524264,1434.1942908037515
nrc_groeneveld_24579pt__1081,563.0,549.3512199022574,535.2904472941551,520.8798587425646,587.7350381583765,490.68374176023724,520.8798587425646
nrc_groeneveld_24579pt__18821,2049.0,2119.3087430014625,1984.8374697504867,2280.495135672383,1705.9182805699033,1904.6348425495305,2280.495135672383
nrc_groeneveld_24579pt__18453,1869.0,2058.2956266922665,1815.989098659125,1940.9828242594253,1803.4810329337124,1912.7194509685203,1940.9828242594253
nrc_groeneveld_24579pt__14138,816.0,710.0759890663055,660.7673402856246,629.4431846294611,784.1206232888592,767.0982188933583,629.4431846294611
nrc_groeneveld_24579pt__14225,432.0,487.85301373863007,434.81348145483963,418.97240579034695,389.68740651483756,440.141314931408,418.97240579034695
nrc_groeneveld_24579pt__10377,4774.0,3347.2341069577215,4880.106454919092,5163.094043373887,3448.9238567414827,3705.4968577819254,5163.094043373887
nrc_groeneveld_24579pt__15453,1442.0,1760.520479063222,1513.9083136397269,1504.2294392729586,1812.8232659312628,1812.5334310905757,1504.2294392729586
nrc_groeneveld_24579pt__17742,891.0,936.42163643557,922.5980620910369,962.4786130332661,1086.9287017104784,1082.5253920362406,962.4786130332661
nrc_groeneveld_24579pt__15271,610.0,770.5952378656301,719.5593293228977,746.456484677391,647.6009256585415,678.0694679698776,746.456484677391
nrc_groeneveld_24579pt__6865,990.0,898.6186466403674,968.603621121862,923.1775614788984,1047.7870910687943,957.1157222238778,923.1775614788984
nrc_groeneveld_24579pt__14869,362.0,230.84012826049542,214.68796174532295,180.14753217143314,244.21720398084102,190.99302475169353,180.14753217143314
nrc_groeneveld_24579pt__16521,2617.0,2723.3113631262345,2422.493032905669,2622.539970226682,2804.2208075270833,3047.13571023969,2622.539970226682
nrc_groeneveld_24579pt__10425,907.0,822.0144013560144,878.0902109598746,958.6364704339818,942.3049287007269,906.6033321405957,958.6364704339818
nrc_groeneveld_24579pt__8795,1232.0,1285.290706635276,1311.720342119384,1404.8957345996691,1176.7537599636862,1300.6550961287471,1404.8957345996691
nrc_groeneveld_24579pt__20450,4180.0,4270.159039372524,4856.206739113545,4419.383479674955,5044.443901291117,5024.674513054474,4419.383479674955
nrc_groeneveld_24579pt__1143,1208.0,1260.9365784996264,1197.420285014138,1167.6687652703235,1543.0617717479424,1384.7203607751383,1167.6687652703235
nrc_groeneveld_24579pt__8745,5247.0,5509.565495256066,5550.160172459664,5890.861782595676,4842.808161607972,5125.9483774868095,5890.861782595676
nrc_groeneveld_24579pt__9549,1314.0,1163.8844563912578,1422.104681654529,1270.6081848046845,1125.4776134981655,1178.0029140609834,1270.6081848046845
nrc_groeneveld_24579pt__22914,844.0,1105.1500732014044,929.5184602683207,1027.0688925554464,1092.2744010599365,1115.9857743380583,1027.0688925554464
nrc_groeneveld_24579pt__2954,2549.0,2506.336878062338,2461.2837590139707,2240.476948329206,2433.0987362876194,2427.818018183821,2240.476948329206
nrc_groeneveld_24579pt__4696,2276.0,2186.680080769119,2319.738854964069,2160.7615797907415,2357.5112721463393,2342.4604582537536,2160.7615797907415
nrc_groeneveld_24579pt__20878,1728.0,1318.8625480416974,1529.2182751596586,1504.0145396350842,1154.9880510858245,1227.5363332543184,1504.0145396350842
nrc_groeneveld_24579pt__23880,439.0,328.6903622590662,436.39148370155306,482.5165570863883,341.5458875112936,350.91345033041955,482.5165570863883
nrc_groeneveld_24579pt__5087,3316.0,3186.4985261813026,3309.327259970474,3501.215461272141,3034.134223783125,3289.9629672257793,3501.215461272141
nrc_groeneveld_24579pt__17499,1119.0,1184.5248847321325,1270.4651925280316,1231.0180495558423,1349.7759425718978,1250.5719793763674,1231.0180495558423
nrc_groeneveld_24579pt__4074,586.0,578.0767899005943,571.9279496123437,544.7048629674509,535.8418670954132,583.8314333931778,544.7048629674509
nrc_groeneveld_24579pt__4443,1154.0,1010.0304654731066,1172.2175368812782,1090.6827669943534,1341.3200156185674,1129.1415482695056,1090.6827669943534
nrc_groeneveld_24579pt__10984,1223.0,1276.5382258725294,1256.6231867149322,1274.1694117769362,1264.2759360291182,1202.6034116764433,1274.1694117769362
nrc_groeneveld_24579pt__3431,1015.0,1013.2182513559143,1040.5055210390444,962.5762251684201,884.3757786035774,940.2179534746112,962.5762251684201
nrc_groeneveld_24579pt__3616,1684.0,1813.5322625089227,1704.0012876732383,1693.730975969581,1784.8340413434044,1839.2840975857405,1693.730975969581
nrc_groeneveld_24579pt__12080,2178.0,1959.3129710336348,2214.8562013366886,2108.318550327466,2050.674665603561,2013.1605056398714,2108.318550327466
nrc_groeneveld_24579pt__3721,1506.0,1393.07246341294,1521.3197221479302,1498.0320850817363,1060.3368999203033,1008.8759827238405,1498.0320850817363
nrc_groeneveld_24579pt__7157,2435.4,1903.50078738873,2391.049128372407,2345.107663930325,2064.037863796178,1954.0853144510777,2345.107663930325
nrc_groeneveld_24579pt__23049,120.0,172.21674460743233,114.64959449647974,120.35579464768553,188.6389348810321,156.4399395027088,120.35579464768553
nrc_groeneveld_24579pt__10272,515.0,548.6002092420644,493.6432200315371,497.69072608337865,604.7372535854583,527.2585609854393,497.69072608337865
nrc_groeneveld_24579pt__15089,2485.0,2635.4116787781577,2524.530153324249,2555.3883858383324,2676.4642979268674,2814.6187824321073,2555.3883858383324
nrc_groeneveld_24579pt__23109,1087.0,1001.7484378334041,837.2111174805568,881.1569496728358,1027.5598233108622,1025.168493868608,881.1569496728358
nrc_groeneveld_24579pt__11212,425.0,346.1858956688089,434.5363082281869,404.0383400812523,344.6779033622071,300.7082500240277,404.0383400812523
nrc_groeneveld_24579pt__1208,972.0,996.7949417093587,964.1399577111054,949.4070536944433,962.1624065895232,1000.6062101845699,949.4070536944433
nrc_groeneveld_24579pt__14186,618.0,447.26344659867164,452.3723209247219,492.8160239227438,421.66026834522927,420.64242480722413,492.8160239227438
nrc_groeneveld_24579pt__7537,4521.0,4491.224615364902,4313.8077270676995,4681.097573763863,3882.0180745974935,4352.3546370139,4681.097573763863
nrc_groeneveld_24579pt__4094,3535.0,3684.894853503129,3712.705869941443,3722.939760262614,3953.678401823812,3671.083370134103,3722.939760262614
nrc_groeneveld_24579pt__2878,1011.0,963.9446474286511,1072.2087871617182,1069.711053026455,1020.2630247129472,1004.6975201508346,1069.711053026455
nrc_groeneveld_24579pt__17865,1644.0,1707.3896908489457,1676.8340819259856,1584.3423988895834,1441.7499311093902,1653.95704793629,1584.3423988895834
nrc_groeneveld_24579pt__9628,2163.0,1740.9141590057034,1725.0998471039113,1787.0149467988938,1445.5002563387286,1686.0800644234512,1787.0149467988938
nrc_groeneveld_24579pt__1292,1381.0,1400.807997179033,1400.0445177970382,1370.6318751503472,1425.9747377272145,1425.7424643212123,1370.6318751503472
nrc_groeneveld_24579pt__13692,2855.0,2316.103715308678,2832.253994557354,2800.545020918632,1702.00861598218,2089.3868547624666,2800.545020918632
nrc_groeneveld_24579pt__13255,2211.0,2023.913472407623,2062.529970514262,2037.4822091267824,1871.3039065699165,1809.7929591421048,2037.4822091267824
nrc_groeneveld_24579pt__4349,709.0,856.6977862380188,743.7712629316972,783.0413384509512,752.4536373847359,884.0270898167427,783.0413384509512
nrc_groeneveld_24579pt__17138,4325.0,4279.999000997229,4216.918919204932,3899.744001915032,3382.5181672484955,4050.294535300254,3899.744001915032
nrc_groeneveld_24579pt__10398,4811.0,5128.438158242335,5204.538433514669,5231.274869313393,4269.932058971777,4831.798039939194,5231.274869313393
nrc_groeneveld_24579pt__15489,1490.0,1517.0971547184452,1504.2634576166338,1395.8378814788919,1383.5926166798479,1562.105944119385,1395.8378814788919
nrc_groeneveld_24579pt__19472,1822.0,2331.8032826030503,2253.2415627135706,2379.561048593083,3111.0433159947756,2322.8203792325476,2379.561048593083
nrc_groeneveld_24579pt__3135,2992.0,2796.9847245469905,2914.1910266484574,2870.678964434071,2806.0905387200205,2975.6033675376325,2870.678964434071
nrc_groeneveld_24579pt__20517,1311.0,988.77523548925,1058.4425438522283,1009.3002027144822,988.7263462002732,1015.0881030324698,1009.3002027144822
nrc_groeneveld_24579pt__20507,954.0,1132.8998582438167,1176.004271236102,1004.6024812738395,1063.6256049600609,1089.6880522752942,1004.6024812738395
nrc_groeneveld_24579pt__15355,1781.0,1946.1949182172368,1910.728388451615,1946.593816042888,2035.9159860081281,2012.7468584353433,1946.593816042888
nrc_groeneveld_24579pt__17781,419.0,571.5953941137591,437.4875780375658,472.8998870631334,590.8959539108847,556.393869263643,472.8998870631334
nrc_groeneveld_24579pt__13698,3267.0,2606.181843619304,3151.7008933511333,2975.1941185995306,1894.925467039939,2312.2711837008837,2975.1941185995306
nrc_groeneveld_24579pt__3899,479.0,488.6200571825294,506.5222641606245,493.4358340928781,575.006805346847,552.6074607998346,493.4358340928781
nrc_groeneveld_24579pt__3113,2550.0,2350.4896327522074,2536.332473681788,2443.2369855520333,2392.1141908222135,1967.569676957609,2443.2369855520333
nrc_groeneveld_24579pt__6862,999.0,886.4700594983179,916.1044163986423,876.3572366860049,1050.5596526559727,938.2505003192424,876.3572366860049
nrc_groeneveld_24579pt__10099,5393.0,5053.339971082395,5214.4070227599805,5184.811080472276,4888.9061144838215,5012.622683838417,5184.811080472276
nrc_groeneveld_24579pt__23486,551.0,669.533249557992,566.28002535469,602.8357479008206,678.9609525980322,618.6138141824497,602.8357479008206
nrc_groeneveld_24579pt__8010,2919.0,2992.3133808778625,2655.447504028493,2848.77544965987,2790.996935225311,3119.7742621158836,2848.77544965987
nrc_groeneveld_24579pt__19877,2540.0,2833.5490303906263,2602.7983637679254,2631.670922232479,2463.075356326205,2734.7408221773103,2631.670922232479
nrc_groeneveld_24579pt__3157,1200.0,1026.3106119251827,1231.57334748307,1228.3289315806205,927.6434700571132,1017.8996940965736,1228.3289315806205
nrc_groeneveld_24579pt__2382,1005.0,948.8835489856084,1054.4163951217874,970.1604449574713,940.0263122987357,1009.3113640663755,970.1604449574713
nrc_groeneveld_24579pt__11274,477.0,383.0884694167184,438.3489893546842,438.04778803396215,388.82918429548766,351.32460551694146,438.04778803396215
nrc_groeneveld_24579pt__22778,444.0,614.9027909591791,515.3530541787163,509.20769301009483,463.0864665273651,466.0326737500515,509.20769301009483
nrc_groeneveld_24579pt__3712,1515.0,1411.0516422180742,1548.57515786225,1561.4015395378515,1318.4456796130737,1679.0013939333774,1561.4015395378515
nrc_groeneveld_24579pt__14737,572.0,402.2346562336432,346.224318239984,337.4613736031576,455.9112495010407,405.8959499721388,337.4613736031576
nrc_groeneveld_24579pt__2287,1513.0,1560.136388697154,1557.8252497869714,1415.4541452148308,1706.78595611689,1683.8320380873727,1415.4541452148308
nrc_groeneveld_24579pt__14122,1049.0,1029.3965205785018,1189.5046605739844,1213.0584220307946,1067.167867038958,1056.1784761198721,1213.0584220307946
nrc_groeneveld_24579pt__7460,3146.0,2769.8439251198456,3016.8226018199402,2995.383856953193,2603.2679848191,2872.5715950103872,2995.383856953193
nrc_groeneveld_24579pt__10551,377.0,384.94830101577014,357.7687603212748,360.86338095498735,370.1583415460606,327.4771642137479,360.86338095498735
nrc_groeneveld_24579pt__24507,6325.0,6447.860923221391,6110.542023263553,6890.910951572202,7194.046453021298,5773.487723515615,6890.910951572202
nrc_groeneveld_24579pt__370,1163.0,1281.6430470477728,1159.0625929777707,1237.138691260481,1205.1365012314802,1201.8307584433533,1237.138691260481
nrc_groeneveld_24579pt__17783,360.0,571.5953941137591,437.4875780375658,472.8998870631334,590.8959539108847,556.393869263643,472.8998870631334
nrc_groeneveld_24579pt__15281,1362.0,1432.5862672369228,1403.6203909652643,1353.5375211868254,1306.3296613054347,1344.8897911991846,1353.5375211868254
nrc_groeneveld_24579pt__529,1756.0,1532.478888749002,1459.3666993363836,1606.947392152629,1176.0492590522801,1252.6232168727904,1606.947392152629
nrc_groeneveld_24579pt__13024,846.0,578.1791864338444,692.8729734806186,778.2834621440262,547.6726357731405,518.3253051646983,778.2834621440262
nrc_groeneveld_24579pt__4438,867.0,912.6642422554443,898.3989285764383,928.3064978640571,756.5791024260766,920.4786473443244,928.3064978640571
nrc_groeneveld_24579pt__24445,376.0,368.77146935261743,358.06256212157865,359.7145619328772,350.3471741967149,408.69164113092455,359.7145619328772
nrc_groeneveld_24579pt__12801,1185.0,1137.0695809605133,1095.509871826838,1223.5868475873967,945.9448611500899,1163.948464503991,1223.5868475873967
nrc_groeneveld_24579pt__6756,1028.0,999.2761171246636,1061.5361101770468,1053.003378670499,953.6825875449516,1024.094951833438,1053.003378670499
nrc_groeneveld_24579pt__1202,984.0,1034.4216600253535,1022.4403090961149,851.9966132287598,1311.4958866934592,1089.1115918800647,851.9966132287598
nrc_groeneveld_24579pt__24303,435.0,445.4011078896505,416.12408556169925,403.22146993969534,490.20084654448647,457.7889556139682,403.22146993969534
nrc_groeneveld_24579pt__8173,1552.0,1412.291645798125,1322.2498415923708,1442.6458935679043,1483.1787573634954,1546.1710180949624,1442.6458935679043
nrc_groeneveld_24579pt__7388,525.7,797.3877318024065,589.7197938214968,657.692018531757,956.8697686101691,948.6782928640397,657.692018531757
nrc_groeneveld_24579pt__8716,1029.0,1115.8475491117795,1150.5833453032828,1105.6777621469246,1111.5922970867512,1223.5178832695656,1105.6777621469246
nrc_groeneveld_24579pt__9763,422.0,588.3195695864637,465.662629137502,515.9712994773289,604.2684992583718,539.6872840645393,515.9712994773289
nrc_groeneveld_24579pt__3096,2072.0,1995.5314053762565,2049.256116400132,1966.4788039893235,2132.088335890934,1970.4453813920818,1966.4788039893235
nrc_groeneveld_24579pt__7317,612.9,876.6531767427065,595.757187571871,672.8990735161916,905.4066155779628,777.0968185607398,672.8990735161916
nrc_groeneveld_24579pt__9816,543.0,663.6019390738143,706.1840894707858,635.5655222187773,694.8910702261448,626.1469206250347,635.5655222187773
nrc_groeneveld_24579pt__7740,541.911,613.2875077115094,542.1308259388065,540.7800126183906,672.168107712701,653.779289857293,540.7800126183906
nrc_groeneveld_24579pt__11426,404.0,414.57185953142675,352.11941477299456,327.65208522294444,369.2073995020956,383.9836406374956,327.65208522294444
nrc_groeneveld_24579pt__16046,3674.0,3649.5448940274405,3694.4820976488886,3484.9587953933824,3837.174458029568,3873.4139482952482,3484.9587953933824
nrc_groeneveld_24579pt__12595,1349.0,1362.180800881793,1332.9347878427966,1156.9392530201883,1218.990776410147,1299.3506867291119,1156.9392530201883
nrc_groeneveld_24579pt__6278,7470.0,6653.32642193582,7199.927928410548,7124.636894158023,5749.545594252152,7280.465216185042,7124.636894158023
nrc_groeneveld_24579pt__15589,1105.0,1129.9594157236206,1059.0331239954564,1049.5943307587381,1056.0822375589178,1132.778810328635,1049.5943307587381
nrc_groeneveld_24579pt__7367,512.5,843.6963962747807,618.755082480416,674.9577460968547,914.6967274996891,858.7363351839343,674.9577460968547
nrc_groeneveld_24579pt__18157,2696.0,3128.8409961593743,2670.0370038078217,2643.967133825292,2903.8415467562477,3010.478614779315,2643.967133825292
nrc_groeneveld_24579pt__4505,1194.0,1405.7842737209785,1317.6317978855727,1422.216361480772,1414.340162187011,1460.237915403492,1422.216361480772
nrc_groeneveld_24579pt__4098,330.0,461.79463263045676,404.6887662254835,454.89125034421454,405.1042301805481,438.50351205400597,454.89125034421454
nrc_groeneveld_24579pt__11550,2351.0,2498.8856773172333,2253.928993604073,2326.1603699867555,1860.5583403669953,2131.9600266622197,2326.1603699867555
nrc_groeneveld_24579pt__13359,2939.0,2521.9231872470773,2872.9969015997194,2720.96634226878,2281.050792456005,2513.8848944005226,2720.96634226878
nrc_groeneveld_24579pt__14842,186.0,280.2628683311765,261.79631153302626,244.0441391202791,193.5790756162014,181.11805876293934,244.0441391202791
nrc_groeneveld_24579pt__15159,1860.0,1733.4195432195916,1717.804254352571,1754.0048773817591,1384.4910205475405,1491.9441554787018,1754.0048773817591
nrc_groeneveld_24579pt__21885,3366.0,2963.132422029962,3293.15274109632,3429.042861872763,3297.6385238346165,3379.1075190895103,3429.042861872763
nrc_groeneveld_24579pt__3204,1238.0,1122.7044044375004,1229.93915950947,1284.020936690712,1286.3834042785418,1205.1019239448635,1284.020936690712
nrc_groeneveld_24579pt__12072,618.0,564.8888184902916,529.8315117174859,555.278960191858,593.4021250494217,633.9751256445484,555.278960191858
nrc_groeneveld_24579pt__2769,1007.0,938.0810665228436,1024.1693848516518,958.0606015138396,973.5002701814641,834.5782891469601,958.0606015138396
nrc_groeneveld_24579pt__14156,2745.0,2569.1307543245734,2587.7434611321864,2575.20218899901,2349.2748529345663,2521.2073375102814,2575.20218899901
nrc_groeneveld_24579pt__16047,3679.0,3587.615231466996,3608.645796112943,3492.052500548926,3679.9180634676345,3790.749256770411,3492.052500548926
nrc_groeneveld_24579pt__21639,530.0,618.9402486745824,759.3060015062493,681.7736757156918,671.7125718143972,555.8895836532397,681.7736757156918
nrc_groeneveld_24579pt__7975,1014.0,772.6682387906233,724.4343415397859,678.7962053511164,839.8570598489958,745.8017318369222,678.7962053511164
nrc_groeneveld_24579pt__23875,3129.0,2899.440856104805,3963.3939302628723,2807.8765664120433,4361.6683670713965,2867.350546045407,2807.8765664120433
nrc_groeneveld_24579pt__8887,4753.0,3662.6725297366515,4236.254185029869,4291.497991262282,3281.227461328911,3851.121909050383,4291.497991262282
nrc_groeneveld_24579pt__22920,1725.0,1566.5667460144148,1820.9200176801032,1787.3658992814198,1482.877794823153,1703.7550203097223,1787.3658992814198
nrc_groeneveld_24579pt__9302,1221.0,1134.6670561116696,1216.3046487680695,1175.197197387781,1127.2947124219734,1156.571166048404,1175.197197387781
nrc_groeneveld_24579pt__24473,237.0,252.74831306058613,229.2639011111167,226.86552302302988,311.27401890724104,298.6391687393648,226.86552302302988
nrc_groeneveld_24579pt__1249,743.0,787.2714877950965,799.6585848307593,800.7735693556326,1049.2792850254477,809.7993195814728,800.7735693556326
nrc_groeneveld_24579pt__7877,2228.1,1984.7977408638153,2051.772183464881,1999.4139309159227,1739.1916020952985,1972.1679705265688,1999.4139309159227
nrc_groeneveld_24579pt__2899,1018.0,984.8065477065084,1028.4967239891678,1023.48927995931,1020.5732916836571,1011.5990538462171,1023.48927995931
nrc_groeneveld_24579pt__11664,1121.0,1097.3779204874338,951.7594847312519,923.2704485899969,1063.152447061967,1154.9331284662828,923.2704485899969
nrc_groeneveld_24579pt__15199,1278.0,1247.9187088457138,1164.538016499243,1145.731919973581,1258.3239904648667,1231.0581243336571,1145.731919973581
nrc_groeneveld_24579pt__504,709.0,529.2293967358378,598.6173076921841,586.6292022220684,487.18926664104856,540.0384441189302,586.6292022220684
nrc_groeneveld_24579pt__16201,4237.0,4065.289366004318,3917.2445356004587,4233.676300236483,4074.5765413127833,4711.196561547283,4233.676300236483
nrc_groeneveld_24579pt__888,3249.0,2933.6470770482565,3175.8884546377312,3087.4517624466466,3567.679567161917,3533.1192234396503,3087.4517624466466
nrc_groeneveld_24579pt__22875,798.0,897.8852815820525,991.9803381767684,924.625550105776,933.4670452573431,895.7406599862521,924.625550105776
nrc_groeneveld_24579pt__4755,3275.0,2662.943619225578,3265.8632635577974,3287.868817353653,3197.28658785017,3355.9536629746995,3287.868817353653
nrc_groeneveld_24579pt__21390,2799.0,3004.206867223905,2720.2020059903134,2650.0650019506934,2772.0085506932087,3168.4819340380723,2650.0650019506934
nrc_groeneveld_24579pt__3452,2459.0,2230.147621361728,2462.989448361031,2281.840347107038,2014.745067850506,2196.442441273704,2281.840347107038
nrc_groeneveld_24579pt__19473,1481.0,1550.339683969827,1564.0662799958934,1503.9053497558589,1660.4988657884937,1314.7999360727642,1503.9053497558589
nrc_groeneveld_24579pt__19485,1920.0,1974.802251088617,1887.9625229813014,1763.2283636100424,1400.7085770609915,1868.611102478475,1763.2283636100424
nrc_groeneveld_24579pt__1396,765.0,835.5231392122629,783.2625305346936,796.7722097759628,889.3957773135643,843.2734386979696,796.7722097759628
nrc_groeneveld_24579pt__846,543.0,637.0705978224839,398.1835025779629,376.7176941734384,1515.7383230003338,1180.8423201825035,376.7176941734384
nrc_groeneveld_24579pt__15582,558.0,619.9844898888852,635.3584434797305,706.339271732113,783.1608438521783,718.7422361533945,706.339271732113
nrc_groeneveld_24579pt__13198,2060.0,2275.854830418199,2080.5740154382574,2037.9281859112564,1299.8430258572366,2116.5521067530594,2037.9281859112564
nrc_groeneveld_24579pt__4748,2679.0,2909.393824786652,2452.064489963286,2925.479418847325,2485.777867783819,2659.4902951010445,2925.479418847325
nrc_groeneveld_24579pt__6352,6140.0,6803.656203439767,6257.855510076647,6110.455632572899,5855.862077050268,6464.58926752522,6110.455632572899
nrc_groeneveld_24579pt__9169,1430.0,1195.1673792912004,1479.0607912754565,1525.9797357867608,1316.589342098501,1353.976687675544,1525.9797357867608
nrc_groeneveld_24579pt__8615,1594.0,1660.953143616943,1461.7242865507103,1276.2712454300686,1350.5696344087842,1481.8213791653468,1276.2712454300686
nrc_groeneveld_24579pt__17997,2053.0,2302.7250889684706,2094.363165506288,2012.833605915114,2155.654346995902,2299.3217529710687,2012.833605915114
nrc_groeneveld_24579pt__8059,2011.0,2027.6071198393468,1930.548514632582,1969.1450139311519,1834.5798630161562,2053.845187158853,1969.1450139311519
nrc_groeneveld_24579pt__19310,1646.91,1906.8166196817056,1774.5658090703416,1836.3516150045748,1700.094027319797,1864.7447323256556,1836.3516150045748
nrc_groeneveld_24579pt__8417,7767.0,6065.599454877172,7087.970906312604,7222.375716097427,6137.182770698903,6280.692200447688,7222.375716097427
nrc_groeneveld_24579pt__12309,959.0,1146.3049972208528,987.7843927939045,983.8500869413863,994.8612222777729,1086.7243215075955,983.8500869413863
nrc_groeneveld_24579pt__22448,2553.0,2531.2541483293544,2662.6313555474494,2534.0982856763167,2343.7493987703792,2834.986272039858,2534.0982856763167
nrc_groeneveld_24579pt__11676,2178.0,2666.44536143042,2464.303080949315,2538.837150772241,2786.9940630798787,2350.254316335022,2538.837150772241
nrc_groeneveld_24579pt__5632,3765.0,3845.746514883905,3463.8416447812465,3759.1079834717652,3415.892598882361,3617.8523831106845,3759.1079834717652
nrc_groeneveld_24579pt__7508,2049.0,2373.1662826730685,2260.7735184860685,2459.442455144398,2483.53084624819,2485.904263241221,2459.442455144398
nrc_groeneveld_24579pt__24195,219.0,213.53586675648577,238.42761416288963,232.53268961654135,318.58449986985727,260.71552502679367,232.53268961654135
nrc_groeneveld_24579pt__19246,552.13,733.364328967737,650.4124903888426,567.7013939632966,507.2688824788617,616.2177614916412,567.7013939632966
nrc_groeneveld_24579pt__22943,1728.0,1551.2240626885095,1729.9815821363895,1578.5800037014296,1336.6548447384548,1540.5296136083336,1578.5800037014296
nrc_groeneveld_24579pt__10207,1396.0,1430.3470387737589,1401.249658556563,1445.8463606555988,1433.3553762244896,1395.6873955296153,1445.8463606555988
nrc_groeneveld_24579pt__4306,368.0,404.6163146300588,355.1544499698068,339.09752517990245,504.72576849832933,509.45954829526414,339.09752517990245
nrc_groeneveld_24579pt__4340,1045.0,1038.2576508561435,1082.2230405205107,1103.0977950582514,1097.2069066073664,1080.8443755323833,1103.0977950582514
nrc_groeneveld_24579pt__24157,479.0,532.2611330541391,480.4510168241735,484.37155563295414,614.1540526743864,490.6491231113025,484.37155563295414
nrc_groeneveld_24579pt__3523,438.0,559.1723986065167,491.06267105992765,519.8809567686376,659.5197066927044,566.5055914455664,519.8809567686376
nrc_groeneveld_24579pt__20240,5340.0,4738.851669760227,5570.029786064945,6102.015260095047,4051.577118154121,4925.367968557972,6102.015260095047
nrc_groeneveld_24579pt__5971,4070.0,3310.721481428825,4086.7019978403578,4007.3725153897626,3759.06384025631,3749.363384093378,4007.3725153897626
nrc_groeneveld_24579pt__21246,452.0,382.83000229989113,490.1548442835159,414.43380649797837,375.93961040972437,390.9348369490122,414.43380649797837
nrc_groeneveld_24579pt__23604,335.0,521.4487772466105,453.3054133050892,423.63201495335454,565.4952523435861,518.922303952949,423.63201495335454
nrc_groeneveld_24579pt__22055,1863.7,1676.1632033870521,1613.6460645211005,1578.6735355425383,1533.4574814120724,1735.4453553986064,1578.6735355425383
nrc_groeneveld_24579pt__3907,907.0,916.6272344312027,910.3566493174274,864.7911228544087,1004.4764344878615,954.8761284311837,864.7911228544087
nrc_groeneveld_24579pt__1083,566.0,540.4718095717003,551.4411348579273,535.7361002964803,580.7832963439923,473.816634548196,535.7361002964803
nrc_groeneveld_24579pt__1420,578.0,600.6991197926548,573.7577081180632,549.8183835190847,543.7676511038937,546.1446129067083,549.8183835190847
nrc_groeneveld_24579pt__4853,4480.0,3974.3978851856255,3969.019354788596,3999.255814044143,3326.0476123354806,3830.763040203776,3999.255814044143
nrc_groeneveld_24579pt__4237,1657.0,1535.2516582509622,1596.8025667427842,1633.9465329459829,1180.7644172898317,1384.0453941713417,1633.9465329459829
nrc_groeneveld_24579pt__23598,1635.0,1609.0116094131688,1485.6093000446492,1520.3506637384307,1370.4321015688097,1609.0665457573505,1520.3506637384307
nrc_groeneveld_24579pt__11887,1658.0,2013.8328591126424,2098.390752266852,1953.1672813586922,1775.371083593422,1695.674924740222,1953.1672813586922
nrc_groeneveld_24579pt__2110,1518.0,1523.1091962168446,1486.7643007501247,1430.3216077071052,1814.906372345434,1780.0782660688744,1430.3216077071052
nrc_groeneveld_24579pt__3730,1732.0,1573.1657160412872,1729.4315269469053,1808.4741472647952,1273.3765376437027,1208.2521602885242,1808.4741472647952
nrc_groeneveld_24579pt__6560,2817.1,2616.6271195026443,2912.510434041032,2976.337419092389,3585.298436131648,3264.2386875724233,2976.337419092389
nrc_groeneveld_24579pt__16840,2845.0,2810.9388892965585,3079.3905539224843,2719.431812622748,3116.1008467291026,3298.067832876356,2719.431812622748
nrc_groeneveld_24579pt__21616,710.0,691.6831227945645,608.9841444398925,725.4148673401832,706.7840110639097,647.0103134340836,725.4148673401832
nrc_groeneveld_24579pt__2920,1470.0,1440.4819166372106,1438.01471904356,1453.9994397808443,1542.405129180592,1563.755631818004,1453.9994397808443
nrc_groeneveld_24579pt__2708,2021.0,1786.8802696940106,1991.3306010363242,2078.5772448355897,1875.5018316901335,1724.935565842274,2078.5772448355897
nrc_groeneveld_24579pt__5093,2189.0,2309.452469084793,2195.4485582236935,2053.687120205494,2093.2430855939847,2164.7833848678074,2053.687120205494
nrc_groeneveld_24579pt__21810,140.0,180.12713116187535,149.81617863773909,171.1081292303855,204.1922831134427,169.6109636904672,171.1081292303855
nrc_groeneveld_24579pt__7319,771.8,1054.565023494443,658.8245901561677,781.5773713332643,954.5637702395665,842.5537331130508,781.5773713332643
nrc_groeneveld_24579pt__15784,1872.0,1754.5557912268519,1777.0133815767504,1824.6248127661474,1295.1871606740408,1552.0140606715656,1824.6248127661474
nrc_groeneveld_24579pt__8870,4105.0,3501.2691545203493,3826.831555954321,3964.5109643896003,3244.011210422079,3593.9553019270834,3964.5109643896003
nrc_groeneveld_24579pt__17747,1714.0,1506.1203978011206,1537.4406321312438,1618.6783597558338,1205.7259554934565,1456.4497780321383,1618.6783597558338
nrc_groeneveld_24579pt__128,2260.0,2816.1172757728664,2626.4927035309834,2535.957776729966,2875.522133666973,3074.377955778135,2535.957776729966
nrc_groeneveld_24579pt__1354,284.0,286.07438312609014,291.17239521915224,290.5937748651328,268.13421383593936,237.34665410103304,290.5937748651328
nrc_groeneveld_24579pt__20376,1930.0,2048.808994301279,1969.9183497230092,2168.266741467315,1847.0401453161223,1855.066383700019,2168.266741467315
nrc_groeneveld_24579pt__20907,3332.0,2615.6161828102536,2608.2694968609053,2413.0767987749414,2072.0782924524383,2412.5252069871585,2413.0767987749414
nrc_groeneveld_24579pt__11872,762.0,557.5962433727564,590.7708564181173,537.5392400516279,649.2355028838443,579.6949742038988,537.5392400516279
nrc_groeneveld_24579pt__17301,1795.0,1863.5915644007664,1699.5632141646013,1819.3429207822094,1830.5153021512979,1937.8770849353632,1819.3429207822094
nrc_groeneveld_24579pt__23625,544.0,448.85145738277515,409.0726887026129,396.2550276241718,479.8722063686346,454.75385174288306,396.2550276241718
nrc_groeneveld_24579pt__20484,664.0,655.9936664081298,635.1063078639994,627.3249986859297,542.3068315425406,617.8171536740688,627.3249986859297
nrc_groeneveld_24579pt__2161,2509.0,2923.833366936237,2509.266746327205,2453.6441265602066,2620.939217074632,2654.155130612981,2453.6441265602066
nrc_groeneveld_24579pt__15616,1872.0,2238.099481065869,2232.901387130643,2027.8648167971517,1809.4551718152813,2013.6362611760226,2027.8648167971517
nrc_groeneveld_24579pt__12558,1910.0,2282.2631523393316,2096.5194893378252,2204.6393757337,2183.6670320521575,2044.3597554789214,2204.6393757337
nrc_groeneveld_24579pt__24234,671.0,643.7415117490716,601.5992222339881,631.468354959576,766.7241786618509,698.9727632412121,631.468354959576
nrc_groeneveld_24579pt__15443,1480.0,1668.6088807701897,1433.591525375292,1506.6812924260219,1348.6087050778947,1479.4978569508082,1506.6812924260219
nrc_groeneveld_24579pt__3421,1971.0,1656.3073312680374,1943.5753770369943,1962.8684035699912,1556.9603578241686,1662.1747415990264,1962.8684035699912
nrc_groeneveld_24579pt__8936,1139.0,1222.9288309076437,1397.3706495769077,1264.7864326467884,1235.0878809028711,1236.168028872886,1264.7864326467884
nrc_groeneveld_24579pt__18706,1060.0,1149.4734463715538,1042.8393540874217,1089.4999473868877,1213.8083850946039,1235.6977690455374,1089.4999473868877
nrc_groeneveld_24579pt__13869,2311.0,2595.069692582718,2518.726860733902,2526.7259086949443,2683.5331128811754,3149.1118988551525,2526.7259086949443
nrc_groeneveld_24579pt__18704,1166.0,1135.9581950289555,1036.6477820014295,1105.7836518050278,1205.7636553517336,1224.976996659952,1105.7836518050278
nrc_groeneveld_24579pt__7625,1650.0,1536.1893839339566,1600.8358413487601,1523.7694912389916,1480.2804786131378,1581.6361100868965,1523.7694912389916
nrc_groeneveld_24579pt__15820,484.0,530.4261485176918,506.33507230375375,484.15221564471955,617.3702870404865,713.9634106298469,484.15221564471955
nrc_groeneveld_24579pt__4347,402.0,447.98151835738804,456.82830857096803,443.95297841318217,478.81553709188677,503.8773239753113,443.95297841318217
nrc_groeneveld_24579pt__9220,558.0,758.420697513476,619.6137117785316,608.0996104269313,858.4856231658835,803.6042955329824,608.0996104269313
nrc_groeneveld_24579pt__9109,1267.0,1255.1645277347704,1459.716801729022,1372.2838629484093,1425.43551677763,1466.6094230127917,1372.2838629484093
nrc_groeneveld_24579pt__3418,1646.0,1490.4817509245538,1604.121190257813,1546.3370152847774,1463.6757973107854,1513.0651956108154,1546.3370152847774
nrc_groeneveld_24579pt__22202,870.2,666.6567463318186,877.4007195059039,816.8252369188586,724.0003744846833,823.922963682726,816.8252369188586
nrc_groeneveld_24579pt__17976,1407.0,1672.7402061888486,1524.706053338748,1488.3699607882152,1565.607204922631,1619.0443955932906,1488.3699607882152
nrc_groeneveld_24579pt__7966,2767.0,2323.152755388057,2544.065201322059,2538.297091884442,2087.510271672751,2353.573443098103,2538.297091884442
nrc_groeneveld_24579pt__14413,725.0,630.6251888629362,599.4656360118105,650.9166969604223,635.5351398134037,568.2345858236043,650.9166969604223
nrc_groeneveld_24579pt__22622,2136.0,2308.198170347691,2114.373824768433,2226.377116730448,2190.3549533780756,2273.5318372038128,2226.377116730448
nrc_groeneveld_24579pt__7898,3092.0,3289.322268760189,3005.1225759263402,3085.5278737544404,2632.5373468784605,3112.070466710682,3085.5278737544404
nrc_groeneveld_24579pt__16573,2810.0,3105.013108420169,2782.4196075549144,2730.4758181842553,3287.840369261601,3346.9273520338575,2730.4758181842553
nrc_groeneveld_24579pt__15512,1060.0,1170.967145383764,1040.7421467933898,1062.4466724918368,914.3724951486184,1025.268951630592,1062.4466724918368
nrc_groeneveld_24579pt__11659,1226.0,1489.5434550750444,1218.3561573410072,1307.8066979004986,1338.7689991262698,1540.771049811643,1307.8066979004986
nrc_groeneveld_24579pt__4606,2192.0,1955.176274829386,2042.9956011122906,2020.9591251015695,1824.2311967277349,1881.8032084423207,2020.9591251015695
nrc_groeneveld_24579pt__20443,3520.0,3441.164216957671,2924.3600177295316,3224.8594903122175,3144.9744119912807,3329.9751507222613,3224.8594903122175
nrc_groeneveld_24579pt__16258,3022.0,2938.7200933137365,2977.9208443169246,2934.437412348924,2444.071030774111,2784.9030054563377,2934.437412348924
nrc_groeneveld_24579pt__5997,2300.0,2063.424034972754,2432.7856618029596,2599.613981575507,2134.4026762373146,2140.8418216432083,2599.613981575507
nrc_groeneveld_24579pt__12099,2869.0,2817.8998540948933,2813.8857085081504,3049.8536348053153,2474.8238445497323,2526.3819581977177,3049.8536348053153
nrc_groeneveld_24579pt__22588,2546.0,2707.643748622587,3013.196152764467,2691.1200163115063,2929.8500003757367,3048.488570111103,2691.1200163115063
nrc_groeneveld_24579pt__9898,880.0,776.9917466635688,797.4951987756621,840.7109317444226,939.3081645095112,937.0944549922909,840.7109317444226
nrc_groeneveld_24579pt__17381,1409.0,1483.002644201032,1534.9469024074176,1603.7164292964483,1537.6060163320437,1570.275276720698,1603.7164292964483
nrc_groeneveld_24579pt__8928,2379.0,2293.662017492066,2281.9487772356642,2238.2346277310944,2007.6019628247404,2333.6992125560832,2238.2346277310944
nrc_groeneveld_24579pt__5264,1938.0,1964.9875309308782,1813.4142593127237,1985.7082089046803,1715.3572798647751,1866.959025456041,1985.7082089046803
nrc_groeneveld_24579pt__17408,1561.0,2110.8248974357693,1814.0004491376992,1841.860547201597,2116.339407835561,2189.2216660786903,1841.860547201597
nrc_groeneveld_24579pt__23487,598.0,832.9112274505103,648.3898265030737,740.4021945728024,789.2285863851495,731.7737486485214,740.4021945728024
nrc_groeneveld_24579pt__6602,159.0,139.3753392687572,158.07020665634366,152.42471206654545,145.27556769176044,118.929239983801,152.42471206654545
nrc_groeneveld_24579pt__13258,2351.0,2223.817560425913,2346.741574141386,2288.7454645873145,2190.7584422434165,2117.8354497701857,2288.7454645873145
nrc_groeneveld_24579pt__2934,2019.0,1913.9004024205067,1976.1705706129394,2065.1950860707584,2094.2373190267995,1804.9412672188587,2065.1950860707584
nrc_groeneveld_24579pt__17310,2479.0,2531.9384037190353,2546.348139806465,2628.2365260609185,2219.112130528237,2518.0994876888494,2628.2365260609185
nrc_groeneveld_24579pt__15781,1430.0,1484.82000259092,1476.9654753680088,1394.124991482762,1031.2251541339715,1232.6948138394923,1394.124991482762
nrc_groeneveld_24579pt__15903,1131.4,1178.7327933594609,1089.9666862939155,1114.8747983606308,1192.0792201623376,1129.0702665276935,1114.8747983606308
nrc_groeneveld_24579pt__10408,1011.0,872.732282558596,1058.4626901322667,1057.3012156968543,1108.5475602129225,1020.0424767876997,1057.3012156968543
nrc_groeneveld_24579pt__831,466.0,963.6870449060781,1379.4375155430005,1075.776307534118,1649.6631955571895,1163.0360820864873,1075.776307534118
nrc_groeneveld_24579pt__2356,3522.0,3307.0480889427727,3360.757057198153,3373.730522332261,3339.098045065772,3647.8205766943693,3373.730522332261
nrc_groeneveld_24579pt__18615,1484.0,1528.2363255701505,1496.5850141399224,1523.2936932594337,1487.146572508247,1333.115850466987,1523.2936932594337
nrc_groeneveld_24579pt__20621,1037.0,1233.2673598116726,1337.1381295004473,1344.2116999517382,1195.5700344588188,1259.3500224932834,1344.2116999517382
nrc_groeneveld_24579pt__19801,2150.0,2026.5191698668182,1927.4711738897247,2100.104807251043,2140.284725382026,2159.6411025092852,2100.104807251043
nrc_groeneveld_24579pt__754,470.0,955.0037814117369,812.6273400631327,746.1561770358121,1652.7466628363293,1252.19097553138,746.1561770358121
nrc_groeneveld_24579pt__17340,2608.0,2602.2703735114733,2542.145872911923,2303.2369127886077,2404.9103813095894,2598.082058859536,2303.2369127886077
nrc_groeneveld_24579pt__1524,1535.0,1673.0830939512477,1522.874678882074,1572.6830552085848,1628.784325629153,1604.3439838765926,1572.6830552085848
nrc_groeneveld_24579pt__7197,2160.9,2094.6791019306143,2387.0626487963805,2222.0043183062994,2067.4907269152086,2000.790198084772,2222.0043183062994
nrc_groeneveld_24579pt__18359,446.0,520.7388141380349,404.06215611512295,432.73674561529754,534.9208291777909,510.64078921958355,432.73674561529754
nrc_groeneveld_24579pt__24476,4917.0,5486.47022538544,6206.2974993692005,5898.679916592564,5432.96589863262,5307.126193852835,5898.679916592564
nrc_groeneveld_24579pt__20701,1192.0,911.9397387167978,995.0300288291947,926.563289030798,955.4211697683842,918.8592735924927,926.563289030798
nrc_groeneveld_24579pt__1909,1766.0,1604.653504650338,1759.3516877220416,1810.233756524856,1799.3143073506008,1893.8581901027471,1810.233756524856
nrc_groeneveld_24579pt__3179,2190.0,1950.3328202627235,2148.0890853965175,2094.7150026989116,2149.0188965816646,1899.656613981068,2094.7150026989116
nrc_groeneveld_24579pt__15365,1932.0,1867.1845682993232,1873.1017210294629,1811.7617107809247,1851.6399470865892,1966.3181376686005,1811.7617107809247
nrc_groeneveld_24579pt__13168,3690.0,3995.275624897384,3614.5656675253954,4134.258598439805,2384.8931071730967,3429.2467710269343,4134.258598439805
nrc_groeneveld_24579pt__12238,575.0,719.0517279467211,681.8664097921007,575.18012863443,686.4068154160274,645.0875254006717,575.18012863443
nrc_groeneveld_24579pt__5439,2229.0,1726.1211531934277,2202.169534261817,1972.7186536775291,1530.2474326859688,1998.5898698654576,1972.7186536775291
nrc_groeneveld_24579pt__24279,774.0,711.2893681537807,734.6256691181262,745.611244777202,909.3898832807189,792.1705134775974,745.611244777202
nrc_groeneveld_24579pt__15768,689.0,769.5716614564494,725.6686893278815,749.0671354677268,651.3525269635778,813.4561219316838,749.0671354677268
nrc_groeneveld_24579pt__4582,1616.0,1283.3773526960485,1441.0095246688131,1465.3795431124586,1795.8626498757665,1459.173123615786,1465.3795431124586
nrc_groeneveld_24579pt__23188,876.0,974.8446248786031,897.6931061764482,900.3198616269009,940.63284295447,869.4591799857081,900.3198616269009
nrc_groeneveld_24579pt__9172,1872.0,1839.5519669011132,1783.0931268586714,1908.753968357599,1583.9782448319954,1790.9333961388304,1908.753968357599
nrc_groeneveld_24579pt__19655,3250.0,3164.4680041009956,3130.136501909155,3130.0927140235585,3153.255284194296,3517.9174548987526,3130.0927140235585
nrc_groeneveld_24579pt__4407,981.0,816.4409526732718,813.1260959948085,917.2359008356418,699.0504516371122,759.5689793252288,917.2359008356418
nrc_groeneveld_24579pt__2085,989.0,1054.7971292927148,992.2429903302332,986.160784855338,1058.3683999292305,1046.0080373372023,986.160784855338
nrc_groeneveld_24579pt__6775,379.0,375.88562135644827,385.6748334892813,377.6465667346573,380.8228478239063,419.1685789520653,377.6465667346573
nrc_groeneveld_24579pt__22277,1504.6,1526.2079400537968,1440.6218220115397,1499.6527941407453,1263.0241322205009,1428.165214122633,1499.6527941407453
nrc_groeneveld_24579pt__9365,667.0,532.555548254903,559.6119488473169,538.4413042733705,453.02622636260855,408.7348829370519,538.4413042733705
nrc_groeneveld_24579pt__104,2210.0,2155.573700736121,2413.354348800867,2420.5601847979433,2252.0606303624227,2541.816088607933,2420.5601847979433
nrc_groeneveld_24579pt__23732,1099.0,1032.7114288633343,1122.072022019927,1135.61366903192,922.3139339030953,931.7660398765202,1135.61366903192
nrc_groeneveld_24579pt__21014,868.0,744.7331000038818,804.7568071145763,823.1802888049249,725.8568620459256,752.8630375403945,823.1802888049249
nrc_groeneveld_24579pt__22142,800.8,804.9197955621505,818.920877890576,861.4480427052671,869.4716645232436,851.0196032359567,861.4480427052671
nrc_groeneveld_24579pt__1686,3444.0,2907.2322411223586,3479.7446634704693,3405.3428163644885,3046.3881505679096,2895.4541850151777,3405.3428163644885
nrc_groeneveld_24579pt__10876,416.0,493.7870195506153,440.59758053396894,446.1866413751087,561.6583412479306,517.9242346097051,446.1866413751087
nrc_groeneveld_24579pt__11329,793.0,609.6961433452527,644.1907333985167,634.2498855811343,667.912838188573,615.2839397138905,634.2498855811343
nrc_groeneveld_24579pt__476,744.0,820.0949767182068,1018.2084675243124,901.5011948101544,691.7791375429377,797.6023085200158,901.5011948101544
nrc_groeneveld_24579pt__4956,2208.0,1822.4663872032213,2125.508347621233,2111.8017702340544,1552.1795760682298,2019.2225679715027,2111.8017702340544
nrc_groeneveld_24579pt__2827,2503.0,2368.5986356049434,2402.582113691615,2379.041233847329,2249.575199439648,2344.715905580134,2379.041233847329
nrc_groeneveld_24579pt__12166,1049.0,928.788645586792,864.5991337860012,938.8371071148956,822.1176139347355,915.4224256355141,938.8371071148956
nrc_groeneveld_24579pt__23897,2409.0,2124.7436711603136,2653.571966163959,2734.7236322158205,2770.473153295181,2175.1872631717156,2734.7236322158205
nrc_groeneveld_24579pt__17633,1260.0,1185.5331478968847,1184.9199368175198,1133.9516410128804,1286.6229694623164,1267.1286094991851,1133.9516410128804
nrc_groeneveld_24579pt__18544,1735.0,1885.1794087623227,1743.9984472656693,1664.3061174795566,1655.1256725730034,1758.0434714743235,1664.3061174795566
nrc_groeneveld_24579pt__21012,935.0,781.9409366066698,914.8655446189745,876.067442458194,739.1061975756443,785.3375468128667,876.067442458194
nrc_groeneveld_24579pt__18913,428.0,523.0161072836988,454.6462111448971,439.2742716813681,440.670055035898,575.5921653226696,439.2742716813681
nrc_groeneveld_24579pt__22294,2094.1,1853.2582376142539,2064.484806071311,1979.1661374325915,1445.7478755722277,1750.9145657964605,1979.1661374325915
nrc_groeneveld_24579pt__8637,2620.0,2591.3697527909885,2655.3057753948406,2628.504318005074,2501.6786180023496,2787.0276169063286,2628.504318005074
nrc_groeneveld_24579pt__16401,2939.0,2986.2557077002784,2825.012358214105,3071.179682499891,2682.609807443072,3152.7892630409465,3071.179682499891
nrc_groeneveld_24579pt__16958,4458.0,4594.302490199475,4430.736248012074,4493.988154413547,4372.63209398462,4672.071034456196,4493.988154413547
nrc_groeneveld_24579pt__5030,1280.0,904.3392613218695,1180.6852397616683,1099.5032711571562,629.8019272253343,958.0967774540641,1099.5032711571562
nrc_groeneveld_24579pt__5250,1006.0,1072.2479420009954,939.8771720493925,930.0174776664084,718.4207046340345,870.1793414295489,930.0174776664084
nrc_groeneveld_24579pt__14611,1114.0,1137.6676285431035,1097.8844585701042,1131.6411167175024,1036.3084612329549,1280.600798049045,1131.6411167175024
nrc_groeneveld_24579pt__6844,552.0,492.68870738490006,498.96052822060693,497.22582660107116,471.49449078443934,536.7265004990877,497.22582660107116
nrc_groeneveld_24579pt__14272,315.0,317.9753323320153,289.7265637598957,291.52260045168094,237.19394262891004,305.20708904422787,291.52260045168094
nrc_groeneveld_24579pt__2852,2019.0,1935.3051763881479,2161.095877636784,2225.5306410113058,1923.0223759373732,2053.7852984236024,2225.5306410113058
nrc_groeneveld_24579pt__20430,1900.0,1906.9813864970802,1833.0069766371505,2188.9724852752,1795.496700419699,1783.5826324814875,2188.9724852752
nrc_groeneveld_24579pt__996,781.0,762.0340657386674,782.8449319713193,776.8551809912212,968.8466091674925,693.7745336088333,776.8551809912212
nrc_groeneveld_24579pt__20567,1233.0,1662.3264650538867,1355.3595464453344,1406.2286766495527,1348.8852414816167,1455.4118654634242,1406.2286766495527
nrc_groeneveld_24579pt__16613,3999.0,3796.144991973215,3804.326425154667,3941.095315951258,3730.627812845502,4098.126289215112,3941.095315951258
nrc_groeneveld_24579pt__21779,830.0,690.2892432248999,733.7564169099483,698.3525125738961,748.1592554743441,640.5839049404659,698.3525125738961
nrc_groeneveld_24579pt__18963,386.0,521.1761242471954,390.0042828102352,465.085015666207,495.4630319411594,638.0686726844808,465.085015666207
nrc_groeneveld_24579pt__20512,813.0,1112.6753031262488,924.969845388362,995.6895721619757,1053.5498905550955,1079.4546118554185,995.6895721619757
nrc_groeneveld_24579pt__23901,879.0,602.4803117819105,869.4903121321427,824.3477396726013,511.4928127212227,601.82088698244,824.3477396726013
nrc_groeneveld_24579pt__7132,2460.6,2312.0812939315642,2487.1279087238845,2508.943830044308,2290.035452883288,2209.345157005379,2508.943830044308
nrc_groeneveld_24579pt__20687,497.0,672.4533531557605,536.3292879556647,560.1646345767567,558.4156052315396,543.4146463215211,560.1646345767567
nrc_groeneveld_24579pt__1610,3966.0,3928.992787936891,3921.7606417482393,4213.848228692839,4008.8656813331436,4082.853970474945,4213.848228692839
nrc_groeneveld_24579pt__9458,1229.0,1365.2233023993415,1303.6655349717162,1308.2700624771019,1437.3377982588597,1439.4813656767326,1308.2700624771019
nrc_groeneveld_24579pt__12462,1140.0,1030.0588639001153,1048.9232795173414,997.1459915379702,868.6426389006511,945.5884399092882,997.1459915379702
nrc_groeneveld_24579pt__4903,2817.0,2618.6484699514476,2912.3397092580353,2944.896916423546,3590.7280821935283,3266.930965346797,2944.896916423546
nrc_groeneveld_24579pt__5840,1990.0,1181.612454222424,1565.2196949324557,1498.7301638386955,818.417147504737,1222.3222646037793,1498.7301638386955
pinfin_chf_water_fc72__42,310.3,487.7385284906895,612.7531572559539,613.5110784480934,660.0872802734375,621.7881336207452,329.59196441074425
pinfin_chf_water_fc72__82,390.7,337.4329436094037,324.11800355814813,322.1651878017557,371.70989990234375,1016.580592330006,423.20588489022487
pinfin_chf_water_fc72__142,386.8,337.4329436094037,324.11800355814813,322.1651878017557,371.70989990234375,1016.580592330006,359.95348576145614
pinfin_chf_water_fc72__3,1764.8,1510.193237591324,1397.832594967894,1508.5803767257921,1336.319498890929,1098.0680214333422,1610.973537088596
pinfin_chf_water_fc72__149,415.4,381.939800795082,426.6987777949854,422.27366510254683,427.2132873535156,453.68314843818126,450.608894210443
pinfin_chf_water_fc72__24,2170.0,1510.193237591324,1397.832594967894,1508.5803767257921,1336.319498890929,1098.0680214333422,1531.098945136254
pinfin_chf_water_fc72__44,483.0,381.939800795082,426.6987777949854,422.27366510254683,427.2132873535156,453.68314843818126,473.76989501615674
pinfin_chf_water_fc72__123,181.0,280.20528701845416,361.11477544718747,356.8024362106635,373.5776062011719,493.44637677569824,72.88332217331435
pinfin_chf_water_fc72__31,182.5,337.4329436094037,324.11800355814813,322.1651878017557,371.70989990234375,1016.580592330006,38.24607376440656
pinfin_chf_water_fc72__86,460.9,381.939800795082,426.6987777949854,422.27366510254683,427.2132873535156,453.68314843818126,491.5111474092589
pinfin_chf_water_fc72__32,262.2,381.939800795082,426.6987777949854,422.27366510254683,427.2132873535156,453.68314843818126,138.3545510651977
pinfin_chf_water_fc72__49,290.7,280.20528701845416,361.11477544718747,356.8024362106635,373.5776062011719,493.44637677569824,505.02355425257633
pinfin_chf_water_fc72__113,188.0,280.20528701845416,361.11477544718747,356.8024362106635,373.5776062011719,493.44637677569824,72.88332217331435
pinfin_chf_water_fc72__37,360.5,337.4329436094037,324.11800355814813,322.1651878017557,371.70989990234375,1016.580592330006,364.93181242099917
pinfin_chf_water_fc72__169,489.3,280.20528701845416,361.11477544718747,356.8024362106635,373.5776062011719,493.44637677569824,579.0340935768237
pinfin_chf_water_fc72__73,360.0,337.4329436094037,324.11800355814813,322.1651878017557,371.70989990234375,1016.580592330006,364.93181242099917
pinfin_chf_water_fc72__10,1657.2,1510.193237591324,1397.832594967894,1508.5803767257921,1336.319498890929,1098.0680214333422,1572.3606184451269
pinfin_chf_water_fc72__65,320.2,290.8161739604589,244.69950478079463,245.7899373615638,364.16839599609375,917.2211239975771,394.01105540347663
pinfin_chf_water_fc72__99,362.0,290.8161739604589,244.69950478079463,245.7899373615638,364.16839599609375,917.2211239975771,377.4162762489859
pinfin_chf_water_fc72__166,650.0,280.20528701845416,361.11477544718747,356.8024362106635,373.5776062011719,493.44637677569824,589.0845850041424
pinfin_chf_water_fc72__137,205.2,381.939800795082,426.6987777949854,422.27366510254683,427.2132873535156,453.68314843818126,138.3545510651977
pinfin_chf_water_fc72__172,711.6,280.20528701845416,361.11477544718747,356.8024362106635,373.5776062011719,493.44637677569824,672.0927977543366
pinfin_chf_water_fc72__101,286.0,290.8161739604589,244.69950478079463,245.7899373615638,364.16839599609375,917.2211239975771,385.48943150519074
pinfin_chf_water_fc72__100,263.0,280.20528701845416,361.11477544718747,356.8024362106635,373.5776062011719,493.44637677569824,496.5019303542904
pinfin_chf_water_fc72__95,245.0,280.20528701845416,361.11477544718747,356.8024362106635,373.5776062011719,493.44637677569824,436.4228765531966
pinfin_chf_water_fc72__116,814.0,280.20528701845416,361.11477544718747,356.8024362106635,373.5776062011719,493.44637677569824,637.8799196401905
pinfin_chf_water_fc72__141,415.6,431.97075105676674,458.99250051193667,493.6013193010458,522.5065307617188,562.2283508619334,545.0975492146557
pinfin_chf_water_fc72__39,546.8,431.97075105676674,458.99250051193667,493.6013193010458,522.5065307617188,562.2283508619334,536.3679439202892
pinfin_chf_water_fc72__96,430.0,381.939800795082,426.6987777949854,422.27366510254683,427.2132873535156,453.68314843818126,501.89410544507996
pinfin_chf_water_fc72__93,306.0,290.8161739604589,244.69950478079463,245.7899373615638,364.16839599609375,917.2211239975771,272.1470089831592
pinfin_chf_water_fc72__117,917.0,280.20528701845416,361.11477544718747,356.8024362106635,373.5776062011719,493.44637677569824,611.2470137109536
pinfin_chf_water_fc72__63,275.9,290.8161739604589,244.69950478079463,245.7899373615638,364.16839599609375,917.2211239975771,297.28616727517374
pinfin_chf_water_fc72__14,1518.2,1510.193237591324,1397.832594967894,1508.5803767257921,1336.319498890929,1098.0680214333422,1548.29122457604
pinfin_chf_water_fc72__131,301.0,280.20528701845416,361.11477544718747,356.8024362106635,373.5776062011719,493.44637677569824,376.28713224961876
pinfin_chf_water_fc72__132,983.0,280.20528701845416,361.11477544718747,356.8024362106635,373.5776062011719,493.44637677569824,643.7418678899116
zhao2020__984,1800.0,1953.5315948785467,1779.015955839856,1765.1294407185671,2472.5689639184734,2189.2960342739757,1765.1294407185671
zhao2020__568,2800.0,2971.270870200225,2472.3719692323593,2842.022098760307,2602.133077432644,2600.877754038911,2842.022098760307
zhao2020__216,2800.0,2736.9826081390925,2747.3874875121433,2655.5583357842634,2778.941606822784,2940.4368449090493,2655.5583357842634
zhao2020__1837,6100.0,5153.566427929774,7181.5678071198045,6599.594337269266,8169.851063892254,3613.796179922639,6599.594337269266
zhao2020__1465,1800.0,2051.0957489039865,2063.194335943011,2161.9445386811667,1843.3451558712588,2187.083494677749,2161.9445386811667
zhao2020__943,3200.0,3534.9835436422095,3481.1378159102787,3245.922127397598,3160.6152290072137,3826.442126060898,3245.922127397598
zhao2020__29,12600.0,9498.87717410454,9832.408891583931,10084.014856368856,7815.766871491547,9312.780421937267,10084.014856368856
zhao2020__1818,12900.0,4173.966909260967,8488.615006551308,11486.733910435929,7662.827687888624,2681.43773435863,11486.733910435929
zhao2020__860,3600.0,1611.3596917946388,2097.5579478926693,2010.7294830082672,2364.6957625772516,1876.2120089380423,2010.7294830082672
zhao2020__981,2300.0,2142.169714635361,2049.6766034067773,2132.856413064332,2564.336245138555,2316.369060686251,2132.856413064332
zhao2020__1836,5200.0,5170.247224976835,6047.816769099612,5169.733116170193,8114.309114743112,3613.796126642033,5169.733116170193
zhao2020__1119,1100.0,987.5372976273939,964.6012041045641,925.0925825077329,1249.8927355304904,1229.1406895815658,925.0925825077329
zhao2020__786,3200.0,2911.458143062953,2727.711425007778,2663.20744673457,2947.465512868058,2656.4777347054805,2663.20744673457
zhao2020__466,2700.0,2533.5158036553235,2287.5150316610457,2433.5121146071633,2693.047316156086,1951.6696869814714,2433.5121146071633
zhao2020__546,1800.0,2124.9848846068257,1909.0304605871831,1992.2994215788126,2184.9054908635226,2185.355702864522,1992.2994215788126
zhao2020__765,3900.0,3726.0336014356308,3949.0826436414964,4127.2360625872325,3676.9716254854234,3273.3277354702827,4127.2360625872325
zhao2020__342,4200.0,3460.3494398622706,4106.886406546609,4217.466300491456,3950.76355640905,3979.670268704931,4217.466300491456
zhao2020__474,2600.0,2805.076057969314,3320.243762849746,2497.685742917148,2433.244475249363,2334.3808124906736,2497.685742917148
zhao2020__1385,2200.0,2349.9607019796376,2161.50028849264,2311.177450469889,1574.4879504922862,1333.4898450759888,2311.177450469889
zhao2020__1085,2000.0,1750.4201294497714,2026.100981367254,2052.8500318540273,2279.8498562674613,2085.993811359084,2052.8500318540273
zhao2020__195,5600.0,4905.926445138852,5333.989365896235,5094.321001118791,4560.232024073961,4945.207351213246,5094.321001118791
zhao2020__1469,1300.0,1521.378394030347,1614.9698302149318,1475.7816330405944,1630.261803453248,1796.5551564594793,1475.7816330405944
zhao2020__299,7900.0,5723.3237122989,7606.490781020998,7359.561197011726,6025.298349905673,6078.821020084231,7359.561197011726
zhao2020__750,5400.0,4476.943281046099,4734.781017750935,4663.616260989546,4629.1514691862785,4328.000197662552,4663.616260989546
zhao2020__1817,8100.0,0.0016865703640353128,0.2015526911986366,0.008468563903502372,0.005346226505935192,0.0008004189181267803,0.008468563903502372
zhao2020__1220,3600.0,5133.172327127179,4556.240619346428,3936.7683916177225,6719.084414879298,3981.476699010628,3936.7683916177225
zhao2020__343,4300.0,3441.3296121799813,4080.6431862856703,4218.3786549428605,3915.6758040345785,3945.54718458396,4218.3786549428605
zhao2020__203,3400.0,3649.962348950886,3201.1656750342327,3430.699288145457,3552.3310408433936,3954.3661238487725,3430.699288145457
zhao2020__212,2600.0,2574.6660225481846,2581.3168111818777,2637.5925222138917,2686.603459620791,2802.568682055693,2637.5925222138917
zhao2020__321,3800.0,4021.7018641797195,4106.456325423622,4355.0666089508995,4467.360120179485,4366.521969878403,4355.0666089508995
zhao2020__1446,1500.0,1283.5069066776894,1234.4627568296378,1197.961353124323,1425.1841641136366,1504.180700225565,1197.961353124323
zhao2020__1525,2200.0,2178.1165940613337,2198.24105929446,2204.3962341582574,2184.158853392403,2581.1791665828314,2204.3962341582574
zhao2020__1044,1800.0,2152.9078552172864,1997.3229941707777,2158.99501622425,2371.9548943093578,2150.03474651978,2158.99501622425
zhao2020__961,2700.0,2787.441478006116,2663.9350363943854,2681.288230764592,2480.4770967122495,2352.878702943828,2681.288230764592
zhao2020__769,12700.0,11152.098590170319,11539.137770727117,14319.832870828757,14761.603118374063,8978.4843239417,14319.832870828757
zhao2020__499,5500.0,4247.580982069372,4907.797665862759,4607.487099927646,4630.50801562636,5264.483740720262,4607.487099927646
zhao2020__1320,2600.0,2932.086581085474,2591.169686046422,2433.077654640701,2712.093670691196,2588.758285214912,2433.077654640701
zhao2020__1335,3400.0,3646.2257452306176,3515.3485470149285,3373.3896671807147,3046.19320481763,3092.92342520166,3373.3896671807147
zhao2020__1056,2300.0,2314.752554071325,2367.615046985172,2348.2405220074743,2372.794543308077,2245.4436264938877,2348.2405220074743
zhao2020__883,5800.0,6048.192000198579,6143.439625298065,6359.94591010013,5743.862559909941,6642.10159966483,6359.94591010013
zhao2020__1505,1800.0,2196.78837162543,1886.9449260091765,1810.2837186133756,1903.5246614660346,2011.1957538616048,1810.2837186133756
zhao2020__91,4600.0,4601.596833000402,4489.781780445394,4260.050233140807,4871.6212345027125,4984.282300450851,4260.050233140807
zhao2020__821,4200.0,5220.263918887368,4400.492630331525,4344.016511353061,4319.933713151831,4736.278800088767,4344.016511353061
zhao2020__1750,4100.0,4117.139117600781,4138.84159912274,3858.3961134614096,4648.564203493073,1539.8309941605605,3858.3961134614096
zhao2020__1324,3900.0,3958.9505054943406,4572.104567654424,4100.762489654635,3472.440596129787,3810.159557332745,4100.762489654635
zhao2020__1451,2900.0,2020.1134087682096,2686.4163462066076,2540.562575845427,1958.6777149589436,1702.1799354708578,2540.562575845427
zhao2020__315,7700.0,5085.427663424267,7087.052199756135,7660.412876388602,6505.822667195389,6307.52277322041,7660.412876388602
zhao2020__1152,3100.0,2990.4054552024986,2735.907611355637,3008.1979410317617,3375.175404422055,2317.5960656817383,3008.1979410317617
zhao2020__946,5000.0,4934.614087006575,5056.2175807288195,4826.441249209749,5034.638259394298,5445.599955656343,4826.441249209749
zhao2020__1862,10800.0,5092.82766252025,6367.38396445041,7965.839999598791,12630.320039260841,3222.520984808993,7965.839999598791
zhao2020__1411,3100.0,2726.938855746311,2955.2418543643216,3050.004424674685,2081.479740049454,2361.4322204259906,3050.004424674685
zhao2020__338,2900.0,3118.9095560168757,2883.738684502718,2813.037781421095,3243.299745279436,3294.3941273180385,2813.037781421095
zhao2020__1566,1900.0,2589.379397684821,2258.1392035481913,2147.799939049243,2868.280982950284,2383.515617493606,2147.799939049243
zhao2020__809,3600.0,4116.84062631391,3755.8937310660867,3971.3254251729345,4096.297902465721,4021.454157902693,3971.3254251729345
zhao2020__337,2900.0,3112.455884355482,2894.3736619130004,2787.3078548413123,3245.137049734483,3292.5834615373556,2787.3078548413123
zhao2020__1234,5300.0,5156.968175485745,5397.664634867717,5264.097201741194,4172.727917488032,4974.126942809544,5264.097201741194
zhao2020__1454,1600.0,1924.1174008537541,1551.348283013518,1510.08982101441,1475.3768060172417,1444.8690986008742,1510.08982101441
zhao2020__1389,2300.0,2439.208298222786,2241.19245955988,1898.9685884513844,2064.715567134706,2355.7314565598176,1898.9685884513844
zhao2020__381,2200.0,2234.014892351966,2243.5957868812325,2215.3890698832265,2120.9153634988925,2169.7842756082578,2215.3890698832265
zhao2020__1360,1300.0,1661.0297922812483,1756.301423229573,1530.2955164662853,2202.231634407666,1824.0371195846424,1530.2955164662853
zhao2020__722,3700.0,4840.593745620351,4120.1767600389185,3721.496940746084,4682.910484780531,5344.655750872994,3721.496940746084
zhao2020__427,3500.0,3536.386986242959,4521.51177705794,4109.366168843845,3701.127285404294,3338.5349046736433,4109.366168843845
zhao2020__1832,3700.0,4301.202494425719,5328.899144017125,4228.0129687174785,7480.454024077576,2710.3476592346515,4228.0129687174785
zhao2020__1468,2200.0,2319.5266480232167,2298.404005873061,2250.7539617528446,2108.5242957210676,2469.301476611983,2250.7539617528446
zhao2020__1804,2200.0,2108.3819049984018,2709.941816766197,2649.570087989561,2216.7277104642217,1814.1154162494431,2649.570087989561
zhao2020__1478,2100.0,1955.8775525988733,2681.598681604781,2323.880590195031,1928.7505246239107,1651.4189194210132,2323.880590195031
zhao2020__1784,2700.0,2937.7633362112915,2837.850041220348,3455.0086654061365,2661.9633826959566,784.8872710058569,3455.0086654061365
zhao2020__508,2500.0,2060.8722711076916,2274.372697189205,2664.17062759183,3573.775335442081,1149.4786432537903,2664.17062759183
zhao2020__300,8000.0,5877.353444584827,7868.294002313479,7591.654392682944,6133.794501582706,6226.647855950246,7591.654392682944
zhao2020__864,3200.0,4593.039499776897,3807.4684918914268,3811.896620281492,3902.380594797447,4070.1394759579075,3811.896620281492
zhao2020__894,2600.0,2302.9548043619093,2547.805542556277,2656.2753907856854,2433.1518721172306,2093.298901854465,2656.2753907856854
zhao2020__1745,2600.0,3068.9156110506924,3074.280889936806,2803.9178591992672,3382.111881706782,1212.613290299017,2803.9178591992672
zhao2020__485,2200.0,2228.898407022651,2845.8876661703316,2628.21742164723,2254.2248963765483,2117.0820711788633,2628.21742164723
zhao2020__3,12800.0,13389.467524835467,13535.777342656238,16094.412264271523,16824.634165293643,14776.98582625692,16094.412264271523
zhao2020__849,1600.0,2190.433480036875,2112.5621035308272,1995.988766769004,2643.0307458699094,2152.5976911393122,1995.988766769004
zhao2020__594,5700.0,4790.251002617428,5667.904669630904,5426.898365301703,4183.106923889238,4638.982902525752,5426.898365301703
zhao2020__1858,9000.0,3094.364937278348,6928.09826467863,9573.47361545114,9171.615174270251,1611.2623434743275,9573.47361545114
zhao2020__649,2900.0,2762.230763553066,2764.692368302419,2789.5405891784994,2393.2971329256357,2503.846230455626,2789.5405891784994
zhao2020__1053,2100.0,1908.8788372376084,2034.212040451217,2082.628440992444,2068.8202213579616,1840.218825314135,2082.628440992444
zhao2020__605,6700.0,5457.724664171089,6636.505720510591,6630.57637789972,5034.327291636554,5518.709492892276,6630.57637789972
zhao2020__1863,10900.0,5077.23281691067,8051.805819448103,9245.386233161295,12754.626270782017,3222.521031663279,9245.386233161295
zhao2020__666,1800.0,2003.5499711187692,1846.4822017756146,1862.3927184987672,1930.571099391582,1922.4389475416758,1862.3927184987672
zhao2020__475,3000.0,2841.5396723942113,3346.1585886284884,2535.369267528346,2427.917776699135,2480.6978807557957,2535.369267528346
zhao2020__1527,2800.0,2186.530308551234,2210.5087096982816,2236.524081148469,2190.274686102209,2593.3222612426457,2236.524081148469
zhao2020__269,5100.0,3823.373125804066,5027.169390142127,5011.5866942563,4413.727427966674,4396.644481220698,5011.5866942563
zhao2020__1757,4600.0,3540.899356239242,4576.888691512763,4870.659342716526,3473.1375352404766,3236.5884402347024,4870.659342716526
zhao2020__638,9200.0,8362.961096922083,8626.587874150262,8559.482543299866,8017.9697834068365,8524.148349695412,8559.482543299866
zhao2020__1127,4400.0,4311.244454013708,4109.639700943378,4312.659252495461,4243.621483511941,3574.138831114102,4312.659252495461
zhao2020__651,2600.0,2615.6427650712044,2523.8231963730664,2497.8158686159472,2324.8477332660673,2389.0621419283443,2497.8158686159472
zhao2020__307,5200.0,4202.1415277022015,4976.048775214845,5157.203270632981,6183.548176978041,5215.634883254537,5157.203270632981
zhao2020__1154,3500.0,3201.4218147825713,3085.440959149554,3429.0193144410523,3646.7567634594902,2566.53843627056,3429.0193144410523
zhao2020__484,2000.0,2029.2082653922903,2146.6092282828095,2018.6528668043024,2157.195901270501,1767.0575699091187,2018.6528668043024
zhao2020__89,4400.0,4014.9988797459832,4337.51058923626,4090.7254318467844,4266.559265289125,4478.273629176881,4090.7254318467844
zhao2020__1109,2500.0,2579.5913796500545,2448.1323801327276,2360.3870090133723,2585.268707374104,2550.4416866479924,2360.3870090133723
zhao2020__1705,2400.0,2327.8213634038325,2725.1522298651994,2565.507847053698,2647.7529153000182,2599.405931405612,2565.507847053698
zhao2020__1509,1600.0,1755.9186667475833,1559.1021533376613,1743.7268487437834,1801.6444068279081,1598.4601362199573,1743.7268487437834
zhao2020__1198,3700.0,2964.295871930243,3857.789448709286,3578.88376785045,3594.5803221103256,2291.615826947634,3578.88376785045
zhao2020__1167,5100.0,4601.404592348776,5501.92198065762,5537.254321561398,4918.316885503102,3789.4005285639532,5537.254321561398
zhao2020__293,7000.0,5744.487448531488,7048.922753486746,7045.696139210512,6091.814107398451,5985.8028442646055,7045.696139210512
zhao2020__124,3900.0,3621.825769985554,3914.4384036334636,4280.857572920427,4019.448828957384,4124.632552028277,4280.857572920427
zhao2020__685,1700.0,1603.0967501903783,1595.6713420731546,1596.7263660150825,1686.6599936208784,1685.2651816186765,1596.7263660150825
zhao2020__1710,3300.0,3751.167963353286,3089.7119240453612,3269.1410760947574,3206.3416450684194,2597.531210250706,3269.1410760947574
zhao2020__1274,3600.0,3401.2000498409316,3441.4443674233435,3516.403407390457,3237.4042292825607,3525.9676308415433,3516.403407390457
zhao2020__1532,2600.0,2142.4418146191797,2044.6674829863769,2035.8860707120816,2148.5771684879687,2526.5426570441678,2035.8860707120816
zhao2020__1132,4200.0,3816.5390838421017,4450.565645916625,4894.477594688188,3863.5257040159586,3194.514737086973,4894.477594688188
zhao2020__452,4300.0,3771.32908204743,5747.869381008378,4714.494336336089,3694.3688693548497,3856.358670546142,4714.494336336089
zhao2020__1673,2500.0,2987.219716229031,2340.034760330613,2314.6082109632334,2280.6717334478412,2593.902437359472,2314.6082109632334
zhao2020__668,2800.0,2480.087975550881,2547.7958966309334,2489.7121098546854,2122.5176813997173,2236.528927685753,2489.7121098546854
zhao2020__1485,2700.0,2881.514256996829,2492.0156858678897,2322.047178385794,2267.5578067545966,2433.279219582206,2322.047178385794
zhao2020__258,6500.0,5498.70513090601,6339.970114660032,6405.867131837532,5929.45670085117,5724.8552490434,6405.867131837532
zhao2020__1253,4300.0,4151.902614951014,4460.956888149221,4393.698592670844,3562.2020137548047,4135.774145627626,4393.698592670844
zhao2020__630,7600.0,6842.277015892365,7541.644110766516,7497.431556062057,6571.183791741212,7269.355546806345,7497.431556062057
zhao2020__1736,3400.0,3582.86159875986,3141.7601705857505,3407.10949863804,2788.605108437025,2171.0927259136483,3407.10949863804
zhao2020__1162,4100.0,3611.8334874209645,3878.4088398705926,4015.022725266508,3606.8894345795534,2634.8727602629724,4015.022725266508
zhao2020__933,3500.0,3460.7456505050304,4043.079269293743,3813.453406480154,3595.073177688168,3357.544755485384,3813.453406480154
zhao2020__1344,3200.0,2914.961434232516,3440.7936622538955,3252.76448246535,3057.3255955177083,3142.3632520724564,3252.76448246535
zhao2020__993,2700.0,2751.509311551821,2582.7657407361985,2641.3375760147333,2852.87051235345,2766.4877933173425,2641.3375760147333
zhao2020__1540,2200.0,2437.505589798565,2391.411518795391,2320.6711936862735,2192.3918166577287,3148.099779264912,2320.6711936862735
zhao2020__1661,4500.0,4146.778057092327,3672.9715617220136,3833.7751753707184,3600.6329243903833,920.923674121195,3833.7751753707184
zhao2020__785,3100.0,2958.617096832687,2671.814292381053,2696.153756737941,2981.020626443834,2696.5408276202716,2696.153756737941
zhao2020__728,2000.0,1900.7399726159044,1943.8311914586843,1917.7843611600615,2140.260050832603,1269.9448633069717,1917.7843611600615
zhao2020__1647,3800.0,3890.6476601518393,4116.3637568917375,3794.867797706805,3592.6848770915567,2017.4801925875372,3794.867797706805
zhao2020__1082,2500.0,2710.8548002029197,2541.0721554143347,2630.9808756180655,2685.1156242004413,2706.2883764702183,2630.9808756180655
zhao2020__1412,3500.0,3267.6729846748744,3448.1552435128215,3448.2854025668107,2504.5661896119136,2884.7755085153613,3448.2854025668107
zhao2020__895,10000.0,8867.935409952095,8371.06788496186,8922.824165021815,10639.032184967768,14193.02868937202,8922.824165021815
zhao2020__612,6800.0,5438.047717932355,6799.070333403394,6657.002534746326,5016.488709014241,5490.882599281629,6657.002534746326
zhao2020__156,7500.0,7493.483601932365,5742.0361171691375,7122.71551241527,6221.775152099354,6901.127533334005,7122.71551241527
zhao2020__1166,6000.0,5079.908577171327,5809.17169487012,6170.0151937790215,5761.982211846327,4541.278524889437,6170.0151937790215
zhao2020__507,2700.0,2184.989045113883,2350.708109090854,2798.149296515224,3476.83334090207,1420.232919686459,2798.149296515224
zhao2020__684,2200.0,1913.4198751153888,1907.4691588656633,1808.1087080004654,1824.4282426453667,1892.867596637039,1808.1087080004654
zhao2020__697,5100.0,4803.516922125359,4326.026003666643,4250.495306823103,4898.484157924981,5083.564658598735,4250.495306823103
zhao2020__625,6500.0,5834.892212893573,7132.43123197388,6945.700307829519,5509.0236848760605,6052.865732054114,6945.700307829519
zhao2020__318,4000.0,3425.023619826754,4086.9952140718656,4252.271292511642,5063.834480263564,4439.330865331093,4252.271292511642
zhao2020__939,3400.0,3453.063334155301,3431.594347542083,3276.8335238276964,3114.013038303784,3684.651812466663,3276.8335238276964
zhao2020__1613,2900.0,2975.395770633705,2936.6119942375212,2570.207927720538,2940.9840436451873,2655.642783154983,2570.207927720538
zhao2020__880,4100.0,5034.928080603729,5286.41255060914,5795.9972439797275,4536.799391090796,4836.174133871863,5795.9972439797275
zhao2020__781,2100.0,2891.4944140112702,2370.4432896307667,2481.866151270712,2941.212896877557,2648.4620804054302,2481.866151270712
zhao2020__168,6600.0,5879.571085048936,6401.520994338188,5946.129273983606,5442.937890729063,5679.163296084644,5946.129273983606
zhao2020__1396,1600.0,1987.9319998923966,2049.238536441625,1886.3769855978662,1735.9146808487656,1922.6404525749083,1886.3769855978662
zhao2020__1180,3700.0,4512.814550326422,3516.929395153907,3386.974297127819,4663.578772947018,4127.38168435203,3386.974297127819
zhao2020__1384,2500.0,2495.8547494774443,2192.061890266488,2294.029181939303,1602.6826637907172,1365.7202767241731,2294.029181939303
zhao2020__1848,6200.0,3241.1851053344258,6559.224898289858,6651.338098741931,7584.622935101446,1685.4017680843003,6651.338098741931
zhao2020__708,6600.0,4929.723202297527,5464.282047698067,5453.421188703496,5064.954571355666,5254.830168228978,5453.421188703496
zhao2020__494,4300.0,2770.2274141135704,4007.045840824238,3753.2993792810644,2856.012348974765,3430.022803795919,3753.2993792810644
zhao2020__294,7000.0,5744.487448531488,7048.922753486746,7045.696139210512,6091.814107398451,5985.8028442646055,7045.696139210512
zhao2020__712,5200.0,4320.508942824555,4998.651806414371,4211.627748116393,4385.566275869417,4339.244087746852,4211.627748116393
zhao2020__745,4200.0,4331.822461749056,4497.028759367053,5065.693291616998,4472.172200925277,4182.865048227507,5065.693291616998
zhao2020__333,5000.0,4399.150575089388,5394.235929604911,5205.779681673068,5033.816173616131,4885.068299505894,5205.779681673068
zhao2020__1179,3800.0,4262.933257372702,3231.327650405066,3174.996091943433,4119.595749031206,3610.336317872163,3174.996091943433
zhao2020__144,5600.0,5711.606716774588,4857.917500694798,5645.887597180958,5540.265559040634,5546.4693197281,5645.887597180958
zhao2020__1226,5400.0,5184.336326369997,5357.62282948273,5230.75522566694,4176.769351122743,5014.575379594491,5230.75522566694
zhao2020__1703,1900.0,2141.587727341876,2787.6605401401125,2289.763100198831,2473.6769515041397,2432.74761314448,2289.763100198831
zhao2020__1497,2000.0,2121.394103292599,1970.9703512065146,1975.4578330567049,1612.972270335132,1595.7619170693986,1975.4578330567049
zhao2020__813,2500.0,2243.228693869434,1947.801929160602,1955.687852514873,2718.026567510387,2226.8989050688706,1955.687852514873
zhao2020__720,3600.0,4650.421480284012,3866.3757878141078,3573.4455525651606,4524.908453719243,5171.162809899861,3573.4455525651606
zhao2020__254,6600.0,5386.477020632774,6488.152321341943,6356.401211170476,5822.086584681916,5625.225987427149,6356.401211170476
zhao2020__843,3200.0,3607.9044922537646,3613.2484604106094,4026.965380827725,3576.6662873551218,3434.1178312213747,4026.965380827725
zhao2020__1068,2300.0,2155.8352254016377,2145.3021296277752,2353.12858483993,2447.268307409867,2316.241550800982,2353.12858483993
zhao2020__624,6400.0,5805.840466724628,7274.9670891742035,6865.824166964913,5485.946999947048,6020.411915927794,6865.824166964913
zhao2020__128,4200.0,4133.887701206567,4194.756600726997,4058.477508660286,4688.903708450343,4687.812936341171,4058.477508660286
zhao2020__231,4800.0,3843.1468587800523,4902.055342353707,4910.586980886962,4469.586054080088,4502.742851200314,4910.586980886962
zhao2020__259,4200.0,4640.362371105485,4279.600037005208,4060.9330065197137,4985.996248881417,5156.373870629841,4060.9330065197137
zhao2020__95,4400.0,3977.202780548514,4330.113761100405,4145.181069807704,4318.248922295513,4503.36820246058,4145.181069807704
zhao2020__423,2400.0,2623.206417867765,2774.1061656427964,2722.7205259236084,3138.3318217975557,3726.509353832935,2722.7205259236084
zhao2020__1298,3200.0,2859.2696401487915,3319.522904556137,3388.946395399528,2948.5967437876493,3171.6039516650612,3388.946395399528
zhao2020__924,7300.0,6721.793719474845,6452.252113342263,6237.3495856018735,7667.916833114229,7397.264732759629,6237.3495856018735
zhao2020__283,5100.0,4601.61107447449,4400.322196692478,5116.189917255625,5061.953177398214,4926.051606982538,5116.189917255625
zhao2020__990,5000.0,3715.937498604445,4619.284351980722,4653.9366010902195,3450.344265761717,4278.882249575701,4653.9366010902195
zhao2020__1037,2700.0,2896.7279129257313,3010.759761163317,2763.6577115318755,2804.4317766754834,2737.5926422074394,2763.6577115318755
zhao2020__39,8400.0,9299.41263216302,8037.1886872018695,9681.245758962446,7203.806287829931,8772.187492759895,9681.245758962446
zhao2020__213,2300.0,2137.8349307436197,2472.5864907757564,2458.8737396684037,2225.3716225628696,2316.125989482011,2458.8737396684037
zhao2020__1493,1800.0,2059.9814043422675,1895.7711374113203,1851.971065983001,1858.6329276859074,1491.6282124508693,1851.971065983001
zhao2020__1437,1200.0,1366.6935017086969,1238.6485512665065,1247.004762970091,1323.0514673639573,1324.9988703069214,1247.004762970091
zhao2020__323,4600.0,4748.450494896691,4705.833881097649,4509.837330626908,4782.701032313342,4814.247326118853,4509.837330626908
zhao2020__1401,2100.0,1712.6607538393457,1924.9130155053476,1849.682109931478,1477.2426899425022,1841.3773440289501,1849.682109931478
zhao2020__1630,3200.0,3582.916464997369,3486.1336797019685,3512.9664456199625,3455.432953685115,2465.7696125400043,3512.9664456199625
zhao2020__975,3200.0,2859.2696401487915,3319.522904556137,3388.946395399528,2948.5967437876493,3171.6039516650612,3388.946395399528
zhao2020__1219,3500.0,4935.61453171901,4414.6741849258015,3782.7552417314155,6465.862545792834,3945.644057068084,3782.7552417314155
zhao2020__878,4300.0,3365.2536918911856,3799.938763406263,3701.7522919922058,3326.2748903204374,3160.369138282586,3701.7522919922058
zhao2020__1169,5400.0,4528.881558870217,4969.801378866636,4799.236862507353,4379.766416276253,3315.55952854061,4799.236862507353
zhao2020__1712,3500.0,4126.139439305615,3764.2811016948376,3849.0275876998385,3511.2970290428957,2859.059762365617,3849.0275876998385
zhao2020__1199,3400.0,2897.4556441656996,3846.4464475301966,3520.118082118056,3354.4067974978384,2161.6010301439105,3520.118082118056
zhao2020__66,8600.0,7833.142993742767,7803.283244907319,7610.1604578048355,8680.007649160547,8434.043954601148,7610.1604578048355
zhao2020__1033,2300.0,2394.6211045389914,2329.594283449827,2462.8485992484466,2536.5767970740003,2363.6674904260153,2462.8485992484466
zhao2020__713,4700.0,4981.227499698728,5331.047239037371,4632.732521276316,4948.567307191235,4992.187308738432,4632.732521276316
zhao2020__698,5100.0,4775.23784772309,4315.0611977076405,4248.688763627801,4873.93866933035,5049.758053580989,4248.688763627801
zhao2020__1289,5000.0,3715.937498604445,4619.284351980722,4653.9366010902195,3450.344265761717,4278.882249575701,4653.9366010902195
zhao2020__204,3500.0,3857.0845423752808,3450.2788777467395,3705.422284384474,3808.3322062290567,4188.048681806486,3705.422284384474
zhao2020__756,3100.0,4187.95893535074,3377.1583205312895,3253.163650444859,4236.780945246297,4790.526561439984,3253.163650444859
zhao2020__1377,2500.0,2708.531131076939,3102.487041783974,3015.8468362747376,2388.249791722037,2182.6126068999847,3015.8468362747376
zhao2020__1650,3500.0,3635.7266801980136,3850.6459723976905,3712.0795604913187,3195.9594431359887,2453.2196325090213,3712.0795604913187
zhao2020__1677,3800.0,3973.430139741415,3699.4310855845347,3963.7186250793056,2829.1131909187384,3289.9604174477754,3963.7186250793056
zhao2020__1730,4000.0,3772.3286201462747,3589.233844789994,3798.6757230821568,4700.002378426208,2145.356204267392,3798.6757230821568
zhao2020__1646,3600.0,3719.1809067351887,3609.917894474032,3580.475680370457,3419.2864178698696,1928.7726982129923,3580.475680370457
zhao2020__1477,800.0,1198.6518124019674,1096.4662948829239,1172.7054836594957,1155.297209959459,1111.8883341563082,1172.7054836594957
zhao2020__1216,3000.0,2801.3557799057075,2441.941207100923,2331.1683683112715,2919.642688633887,2315.750882092303,2331.1683683112715
zhao2020__46,5800.0,8475.38298086014,8603.91981492113,7308.937617209406,12429.662837581986,13694.022595053268,7308.937617209406
zhao2020__430,3400.0,3463.1534830965775,3745.915554135088,3425.4136183048436,3679.0783095192814,3138.7543534638207,3425.4136183048436
zhao2020__772,2100.0,1755.3020529372927,2159.167243369315,2038.5105143928838,2323.9622269577867,1899.045350600641,2038.5105143928838
zhao2020__1491,1600.0,926.8086340529701,1249.0392653461427,1481.3593305779923,1030.8175926130282,794.5740568554045,1481.3593305779923
zhao2020__736,4600.0,4591.213331404156,4173.843276843959,4296.681777003929,4473.446695263685,4187.936848311075,4296.681777003929
zhao2020__650,2600.0,2615.6427650712044,2523.8231963730664,2497.8158686159472,2324.8477332660673,2389.0621419283443,2497.8158686159472
zhao2020__78,4400.0,4051.3685066304047,4397.521240643203,4411.964203140915,4203.613817676099,4448.224887306195,4411.964203140915
zhao2020__526,3200.0,3007.5010741654196,3415.202176139275,4107.163117118565,2448.1618990501074,4336.366678467573,4107.163117118565
zhao2020__341,3200.0,3179.9212809965557,3169.713377220488,3439.9738494234884,3417.201281051097,3430.0203109866584,3439.9738494234884
zhao2020__982,3600.0,3523.9328808836885,3590.138282518099,3905.264497531522,3311.185975056222,3724.5171735857234,3905.264497531522
zhao2020__532,3100.0,2301.2728313245248,3777.504376076081,3322.6494069326704,2391.66240697985,4290.771480147367,3322.6494069326704
zhao2020__960,3200.0,2741.185983649777,3288.8099367688956,3386.001433828958,2569.904010374595,2712.019921277012,3386.001433828958
zhao2020__340,3100.0,3208.0161057209384,3156.544359932305,3486.491800201381,3464.882841424876,3482.1385240087056,3486.491800201381
zhao2020__1258,2300.0,2419.226485789811,2382.327637420803,2538.722426194953,2694.142072330861,2532.822092985868,2538.722426194953
zhao2020__1724,3900.0,4263.420573410432,4148.810373582159,3959.071968766774,3602.8886078085384,2743.9838298952222,3959.071968766774
zhao2020__1695,3600.0,3449.63232089442,3209.4237270365975,3384.9532938932116,2910.85022183632,2680.4203626081653,3384.9532938932116
zhao2020__1421,1100.0,1328.045195992968,1118.367601370955,1170.0737055182435,1386.1831872656705,1366.5406416962471,1170.0737055182435
zhao2020__1490,2400.0,2496.784182241475,1594.2365324787263,1583.8871319932102,2019.3941397182214,2281.844251758911,1583.8871319932102
zhao2020__900,4800.0,4143.510945289705,3886.679403489964,4513.163090268935,3937.7629062364513,3875.6472961128597,4513.163090268935
zhao2020__966,3500.0,2675.108347009888,3423.846529521704,3587.6596303124397,2647.412824010971,2872.438630860422,3587.6596303124397
zhao2020__393,4300.0,3856.9305096662483,4233.092596719671,3847.188945131402,3815.270189597567,3827.8105164994145,3847.188945131402
zhao2020__1134,5500.0,4332.427711374936,4988.621273820508,5398.58203821744,4253.50266545076,3619.5680792521184,5398.58203821744
zhao2020__743,5500.0,4763.226979482814,5303.18004914124,5461.350325543161,4813.327747687477,4604.448243247917,5461.350325543161
zhao2020__538,4900.0,3102.7690055436037,4816.26125489637,5000.553901174415,3588.95370892437,6731.814118537529,5000.553901174415
zhao2020__477,2600.0,2425.8208038400267,3236.4736215215694,2949.125366562971,2317.5149612513756,2396.219850621235,2949.125366562971
zhao2020__705,5400.0,4574.345835212062,5122.418720321972,4949.109603202119,4820.657930163749,4946.886299353824,4949.109603202119
zhao2020__1537,3400.0,2666.501942259683,3289.3573574953066,3344.95035745898,2526.749231697072,3292.0110560865073,3344.95035745898
zhao2020__694,3400.0,4601.27168752479,3962.1836074213143,3795.907721807874,4662.410432735643,4751.096739048368,3795.907721807874
zhao2020__683,2200.0,1915.4995445393968,1804.769324185964,1802.8773788995327,1824.8936785244655,1893.2782646239623,1802.8773788995327
zhao2020__837,4700.0,4972.149631103834,4936.240523908933,4576.6024311907395,4341.505120687679,4491.146777832414,4576.6024311907395
zhao2020__366,2800.0,2608.273681627767,2754.839425352253,2664.2246590112977,2928.50916096134,3028.8386402080555,2664.2246590112977
zhao2020__1394,2400.0,2136.5068880619474,2352.6184905621644,2156.7691050494973,1789.2110401639902,2016.6376367894716,2156.7691050494973
zhao2020__199,5700.0,4779.294539338932,5462.563249426775,5174.486664093843,4456.68316663702,4837.076613006622,5174.486664093843
zhao2020__1824,4500.0,2143.4866579805544,4474.4405338784445,5014.843294651609,5079.404134089523,1138.3466873537184,5014.843294651609
zhao2020__1294,2300.0,2377.206312598693,2297.9036810831435,2247.452307362196,2688.606311007185,2503.4958664923784,2247.452307362196
zhao2020__1383,2700.0,2550.3460805541163,2253.4732098899963,2256.826815908917,1636.3335284622553,1409.6964237262337,2256.826815908917
zhao2020__1535,3000.0,2471.7097399097424,2863.9707919502034,3020.51855958869,2398.873703509723,3014.817673536244,3020.51855958869
zhao2020__375,2700.0,2489.7884719704634,2664.291652024777,2495.5814414638253,2654.2268167151087,2705.1519319539266,2495.5814414638253
zhao2020__246,5100.0,4657.240240471515,4736.07444837498,4836.501607498182,5120.493737222967,4970.232190083285,4836.501607498182
zhao2020__1711,3600.0,3898.7830113377518,3478.8088744537777,3567.25637838946,3324.021563832582,2696.158542021662,3567.25637838946
zhao2020__1697,2000.0,2089.263790283166,2514.3696168096703,2157.9709546598824,2444.4616687239222,2445.607315894681,2157.9709546598824
zhao2020__438,3300.0,3167.4768619378706,3816.1818967517656,3659.0096628320885,5119.503228103777,1876.0333392607567,3659.0096628320885
zhao2020__1826,2100.0,1219.769574195229,2311.169314979693,2651.9149463296285,3306.7021833411254,607.1183663064994,2651.9149463296285
zhao2020__1206,4600.0,3874.5950292914335,4737.721794350431,4494.5795199275935,4751.189811619121,3003.4021802380025,4494.5795199275935
zhao2020__1759,3500.0,3487.770723803169,3233.839003988555,3265.726912504406,2757.937221532597,2376.2327327953712,3265.726912504406
zhao2020__174,6600.0,6625.3549736519635,5221.954027842712,5798.80486273128,5333.495366824686,5654.573483028434,5798.80486273128
zhao2020__1640,3700.0,3834.666154499855,3771.1080144787384,3661.288170786127,3397.4226688164995,2072.348941947438,3661.288170786127
zhao2020__383,2300.0,2371.1026634434147,2338.5946583003115,2315.4448103974573,2274.677510041437,2334.4434567149524,2315.4448103974573
zhao2020__431,3200.0,3312.5442890619834,3415.5609987333037,3279.4832779988915,3634.2346743205367,2931.289812627376,3279.4832779988915
zhao2020__25,5300.0,4124.995781132726,4725.103903611568,5138.430838987364,4565.619014455524,4174.103766721611,5138.430838987364
zhao2020__276,5900.0,4715.527251213102,5887.14277636518,5704.552738505067,5098.314000494087,4931.363484949159,5704.552738505067
zhao2020__459,3400.0,4234.148031249354,5214.699198324102,4288.490492877737,3989.657056188107,3578.165258571785,4288.490492877737
zhao2020__1047,3900.0,3904.965448467999,3809.383689621911,3604.075453160981,3309.853559597725,3493.3051830075697,3604.075453160981
zhao2020__947,8900.0,10401.971096872749,8657.262063219865,8530.583826895074,13179.137150631523,15137.52399501786,8530.583826895074
zhao2020__1652,3200.0,3324.86672130646,3147.537457944799,3149.4236676519135,2953.4021035881815,2303.5243210571684,3149.4236676519135
zhao2020__94,4600.0,4595.462440217738,4503.425004943586,4274.081308142284,4880.956574668645,4989.025792445937,4274.081308142284
zhao2020__848,1600.0,2541.48750345021,1955.9886315917536,1904.0565359371071,2771.1818961102126,2320.1836776244168,1904.0565359371071
zhao2020__145,5700.0,5913.195326367172,4967.92644477508,5815.608166309522,5718.450143068856,5705.49462175726,5815.608166309522
zhao2020__194,5600.0,4955.3132493886615,5349.544694757092,5103.298325639568,4604.096683441116,4990.587529320335,5103.298325639568
zhao2020__1735,3200.0,3452.7660139001396,3040.0377394995703,3192.2742676183384,2679.3778692028322,2076.4635387768485,3192.2742676183384
zhao2020__497,3100.0,3619.201511095515,3396.3764018510597,3264.8408267000646,3467.1417035147547,3505.9231978053485,3264.8408267000646
zhao2020__1767,2600.0,2918.172390108247,2748.8992900515127,3208.79720233131,2660.0526563689136,785.0109518352353,3208.79720233131
zhao2020__1357,2200.0,2516.3926005552166,2349.2696314701943,2224.6103345921792,2733.7504294570135,2549.799119816467,2224.6103345921792
zhao2020__329,5800.0,4587.954976315196,5542.857356666002,5694.003335338451,5438.66268579721,5315.043407459693,5694.003335338451
zhao2020__1015,3600.0,3835.7439194512494,3684.5218555334295,3555.440991630128,3232.961870538101,3437.6968576134495,3555.440991630128
zhao2020__1605,2900.0,2987.7483368813123,2976.9742529383893,2635.0892954188853,2951.405173315091,2662.8864955067693,2635.0892954188853
zhao2020__1025,5100.0,4590.030471212238,5073.541478263575,4805.269737408686,4007.0202444569295,4960.438633663806,4805.269737408686
zhao2020__1006,1400.0,1526.0863811309725,1510.199773906568,1495.2458714009986,2234.391100586184,1903.3563853502135,1495.2458714009986
zhao2020__1734,3100.0,3232.2057616384636,3005.9018588350955,3018.960882446121,2564.172880230284,1998.5598179598787,3018.960882446121
zhao2020__995,4500.0,3726.320753567482,4461.200735645462,4657.207219101128,3459.614817957001,4177.498308394925,4657.207219101128
zhao2020__439,3800.0,3568.790797121778,3982.3583622035258,3480.663644603377,4539.291566289067,3172.125917250625,3480.663644603377
zhao2020__803,3100.0,3509.405699361529,3195.912542851803,3185.0166134191795,3359.8008904358144,3154.5896942011295,3185.0166134191795
zhao2020__1628,2900.0,2888.8932039912393,3478.8108923825453,3334.323516919736,3107.3145195428838,1483.016382718834,3334.323516919736
zhao2020__835,4300.0,4399.141567902718,4249.144873051292,4365.943824047779,3891.3360109158502,3935.8660280802,4365.943824047779
zhao2020__1473,1100.0,809.457945629147,1200.322555768071,1396.4155093385184,1151.3771346976662,893.762135522458,1396.4155093385184
zhao2020__1239,2700.0,2896.7279129257313,3010.759761163317,2763.6577115318755,2804.4317766754834,2737.5926422074394,2763.6577115318755
zhao2020__1653,2800.0,3094.1600402220784,2921.8873173959146,2727.083234950959,2769.47069877865,2189.2727418046384,2727.083234950959
zhao2020__1010,4500.0,4150.0063964373385,4370.6654045392415,4393.698592670844,3541.534556389693,4087.266401977334,4393.698592670844
zhao2020__88,4400.0,4020.029880234736,4328.024219470102,4048.839800847036,4258.946750241089,4474.5404799462685,4048.839800847036
zhao2020__470,2100.0,2140.2846913810786,2167.534290906782,2034.084606450409,2367.4191113609486,1445.5520964447262,2034.084606450409
zhao2020__1221,4300.0,10992.123927386076,5406.172719929418,4836.93338652559,8379.627403474813,9815.38403961437,4836.93338652559
zhao2020__319,3600.0,3242.701474351916,3671.597937533884,3597.9760946624515,4043.62208863236,3818.2468453558654,3597.9760946624515
zhao2020__1442,1000.0,1051.558197672897,957.3577074309807,941.6725651805102,1240.7571227256383,1232.2653953058548,941.6725651805102
zhao2020__462,8000.0,6865.121956915348,7981.130994519303,7691.287134166251,7646.126852645618,9644.320299297562,7691.287134166251
zhao2020__1520,2100.0,2082.5211254247242,2051.6567509048427,2075.3637088608984,2185.7138615301365,2230.7060788081817,2075.3637088608984
zhao2020__361,3200.0,3188.4904509550997,3279.6802849026712,3452.612402702312,3551.252130583412,3523.9896418544045,3452.612402702312
zhao2020__1834,5400.0,4280.32943675868,6537.227673460683,5673.703755851629,7519.5178222536715,2710.347713944313,5673.703755851629
zhao2020__1807,900.0,753.4137743471169,1277.9579051056246,1343.96444075281,958.8367564388031,651.412153778881,1343.96444075281
zhao2020__1507,1100.0,1632.6062444351091,1457.5429252688887,1570.1747669391375,1704.1028801186826,1473.231924990498,1570.1747669391375
zhao2020__623,6400.0,5787.881735860753,7258.786666221378,6850.55372827021,5468.695123905461,5999.4165131694945,6850.55372827021
zhao2020__1012,5200.0,4184.748350528082,5146.241507465692,4938.014689329994,3708.428271123839,4494.429171488877,4938.014689329994
zhao2020__569,2100.0,2367.0420230625127,2016.4258984087598,2220.9202006594273,2302.4346676940495,2292.431165716869,2220.9202006594273
zhao2020__1637,5000.0,4443.654130805855,4837.17954500923,4699.931725350456,3998.784677190509,2812.2252460944937,4699.931725350456
zhao2020__445,3800.0,3792.676635659939,4036.3060998801616,4100.546875267066,4010.5858009451235,3576.8684411038435,4100.546875267066
zhao2020__365,2100.0,2186.662826695522,2287.7428841772507,2231.905634022822,2161.0457368224984,2213.67738967318,2231.905634022822
zhao2020__220,3200.0,3360.2026390012134,3120.2533039078917,3294.8245263662243,3554.8366053248474,3594.20335570405,3294.8245263662243
zhao2020__1103,2600.0,2658.728457969921,2340.770197781173,2345.2974388169123,2621.673692178677,2606.4413478859556,2345.2974388169123
zhao2020__1096,2100.0,1956.9885846375296,2077.7089843779977,2080.6401502950484,2293.614358592225,2125.4902133043124,2080.6401502950484
zhao2020__1315,2700.0,2793.9620600960793,2661.2356350421283,2625.6876180297863,2433.2830916926814,2275.8370582833177,2625.6876180297863
zhao2020__1764,2700.0,2904.320870107907,2745.8753069602335,3208.79720233131,2649.5343682043076,781.2264240189955,3208.79720233131
zhao2020__147,6600.0,6140.406915592803,5049.050711143785,5865.733424161158,5937.716368577747,5902.022365322464,5865.733424161158
zhao2020__1309,3200.0,2685.3463726145014,3326.3449156343677,3563.3858845051845,2640.8587532400097,2854.843953413226,3563.3858845051845
zhao2020__472,3500.0,2896.1158981304934,2414.7433632092584,2641.105394438778,2395.5790343592757,2895.4571867781565,2641.105394438778
zhao2020__164,5800.0,5651.455529908111,6009.197897058651,6169.926444277951,5115.1571379224215,5525.94643598786,6169.926444277951
zhao2020__994,5300.0,3746.663040745371,4966.869441160761,4852.225714959718,3456.639967009332,4329.525583739216,4852.225714959718
zhao2020__425,3600.0,3837.1146742046444,3869.0901946287236,3771.4141332710396,4481.223518342962,4929.903808288931,3771.4141332710396
zhao2020__1378,2200.0,2799.5372961928065,2365.5859106044977,2438.7106669605023,2359.909874283539,2093.055768265084,2438.7106669605023
zhao2020__170,5800.0,5157.281700031415,6180.46644121351,5696.592765861212,4725.855336561823,5023.7230244221655,5696.592765861212
zhao2020__979,2700.0,2781.5131108446058,2625.8355648193765,2607.459302995412,2832.2792674187963,2733.742443148305,2607.459302995412
zhao2020__496,3900.0,3775.019222441607,4146.115053814308,3980.7087791246113,3763.7533244526335,3948.6607126086187,3980.7087791246113
zhao2020__5,8200.0,12817.817705680418,13767.524640229465,13404.072785713233,15352.427684100034,14151.92784987127,13404.072785713233
zhao2020__739,4000.0,4804.955913765455,4393.874778874443,4562.296376304556,4677.840253865998,4457.694269634132,4562.296376304556
zhao2020__1462,900.0,1183.797064485475,1026.4451981451086,1023.7795039356973,1351.3122834637354,1397.3633607782958,1023.7795039356973
zhao2020__1522,1700.0,2314.5946391361404,2135.5157193427244,2365.737673905123,2222.104252618382,2549.581830842363,2365.737673905123
zhao2020__601,5100.0,4392.879971053962,5048.698600855039,4895.323683090664,3690.9765397999613,3956.5495631562208,4895.323683090664
zhao2020__1612,3900.0,3444.755676942225,3644.644320841806,3838.7650135800354,3303.1025143630313,2903.049558571795,3838.7650135800354
zhao2020__963,3400.0,2736.0522163358673,3321.9890808553264,3176.0059442184706,2598.7809372580123,2738.2144263241553,3176.0059442184706
zhao2020__833,4300.0,4178.649227095507,4106.482678184635,4152.3873886143765,3739.210384989233,3720.217263571688,4152.3873886143765
zhao2020__206,4400.0,4023.3990376368147,3864.299177372942,4159.254134679228,3822.010821790615,4149.992023446261,4159.254134679228
zhao2020__1573,2900.0,2808.6286147700066,2660.332460301463,2569.8967580663502,3035.8694096883783,2527.474489232486,2569.8967580663502
zhao2020__435,4000.0,3559.8214553207245,4326.89626810507,3928.6728308168185,4873.269682094782,2876.599065878248,3928.6728308168185
zhao2020__481,3000.0,2535.307778630473,3200.6926689191637,3122.6732264225293,2359.2706007461707,2640.0967896803777,3122.6732264225293
zhao2020__1654,2600.0,3044.8672068078404,2721.826520488597,2414.350791862191,2727.6749387672635,2156.1126828678416,2414.350791862191
zhao2020__898,4000.0,3584.6675617297647,3721.092686004627,3684.8344347017437,3431.9526882954683,3264.6038893453187,3684.8344347017437
zhao2020__401,2700.0,2479.339947328423,2570.573388320446,2624.5450507866467,2350.1970465441505,2577.478855418886,2624.5450507866467
zhao2020__689,2400.0,2351.991582159038,2450.199704569094,2504.775683109508,2249.647090294674,2294.525921987984,2504.775683109508
zhao2020__1329,2200.0,2429.5203822397943,2251.021663936507,2103.7782007788132,2555.7576819618293,2364.783389630034,2103.7782007788132
zhao2020__819,2900.0,2570.067810858944,2794.031029035753,2594.323029842297,3024.413735560385,2653.3347257597648,2594.323029842297
zhao2020__1146,3000.0,4108.3440405814745,2983.1008049904594,2999.361609037765,4085.7129335744867,4296.888352111634,2999.361609037765
zhao2020__1102,2200.0,2256.845240339628,2148.332962402627,2258.4884829072844,2434.5175592213523,2329.8139898989148,2258.4884829072844
zhao2020__1852,7700.0,4382.404032855414,7981.446978872126,8335.370403438827,9415.1889389256,2528.101373063765,8335.370403438827
zhao2020__317,3900.0,3462.802462198836,4165.298457181803,4310.555362712922,5162.8173624885385,4515.357137079669,4310.555362712922
zhao2020__110,5600.0,5697.567205208927,5410.712784863008,5356.207975305484,5545.54107825156,5434.8625465863715,5356.207975305484
zhao2020__184,3600.0,3407.325381037725,3598.231236945105,3382.565776149038,2997.824688791116,3365.684767428997,3382.565776149038
zhao2020__1618,3400.0,3880.3045446282586,3483.363573735848,3676.1523689602764,3842.1565033663373,2885.792646619082,3676.1523689602764
zhao2020__1211,4500.0,4548.427939458514,4805.420579649819,4959.35856041383,4993.66569428159,3120.2693812062694,4959.35856041383
zhao2020__1614,4900.0,4510.755503218791,4687.112529125608,4584.986526979226,3927.9464672792956,2556.21827555147,4584.986526979226
zhao2020__850,2100.0,3662.768520946139,2764.585789260775,2982.409571246367,3453.954614109819,3439.439074687075,2982.409571246367
zhao2020__1165,5100.0,4565.263833881581,5384.365749490856,5510.420967285919,4867.412888777279,3744.257588333111,5510.420967285919
zhao2020__257,6600.0,5420.2393979423505,6522.457537326963,6391.172368631613,5852.735186209023,5655.633879543176,6391.172368631613
zhao2020__955,2300.0,2095.108318671055,2184.4044359695235,2320.3483841728357,2110.2742720699507,1797.0686248576424,2320.3483841728357
zhao2020__1456,1000.0,1291.5295463600671,1148.3085952862934,1211.306345207874,1231.072766613753,1074.0547913645507,1211.306345207874
zhao2020__1458,2100.0,2047.4189083615595,1971.8826300198061,1799.9265550959299,1561.3677599353628,1537.6711095047433,1799.9265550959299
zhao2020__490,2500.0,2338.26092118287,3180.209461681983,2570.446026900044,2476.048399745073,2469.957829320155,2570.446026900044
zhao2020__1698,2200.0,2211.8164964634802,2635.9109177392215,2363.1423262558974,2571.5206833936477,2556.1027541884127,2363.1423262558974
zhao2020__1343,3600.0,3034.246293441215,3706.984571442076,3999.988026449291,3068.7368175950064,3202.9868370174268,3999.988026449291
zhao2020__1018,3200.0,3313.1903313613025,3076.266824298153,3372.449199259636,3032.700982111879,3074.683211396329,3372.449199259636
zhao2020__1770,2700.0,2906.2930470061974,2744.8160188873917,3231.5123986066537,2649.1795247568243,780.8633476520804,3231.5123986066537
zhao2020__1718,4300.0,4441.005876314548,4326.976930805501,4388.482199492843,3663.4422281080515,3083.6329216840427,4388.482199492843
zhao2020__710,4100.0,4514.603986958313,4911.136897105633,4547.5419499820255,4603.4383526876045,4615.38012306551,4547.5419499820255
zhao2020__770,7700.0,7663.782840254314,7554.169951921455,11427.245287866728,9440.084398172317,6375.717152089631,11427.245287866728
zhao2020__1547,1500.0,2286.171104650899,1898.7704670737694,1977.2535419561473,2092.77862017347,2956.4334016465214,1977.2535419561473
zhao2020__775,2200.0,2978.6731076156193,2199.2305880031063,2397.3304160905864,3011.103054320752,2731.935807167402,2397.3304160905864
zhao2020__913,3800.0,3514.7066442129935,4162.16782869976,4194.358352718254,3578.7670666602953,3468.4884338222414,4194.358352718254
zhao2020__1376,2800.0,2675.527167948002,3208.686793438831,3170.431270519298,2373.4662643184606,2201.691081775152,3170.431270519298
zhao2020__1138,4700.0,3947.111599027401,4913.004398295628,4855.7462606967265,4077.678835726734,3446.6704958704136,4855.7462606967265
zhao2020__1027,3600.0,3942.049443976794,3632.9601146975438,3614.9530122917313,3263.880851165821,3468.422354564811,3614.9530122917313
zhao2020__965,3200.0,2685.3463726145014,3326.3449156343677,3563.3858845051845,2640.8587532400097,2854.843953413226,3563.3858845051845
zhao2020__1806,1400.0,1483.7895982250604,1578.157246936835,1481.2745164577213,1467.7712856769592,1335.53075218913,1481.2745164577213
zhao2020__882,5300.0,4263.37480726218,4465.135997555107,4422.750571911391,3859.0328063273664,3850.9505930703085,4422.750571911391
zhao2020__1069,2600.0,2557.3674043049245,2332.258354043688,2362.2584050088863,2652.410224882064,2659.4658106019647,2362.2584050088863
zhao2020__398,3000.0,2647.485976806953,2669.557523160935,2894.306559756409,2430.544014047176,2731.2744003866987,2894.306559756409
zhao2020__86,4400.0,4025.164495431819,4384.444011860778,4519.769362587963,4252.459735549494,4471.563261192384,4519.769362587963
zhao2020__1187,1300.0,1742.9468529413164,1310.919261453855,1196.658611472904,2601.418427323913,1515.2894633140186,1196.658611472904
zhao2020__1850,7200.0,4403.190167862585,6409.812924591941,6354.003745444771,9236.94885758851,2528.101273582406,6354.003745444771
zhao2020__505,3000.0,2015.946762559811,2763.3856772558775,2667.414752548114,3400.23597140641,1094.2281404051557,2667.414752548114
zhao2020__1039,1800.0,2105.9854555843294,1942.7127913222819,2149.488295800583,2348.3913574166904,2118.108548306832,2149.488295800583
zhao2020__1838,4000.0,3262.3658916593613,4424.857091024577,4635.900967385961,6682.865479085323,1762.1327148715131,4635.900967385961
zhao2020__1585,3500.0,3072.6058512962722,3265.011265705502,3124.165437491055,3131.8705178563782,3389.918482718812,3124.165437491055
zhao2020__10,4000.0,4212.911320380277,4798.200913597797,5209.916895677145,4047.7558940421595,4540.465896674498,5209.916895677145
zhao2020__521,3200.0,3270.4472330842445,3379.1542396898726,3683.4824699362835,2723.6784192577948,3927.640305482963,3683.4824699362835
zhao2020__388,4400.0,3980.474460991081,4543.333486746667,4507.831659552568,4440.531218728109,4405.0395861544885,4507.831659552568
zhao2020__138,5800.0,6610.35183059587,5834.593206888898,5984.045241923452,5816.273860757837,6210.128103067904,5984.045241923452
zhao2020__1812,1300.0,993.2689007246955,1468.830061983341,1680.1994604374618,1411.5584252567733,906.8733599954572,1680.1994604374618
zhao2020__999,2700.0,2810.215358828814,2634.0621580786524,2677.512953571478,2884.376577386772,2819.8299245884114,2677.512953571478
zhao2020__228,3400.0,3806.006571308653,4866.482616259719,4781.927580664919,4373.086046760352,4410.08193323215,4781.927580664919
zhao2020__510,2900.0,2612.827833106616,3057.3787580052303,2954.0507110112453,3167.5760051927223,2375.0246624988936,2954.0507110112453
