row_id,y_true,source_dataset,PHYS_katto,PHYS_gated,A0_no_physics,A1_latent_baseline,A2_katto_baseline,A3_pi_features,A4_mechanism_gated,A5_constrained,A1_ANN,A5_ANN
pinfin_chf_water_fc72__0,778.2,pinfin_chf_water_fc72,1109.182566693518,1109.182566693518,898.4463107380664,1637.5672537089738,1149.9759650246929,824.0727926109387,836.4812999827896,1109.1825666929747,5136.9518655789325,1109.1825666954892
pinfin_chf_water_fc72__1,1646.1,pinfin_chf_water_fc72,1109.182566693518,1109.182566693518,898.4463107380664,1637.5672537089738,1149.9759650246929,824.0727926109387,836.4812999827896,1109.1825666929747,5136.9518655789325,1109.1825666954892
pinfin_chf_water_fc72__2,1678.5,pinfin_chf_water_fc72,1109.182566693518,1109.182566693518,898.4463107380664,1637.5672537089738,1149.9759650246929,824.0727926109387,836.4812999827896,1109.1825666929747,5136.9518655789325,1109.1825666954892
pinfin_chf_water_fc72__3,1764.8,pinfin_chf_water_fc72,1109.182566693518,1109.182566693518,898.4463107380664,1637.5672537089738,1149.9759650246929,824.0727926109387,836.4812999827896,1109.1825666929747,5136.9518655789325,1109.1825666954892
pinfin_chf_water_fc72__4,1888.9,pinfin_chf_water_fc72,1109.182566693518,1109.182566693518,898.4463107380664,1637.5672537089738,1149.9759650246929,824.0727926109387,836.4812999827896,1109.1825666929747,5136.9518655789325,1109.1825666954892
pinfin_chf_water_fc72__5,2018.3,pinfin_chf_water_fc72,1109.182566693518,1109.182566693518,898.4463107380664,1637.5672537089738,1149.9759650246929,824.0727926109387,836.4812999827896,1109.1825666929747,5136.9518655789325,1109.1825666954892
pinfin_chf_water_fc72__6,2077.6,pinfin_chf_water_fc72,1109.182566693518,1109.182566693518,898.4463107380664,1637.5672537089738,1149.9759650246929,824.0727926109387,836.4812999827896,1109.1825666929747,5136.9518655789325,1109.1825666954892
pinfin_chf_water_fc72__7,747.4,pinfin_chf_water_fc72,1109.182566693518,1109.182566693518,898.4463107380664,1637.5672537089738,1149.9759650246929,824.0727926109387,836.4812999827896,1109.1825666929747,5136.9518655789325,1109.1825666954892
pinfin_chf_water_fc72__8,1687.3,pinfin_chf_water_fc72,1109.182566693518,1109.182566693518,898.4463107380664,1637.5672537089738,1149.9759650246929,824.0727926109387,836.4812999827896,1109.1825666929747,5136.9518655789325,1109.1825666954892
pinfin_chf_water_fc72__9,1956.2,pinfin_chf_water_fc72,1109.182566693518,1109.182566693518,898.4463107380664,1637.5672537089738,1149.9759650246929,824.0727926109387,836.4812999827896,1109.1825666929747,5136.9518655789325,1109.1825666954892
pinfin_chf_water_fc72__10,1657.2,pinfin_chf_water_fc72,1109.182566693518,1109.182566693518,898.4463107380664,1637.5672537089738,1149.9759650246929,824.0727926109387,836.4812999827896,1109.1825666929747,5136.9518655789325,1109.1825666954892
pinfin_chf_water_fc72__11,1464.8,pinfin_chf_water_fc72,1109.182566693518,1109.182566693518,898.4463107380664,1637.5672537089738,1149.9759650246929,824.0727926109387,836.4812999827896,1109.1825666929747,5136.9518655789325,1109.1825666954892
pinfin_chf_water_fc72__12,714.0,pinfin_chf_water_fc72,1109.182566693518,1109.182566693518,898.4463107380664,1637.5672537089738,1149.9759650246929,824.0727926109387,836.4812999827896,1109.1825666929747,5136.9518655789325,1109.1825666954892
pinfin_chf_water_fc72__13,1070.0,pinfin_chf_water_fc72,1109.182566693518,1109.182566693518,898.4463107380664,1637.5672537089738,1149.9759650246929,824.0727926109387,836.4812999827896,1109.1825666929747,5136.9518655789325,1109.1825666954892
pinfin_chf_water_fc72__14,1518.2,pinfin_chf_water_fc72,1109.182566693518,1109.182566693518,898.4463107380664,1637.5672537089738,1149.9759650246929,824.0727926109387,836.4812999827896,1109.1825666929747,5136.9518655789325,1109.1825666954892
pinfin_chf_water_fc72__15,803.7,pinfin_chf_water_fc72,1109.182566693518,1109.182566693518,898.4463107380664,1637.5672537089738,1149.9759650246929,824.0727926109387,836.4812999827896,1109.1825666929747,5136.9518655789325,1109.1825666954892
pinfin_chf_water_fc72__16,782.8,pinfin_chf_water_fc72,1109.182566693518,1109.182566693518,898.4463107380664,1637.5672537089738,1149.9759650246929,824.0727926109387,836.4812999827896,1109.1825666929747,5136.9518655789325,1109.1825666954892
pinfin_chf_water_fc72__17,1420.0,pinfin_chf_water_fc72,1109.182566693518,1109.182566693518,898.4463107380664,1637.5672537089738,1149.9759650246929,824.0727926109387,836.4812999827896,1109.1825666929747,5136.9518655789325,1109.1825666954892
pinfin_chf_water_fc72__18,1480.0,pinfin_chf_water_fc72,1109.182566693518,1109.182566693518,898.4463107380664,1637.5672537089738,1149.9759650246929,824.0727926109387,836.4812999827896,1109.1825666929747,5136.9518655789325,1109.1825666954892
pinfin_chf_water_fc72__19,1560.0,pinfin_chf_water_fc72,1109.182566693518,1109.182566693518,898.4463107380664,1637.5672537089738,1149.9759650246929,824.0727926109387,836.4812999827896,1109.1825666929747,5136.9518655789325,1109.1825666954892
pinfin_chf_water_fc72__20,1600.0,pinfin_chf_water_fc72,1109.182566693518,1109.182566693518,898.4463107380664,1637.5672537089738,1149.9759650246929,824.0727926109387,836.4812999827896,1109.1825666929747,5136.9518655789325,1109.1825666954892
pinfin_chf_water_fc72__21,1590.0,pinfin_chf_water_fc72,1109.182566693518,1109.182566693518,898.4463107380664,1637.5672537089738,1149.9759650246929,824.0727926109387,836.4812999827896,1109.1825666929747,5136.9518655789325,1109.1825666954892
pinfin_chf_water_fc72__22,1610.0,pinfin_chf_water_fc72,1109.182566693518,1109.182566693518,898.4463107380664,1637.5672537089738,1149.9759650246929,824.0727926109387,836.4812999827896,1109.1825666929747,5136.9518655789325,1109.1825666954892
pinfin_chf_water_fc72__23,1780.0,pinfin_chf_water_fc72,1109.182566693518,1109.182566693518,898.4463107380664,1637.5672537089738,1149.9759650246929,824.0727926109387,836.4812999827896,1109.1825666929747,5136.9518655789325,1109.1825666954892
pinfin_chf_water_fc72__24,2170.0,pinfin_chf_water_fc72,1109.182566693518,1109.182566693518,898.4463107380664,1637.5672537089738,1149.9759650246929,824.0727926109387,836.4812999827896,1109.1825666929747,5136.9518655789325,1109.1825666954892
pinfin_chf_water_fc72__25,2190.0,pinfin_chf_water_fc72,1109.182566693518,1109.182566693518,898.4463107380664,1637.5672537089738,1149.9759650246929,824.0727926109387,836.4812999827896,1109.1825666929747,5136.9518655789325,1109.1825666954892
pinfin_chf_water_fc72__26,158.4,pinfin_chf_water_fc72,145.8404187812271,145.8404187812271,1021.4181209371452,252.27811714714716,246.04411061269147,106.19105737525534,116.6254590079807,145.84041878102806,11933.859776374038,145.84041878190274
pinfin_chf_water_fc72__27,176.5,pinfin_chf_water_fc72,145.8404187812271,145.8404187812271,1021.4181209371452,252.27811714714716,246.04411061269147,106.19105737525534,116.6254590079807,145.84041878102806,11933.859776374038,145.84041878190274
pinfin_chf_water_fc72__28,194.9,pinfin_chf_water_fc72,145.8404187812271,145.8404187812271,1021.4181209371452,252.27811714714716,246.04411061269147,106.19105737525534,116.6254590079807,145.84041878102806,11933.859776374038,145.84041878190274
pinfin_chf_water_fc72__29,222.1,pinfin_chf_water_fc72,145.8404187812271,145.8404187812271,1021.4181209371452,252.27811714714716,246.04411061269147,106.19105737525534,116.6254590079807,145.84041878102806,11933.859776374038,145.84041878190274
pinfin_chf_water_fc72__30,236.4,pinfin_chf_water_fc72,145.8404187812271,145.8404187812271,1021.4181209371452,252.27811714714716,246.04411061269147,106.19105737525534,116.6254590079807,145.84041878102806,11933.859776374038,145.84041878190274
pinfin_chf_water_fc72__31,182.5,pinfin_chf_water_fc72,145.8404187812271,145.8404187812271,1021.4181209371452,252.27811714714716,246.04411061269147,106.19105737525534,116.6254590079807,145.84041878102806,11933.859776374038,145.84041878190274
pinfin_chf_water_fc72__32,262.2,pinfin_chf_water_fc72,145.8404187812271,145.8404187812271,1021.4181209371452,252.27811714714716,246.04411061269147,106.19105737525534,116.6254590079807,145.84041878102806,11933.859776374038,145.84041878190274
pinfin_chf_water_fc72__33,288.0,pinfin_chf_water_fc72,145.8404187812271,145.8404187812271,1021.4181209371452,252.27811714714716,246.04411061269147,106.19105737525534,116.6254590079807,145.84041878102806,11933.859776374038,145.84041878190274
pinfin_chf_water_fc72__34,407.0,pinfin_chf_water_fc72,145.8404187812271,145.8404187812271,1021.4181209371452,252.27811714714716,246.04411061269147,106.19105737525534,116.6254590079807,145.84041878102806,11933.859776374038,145.84041878190274
pinfin_chf_water_fc72__35,508.0,pinfin_chf_water_fc72,145.8404187812271,145.8404187812271,1021.4181209371452,252.27811714714716,246.04411061269147,106.19105737525534,116.6254590079807,145.84041878102806,11933.859776374038,145.84041878190274
pinfin_chf_water_fc72__36,593.3,pinfin_chf_water_fc72,145.8404187812271,145.8404187812271,1021.4181209371452,252.27811714714716,246.04411061269147,106.19105737525534,116.6254590079807,145.84041878102806,11933.859776374038,145.84041878190274
pinfin_chf_water_fc72__37,360.5,pinfin_chf_water_fc72,145.8404187812271,145.8404187812271,1021.4181209371452,252.27811714714716,246.04411061269147,106.19105737525534,116.6254590079807,145.84041878102806,11933.859776374038,145.84041878190274
pinfin_chf_water_fc72__38,474.4,pinfin_chf_water_fc72,145.8404187812271,145.8404187812271,1021.4181209371452,252.27811714714716,246.04411061269147,106.19105737525534,116.6254590079807,145.84041878102806,11933.859776374038,145.84041878190274
pinfin_chf_water_fc72__39,546.8,pinfin_chf_water_fc72,145.8404187812271,145.8404187812271,1021.4181209371452,252.27811714714716,246.04411061269147,106.19105737525534,116.6254590079807,145.84041878102806,11933.859776374038,145.84041878190274
pinfin_chf_water_fc72__40,160.7,pinfin_chf_water_fc72,145.8404187812271,145.8404187812271,1021.4181209371452,252.27811714714716,246.04411061269147,106.19105737525534,116.6254590079807,145.84041878102806,11933.859776374038,145.84041878190274
pinfin_chf_water_fc72__41,222.3,pinfin_chf_water_fc72,145.8404187812271,145.8404187812271,1021.4181209371452,252.27811714714716,246.04411061269147,106.19105737525534,116.6254590079807,145.84041878102806,11933.859776374038,145.84041878190274
pinfin_chf_water_fc72__42,310.3,pinfin_chf_water_fc72,145.8404187812271,145.8404187812271,1021.4181209371452,252.27811714714716,246.04411061269147,106.19105737525534,116.6254590079807,145.84041878102806,11933.859776374038,145.84041878190274
pinfin_chf_water_fc72__43,263.5,pinfin_chf_water_fc72,145.8404187812271,145.8404187812271,1021.4181209371452,252.27811714714716,246.04411061269147,106.19105737525534,116.6254590079807,145.84041878102806,11933.859776374038,145.84041878190274
pinfin_chf_water_fc72__44,483.0,pinfin_chf_water_fc72,145.8404187812271,145.8404187812271,1021.4181209371452,252.27811714714716,246.04411061269147,106.19105737525534,116.6254590079807,145.84041878102806,11933.859776374038,145.84041878190274
pinfin_chf_water_fc72__45,674.9,pinfin_chf_water_fc72,145.8404187812271,145.8404187812271,1021.4181209371452,252.27811714714716,246.04411061269147,106.19105737525534,116.6254590079807,145.84041878102806,11933.859776374038,145.84041878190274
pinfin_chf_water_fc72__46,276.9,pinfin_chf_water_fc72,145.8404187812271,145.8404187812271,1021.4181209371452,252.27811714714716,246.04411061269147,106.19105737525534,116.6254590079807,145.84041878102806,11933.859776374038,145.84041878190274
pinfin_chf_water_fc72__47,520.2,pinfin_chf_water_fc72,145.8404187812271,145.8404187812271,1021.4181209371452,252.27811714714716,246.04411061269147,106.19105737525534,116.6254590079807,145.84041878102806,11933.859776374038,145.84041878190274
pinfin_chf_water_fc72__48,719.3,pinfin_chf_water_fc72,145.8404187812271,145.8404187812271,1021.4181209371452,252.27811714714716,246.04411061269147,106.19105737525534,116.6254590079807,145.84041878102806,11933.859776374038,145.84041878190274
pinfin_chf_water_fc72__49,290.7,pinfin_chf_water_fc72,145.8404187812271,145.8404187812271,1021.4181209371452,252.27811714714716,246.04411061269147,106.19105737525534,116.6254590079807,145.84041878102806,11933.859776374038,145.84041878190274
pinfin_chf_water_fc72__50,555.2,pinfin_chf_water_fc72,145.8404187812271,145.8404187812271,1021.4181209371452,252.27811714714716,246.04411061269147,106.19105737525534,116.6254590079807,145.84041878102806,11933.859776374038,145.84041878190274
pinfin_chf_water_fc72__51,808.2,pinfin_chf_water_fc72,145.8404187812271,145.8404187812271,1021.4181209371452,252.27811714714716,246.04411061269147,106.19105737525534,116.6254590079807,145.84041878102806,11933.859776374038,145.84041878190274
pinfin_chf_water_fc72__52,287.7,pinfin_chf_water_fc72,145.8404187812271,145.8404187812271,1021.4181209371452,252.27811714714716,246.04411061269147,106.19105737525534,116.6254590079807,145.84041878102806,11933.859776374038,145.84041878190274
pinfin_chf_water_fc72__53,451.0,pinfin_chf_water_fc72,145.8404187812271,145.8404187812271,1021.4181209371452,252.27811714714716,246.04411061269147,106.19105737525534,116.6254590079807,145.84041878102806,11933.859776374038,145.84041878190274
pinfin_chf_water_fc72__54,546.1,pinfin_chf_water_fc72,145.8404187812271,145.8404187812271,1021.4181209371452,252.27811714714716,246.04411061269147,106.19105737525534,116.6254590079807,145.84041878102806,11933.859776374038,145.84041878190274
pinfin_chf_water_fc72__55,297.6,pinfin_chf_water_fc72,145.8404187812271,145.8404187812271,1021.4181209371452,252.27811714714716,246.04411061269147,106.19105737525534,116.6254590079807,145.84041878102806,11933.859776374038,145.84041878190274
pinfin_chf_water_fc72__56,581.4,pinfin_chf_water_fc72,145.8404187812271,145.8404187812271,1021.4181209371452,252.27811714714716,246.04411061269147,106.19105737525534,116.6254590079807,145.84041878102806,11933.859776374038,145.84041878190274
pinfin_chf_water_fc72__57,772.9,pinfin_chf_water_fc72,145.8404187812271,145.8404187812271,1021.4181209371452,252.27811714714716,246.04411061269147,106.19105737525534,116.6254590079807,145.84041878102806,11933.859776374038,145.84041878190274
pinfin_chf_water_fc72__58,324.3,pinfin_chf_water_fc72,145.8404187812271,145.8404187812271,1021.4181209371452,252.27811714714716,246.04411061269147,106.19105737525534,116.6254590079807,145.84041878102806,11933.859776374038,145.84041878190274
pinfin_chf_water_fc72__59,613.4,pinfin_chf_water_fc72,145.8404187812271,145.8404187812271,1021.4181209371452,252.27811714714716,246.04411061269147,106.19105737525534,116.6254590079807,145.84041878102806,11933.859776374038,145.84041878190274
pinfin_chf_water_fc72__60,835.6,pinfin_chf_water_fc72,145.8404187812271,145.8404187812271,1021.4181209371452,252.27811714714716,246.04411061269147,106.19105737525534,116.6254590079807,145.84041878102806,11933.859776374038,145.84041878190274
pinfin_chf_water_fc72__61,167.3,pinfin_chf_water_fc72,145.8404187812271,145.8404187812271,1021.4181209371452,252.27811714714716,246.04411061269147,106.19105737525534,116.6254590079807,145.84041878102806,11933.859776374038,145.84041878190274
pinfin_chf_water_fc72__62,252.0,pinfin_chf_water_fc72,145.8404187812271,145.8404187812271,1021.4181209371452,252.27811714714716,246.04411061269147,106.19105737525534,116.6254590079807,145.84041878102806,11933.859776374038,145.84041878190274
pinfin_chf_water_fc72__63,275.9,pinfin_chf_water_fc72,145.8404187812271,145.8404187812271,1021.4181209371452,252.27811714714716,246.04411061269147,106.19105737525534,116.6254590079807,145.84041878102806,11933.859776374038,145.84041878190274
pinfin_chf_water_fc72__64,582.6,pinfin_chf_water_fc72,145.8404187812271,145.8404187812271,1021.4181209371452,252.27811714714716,246.04411061269147,106.19105737525534,116.6254590079807,145.84041878102806,11933.859776374038,145.84041878190274
pinfin_chf_water_fc72__65,320.2,pinfin_chf_water_fc72,145.8404187812271,145.8404187812271,1021.4181209371452,252.27811714714716,246.04411061269147,106.19105737525534,116.6254590079807,145.84041878102806,11933.859776374038,145.84041878190274
pinfin_chf_water_fc72__66,686.2,pinfin_chf_water_fc72,145.8404187812271,145.8404187812271,1021.4181209371452,252.27811714714716,246.04411061269147,106.19105737525534,116.6254590079807,145.84041878102806,11933.859776374038,145.84041878190274
pinfin_chf_water_fc72__67,181.5,pinfin_chf_water_fc72,145.8404187812271,145.8404187812271,1021.4181209371452,252.27811714714716,246.04411061269147,106.19105737525534,116.6254590079807,145.84041878102806,11933.859776374038,145.84041878190274
pinfin_chf_water_fc72__68,232.0,pinfin_chf_water_fc72,145.8404187812271,145.8404187812271,1021.4181209371452,252.27811714714716,246.04411061269147,106.19105737525534,116.6254590079807,145.84041878102806,11933.859776374038,145.84041878190274
pinfin_chf_water_fc72__69,288.0,pinfin_chf_water_fc72,145.8404187812271,145.8404187812271,1021.4181209371452,252.27811714714716,246.04411061269147,106.19105737525534,116.6254590079807,145.84041878102806,11933.859776374038,145.84041878190274
pinfin_chf_water_fc72__70,365.5,pinfin_chf_water_fc72,145.8404187812271,145.8404187812271,1021.4181209371452,252.27811714714716,246.04411061269147,106.19105737525534,116.6254590079807,145.84041878102806,11933.859776374038,145.84041878190274
pinfin_chf_water_fc72__71,465.0,pinfin_chf_water_fc72,145.8404187812271,145.8404187812271,1021.4181209371452,252.27811714714716,246.04411061269147,106.19105737525534,116.6254590079807,145.84041878102806,11933.859776374038,145.84041878190274
pinfin_chf_water_fc72__72,565.0,pinfin_chf_water_fc72,145.8404187812271,145.8404187812271,1021.4181209371452,252.27811714714716,246.04411061269147,106.19105737525534,116.6254590079807,145.84041878102806,11933.859776374038,145.84041878190274
pinfin_chf_water_fc72__73,360.0,pinfin_chf_water_fc72,145.8404187812271,145.8404187812271,1021.4181209371452,252.27811714714716,246.04411061269147,106.19105737525534,116.6254590079807,145.84041878102806,11933.859776374038,145.84041878190274
pinfin_chf_water_fc72__74,476.7,pinfin_chf_water_fc72,145.8404187812271,145.8404187812271,1021.4181209371452,252.27811714714716,246.04411061269147,106.19105737525534,116.6254590079807,145.84041878102806,11933.859776374038,145.84041878190274
pinfin_chf_water_fc72__75,546.0,pinfin_chf_water_fc72,145.8404187812271,145.8404187812271,1021.4181209371452,252.27811714714716,246.04411061269147,106.19105737525534,116.6254590079807,145.84041878102806,11933.859776374038,145.84041878190274
pinfin_chf_water_fc72__76,330.9,pinfin_chf_water_fc72,145.8404187812271,145.8404187812271,1021.4181209371452,252.27811714714716,246.04411061269147,106.19105737525534,116.6254590079807,145.84041878102806,11933.859776374038,145.84041878190274
pinfin_chf_water_fc72__77,429.0,pinfin_chf_water_fc72,145.8404187812271,145.8404187812271,1021.4181209371452,252.27811714714716,246.04411061269147,106.19105737525534,116.6254590079807,145.84041878102806,11933.859776374038,145.84041878190274
pinfin_chf_water_fc72__78,539.8,pinfin_chf_water_fc72,145.8404187812271,145.8404187812271,1021.4181209371452,252.27811714714716,246.04411061269147,106.19105737525534,116.6254590079807,145.84041878102806,11933.859776374038,145.84041878190274
pinfin_chf_water_fc72__79,390.0,pinfin_chf_water_fc72,145.8404187812271,145.8404187812271,1021.4181209371452,252.27811714714716,246.04411061269147,106.19105737525534,116.6254590079807,145.84041878102806,11933.859776374038,145.84041878190274
pinfin_chf_water_fc72__80,504.0,pinfin_chf_water_fc72,145.8404187812271,145.8404187812271,1021.4181209371452,252.27811714714716,246.04411061269147,106.19105737525534,116.6254590079807,145.84041878102806,11933.859776374038,145.84041878190274
pinfin_chf_water_fc72__81,607.2,pinfin_chf_water_fc72,145.8404187812271,145.8404187812271,1021.4181209371452,252.27811714714716,246.04411061269147,106.19105737525534,116.6254590079807,145.84041878102806,11933.859776374038,145.84041878190274
pinfin_chf_water_fc72__82,390.7,pinfin_chf_water_fc72,145.8404187812271,145.8404187812271,1021.4181209371452,252.27811714714716,246.04411061269147,106.19105737525534,116.6254590079807,145.84041878102806,11933.859776374038,145.84041878190274
pinfin_chf_water_fc72__83,498.2,pinfin_chf_water_fc72,145.8404187812271,145.8404187812271,1021.4181209371452,252.27811714714716,246.04411061269147,106.19105737525534,116.6254590079807,145.84041878102806,11933.859776374038,145.84041878190274
pinfin_chf_water_fc72__84,597.1,pinfin_chf_water_fc72,145.8404187812271,145.8404187812271,1021.4181209371452,252.27811714714716,246.04411061269147,106.19105737525534,116.6254590079807,145.84041878102806,11933.859776374038,145.84041878190274
pinfin_chf_water_fc72__85,378.0,pinfin_chf_water_fc72,145.8404187812271,145.8404187812271,1021.4181209371452,252.27811714714716,246.04411061269147,106.19105737525534,116.6254590079807,145.84041878102806,11933.859776374038,145.84041878190274
pinfin_chf_water_fc72__86,460.9,pinfin_chf_water_fc72,145.8404187812271,145.8404187812271,1021.4181209371452,252.27811714714716,246.04411061269147,106.19105737525534,116.6254590079807,145.84041878102806,11933.859776374038,145.84041878190274
pinfin_chf_water_fc72__87,516.2,pinfin_chf_water_fc72,145.8404187812271,145.8404187812271,1021.4181209371452,252.27811714714716,246.04411061269147,106.19105737525534,116.6254590079807,145.84041878102806,11933.859776374038,145.84041878190274
pinfin_chf_water_fc72__88,459.9,pinfin_chf_water_fc72,145.8404187812271,145.8404187812271,1021.4181209371452,252.27811714714716,246.04411061269147,106.19105737525534,116.6254590079807,145.84041878102806,11933.859776374038,145.84041878190274
pinfin_chf_water_fc72__89,381.6,pinfin_chf_water_fc72,145.8404187812271,145.8404187812271,1021.4181209371452,252.27811714714716,246.04411061269147,106.19105737525534,116.6254590079807,145.84041878102806,11933.859776374038,145.84041878190274
pinfin_chf_water_fc72__90,480.2,pinfin_chf_water_fc72,145.8404187812271,145.8404187812271,1021.4181209371452,252.27811714714716,246.04411061269147,106.19105737525534,116.6254590079807,145.84041878102806,11933.859776374038,145.84041878190274
pinfin_chf_water_fc72__91,571.3,pinfin_chf_water_fc72,145.8404187812271,145.8404187812271,1021.4181209371452,252.27811714714716,246.04411061269147,106.19105737525534,116.6254590079807,145.84041878102806,11933.859776374038,145.84041878190274
pinfin_chf_water_fc72__92,302.0,pinfin_chf_water_fc72,145.8404187812271,145.8404187812271,1021.4181209371452,252.27811714714716,246.04411061269147,106.19105737525534,116.6254590079807,145.84041878102806,11933.859776374038,145.84041878190274
pinfin_chf_water_fc72__93,306.0,pinfin_chf_water_fc72,145.8404187812271,145.8404187812271,1021.4181209371452,252.27811714714716,246.04411061269147,106.19105737525534,116.6254590079807,145.84041878102806,11933.859776374038,145.84041878190274
pinfin_chf_water_fc72__94,630.0,pinfin_chf_water_fc72,145.8404187812271,145.8404187812271,1021.4181209371452,252.27811714714716,246.04411061269147,106.19105737525534,116.6254590079807,145.84041878102806,11933.859776374038,145.84041878190274
pinfin_chf_water_fc72__95,245.0,pinfin_chf_water_fc72,145.8404187812271,145.8404187812271,1021.4181209371452,252.27811714714716,246.04411061269147,106.19105737525534,116.6254590079807,145.84041878102806,11933.859776374038,145.84041878190274
pinfin_chf_water_fc72__96,430.0,pinfin_chf_water_fc72,145.8404187812271,145.8404187812271,1021.4181209371452,252.27811714714716,246.04411061269147,106.19105737525534,116.6254590079807,145.84041878102806,11933.859776374038,145.84041878190274
pinfin_chf_water_fc72__97,615.0,pinfin_chf_water_fc72,145.8404187812271,145.8404187812271,1021.4181209371452,252.27811714714716,246.04411061269147,106.19105737525534,116.6254590079807,145.84041878102806,11933.859776374038,145.84041878190274
pinfin_chf_water_fc72__98,322.0,pinfin_chf_water_fc72,145.8404187812271,145.8404187812271,1021.4181209371452,252.27811714714716,246.04411061269147,106.19105737525534,116.6254590079807,145.84041878102806,11933.859776374038,145.84041878190274
pinfin_chf_water_fc72__99,362.0,pinfin_chf_water_fc72,145.8404187812271,145.8404187812271,1021.4181209371452,252.27811714714716,246.04411061269147,106.19105737525534,116.6254590079807,145.84041878102806,11933.859776374038,145.84041878190274
pinfin_chf_water_fc72__100,263.0,pinfin_chf_water_fc72,145.8404187812271,145.8404187812271,1021.4181209371452,252.27811714714716,246.04411061269147,106.19105737525534,116.6254590079807,145.84041878102806,11933.859776374038,145.84041878190274
pinfin_chf_water_fc72__101,286.0,pinfin_chf_water_fc72,145.8404187812271,145.8404187812271,1021.4181209371452,252.27811714714716,246.04411061269147,106.19105737525534,116.6254590079807,145.84041878102806,11933.859776374038,145.84041878190274
pinfin_chf_water_fc72__102,450.0,pinfin_chf_water_fc72,145.8404187812271,145.8404187812271,1021.4181209371452,252.27811714714716,246.04411061269147,106.19105737525534,116.6254590079807,145.84041878102806,11933.859776374038,145.84041878190274
pinfin_chf_water_fc72__103,640.0,pinfin_chf_water_fc72,145.8404187812271,145.8404187812271,1021.4181209371452,252.27811714714716,246.04411061269147,106.19105737525534,116.6254590079807,145.84041878102806,11933.859776374038,145.84041878190274
pinfin_chf_water_fc72__104,308.0,pinfin_chf_water_fc72,145.8404187812271,145.8404187812271,1021.4181209371452,252.27811714714716,246.04411061269147,106.19105737525534,116.6254590079807,145.84041878102806,11933.859776374038,145.84041878190274
pinfin_chf_water_fc72__105,160.7,pinfin_chf_water_fc72,145.8404187812271,145.8404187812271,1021.4181209371452,252.27811714714716,246.04411061269147,106.19105737525534,116.6254590079807,145.84041878102806,11933.859776374038,145.84041878190274
pinfin_chf_water_fc72__106,163.8,pinfin_chf_water_fc72,145.8404187812271,145.8404187812271,1021.4181209371452,252.27811714714716,246.04411061269147,106.19105737525534,116.6254590079807,145.84041878102806,11933.859776374038,145.84041878190274
pinfin_chf_water_fc72__107,221.4,pinfin_chf_water_fc72,145.8404187812271,145.8404187812271,1021.4181209371452,252.27811714714716,246.04411061269147,106.19105737525534,116.6254590079807,145.84041878102806,11933.859776374038,145.84041878190274
pinfin_chf_water_fc72__108,309.7,pinfin_chf_water_fc72,145.8404187812271,145.8404187812271,1021.4181209371452,252.27811714714716,246.04411061269147,106.19105737525534,116.6254590079807,145.84041878102806,11933.859776374038,145.84041878190274
pinfin_chf_water_fc72__109,288.8,pinfin_chf_water_fc72,145.8404187812271,145.8404187812271,1021.4181209371452,252.27811714714716,246.04411061269147,106.19105737525534,116.6254590079807,145.84041878102806,11933.859776374038,145.84041878190274
pinfin_chf_water_fc72__110,306.0,pinfin_chf_water_fc72,145.8404187812271,145.8404187812271,1021.4181209371452,252.27811714714716,246.04411061269147,106.19105737525534,116.6254590079807,145.84041878102806,11933.859776374038,145.84041878190274
pinfin_chf_water_fc72__111,449.2,pinfin_chf_water_fc72,145.8404187812271,145.8404187812271,1021.4181209371452,252.27811714714716,246.04411061269147,106.19105737525534,116.6254590079807,145.84041878102806,11933.859776374038,145.84041878190274
pinfin_chf_water_fc72__112,545.6,pinfin_chf_water_fc72,145.8404187812271,145.8404187812271,1021.4181209371452,252.27811714714716,246.04411061269147,106.19105737525534,116.6254590079807,145.84041878102806,11933.859776374038,145.84041878190274
pinfin_chf_water_fc72__113,188.0,pinfin_chf_water_fc72,145.8404187812271,145.8404187812271,1021.4181209371452,252.27811714714716,246.04411061269147,106.19105737525534,116.6254590079807,145.84041878102806,11933.859776374038,145.84041878190274
pinfin_chf_water_fc72__114,361.0,pinfin_chf_water_fc72,145.8404187812271,145.8404187812271,1021.4181209371452,252.27811714714716,246.04411061269147,106.19105737525534,116.6254590079807,145.84041878102806,11933.859776374038,145.84041878190274
pinfin_chf_water_fc72__115,523.0,pinfin_chf_water_fc72,145.8404187812271,145.8404187812271,1021.4181209371452,252.27811714714716,246.04411061269147,106.19105737525534,116.6254590079807,145.84041878102806,11933.859776374038,145.84041878190274
pinfin_chf_water_fc72__116,814.0,pinfin_chf_water_fc72,145.8404187812271,145.8404187812271,1021.4181209371452,252.27811714714716,246.04411061269147,106.19105737525534,116.6254590079807,145.84041878102806,11933.859776374038,145.84041878190274
pinfin_chf_water_fc72__117,917.0,pinfin_chf_water_fc72,145.8404187812271,145.8404187812271,1021.4181209371452,252.27811714714716,246.04411061269147,106.19105737525534,116.6254590079807,145.84041878102806,11933.859776374038,145.84041878190274
pinfin_chf_water_fc72__118,154.8,pinfin_chf_water_fc72,145.8404187812271,145.8404187812271,1021.4181209371452,252.27811714714716,246.04411061269147,106.19105737525534,116.6254590079807,145.84041878102806,11933.859776374038,145.84041878190274
pinfin_chf_water_fc72__119,330.0,pinfin_chf_water_fc72,145.8404187812271,145.8404187812271,1021.4181209371452,252.27811714714716,246.04411061269147,106.19105737525534,116.6254590079807,145.84041878102806,11933.859776374038,145.84041878190274
pinfin_chf_water_fc72__120,285.0,pinfin_chf_water_fc72,145.8404187812271,145.8404187812271,1021.4181209371452,252.27811714714716,246.04411061269147,106.19105737525534,116.6254590079807,145.84041878102806,11933.859776374038,145.84041878190274
pinfin_chf_water_fc72__121,351.0,pinfin_chf_water_fc72,145.8404187812271,145.8404187812271,1021.4181209371452,252.27811714714716,246.04411061269147,106.19105737525534,116.6254590079807,145.84041878102806,11933.859776374038,145.84041878190274
pinfin_chf_water_fc72__122,499.0,pinfin_chf_water_fc72,145.8404187812271,145.8404187812271,1021.4181209371452,252.27811714714716,246.04411061269147,106.19105737525534,116.6254590079807,145.84041878102806,11933.859776374038,145.84041878190274
pinfin_chf_water_fc72__123,181.0,pinfin_chf_water_fc72,145.8404187812271,145.8404187812271,1021.4181209371452,252.27811714714716,246.04411061269147,106.19105737525534,116.6254590079807,145.84041878102806,11933.859776374038,145.84041878190274
pinfin_chf_water_fc72__124,701.0,pinfin_chf_water_fc72,145.8404187812271,145.8404187812271,1021.4181209371452,252.27811714714716,246.04411061269147,106.19105737525534,116.6254590079807,145.84041878102806,11933.859776374038,145.84041878190274
pinfin_chf_water_fc72__125,445.0,pinfin_chf_water_fc72,145.8404187812271,145.8404187812271,1021.4181209371452,252.27811714714716,246.04411061269147,106.19105737525534,116.6254590079807,145.84041878102806,11933.859776374038,145.84041878190274
pinfin_chf_water_fc72__126,345.0,pinfin_chf_water_fc72,145.8404187812271,145.8404187812271,1021.4181209371452,252.27811714714716,246.04411061269147,106.19105737525534,116.6254590079807,145.84041878102806,11933.859776374038,145.84041878190274
pinfin_chf_water_fc72__127,297.0,pinfin_chf_water_fc72,145.8404187812271,145.8404187812271,1021.4181209371452,252.27811714714716,246.04411061269147,106.19105737525534,116.6254590079807,145.84041878102806,11933.859776374038,145.84041878190274
pinfin_chf_water_fc72__128,803.0,pinfin_chf_water_fc72,145.8404187812271,145.8404187812271,1021.4181209371452,252.27811714714716,246.04411061269147,106.19105737525534,116.6254590079807,145.84041878102806,11933.859776374038,145.84041878190274
pinfin_chf_water_fc72__129,504.0,pinfin_chf_water_fc72,145.8404187812271,145.8404187812271,1021.4181209371452,252.27811714714716,246.04411061269147,106.19105737525534,116.6254590079807,145.84041878102806,11933.859776374038,145.84041878190274
pinfin_chf_water_fc72__130,378.0,pinfin_chf_water_fc72,145.8404187812271,145.8404187812271,1021.4181209371452,252.27811714714716,246.04411061269147,106.19105737525534,116.6254590079807,145.84041878102806,11933.859776374038,145.84041878190274
pinfin_chf_water_fc72__131,301.0,pinfin_chf_water_fc72,145.8404187812271,145.8404187812271,1021.4181209371452,252.27811714714716,246.04411061269147,106.19105737525534,116.6254590079807,145.84041878102806,11933.859776374038,145.84041878190274
pinfin_chf_water_fc72__132,983.0,pinfin_chf_water_fc72,145.8404187812271,145.8404187812271,1021.4181209371452,252.27811714714716,246.04411061269147,106.19105737525534,116.6254590079807,145.84041878102806,11933.859776374038,145.84041878190274
pinfin_chf_water_fc72__133,693.0,pinfin_chf_water_fc72,145.8404187812271,145.8404187812271,1021.4181209371452,252.27811714714716,246.04411061269147,106.19105737525534,116.6254590079807,145.84041878102806,11933.859776374038,145.84041878190274
pinfin_chf_water_fc72__134,489.0,pinfin_chf_water_fc72,145.8404187812271,145.8404187812271,1021.4181209371452,252.27811714714716,246.04411061269147,106.19105737525534,116.6254590079807,145.84041878102806,11933.859776374038,145.84041878190274
pinfin_chf_water_fc72__135,371.0,pinfin_chf_water_fc72,145.8404187812271,145.8404187812271,1021.4181209371452,252.27811714714716,246.04411061269147,106.19105737525534,116.6254590079807,145.84041878102806,11933.859776374038,145.84041878190274
pinfin_chf_water_fc72__136,182.5,pinfin_chf_water_fc72,145.8404187812271,145.8404187812271,1021.4181209371452,252.27811714714716,246.04411061269147,106.19105737525534,116.6254590079807,145.84041878102806,11933.859776374038,145.84041878190274
pinfin_chf_water_fc72__137,205.2,pinfin_chf_water_fc72,145.8404187812271,145.8404187812271,1021.4181209371452,252.27811714714716,246.04411061269147,106.19105737525534,116.6254590079807,145.84041878102806,11933.859776374038,145.84041878190274
pinfin_chf_water_fc72__138,225.1,pinfin_chf_water_fc72,145.8404187812271,145.8404187812271,1021.4181209371452,252.27811714714716,246.04411061269147,106.19105737525534,116.6254590079807,145.84041878102806,11933.859776374038,145.84041878190274
pinfin_chf_water_fc72__139,310.5,pinfin_chf_water_fc72,145.8404187812271,145.8404187812271,1021.4181209371452,252.27811714714716,246.04411061269147,106.19105737525534,116.6254590079807,145.84041878102806,11933.859776374038,145.84041878190274
pinfin_chf_water_fc72__140,380.1,pinfin_chf_water_fc72,145.8404187812271,145.8404187812271,1021.4181209371452,252.27811714714716,246.04411061269147,106.19105737525534,116.6254590079807,145.84041878102806,11933.859776374038,145.84041878190274
pinfin_chf_water_fc72__141,415.6,pinfin_chf_water_fc72,145.8404187812271,145.8404187812271,1021.4181209371452,252.27811714714716,246.04411061269147,106.19105737525534,116.6254590079807,145.84041878102806,11933.859776374038,145.84041878190274
pinfin_chf_water_fc72__142,386.8,pinfin_chf_water_fc72,145.8404187812271,145.8404187812271,1021.4181209371452,252.27811714714716,246.04411061269147,106.19105737525534,116.6254590079807,145.84041878102806,11933.859776374038,145.84041878190274
pinfin_chf_water_fc72__143,446.0,pinfin_chf_water_fc72,145.8404187812271,145.8404187812271,1021.4181209371452,252.27811714714716,246.04411061269147,106.19105737525534,116.6254590079807,145.84041878102806,11933.859776374038,145.84041878190274
pinfin_chf_water_fc72__144,518.5,pinfin_chf_water_fc72,145.8404187812271,145.8404187812271,1021.4181209371452,252.27811714714716,246.04411061269147,106.19105737525534,116.6254590079807,145.84041878102806,11933.859776374038,145.84041878190274
pinfin_chf_water_fc72__145,381.7,pinfin_chf_water_fc72,145.8404187812271,145.8404187812271,1021.4181209371452,252.27811714714716,246.04411061269147,106.19105737525534,116.6254590079807,145.84041878102806,11933.859776374038,145.84041878190274
pinfin_chf_water_fc72__146,444.0,pinfin_chf_water_fc72,145.8404187812271,145.8404187812271,1021.4181209371452,252.27811714714716,246.04411061269147,106.19105737525534,116.6254590079807,145.84041878102806,11933.859776374038,145.84041878190274
pinfin_chf_water_fc72__147,518.5,pinfin_chf_water_fc72,145.8404187812271,145.8404187812271,1021.4181209371452,252.27811714714716,246.04411061269147,106.19105737525534,116.6254590079807,145.84041878102806,11933.859776374038,145.84041878190274
pinfin_chf_water_fc72__148,354.1,pinfin_chf_water_fc72,145.8404187812271,145.8404187812271,1021.4181209371452,252.27811714714716,246.04411061269147,106.19105737525534,116.6254590079807,145.84041878102806,11933.859776374038,145.84041878190274
pinfin_chf_water_fc72__149,415.4,pinfin_chf_water_fc72,145.8404187812271,145.8404187812271,1021.4181209371452,252.27811714714716,246.04411061269147,106.19105737525534,116.6254590079807,145.84041878102806,11933.859776374038,145.84041878190274
pinfin_chf_water_fc72__150,471.5,pinfin_chf_water_fc72,145.8404187812271,145.8404187812271,1021.4181209371452,252.27811714714716,246.04411061269147,106.19105737525534,116.6254590079807,145.84041878102806,11933.859776374038,145.84041878190274
pinfin_chf_water_fc72__151,393.9,pinfin_chf_water_fc72,145.8404187812271,145.8404187812271,1021.4181209371452,252.27811714714716,246.04411061269147,106.19105737525534,116.6254590079807,145.84041878102806,11933.859776374038,145.84041878190274
pinfin_chf_water_fc72__152,458.3,pinfin_chf_water_fc72,145.8404187812271,145.8404187812271,1021.4181209371452,252.27811714714716,246.04411061269147,106.19105737525534,116.6254590079807,145.84041878102806,11933.859776374038,145.84041878190274
pinfin_chf_water_fc72__153,521.6,pinfin_chf_water_fc72,145.8404187812271,145.8404187812271,1021.4181209371452,252.27811714714716,246.04411061269147,106.19105737525534,116.6254590079807,145.84041878102806,11933.859776374038,145.84041878190274
pinfin_chf_water_fc72__154,208.2,pinfin_chf_water_fc72,145.8404187812271,145.8404187812271,1021.4181209371452,252.27811714714716,246.04411061269147,106.19105737525534,116.6254590079807,145.84041878102806,11933.859776374038,145.84041878190274
pinfin_chf_water_fc72__155,239.8,pinfin_chf_water_fc72,145.8404187812271,145.8404187812271,1021.4181209371452,252.27811714714716,246.04411061269147,106.19105737525534,116.6254590079807,145.84041878102806,11933.859776374038,145.84041878190274
pinfin_chf_water_fc72__156,264.5,pinfin_chf_water_fc72,145.8404187812271,145.8404187812271,1021.4181209371452,252.27811714714716,246.04411061269147,106.19105737525534,116.6254590079807,145.84041878102806,11933.859776374038,145.84041878190274
pinfin_chf_water_fc72__157,382.2,pinfin_chf_water_fc72,145.8404187812271,145.8404187812271,1021.4181209371452,252.27811714714716,246.04411061269147,106.19105737525534,116.6254590079807,145.84041878102806,11933.859776374038,145.84041878190274
pinfin_chf_water_fc72__158,444.0,pinfin_chf_water_fc72,145.8404187812271,145.8404187812271,1021.4181209371452,252.27811714714716,246.04411061269147,106.19105737525534,116.6254590079807,145.84041878102806,11933.859776374038,145.84041878190274
pinfin_chf_water_fc72__159,534.5,pinfin_chf_water_fc72,145.8404187812271,145.8404187812271,1021.4181209371452,252.27811714714716,246.04411061269147,106.19105737525534,116.6254590079807,145.84041878102806,11933.859776374038,145.84041878190274
pinfin_chf_water_fc72__160,380.1,pinfin_chf_water_fc72,145.8404187812271,145.8404187812271,1021.4181209371452,252.27811714714716,246.04411061269147,106.19105737525534,116.6254590079807,145.84041878102806,11933.859776374038,145.84041878190274
pinfin_chf_water_fc72__161,463.0,pinfin_chf_water_fc72,145.8404187812271,145.8404187812271,1021.4181209371452,252.27811714714716,246.04411061269147,106.19105737525534,116.6254590079807,145.84041878102806,11933.859776374038,145.84041878190274
pinfin_chf_water_fc72__162,553.1,pinfin_chf_water_fc72,145.8404187812271,145.8404187812271,1021.4181209371452,252.27811714714716,246.04411061269147,106.19105737525534,116.6254590079807,145.84041878102806,11933.859776374038,145.84041878190274
pinfin_chf_water_fc72__163,558.0,pinfin_chf_water_fc72,145.8404187812271,145.8404187812271,1021.4181209371452,252.27811714714716,246.04411061269147,106.19105737525534,116.6254590079807,145.84041878102806,11933.859776374038,145.84041878190274
pinfin_chf_water_fc72__164,570.1,pinfin_chf_water_fc72,145.8404187812271,145.8404187812271,1021.4181209371452,252.27811714714716,246.04411061269147,106.19105737525534,116.6254590079807,145.84041878102806,11933.859776374038,145.84041878190274
pinfin_chf_water_fc72__165,517.9,pinfin_chf_water_fc72,145.8404187812271,145.8404187812271,1021.4181209371452,252.27811714714716,246.04411061269147,106.19105737525534,116.6254590079807,145.84041878102806,11933.859776374038,145.84041878190274
pinfin_chf_water_fc72__166,650.0,pinfin_chf_water_fc72,145.8404187812271,145.8404187812271,1021.4181209371452,252.27811714714716,246.04411061269147,106.19105737525534,116.6254590079807,145.84041878102806,11933.859776374038,145.84041878190274
pinfin_chf_water_fc72__167,597.0,pinfin_chf_water_fc72,145.8404187812271,145.8404187812271,1021.4181209371452,252.27811714714716,246.04411061269147,106.19105737525534,116.6254590079807,145.84041878102806,11933.859776374038,145.84041878190274
pinfin_chf_water_fc72__168,655.6,pinfin_chf_water_fc72,145.8404187812271,145.8404187812271,1021.4181209371452,252.27811714714716,246.04411061269147,106.19105737525534,116.6254590079807,145.84041878102806,11933.859776374038,145.84041878190274
pinfin_chf_water_fc72__169,489.3,pinfin_chf_water_fc72,145.8404187812271,145.8404187812271,1021.4181209371452,252.27811714714716,246.04411061269147,106.19105737525534,116.6254590079807,145.84041878102806,11933.859776374038,145.84041878190274
pinfin_chf_water_fc72__170,459.4,pinfin_chf_water_fc72,145.8404187812271,145.8404187812271,1021.4181209371452,252.27811714714716,246.04411061269147,106.19105737525534,116.6254590079807,145.84041878102806,11933.859776374038,145.84041878190274
pinfin_chf_water_fc72__171,439.0,pinfin_chf_water_fc72,145.8404187812271,145.8404187812271,1021.4181209371452,252.27811714714716,246.04411061269147,106.19105737525534,116.6254590079807,145.84041878102806,11933.859776374038,145.84041878190274
pinfin_chf_water_fc72__172,711.6,pinfin_chf_water_fc72,145.8404187812271,145.8404187812271,1021.4181209371452,252.27811714714716,246.04411061269147,106.19105737525534,116.6254590079807,145.84041878102806,11933.859776374038,145.84041878190274
pinfin_chf_water_fc72__173,559.6,pinfin_chf_water_fc72,145.8404187812271,145.8404187812271,1021.4181209371452,252.27811714714716,246.04411061269147,106.19105737525534,116.6254590079807,145.84041878102806,11933.859776374038,145.84041878190274
pinfin_chf_water_fc72__174,660.7,pinfin_chf_water_fc72,145.8404187812271,145.8404187812271,1021.4181209371452,252.27811714714716,246.04411061269147,106.19105737525534,116.6254590079807,145.84041878102806,11933.859776374038,145.84041878190274
helical_coil_r123__0,60.0,helical_coil_r123,46.172761865569996,108.16006405219258,329.63384777163253,60.659944181965024,6.149109378099137,6.095388741966694,123.48545245067204,108.16006405145856,0.16201202679512983,108.16006405145856
helical_coil_r123__1,74.0,helical_coil_r123,55.05164830486007,128.23797018112055,349.6861021226814,71.08348217083694,7.306515987544609,7.179467552738284,144.5206503192783,128.2379701802385,0.1769252989991612,128.2379701802385
helical_coil_r123__2,90.0,helical_coil_r123,64.8081498922453,150.6466092326741,375.81617615241805,81.0119926953736,8.742205486031802,8.449799554485258,169.22981242459514,150.6466092316327,0.1936720964896525,150.6466092316327
helical_coil_r123__3,102.8,helical_coil_r123,74.30759983058623,167.0109376904321,410.44420205891424,85.82517579778207,9.992909585193182,9.47641774741346,185.9217311866913,167.01093768923926,0.22285309140436882,167.01093768923926
helical_coil_r123__4,116.8,helical_coil_r123,81.32317955004281,179.45073695276776,486.20073430459377,92.79697964227577,11.024103203331421,10.306705506289196,197.87677042863612,179.45073695144188,0.2416843820209056,179.45073695144188
helical_coil_r123__5,77.8,helical_coil_r123,96.7958910540741,148.15153182815953,1059.785001468954,108.48987890407913,74.30554025420507,87.69477148758938,168.9327139247402,148.15153182777374,0.6940017440966052,148.15153182702886
helical_coil_r123__6,102.6,helical_coil_r123,105.31224461996233,159.80711872100787,1233.4727628095386,120.8707333241402,79.05149444645119,96.34923069913565,182.39667494964635,159.80711872064097,0.806753077506907,159.8071187197735
helical_coil_r123__7,129.8,helical_coil_r123,112.11650531713936,169.03110384332146,1543.3885351103406,117.30152348410977,97.4131640374656,106.5039128361002,201.47162174675233,169.0311038429627,0.8881034508896581,169.03110384200718
helical_coil_r123__8,151.8,helical_coil_r123,118.13352803679108,166.69290540395386,1695.717186258393,135.32277742690135,110.40274377398883,111.89762852103564,200.5115511727607,166.6929054037585,1.104737217354915,166.6929054026703
helical_coil_r123__9,177.6,helical_coil_r123,122.65717003471434,169.66258667843778,1786.1610449959576,138.69582241808334,110.3504789211335,107.41834776704384,212.64825008999134,169.66258667822768,1.185017782876619,169.66258667712768
helical_coil_r123__10,64.9,helical_coil_r123,49.603332682218245,116.43980560156017,404.49702650828283,58.4168285563115,5.562232075700226,6.417688641429119,141.16459533703755,116.43980560091829,0.1891784680762656,116.43980560091829
helical_coil_r123__11,81.1,helical_coil_r123,91.60968640975567,149.361623648389,888.4617989430062,112.62251488456752,16.224196446264077,19.978056055583096,167.28977233721062,149.36162364737677,0.8602033677739712,149.36162364728855
helical_coil_r123__12,101.9,helical_coil_r123,125.96676634198373,179.39569625270263,1298.4229130956812,146.31378206740047,103.96750777032034,122.97736125955393,208.89777944949975,179.39569625245903,1.3259031825856877,179.39569625139464
helical_coil_r123__13,121.3,helical_coil_r123,137.18211813741047,179.4237846827544,1659.0119779693034,167.59485349148525,102.92122264396541,133.19950151526555,212.74529512262382,179.42378468247196,1.674327195762541,179.42378468141501
helical_coil_r123__14,138.5,helical_coil_r123,147.09033581427147,176.97262007695602,2199.949783582172,180.3175248047891,170.0430922128421,169.2745681986329,230.4993222518903,176.97262007715094,2.028290811315808,176.97262007557933
helical_coil_r123__15,121.3,helical_coil_r123,146.75892576508343,156.15311136223204,2285.1564919843213,181.32262150938,158.01042084774357,158.39752191156407,210.81604108630546,156.15311136248926,2.619300934907814,156.15311136102443
helical_coil_r123__16,149.3,helical_coil_r123,156.03234928860678,169.85151033570165,2310.2261851534054,211.4056937557861,180.01625663265833,170.020585308193,229.0845514696877,169.85151033594806,2.6604178550481286,169.85151033437307
helical_coil_r123__17,163.2,helical_coil_r123,163.19733287890844,168.56783070928768,2400.9365203425637,233.70396203593452,184.82132527586748,173.62051654386389,223.5453435644348,168.56783070949834,3.027998918885778,168.56783070798238
helical_coil_r123__18,80.7,helical_coil_r123,182.39872775560409,152.2721122909386,2011.570540621049,195.71581692183008,219.70037684330794,211.83174380008583,191.77660149577721,152.27211229108306,6.483382174091855,152.27211228979243
helical_coil_r123__19,98.6,helical_coil_r123,199.5119596488923,157.74053968112298,2503.8828844065392,220.85478697924572,248.73093585335948,243.20359800129677,230.11292061549818,157.74053968145722,7.585540349923212,157.74053967997432
helical_coil_r123__20,157.4,helical_coil_r123,213.73316140114116,189.27738560729975,2895.5477559354345,238.56539857002917,237.88816707625423,240.446567747532,254.28920014190953,189.27738560751624,6.6151713227668445,189.2773856058935
helical_coil_r123__21,120.1,helical_coil_r123,214.56253358100295,164.72266090560618,3033.2464404689404,250.58185939094943,253.26050751301588,262.65344682150584,237.6944240601769,164.72266090606377,8.204891022364839,164.72266090434778
helical_coil_r123__22,133.0,helical_coil_r123,228.33644778962287,166.32620531760375,3218.413494165191,261.17484690058615,287.5513863795515,276.4593654347248,328.4487415864177,166.3262053182142,9.003546677497681,166.3262053162794
helical_coil_r123__23,170.9,helical_coil_r123,238.8769541143058,181.82501565536958,3366.435012491703,297.92065386303614,285.34372468358856,292.36007725353556,303.79139537429785,181.82501565593958,8.435402781443075,181.8250156539113
helical_coil_r123__24,142.2,helical_coil_r123,240.135332350557,165.87948420445628,3298.7132652933415,301.39841243733474,293.6655030317241,287.6707088455942,333.7856254327837,165.87948420506152,9.581314676337897,165.8794842031275
helical_coil_r123__25,162.0,helical_coil_r123,248.35095415612767,168.30222626157052,3302.6452854980835,277.6518625515461,304.37963729739334,288.5246014676864,357.04508599034256,168.30222626216323,9.536355633421792,168.3022262602267
helical_coil_r123__26,178.3,helical_coil_r123,250.87722138259593,165.08599237249646,3408.654452330957,306.4678615100771,306.5331668566239,291.3148150186665,402.1067745362731,165.0859923731401,9.53517208002858,165.08599237119736
helical_coil_r123__27,77.2,helical_coil_r123,166.38624931990304,147.07562761008444,1916.462890387338,188.3173182524111,186.27398523063002,188.10493051898166,179.39002928651553,147.07562761014023,5.175250187133482,147.07562760896656
helical_coil_r123__28,116.2,helical_coil_r123,194.9564232727375,157.33022349394548,3149.4352213887196,253.37795963849095,235.23746004055258,243.1911460810126,252.4338273086693,157.33022349432156,6.709948771745035,157.3302234927252
helical_coil_r123__29,166.4,helical_coil_r123,217.5431491473225,172.35269323180012,3465.137646211147,302.2573488543834,266.20251722109015,266.9505583145005,277.5126724977517,172.3526932322013,7.213604421212161,172.35269323041499
helical_coil_r123__30,151.3,helical_coil_r123,216.641969292682,159.58085764265175,3458.955867135408,305.6400451278208,272.4995522040025,257.66464134614756,301.21015094066985,159.58085764313776,7.577929892950642,159.58085764136655
helical_coil_r123__31,105.0,helical_coil_r123,81.29462564694398,179.65388745806354,274.346543040445,85.66764975592321,10.701845295335549,10.1029275945447,176.85696321716563,179.65388745686812,0.30042764510958175,179.65388745686812
helical_coil_r123__32,108.7,helical_coil_r123,81.7707117112376,185.5249068710594,274.346543040445,86.2266704187938,10.764518557765744,10.162093412679086,182.6365802299834,185.5249068698635,0.2813788912062224,185.5249068698635
helical_coil_r123__33,139.1,helical_coil_r123,102.50268826896838,223.16588032123812,289.10657693252494,104.66652037832289,13.560004088433995,12.662504387398625,219.48179382878206,223.16588031970738,0.3608681014998159,223.16588031970738
helical_coil_r123__34,160.2,helical_coil_r123,106.84910790716194,215.66231611587335,282.13499503381405,108.94151367237218,14.22903750627078,12.138547400897677,196.24612377069258,215.66231611425115,0.4518940366527742,215.66231611425115
helical_coil_r123__35,98.5,helical_coil_r123,90.37393321049942,177.97085620130656,271.4501323551311,86.21320071394882,10.756126033632029,11.082981662108653,163.5180120891425,177.97085620017637,0.5276479289223739,177.97085620017637
helical_coil_r123__36,103.2,helical_coil_r123,92.81854524380037,184.91217764924662,271.4501323551311,88.79054085022469,11.021923458619785,11.357220826720607,169.13922882911973,184.9121776480809,0.5130947290615211,184.9121776480809
helical_coil_r123__37,122.3,helical_coil_r123,102.70861410760102,209.1546919739635,251.0675793777565,94.50016490950927,12.0277264841228,11.96905772108916,191.05203848758788,209.15469197265222,0.5018244533368384,209.15469197265222
helical_coil_r123__38,141.5,helical_coil_r123,103.21593246500237,237.05314204626183,249.81777197975043,97.93788291868901,12.366112890766734,12.561338148781696,230.3720775756756,237.0531420450817,0.3562766336167154,237.0531420450817
helical_coil_r123__39,149.3,helical_coil_r123,123.26622516688721,250.21083775897966,279.50446447231127,105.56111488661827,14.660644916807781,14.240184984199583,229.99734874785165,250.21083775737048,0.5690558305496183,250.21083775737048
helical_coil_r123__40,152.0,helical_coil_r123,129.66951107488356,240.49570813938726,378.39781120323994,116.72481099823449,16.26511203364094,18.9687514880265,243.06674255709916,240.49570813765746,0.7345913250415184,240.49570813765746
helical_coil_r123__41,157.9,helical_coil_r123,131.99076900650738,230.7564256663899,524.171824220565,128.1119578217127,22.950876790910346,23.303308429484684,239.59240484853575,230.75642566470674,0.8564229687454142,230.75642566470674
helical_coil_r123__42,185.8,helical_coil_r123,140.96578021224633,239.06287990148692,738.8687167599702,149.54520029302918,25.960798286202056,31.786951762806886,278.8512648222184,239.06287989974575,0.9917898456702794,239.06287989974575
helical_coil_r123__43,196.3,helical_coil_r123,147.41105435089884,233.10154247823954,1371.199594047715,165.7556800193772,28.66510534220802,27.23179353666338,275.3678823843169,233.10154247690912,1.1895637703645419,233.10154247647165
helical_coil_r123__44,210.2,helical_coil_r123,153.20393270795134,228.71891715936397,1843.778716013141,191.12929961441347,149.7810716063816,140.6573833529927,267.57211919861726,228.7189171585788,1.3437419758808002,228.71891715761762
helical_coil_r123__45,226.4,helical_coil_r123,157.6319571963061,229.91062326561416,1887.6187090747017,211.1377844499161,161.43714521067218,145.46152906466548,275.80374719125,229.91062326487207,1.4602841574555574,229.91062326388155
helical_coil_r123__46,237.0,helical_coil_r123,160.83321359083192,221.67883079044753,2044.5252661483728,198.5477884135004,141.23116932523143,138.5185472549111,279.1488591993146,221.6788307897795,1.6953787873127062,221.6788307887906
helical_coil_r123__47,108.6,helical_coil_r123,104.11497592779739,181.51050912334057,606.9787510188802,95.06409309146018,19.007375904968573,18.721368861574778,233.1259154108148,181.5105091234328,0.9807123138462744,181.51050912206006
helical_coil_r123__48,121.1,helical_coil_r123,162.1884442505501,212.9266662076707,1697.8795077283332,171.02558734095732,135.77932213937672,191.18443254848012,227.38065668882547,212.92666620768796,2.2372164142568773,212.9266662063675
helical_coil_r123__49,126.0,helical_coil_r123,186.8862896453234,211.69824789008467,2293.667502642878,196.19238980761799,183.4447537472759,212.68620467415175,257.3366387176679,211.69824789017287,3.54190206745969,211.69824788858645
helical_coil_r123__50,130.4,helical_coil_r123,185.52656881875527,205.90610582378923,2368.8415426819943,193.6009296678191,174.77629476608638,212.9108857125817,246.93763161905596,205.9061058239213,3.4935602282438087,205.90610582230113
helical_coil_r123__51,152.1,helical_coil_r123,200.78383365203788,208.37727745692374,2840.232895358318,214.05646956263007,200.57001210585514,242.81039590792554,254.50290024420934,208.3772774571699,4.304190009110686,208.3772774554545
helical_coil_r123__52,163.0,helical_coil_r123,211.24133779980173,199.86535803526897,2646.0411428071875,229.8787122372126,209.11018236868966,264.81748977857035,272.23309391794044,199.86535803555574,5.228595197870926,199.86535803379982
helical_coil_r123__53,182.1,helical_coil_r123,223.78126490512886,198.90842487345358,3230.4189419170684,235.93512068510228,233.49854159263975,279.75191364401064,299.46423069732543,198.90842487372362,6.0407967782966825,198.9084248719697
helical_coil_r123__54,190.1,helical_coil_r123,230.97103422234366,199.2494723822469,3396.5547010996506,260.5880387745826,242.47290087926328,289.73231880480824,315.13749932293643,199.24947238256973,6.337367375515679,199.24947238075052
helical_coil_r123__55,213.5,helical_coil_r123,246.3005607833864,195.53949300929537,3604.301940796803,277.7779886867635,280.42122529817203,330.43409023469025,327.39283641790274,195.53949300965556,6.839812848655866,195.53949300780832
helical_coil_r123__56,196.1,helical_coil_r123,251.18988791856174,196.54277423221498,3636.5700216440005,275.53430668324364,285.4720410453109,341.2697989197874,328.15034794400896,196.54277423257213,7.224219674459745,196.54277423073506
helical_coil_r123__57,213.8,helical_coil_r123,273.15889013292656,180.64243247491538,4148.893235395491,337.0013001442555,325.2437569381435,376.821444044652,406.599453934766,180.64243247549226,8.262290457332238,180.64243247357803
helical_coil_r123__58,82.7,helical_coil_r123,56.05608408774732,139.1117492446105,248.20707626666223,76.75320565592227,7.483628329703062,7.304533562884066,120.84206359768054,139.11174924438131,0.1861786992600194,139.11174924384127
helical_coil_r123__59,93.8,helical_coil_r123,67.9871512438862,153.69569735670123,270.3127340385153,86.11168772430084,9.143777884351241,8.745215776366761,132.4560718894844,153.6956973564716,0.2603987555782655,153.6956973557763
helical_coil_r123__60,113.1,helical_coil_r123,80.49067716934867,178.00899611251862,266.59140818067476,96.6438566732539,10.943354078491346,10.224992126538718,159.26335636221765,178.00899611224904,0.2948452145897036,178.00899611144996
helical_coil_r123__61,119.6,helical_coil_r123,85.82196352967226,185.30369406258117,267.9090239516011,100.0015343675007,11.543791841716246,10.791408337405477,164.39571692128732,185.3036940623075,0.3226707420723638,185.30369406147506
helical_coil_r123__62,128.0,helical_coil_r123,93.8678096080365,193.45629900482518,278.1919666644539,94.48937442739827,12.323461641070848,11.617824988694391,165.3939122182738,193.45629900452766,0.37653943864566125,193.45629900363147
helical_coil_r123__63,140.7,helical_coil_r123,157.02423131800157,247.27469338917976,1398.5698230197797,191.25401730619654,102.78292734431356,115.91147253577996,254.60633556264096,247.27469338902867,1.516742994372604,247.2746933881392
helical_coil_r123__64,188.7,helical_coil_r123,193.57990439558802,270.6167695689519,2320.4343896536293,230.24660013674873,168.6250881177243,170.2389230547458,292.82800306868586,270.6167695687069,2.0916927377264476,270.6167695673016
helical_coil_r123__65,213.5,helical_coil_r123,201.93616944408973,274.3648172747709,2565.8942646573764,224.4018377382303,173.41008750953048,170.69166685953908,306.63652610590873,274.364817274514,2.205391932224216,274.36481727317124
helical_coil_r123__66,234.1,helical_coil_r123,208.61380782305542,274.90001080360014,2680.448743380096,250.11396381235235,187.6006622624479,171.58408312764232,300.8858587991282,274.90001080340204,2.2993240800410857,274.90001080195333
helical_coil_r123__67,277.5,helical_coil_r123,222.18144394116302,278.95769012588767,3128.342040199495,251.34285819808488,225.62907006626568,250.69695443102287,335.0995916487005,278.9576901256861,2.524089754089345,278.9576901240937
helical_coil_r123__68,315.4,helical_coil_r123,233.75866260351177,275.8908564338428,3463.11144554448,289.53579182352996,212.8009621415504,259.3874607017797,340.5686728515228,275.8908564337997,2.9073148378891798,275.8908564320016
helical_coil_r123__69,343.5,helical_coil_r123,243.20800533732262,268.7292805853999,3587.4792440380224,307.7470341555789,229.58922138356752,258.8400759345511,339.4068185245975,268.72928058544625,3.417007215208265,268.729280583568
helical_coil_r123__70,71.8,helical_coil_r123,55.78496853534631,134.78613478095335,265.3881021673651,67.26661850055602,6.853661350563331,7.022064023855508,119.52024599900585,134.78613478071193,0.23401178034294087,134.78613478034885
helical_coil_r123__71,103.5,helical_coil_r123,94.94504259074594,182.30986287113194,341.24747428743274,115.58614457387455,11.602330540779002,12.951258044312334,170.37415388436656,182.3098628707397,0.5676702693023956,182.30986286995798
helical_coil_r123__72,140.5,helical_coil_r123,121.53627709185027,222.62577707087613,484.1175396544745,124.25100013722219,20.965912676166223,21.69158362162231,231.9844468442052,222.6257770705604,0.7175704505208058,222.6257770694113
helical_coil_r123__73,157.1,helical_coil_r123,126.0719435203501,221.4405780596417,551.8748764440653,134.40073257883748,21.93008963597494,23.1594921431315,228.1008481321078,221.440578059332,0.8259604019102647,221.44057805816576
helical_coil_r123__74,177.5,helical_coil_r123,130.15318143667037,222.00423387425005,754.037022863254,163.7501214054101,25.155884898419217,25.851936844269122,241.98629407925256,222.00423387398556,0.9157938900024483,222.00423387276976
helical_coil_r123__75,110.0,helical_coil_r123,94.46045048142825,195.29622568674927,335.32682575453254,87.78703525760946,12.207555842003673,11.577352011028749,208.02678293245017,195.29622568525696,0.37633904748588975,195.29622568525696
helical_coil_r123__76,118.5,helical_coil_r123,101.57297742125584,192.87499693865175,453.1885324874345,99.30308302057614,13.459105054671506,13.711599569692526,213.96931271970672,192.87499693718757,0.48573574954891496,192.87499693718757
helical_coil_r123__77,137.1,helical_coil_r123,105.89411174679702,200.73361948601058,452.09639823554113,104.76410936977273,14.11905616189845,14.501670575182617,220.90350818504697,200.7336194844636,0.518599237533869,200.7336194844636
helical_coil_r123__78,157.9,helical_coil_r123,112.81025019021784,194.638180457944,659.9301451267393,115.23381774558115,19.74633466099816,20.61159130355155,217.89424082919095,194.638180456452,0.6869145660042627,194.638180456452
helical_coil_r123__79,80.0,helical_coil_r123,128.79265707141525,158.75266254468173,1847.6451815295552,162.21751532229766,149.25106894767268,145.80987181243452,188.16190630881647,158.75266254474892,1.8553610473315203,158.75266254352425
helical_coil_r123__80,98.2,helical_coil_r123,140.13822211726406,161.49654841193407,2082.5012703902826,177.33347851295693,147.62989115629975,154.7477953739894,202.25552038835085,161.49654841209787,2.2774993685906537,161.49654841068994
helical_coil_r123__81,110.5,helical_coil_r123,150.10758653288914,158.2417665395199,2413.538894721088,184.2303406176023,159.94316940520807,160.82705711426217,210.00706282217467,158.2417665397523,2.8158611241789813,158.2417665382966
helical_coil_r123__82,132.0,helical_coil_r123,158.9791406954313,163.43007969748146,2423.5947165237244,217.0892351727652,184.6101095133601,173.58835628862434,219.42743714348742,163.4300796977273,3.0955330852188783,163.43007969621
helical_coil_r123__83,148.0,helical_coil_r123,166.04752116893243,162.54175985449277,2543.0868933705733,234.0734737266456,185.09888418341612,187.7767253698019,219.5161761893625,162.54175985470357,3.4125706598551133,162.5417598532179
helical_coil_r123__84,150.8,helical_coil_r123,165.96653339069724,163.54923083186182,2552.2483131934137,201.9578133372235,186.18472011622106,187.68513942088245,219.7043835850676,163.54923083207024,3.3622391400279814,163.549230830581
helical_coil_r123__85,159.5,helical_coil_r123,172.9923387324226,161.69386310513053,2494.6182932574625,195.7085610867016,195.68049023534746,180.41035897742148,215.72458905199437,161.69386310533375,3.7785672583498853,161.69386310385553
helical_coil_r123__86,174.5,helical_coil_r123,178.44813980425948,159.19822517101457,2642.6586894801308,215.02737743690412,203.39011096510973,186.45537507776064,211.28125510348042,159.19822517124675,4.120978694218256,159.19822516974597
helical_coil_r123__87,100.9,helical_coil_r123,182.4096525454835,174.37797313425355,2006.1853818202883,190.21069610275717,204.58750289422562,202.2012115544195,200.4336672973374,174.377973134368,5.231971206621618,174.37797313296483
helical_coil_r123__88,117.5,helical_coil_r123,201.6969814432508,176.6373416808156,2306.0408297100503,218.30487711815073,231.2872520715617,230.76861291609876,230.0596597381216,176.63734168100325,6.67410297135302,176.63734167950577
helical_coil_r123__89,121.5,helical_coil_r123,214.47838275065314,171.68007938629117,3033.99576015854,252.18323330038638,253.90464853202442,260.07106837072183,247.67943369630686,171.68007938672497,7.748644225642353,171.68007938499932
helical_coil_r123__90,127.1,helical_coil_r123,215.75178678335547,173.75893776277695,3026.187805347927,251.03651963549538,254.61654094421067,261.4839103396501,250.678561301929,173.7589377632106,7.719093349400806,173.75893776146773
helical_coil_r123__91,144.5,helical_coil_r123,228.25678789351784,178.22518255513754,3213.048646948025,256.80700276898983,277.6811939909026,277.7074105848832,284.97223040686055,178.2251825556945,8.199952283723448,178.2251825537324
helical_coil_r123__92,161.1,helical_coil_r123,238.1225108457043,177.35269358783725,3262.8386690324014,299.2951010966835,289.805188977319,286.3592256130218,363.8056920009343,177.352693588463,8.5795000898909,177.3526935864108
helical_coil_r123__93,157.6,helical_coil_r123,238.3734391163044,175.9787146807335,3262.8386690324014,300.0289225485544,291.48603318991326,284.65478739429756,360.9254546528668,175.97871468133857,8.681953485753667,175.97871467931785
helical_coil_r123__94,181.4,helical_coil_r123,247.39058277140495,179.80075426184655,3261.2425389297905,282.22979476170303,310.9528515784991,288.46657747110754,367.54955058347247,179.80075426245742,8.731009270496989,179.80075426039843
helical_coil_r123__95,201.0,helical_coil_r123,249.00856524203203,174.04702676157078,3390.737945478064,308.16999483565206,307.8329560266488,297.83871588601244,365.57756484475925,174.04702676219762,8.755755169915918,174.04702676018283
helical_coil_r123__96,193.9,helical_coil_r123,249.70918507287976,172.49286231871875,3390.737945478064,302.78573669838846,308.6947283889025,298.5577923005096,361.62278453350075,172.49286231933675,8.955101661371955,172.49286231734672
helical_coil_r123__97,100.4,helical_coil_r123,79.03908765675354,173.37547937768278,282.6153392377304,81.46996155511482,10.801655063720519,10.057817829878585,167.86094601074055,173.37547937651385,0.29593314691322414,173.37547937651385
helical_coil_r123__98,102.6,helical_coil_r123,80.57963701602691,176.4909198281823,282.6153392377304,83.21840243056624,11.012189917814128,10.253854566547368,170.87729401530328,176.49091982699036,0.3006566451421578,176.49091982699036
helical_coil_r123__99,119.2,helical_coil_r123,95.16173481738512,198.77126231971425,294.739086125763,86.66472923449959,12.815981133687767,11.861068067754784,185.55898325293776,198.7712623182985,0.3598404654211266,198.7712623182985
helical_coil_r123__100,144.3,helical_coil_r123,101.41583039803581,208.5142940207646,287.22017171302423,85.66531373154615,13.591572987555113,12.038340569365129,189.30158766624396,208.5142940192026,0.39945225461322975,208.5142940192026
helical_coil_r123__101,78.8,helical_coil_r123,65.15656956279818,146.97673632157293,275.29687625083176,64.90145760100003,7.810639559282703,7.7859621215276995,136.09730959174664,146.97673632059335,0.2701951178911361,146.97673632059335
helical_coil_r123__102,81.3,helical_coil_r123,67.08716398785596,150.7825604668735,275.29687625083176,67.03476834808234,8.042069441034743,7.923023199662185,138.87710150391595,150.78256046585904,0.2772088431058286,150.78256046585904
helical_coil_r123__103,111.3,helical_coil_r123,92.47432031222856,198.45617964382382,262.3835927997773,93.04757225640019,11.164045810596711,11.239118618537903,184.33776571673562,198.45617964262243,0.3947176423929441,198.45617964262243
helical_coil_r123__104,135.7,helical_coil_r123,116.57557400711761,235.29404021563445,277.85174351515246,105.86486074192581,14.071942410659004,13.733034136853089,211.40438643256445,235.2940402140431,0.5353954408761026,235.2940402140431
helical_coil_r123__105,151.2,helical_coil_r123,128.76245284256967,231.8575270979543,461.49154735405426,129.37391513037835,21.650421850481738,23.442594174248843,244.3296953936689,231.85752709626823,0.7782400479450486,231.85752709626823
helical_coil_r123__106,171.6,helical_coil_r123,136.36475125275848,230.14388160729064,726.6340608041203,151.9562966327237,24.510716346797025,30.57185497606486,265.0290617944333,230.14388160563277,0.9542268754818853,230.14388160563277
helical_coil_r123__107,193.2,helical_coil_r123,143.02455069525067,229.2088565513976,1231.399141307698,170.0699734333433,29.816075476769274,30.993457921759784,276.9609035914447,229.20885654967154,1.1018355651950849,229.20885654965159
helical_coil_r123__108,228.8,helical_coil_r123,148.077704256608,239.97339481892044,1209.4397686696384,193.48246393267544,31.41965017500645,32.93136403045173,295.654282793027,239.97339481712729,1.0975254696361727,239.97339481708022
helical_coil_r123__109,248.8,helical_coil_r123,154.773879556114,236.12999547538752,1420.553506414712,190.40282797274875,131.87201703154057,122.37828090710627,288.08860429279025,236.12999547457576,1.3103203225369469,236.12999547359578
helical_coil_r123__110,266.5,helical_coil_r123,158.38935815508853,226.866779702427,1777.4606051309586,168.42667701152706,155.23950940455995,136.78856366800713,280.2977183811043,226.86677970177874,1.5419162012921228,226.8667797007134
helical_coil_r123__111,76.0,helical_coil_r123,107.87849747881796,144.62881794394195,1360.4634864586403,101.52669147062032,86.10885644372253,129.65572462307668,155.9770715450617,144.62881794399877,1.6475063226174373,144.62881794294483
helical_coil_r123__112,78.3,helical_coil_r123,111.25900049698629,148.6145436908508,1360.4634864586403,105.42424645328528,89.18002767456838,133.71864335715685,157.91542975050405,148.61454369090393,1.6968359003378175,148.61454368982035
helical_coil_r123__113,120.9,helical_coil_r123,179.0450201587405,197.83328839411809,2332.1025719743,175.33447832086458,172.4706851529205,208.96357429829067,225.9126420791612,197.83328839421915,3.3806030650134895,197.8332883926754
helical_coil_r123__114,135.9,helical_coil_r123,191.4495430205338,196.49615297455492,2826.6334006540988,187.71255276691153,195.37080466128685,231.65659088126404,236.65600184401845,196.49615297475026,4.121025617983129,196.49615297315867
helical_coil_r123__115,153.1,helical_coil_r123,202.08403473754947,197.48662294727018,2923.245201352881,204.7726861320701,203.3667983989045,242.5124792997214,257.08664126748596,197.48662294746282,4.681172821673311,197.48662294580708
helical_coil_r123__116,154.8,helical_coil_r123,203.4692554780202,196.84185488859,2851.991048194057,203.67017204807928,204.97161052999235,243.69349320401426,262.97697015140363,196.84185488881278,4.800153808942793,196.84185488712478
helical_coil_r123__117,173.9,helical_coil_r123,212.5664937138444,199.7272649270344,3161.5469728892463,205.97556579060193,216.9986101338051,260.9087120648631,289.6094949145966,199.72726492722552,5.190759229275042,199.7272649255307
helical_coil_r123__118,198.0,helical_coil_r123,220.00571824134198,202.0352111639527,3363.720552048304,235.96352909431042,226.6766515149228,272.9036535032085,315.5290993565227,202.03521116422735,5.381104480958963,202.03521116243274
helical_coil_r123__119,215.1,helical_coil_r123,226.09978184395396,201.3393686344406,3250.2316721018187,261.4782155256849,236.0784466141692,274.82904267458235,299.96135688162303,201.33936863466775,5.56036378943903,201.3393686329027
helical_coil_r123__120,248.8,helical_coil_r123,233.2180995359699,207.29637420874639,3346.896983104036,267.17106376496577,239.39525227425187,280.65992054740826,300.9989135466844,207.29637420896356,5.437369059235996,207.2963742071532
helical_coil_r123__121,270.7,helical_coil_r123,246.57416076079318,200.19676658577782,3498.060930989443,285.13246611655654,277.3766939072637,306.1167610235621,334.3114164771438,200.19676658604948,5.893716704464536,200.19676658423566
helical_coil_r123__122,295.6,helical_coil_r123,251.93464584920042,190.11441858143178,3756.7933323268467,314.59444674380126,298.7598340048116,337.07979131100285,345.443375258114,190.1144185819535,6.4104910867353695,190.1144185799842
helical_coil_r123__123,61.7,helical_coil_r123,58.631358092648284,110.85407422033767,320.4670766938786,78.17782309946648,7.696202105097006,8.174684550504056,101.4140849225886,110.85407422015653,0.3897487605513268,110.85407421966411
helical_coil_r123__124,67.5,helical_coil_r123,60.834037669543335,119.00208447225634,275.23043346559484,79.8488235033088,7.874570891984519,7.981506017011666,99.05872935058281,119.00208447204957,0.36680348394671136,119.0020844715296
helical_coil_r123__125,87.8,helical_coil_r123,85.54225603318437,148.15123201966452,504.0239181955666,100.32285298926276,14.379502213397464,15.790912840463923,147.3195859564107,148.15123201950652,0.5607529497249649,148.15123201876116
helical_coil_r123__126,99.5,helical_coil_r123,96.17071670770848,155.2236721070601,1026.9145790660793,131.2327830855671,19.50641443368419,20.740594816959582,160.7374044660749,155.22367210702558,0.680801480705758,155.2236721060763
helical_coil_r123__127,107.6,helical_coil_r123,99.42213935490169,149.5670872484973,1518.4619044724982,149.260831259375,89.40729626746781,80.08371953022981,159.4720450496848,149.56708724848195,0.8442500735557494,149.56708724751275
helical_coil_r123__128,71.4,helical_coil_r123,86.24006265525745,139.3363444308462,925.035582174181,111.01337205577198,15.845462349087144,18.494092992945845,151.3105423180798,139.336344430636,0.7606857759315442,139.33634442995373
helical_coil_r123__129,86.1,helical_coil_r123,106.92257054334254,162.77582064063884,1249.9816382812478,126.03479513548761,75.94811653872291,81.13062155817421,163.270533710883,162.7758206404177,0.9167803024275034,162.77582063958565
helical_coil_r123__130,106.3,helical_coil_r123,124.00509117823123,184.3158353084021,1533.422664606618,127.00792563999582,98.90289268678539,99.50954269185547,188.19886855326018,184.31583530816346,1.0367414516436055,184.3158353071959
helical_coil_r123__131,122.0,helical_coil_r123,134.24233620505996,178.21582979107902,1971.393977372754,162.26109346080224,114.35467827095323,99.45087805748861,197.77977783683386,178.2158297909471,1.3829592979459586,178.21582978987172
helical_coil_r123__132,145.3,helical_coil_r123,143.72524797519895,181.86446722839364,2348.0829484869228,176.6388742621254,139.69607089022375,148.818458871845,208.27983810085428,181.86446722835797,1.604220586341842,181.86446722716806
helical_coil_r123__133,163.6,helical_coil_r123,148.2065894158896,175.16166286590442,2624.278324820578,196.8035554322618,134.54264660323784,152.0458803346816,224.24051962804637,175.16166286593906,1.9767779429814518,175.16166286471528
helical_coil_r123__134,175.7,helical_coil_r123,151.58396433093895,167.9868651111901,2731.717278531356,191.86562324266953,137.20835795613516,147.71567354656614,225.65462306560318,167.98686511120852,2.312959328349696,167.98686511003322
helical_coil_r123__135,128.6,helical_coil_r123,157.8555002764241,219.3834700411672,1897.9639825127472,183.17681255370402,119.6084209983982,122.705921804486,237.16933382974997,219.38347004102644,1.8790224999660523,219.38347004003427
helical_coil_r123__136,158.2,helical_coil_r123,191.86301303101314,222.9891414980475,2866.851473611111,199.43925891154709,173.83533283262057,205.0559473141023,249.66383093418628,222.9891414978917,2.8801874938245855,222.98914149678114
helical_coil_r123__137,180.4,helical_coil_r123,209.14363558227438,206.43982666146655,3092.903871958871,236.84179883575467,194.4840816368977,221.46861485689047,249.830946941626,206.43982666137669,4.254902795338139,206.43982666011988
helical_coil_r123__138,218.6,helical_coil_r123,228.76941221936983,204.84013170122373,3508.8088878415188,280.6576560032904,219.2499532195503,259.57371556111235,262.19313843722654,204.84013170121545,4.811389989715498,204.84013169984476
helical_coil_r123__139,246.4,helical_coil_r123,242.6915330757731,195.45526653556985,4004.8159600721233,319.86382059181153,261.53976810847865,265.8797999634571,272.7797747632966,195.45526653568876,5.520964012426055,195.45526653423806
helical_coil_r123__140,69.6,helical_coil_r123,41.16834708643998,95.96543430749887,325.2897082306067,56.72866389119377,5.4594005390151095,5.194798784036936,111.5984227543314,95.96543430683334,0.11076198500517942,95.96543430683334
helical_coil_r123__141,86.6,helical_coil_r123,50.47521448337678,117.24705861571448,344.3626765344793,68.0443899098253,6.6919641680041755,6.409617760284021,138.077390737608,117.2470586149003,0.13342206051123118,117.2470586149003
helical_coil_r123__142,101.6,helical_coil_r123,59.77206592247538,134.8306583884261,387.7750136004607,78.55281715494863,8.05424943239224,7.506031107153914,158.40877221266592,134.83065838744665,0.16244754255064114,134.83065838744665
helical_coil_r123__143,103.4,helical_coil_r123,74.09496687435413,163.86457580104408,410.44420205891424,88.87029940823403,9.96431463782166,9.469293393916796,182.4191040084693,163.8645757998592,0.23097338531442937,163.8645757998592
helical_coil_r123__144,114.1,helical_coil_r123,67.55332598426018,148.73391420602155,402.4788358425537,81.23742282063036,9.115970926118447,8.409844127298175,174.56940201760452,148.73391420491413,0.18932260507240303,148.73391420491413
helical_coil_r123__145,131.3,helical_coil_r123,73.87166224324703,161.6777361354377,496.04056824749864,88.115777865475,10.101951492045623,9.175129003679576,187.66708594981168,161.6777361342129,0.2121944688400702,161.6777361342129
helical_coil_r123__146,151.3,helical_coil_r123,79.12822383648994,161.13584461016586,486.2013058752394,83.29678092399803,10.675365308476861,8.834138237325565,155.86218887541435,161.13584460891454,0.2740709780272082,161.13584460891454
helical_coil_r123__147,123.2,helical_coil_r123,84.5943961764075,164.51216034899468,379.56569736310894,83.56727208581479,11.034720018982016,10.79836274555375,183.44256623507758,164.5121603477309,0.34587240882902387,164.5121603477309
helical_coil_r123__148,168.2,helical_coil_r123,93.2391006032713,185.13947420008046,369.8424177472827,96.04698999455883,12.172812308238004,10.43383828211499,204.90105657472967,185.13947419867708,0.39000833788786293,185.13947419867708
helical_coil_r123__149,210.0,helical_coil_r123,99.49036413992401,195.59785691836228,358.16182533263947,91.57849495189151,13.569269751789587,11.219749675849345,201.02802150701459,195.59785691685826,0.4580912805075117,195.59785691685826
helical_coil_r123__150,234.1,helical_coil_r123,105.19472668502543,184.4261324874664,678.2926651973852,110.87067366104428,19.85894561433115,21.61337467831205,234.2227503020206,184.426132486044,0.6481985747889939,184.426132486044
helical_coil_r123__151,247.8,helical_coil_r123,107.80584283749992,180.88591441524156,751.7655113223124,112.28471527521778,21.63341177744333,26.896589439929667,232.67103221992863,180.88591441394917,0.7361476905880598,180.88591441386586
helical_coil_r123__152,267.9,helical_coil_r123,110.24850615769205,180.65298169298214,1018.4423917349021,123.75705235064805,26.278740324673343,28.570405420949676,227.56722337453806,180.6529816916814,0.7910010931173685,180.6529816915859
helical_coil_r123__153,37.7,helical_coil_r123,43.64837988746197,50.22933341985441,964.5695813020907,58.93037433587933,45.19493568051114,51.51733954325879,61.69192387138928,50.22933341991463,0.7135214809181349,50.229333419629384
helical_coil_r123__154,85.1,helical_coil_r123,74.10164653102086,107.59410873011174,971.7073895539253,98.85661861906921,61.58712791454997,81.38320299818434,129.72985164340906,107.59410873002254,0.7012225854023112,107.59410872932025
helical_coil_r123__155,123.6,helical_coil_r123,111.8403587565192,136.9414733547561,1795.8933621260626,140.55298802965487,130.99906762364353,168.8347612051516,174.2738091972391,136.94147335494375,1.2767866205395613,136.94147335368973
helical_coil_r123__156,125.8,helical_coil_r123,112.84721587491035,143.16204055868303,1758.3436789099508,142.09638417972053,131.12768390212003,171.66057727795453,176.85551182633435,143.16204055884293,1.1957540985914605,143.16204055758172
helical_coil_r123__157,165.7,helical_coil_r123,121.62980178684104,150.3217855091497,2054.895672197649,161.8591304838652,138.92333062152582,186.49776227896854,199.52063299703107,150.3217855093897,1.4617932596624963,150.3217855079675
helical_coil_r123__158,223.1,helical_coil_r123,129.39020826525694,174.10422948652325,1941.9896536412264,169.4252785570012,103.35454146267632,143.20348919154878,239.23674479266455,174.10422948635625,1.365160292876888,174.1042294851471
helical_coil_r123__159,237.8,helical_coil_r123,135.68350863873934,167.46859168894187,2327.0841435185002,190.33697135497957,171.9357082604122,204.03094420823896,235.25528210414464,167.4685916892177,1.6815487494699244,167.46859168765297
helical_coil_r123__160,254.0,helical_coil_r123,141.74020419405045,159.63022754681097,2436.237959794774,210.66064119454154,166.9630387194423,205.27783048669284,229.88343142965257,159.6302275471002,2.140609719161751,159.63022754554925
helical_coil_r123__161,281.8,helical_coil_r123,147.14397981640047,161.38030700761715,2440.810768090645,190.78625437746467,175.3418310928331,213.8822241093121,235.46389507687158,161.3803070078748,2.3419010184281484,161.3803070063398
helical_coil_r123__162,51.2,helical_coil_r123,79.36588771459547,54.17436129510569,2151.4241251665517,94.82230340106182,102.10452593471459,119.21355465306404,84.86168015894866,54.17436129516419,2.754069683393424,54.174361294967625
helical_coil_r123__163,81.0,helical_coil_r123,114.1373460995381,83.32745330546695,2237.876197977434,134.31849971746897,149.03860186895565,161.11704429008412,123.56346441724514,83.32745330568952,3.554379300077514,83.32745330482862
helical_coil_r123__164,203.3,helical_coil_r123,146.51400535245867,177.23857833089076,2201.9061876506503,180.05873705476972,182.09471340194213,197.47206786616974,253.11918128222774,177.23857833102863,2.134334427073156,177.23857832958754
helical_coil_r123__165,214.5,helical_coil_r123,160.48609098435384,151.58071779563176,2416.3137594476902,209.81675434648577,183.67386398496535,210.22841856819747,228.1620934049715,151.5807177957925,3.726003529982295,151.58071779447684
helical_coil_r123__166,244.5,helical_coil_r123,172.33967926192472,148.38842765714034,3005.3247175443694,242.85315771521644,198.46598847688958,224.97884565203938,239.62848500359956,148.38842765737942,4.698779383107277,148.38842765597474
helical_coil_r123__167,254.6,helical_coil_r123,182.47530083304932,135.60816209178813,3362.98847644831,279.5578459589241,235.02597634789473,266.3176555435405,272.25895362123237,135.60816209223879,6.053100721627897,135.60816209072118
helical_coil_r123__168,276.8,helical_coil_r123,191.53443464252473,132.93428282920956,3553.9513386799254,333.2343398026081,241.9153464903236,290.3631958337836,287.2868567672759,132.93428282969396,6.482068871926563,132.93428282816828
helical_coil_r123__169,126.6,helical_coil_r123,82.24761813038143,184.04878499507984,297.47299513610636,90.48262147490124,10.803025099814475,9.682568156659737,181.68069071733453,184.04878499378265,0.25573743438527086,184.04878499378265
helical_coil_r123__170,161.2,helical_coil_r123,96.28493033906477,214.35731100018333,293.74022332640226,105.90524675686422,12.845461431145827,11.147376383196324,210.01005300530582,214.35731099864702,0.29433975866186124,214.35731099864702
helical_coil_r123__171,189.7,helical_coil_r123,102.31599688725659,219.24210423403247,280.5476336802607,104.2050583044168,13.062484270986044,11.601672416351619,217.2093438129042,219.2421042323772,0.35997825116546567,219.2421042323772
helical_coil_r123__172,191.2,helical_coil_r123,107.27644341542788,188.95383096796257,546.8532428640201,126.14298618771832,19.810439205118627,19.520637968890824,217.17904505846445,188.95383096653748,0.6127473364677769,188.95383096653748
helical_coil_r123__173,193.2,helical_coil_r123,108.07404099071756,183.2820095978709,719.4931893034894,153.50064962661847,21.550629016497897,23.3118529747402,231.78265347268623,183.28200959647052,0.6712346674902965,183.28200959647052
helical_coil_r123__174,209.0,helical_coil_r123,111.87535087159384,180.93790684559326,1199.5196619168514,130.9815453410581,28.129830122794548,26.5040407088018,234.57476633175946,180.93790684432165,0.7588243930884521,180.93790684420705
helical_coil_r123__175,219.8,helical_coil_r123,115.7390323946767,172.97684495320485,1657.4247539090074,141.3404335886208,114.38734297496842,94.14285128772275,212.5937028699068,172.9768449526299,0.9213507991938275,172.97684495188878
helical_coil_r123__176,137.8,helical_coil_r123,85.81570939502782,190.34748174627362,257.70681510566925,84.77237179324933,10.272061109432146,9.805189301094309,187.50492975366038,190.3474817451685,0.3196870170553871,190.3474817451685
helical_coil_r123__177,176.8,helical_coil_r123,110.165044841725,239.4874604862913,271.18465096349456,100.16517355736576,13.40037889753619,12.58731212095816,234.14180864858207,239.48746048478725,0.40423856016269516,239.48746048478725
helical_coil_r123__178,228.2,helical_coil_r123,123.93151021525678,261.9079306201887,278.54625494270635,111.10812062828094,15.091221881284552,13.712605417035642,246.90506709125867,261.9079306183001,0.5061670865436652,261.9079306183001
helical_coil_r123__179,137.6,helical_coil_r123,140.9268358241123,180.1690406740229,2102.010052832605,144.24527600370817,144.54742222172985,171.31508146934112,207.65350062082896,180.16904067376134,1.6020943251168371,180.16904067268413
helical_coil_r123__180,265.4,helical_coil_r123,132.12860393094755,259.11568749712995,306.9031388817032,113.09613841821384,16.300047773120042,16.088386391196433,246.77091108536862,259.11568749515874,0.6757248108519136,259.11568749515874
helical_coil_r123__181,305.7,helical_coil_r123,142.1839844743932,241.12882398223206,766.4533947895202,177.5850800401286,29.796009737864665,31.715155878779157,301.87757604395915,241.128823980402,1.0135617809526878,241.128823980402
helical_coil_r123__182,329.6,helical_coil_r123,150.19902428063233,210.7097051925706,2013.100526224416,166.09867056049055,153.11780620886196,139.96450599700233,259.90615229979477,210.7097051920001,1.4680596722846688,210.70970519094774
helical_coil_r123__183,333.6,helical_coil_r123,167.69130370427442,171.562625141591,3206.0608536494738,213.38826442332083,162.71698857362173,159.76254607471273,200.6852287721456,171.56262514142986,2.80473519681058,171.56262514026636
helical_coil_r123__184,90.7,helical_coil_r123,91.63262512995533,107.8483010034529,1373.708358761744,96.75609579983875,90.7310698181074,113.64172544518178,116.59362153543333,107.84830100344458,1.61901406296332,107.84830100281556
helical_coil_r123__185,171.5,helical_coil_r123,145.1105991762262,190.98136557122405,1770.5050586562943,154.34104697080835,123.240977540022,163.03868263067992,212.17568283359648,190.98136557122126,1.7791157805801714,190.98136557004196
helical_coil_r123__186,216.1,helical_coil_r123,167.2847673783383,193.60200698229838,2401.98895511751,188.37009533199065,163.51824546067257,218.95741491834988,241.9253892223503,193.6020069824046,2.710798423961649,193.602006980817
helical_coil_r123__187,262.1,helical_coil_r123,188.6680381239297,176.96345037479733,3128.3889519740956,230.42569347526336,190.62061724256282,257.9423694515223,282.12634430990926,176.96345037503778,4.555674217750739,176.9634503734305
helical_coil_r123__188,272.3,helical_coil_r123,207.77947154724558,151.01183434635138,3649.111117786036,299.5022286272094,241.46231281337694,315.3005657175107,313.9380944888974,151.01183434682454,6.80646198930957,151.01183434519209
helical_coil_r123__189,299.0,helical_coil_r123,224.10543982453834,77.51550923051768,3680.442948487635,310.9824996827418,259.26934898587825,330.7567724045444,257.55675247354077,77.515509230813,7.540877586826152,77.51550922992661
helical_coil_r123__190,311.9,helical_coil_r123,230.42219926708432,84.59203382541476,3747.347539830078,352.5752348141366,268.71406268041494,355.464919349914,271.6992340800992,84.59203382578664,8.663604046669715,84.59203382476788
helical_coil_r123__191,316.5,helical_coil_r123,234.9513208362257,96.31987293515338,4379.2293784881485,435.3972955656086,273.42296166278777,402.4700377261441,286.7485557496728,96.31987293559993,9.661696698879268,96.31987293442626
helical_coil_r123__192,323.8,helical_coil_r123,235.09066558504026,94.79577237440256,4379.2293784881485,438.212795396676,273.15785980596746,404.1901363814592,279.61625462244245,94.79577237484303,9.521229519072046,94.79577237368535
helical_coil_r123__193,76.2,helical_coil_r123,45.92387545418117,108.55435163596354,240.54724346894352,66.69220762536307,6.020857472126913,5.810607744795902,99.49575744450867,108.55435163579305,0.16346098539534734,108.55435163531898
helical_coil_r123__194,121.9,helical_coil_r123,70.76838031841045,158.7087788894636,279.03161607948465,95.37251479707945,9.6089567365165,8.932638085901608,147.57657931435844,158.70877888923476,0.2673197644784974,158.70877888851828
helical_coil_r123__195,156.8,helical_coil_r123,86.89429024666504,193.87784524403676,276.9365497530935,94.03055731721822,11.707462201063834,10.93200266631341,179.079106903929,193.87784524376502,0.3099232599449023,193.87784524287935
helical_coil_r123__196,187.2,helical_coil_r123,92.19024780324379,190.75351524687787,270.2247502391304,50.63124409516957,11.610047030128015,11.171336117494407,154.55409033997182,190.75351524664617,0.42107030057553124,190.75351524560537
helical_coil_r123__197,143.5,helical_coil_r123,102.44244017770079,169.70665861057998,924.6711784113634,129.9640304439487,23.4324598357626,23.067534640541044,192.94356628996522,169.70665861055255,0.7058315282101231,169.70665860946787
helical_coil_r123__198,211.4,helical_coil_r123,94.69793746087038,204.00331586889234,242.81187020638768,34.72829747613218,12.205086178753676,9.743779075869044,185.109238130737,204.00331586869493,0.3933671765968,204.00331586755127
helical_coil_r123__199,237.5,helical_coil_r123,100.59648279307211,184.598368591633,386.8347668314202,31.174398447654976,19.099282818027472,19.01806008473654,192.87728594201226,184.59836859166663,0.6076018849853316,184.59836859038364
helical_coil_r123__200,180.2,helical_coil_r123,109.17005318321863,236.96702835071756,277.2862102817293,116.94623964629275,13.63658207293492,13.22003734504271,226.4882434313681,236.96702835018453,0.4388119887611583,236.96702834912202
helical_coil_r123__201,224.9,helical_coil_r123,117.01012140606376,238.27812411997257,278.31117088142327,105.83121580173145,13.754384179002457,13.244944384326697,209.94346533234253,238.27812411953025,0.585956775568093,238.27812411832625
helical_coil_r123__202,230.7,helical_coil_r123,117.1066154162774,244.22572934403115,269.71961473856277,99.29699819740857,14.030422616149488,13.85271307706819,220.71496627651882,244.22572934357908,0.5558560553271645,244.22572934234844
helical_coil_r123__203,274.9,helical_coil_r123,127.80961596655938,222.81893894915686,531.6827566530842,62.66001319179384,26.671685412757615,24.38426343579484,267.2559825776339,222.81893894898016,0.9433890245052958,222.81893894767845
helical_coil_r123__204,292.7,helical_coil_r123,133.0419422926335,217.34889157822545,1051.2288126693954,129.16598579169445,31.80841566086948,32.58696074182765,281.71178448235975,217.34889157823022,1.0902176149497225,217.34889157670077
helical_coil_r123__205,306.1,helical_coil_r123,138.47243750558042,203.32600361131887,1904.938275674693,154.00218471333204,116.13601942946948,130.07463564081516,234.5233152829534,203.32600361136375,1.3742612033044657,203.3260036098837
helical_coil_r123__206,209.2,helical_coil_r123,129.240152969753,254.50901451905153,291.8154981331315,139.54082581081047,14.344852210949627,14.5809741257594,237.9664784002426,254.50901451882723,0.6825791172028335,254.5090145182757
helical_coil_r123__207,281.4,helical_coil_r123,170.1816540113701,280.530842105423,1231.76700759505,223.1520755746428,34.96277462957218,37.82617641967301,346.08946026147424,280.5308421052626,1.332434977390057,280.53084210388
helical_coil_r123__208,324.8,helical_coil_r123,184.03302802171027,264.19965535824747,2313.737513122345,241.32585970973878,175.96292317178393,189.86147135811828,313.1566619175711,264.1996553580997,1.8848093529207532,264.19965535647884
helical_coil_r123__209,346.9,helical_coil_r123,204.03511666109839,237.80394864409365,3210.4461039119215,257.1964676449155,186.14777037899248,314.1949518596447,311.50835732591065,237.80394864400947,3.040335151990973,237.8039486424672
helical_coil_r123__210,380.9,helical_coil_r123,223.99884756229184,200.56856810727626,3918.861081759073,334.4966241919411,228.84123894966717,347.6300119114798,270.729616509282,200.56856810730275,5.1263390230357055,200.56856810585046
helical_coil_r123__211,396.2,helical_coil_r123,237.60754071874598,181.24774488288142,4252.251369599096,324.5208187336175,269.52196628259895,388.2510926294301,259.75517872278374,181.24774488307065,6.196384212650169,181.24774488161262
helical_coil_r123__212,419.8,helical_coil_r123,243.62560354501343,166.29640072379073,4215.783498002387,352.5228871353598,301.35465296796724,400.09275880374986,278.54249579462964,166.29640072401634,6.772682352868539,166.29640072265101
helical_coil_r123__213,114.0,helical_coil_r123,69.60024942499753,157.45629627292485,276.98201570077856,77.0143456650503,9.512721952109816,8.424951331381267,153.14819038763582,157.45629627181552,0.2142178440534028,157.45629627181552
helical_coil_r123__214,135.3,helical_coil_r123,86.98985464258135,179.85082855469975,300.5234070198115,82.68957837267045,11.702901116910278,10.07085195172955,164.82750715809806,179.85082855335233,0.3197860705853565,179.85082855335233
helical_coil_r123__215,170.1,helical_coil_r123,92.63130167008079,195.60868605499448,290.23086012286575,82.76797501734507,12.480394699365592,10.611493671832745,175.71571448050491,195.60868605351573,0.342983924083381,195.60868605351573
helical_coil_r123__216,170.5,helical_coil_r123,104.7417243083122,214.4951306413289,295.6965963823826,85.93591017003239,13.853417182587668,11.774055080653955,183.4673885582717,214.49513063971162,0.41810050692568557,214.49513063971162
helical_coil_r123__217,207.3,helical_coil_r123,100.2117866950906,197.34426560861456,309.30841439779516,79.32456282676553,14.256869847388849,11.305825899180315,159.78343136122126,197.34426560712217,0.4578835131400948,197.34426560712217
helical_coil_r123__218,213.6,helical_coil_r123,103.95471035334415,184.9749325085332,494.51727052964657,103.50324934280292,22.082312218063436,19.448293892958997,208.50181314638334,184.97493250712142,0.5906853010082719,184.97493250712142
helical_coil_r123__219,217.9,helical_coil_r123,108.9274971418462,169.57266332057443,1306.1816599128724,131.33205856183176,88.52585553526302,69.46371254603149,195.80979505955628,169.5726633196532,0.8101432436679225,169.57266331928207
helical_coil_r123__220,168.7,helical_coil_r123,107.05865127347036,228.87887056048052,276.70679018130016,98.65160354913287,12.962924308641389,12.257126944659593,208.51197498485487,228.878870558914,0.40579420625960955,228.878870558914
helical_coil_r123__221,195.6,helical_coil_r123,117.7782366241709,225.76768844603308,360.4044551993379,127.37248515971919,14.760980226411556,15.03561251068834,223.92751025051822,225.76768844432448,0.6186943884341705,225.76768844432448
helical_coil_r123__222,230.3,helical_coil_r123,124.15810285745123,232.71276029639517,386.5411336296775,127.97126795435561,15.674270473661418,17.58702248061864,232.9052199155106,232.7127602946247,0.7023132112585356,232.7127602946247
helical_coil_r123__223,252.2,helical_coil_r123,135.87995546157575,205.30265526636043,1769.1678010191572,181.25740013689435,135.1607610414233,114.60746006179741,246.51713077174702,205.30265526568868,1.1843346775922543,205.30265526478732
helical_coil_r123__224,290.7,helical_coil_r123,146.17090728437003,199.31601809663596,2098.234937003641,173.16727726818647,130.06149163172884,119.71402666637736,254.84956916419668,199.31601809605658,1.4735760671776073,199.31601809511085
helical_coil_r123__225,298.1,helical_coil_r123,153.5534702737342,182.4864758031219,2610.67357492892,170.34153663249054,158.21915152976612,132.15209146608055,218.88084012244332,182.48647580287522,1.9850608697910548,182.48647580168813
helical_coil_r123__226,313.4,helical_coil_r123,161.74476741948828,172.62776409530863,2921.929444866814,196.50256709493146,155.46152696093262,143.86379847402964,199.8014335925657,172.62776409514254,2.4580417251890054,172.6277640939677
helical_coil_r123__227,189.2,helical_coil_r123,159.50529382301806,191.38753096295073,2280.784441273144,155.9927087085811,165.5610654783282,206.55912166110537,222.9323035723052,191.38753096300348,2.3929237643677483,191.38753096150324
helical_coil_r123__228,251.5,helical_coil_r123,178.68476921027877,195.09517841455047,2877.068105822473,191.05107584242896,182.3738668091249,230.05465541164486,271.9916014145791,195.09517841472362,3.21246466104588,195.09517841310137
helical_coil_r123__229,244.4,helical_coil_r123,178.93669599880354,189.2189353609826,2916.348971386411,190.1737263777911,184.24213948438015,228.67138639978538,261.84452668796035,189.21893536119364,3.4450093807665785,189.2189353595604
helical_coil_r123__230,307.2,helical_coil_r123,198.34046341340633,185.71113440555766,3318.971085239581,241.25039300501874,203.05193279673256,267.56732693444184,295.9606931417683,185.71113440578412,4.569284473740389,185.71113440413836
helical_coil_r123__231,347.7,helical_coil_r123,212.3158530203261,176.90029484141778,3310.4429000550977,284.22891205959087,233.0621628151509,293.2490866495722,266.45584651726364,176.90029484152237,5.527763398054023,176.90029484005544
helical_coil_r123__232,355.8,helical_coil_r123,223.86946054065828,156.84227244640354,3416.545449585231,312.1824880434656,266.7664757660436,336.2865332453136,302.0642502198527,156.84227244689188,6.954320907063879,156.84227244518985
helical_coil_r123__233,360.8,helical_coil_r123,230.84017848426754,86.6967344559175,3697.490525788045,344.61942287776435,260.0548873989742,349.14561279093584,286.1417068079973,86.69673445624836,8.132327905435176,86.69673445526699
helical_coil_r123__234,81.0,helical_coil_r123,48.119728017008406,113.66611177483252,250.64638291338994,66.05354690508976,6.368951227975837,6.063152778010757,103.39260942302538,113.66611177465836,0.1717445179512367,113.66611177417053
helical_coil_r123__235,127.5,helical_coil_r123,75.84662233799725,166.86931949298176,273.12661237202985,86.9272450388357,10.141456184961394,9.549471919558968,151.16268216304567,166.86931949272946,0.29023537579242686,166.86931949197077
helical_coil_r123__236,168.4,helical_coil_r123,89.67957029039933,189.5223469226691,280.8414826678069,85.99254526701668,12.04202881016295,11.079160138457224,164.4154002782519,189.5223469224054,0.3800115703833855,189.52234692142184
helical_coil_r123__237,168.0,helical_coil_r123,90.20763718814823,188.4232769524,280.8414826678069,85.69551640015139,12.006511391403674,10.930937998438576,155.853965853844,188.42327695214453,0.39162684405285847,188.4232769511502
helical_coil_r123__238,180.7,helical_coil_r123,92.60091428235991,185.84290469429664,282.9152134042842,53.88411267429074,11.893236042571907,11.313449550940714,150.57748661742127,185.84290469418752,0.4488332520113129,185.84290469303951
helical_coil_r123__239,190.3,helical_coil_r123,95.22900853324688,179.89321563080696,344.9116774188881,48.892398795913955,14.872434428679115,11.550334305495364,188.50777622672945,179.89321563072846,0.5315941116475804,179.89321562960706
helical_coil_r123__240,110.3,helical_coil_r123,70.48552397565814,158.30520043503003,241.9041070441483,86.86064984262116,8.455489511284856,8.696479203207199,151.1617288383091,158.30520043468135,0.2982754775631012,158.30520043402564
helical_coil_r123__241,168.4,helical_coil_r123,107.91364313565091,229.29350605727038,277.6399488433737,107.01557459979972,13.160070599906296,12.681750063299354,211.14688334128618,229.29350605673943,0.4558857592613762,229.29350605571952
helical_coil_r123__242,228.2,helical_coil_r123,122.74437391657176,230.2639039256537,434.6335431337449,124.45919008701703,16.765642688946606,18.95242344225198,238.94967206417903,230.2639039253128,0.7243491114697828,230.26390392412065
helical_coil_r123__243,261.6,helical_coil_r123,127.936087494725,228.27520949205058,495.07804307613236,56.43803495581665,26.559149135508484,24.35017202872004,268.7000123286453,228.2752094918304,0.8533487036996888,228.2752094905261
helical_coil_r123__244,283.6,helical_coil_r123,135.01857247608237,257.2683035345297,357.0327101121741,57.410360670692384,19.466287816979197,18.89533659336117,253.73095033130812,257.2683035341758,0.7220456050104683,257.26830353280064
helical_coil_r123__245,303.4,helical_coil_r123,136.8792844422361,228.09933533522218,1080.9433857431504,73.2923597863462,29.48804456582775,33.77077338235154,304.70435308572235,228.0993353352229,1.0084462792589115,228.09933533365253
helical_coil_r123__246,312.0,helical_coil_r123,139.60299801135886,221.2116997798449,1327.921200231471,103.18235559812635,19.9807198695668,29.20061150642132,268.522826051293,221.21169977984147,1.1635054210461384,221.21169977829834
helical_coil_r123__247,347.4,helical_coil_r123,145.47147552697388,217.17509317159704,2052.5188374052036,147.4985880979591,76.7346133868334,99.27526585008255,258.49572808879105,217.1750931716306,1.3621550425093685,217.1750931700837
helical_coil_r123__248,369.0,helical_coil_r123,151.63510260140632,196.5896032941321,2614.0619128834687,178.95781273019006,155.06015950843008,200.00364494192368,241.32286643929245,196.58960329416405,1.7778378649331457,196.58960329275257
helical_coil_r123__249,173.4,helical_coil_r123,116.98490637875292,213.71422717274385,418.8073038369376,127.50635555518488,20.401043526087065,19.995132355838194,231.3061241813196,213.714227172605,0.7923498874099407,213.71422717196612
helical_coil_r123__250,215.3,helical_coil_r123,168.94090392547213,217.6431877091071,2695.5249215780477,196.38325842275614,173.6239955827654,275.06772086825896,245.10409849008502,217.64318770888562,2.16316284279247,217.6431877077843
helical_coil_r123__251,254.4,helical_coil_r123,183.70862149405906,206.8957725731749,2978.0941122043737,216.12782702623448,179.56763605945918,286.37779798061086,266.4591541506882,206.89577257306024,3.05067251017287,206.89577257180053
helical_coil_r123__252,295.9,helical_coil_r123,199.13869228601962,193.95630695796828,3324.078562295132,255.51601766986906,187.0701834397333,313.420865290284,258.8140945243167,193.95630695795217,4.30510934397565,193.95630695661
helical_coil_r123__253,295.9,helical_coil_r123,197.1971646887541,186.25469402017512,3501.2887723745357,263.15763085774955,187.8458594771475,318.982262675875,251.17443448148774,186.25469402021554,4.558346997716401,186.25469401886306
helical_coil_r123__254,305.3,helical_coil_r123,213.98613388097806,175.48960042352223,3730.2573355786176,321.04477335775334,230.28562800383074,350.8497246643508,254.3569092093888,175.4896004236232,5.711026146621223,175.4896004222854
helical_coil_r123__255,352.7,helical_coil_r123,225.56584103111362,174.64705920843238,4253.685979054964,354.44569808512745,262.51071830768103,370.5573667702708,250.11627301454806,174.64705920857176,6.260748827274299,174.64705920720735
helical_coil_r123__256,389.2,helical_coil_r123,234.67952366685216,169.79415556582256,4175.615726416739,322.52365214608085,279.6407081874697,375.7803223682831,257.93723312194163,169.79415556611502,6.620439242435592,169.7941555646334
