TestID,Diameter,Perimeter,Area,Length,Pressure,Power,MassFlux,MassFlow,InletTemperature,InletEnthalpy,HeatFlux,CHFLocation,Shape,Fluid,Source,Continuous,Quality,QualityPosition,WallPower,WallMesh
1,0.01123,0.0353,9.9049e-05,1.83,1.379e+07,42979.3,1356.3,0.1343,328.9,1513796.52,665700,0.991,inlet,water,Swenson,yes,-0.045,0.0,0.522,0.046
2,0.01123,0.0353,9.9049e-05,1.83,1.379e+07,47666.5,1356.3,0.1343,313.9,1418007.48,738300,0.838,inlet,water,Swenson,yes,-0.134,0.0,0.522,0.046
3,0.01123,0.0353,9.9049e-05,1.83,1.379e+07,42779.1,1356.3,0.1343,329.4,1517258.59,662600,0.762,inlet,water,Swenson,yes,-0.042,0.0,0.522,0.046
4,0.01123,0.0353,9.9049e-05,1.83,1.379e+07,41145.7,949.4,0.094,325.7,1492140.53,637300,0.876,inlet,water,Swenson,yes,-0.065,0.0,0.522,0.046
5,0.01123,0.0353,9.9049e-05,1.83,1.379e+07,48273.4,949.4,0.094,310.6,1398485.69,747700,0.876,inlet,water,Swenson,yes,-0.152,0.0,0.522,0.046
6,0.01123,0.0353,9.9049e-05,1.83,1.379e+07,51127.1,949.4,0.094,301.4,1346088.93,791900,0.838,inlet,water,Swenson,yes,-0.2,0.0,0.522,0.046
7,0.01123,0.0353,9.9049e-05,1.83,1.379e+07,56828,949.4,0.094,288.9,1278579.37,880200,0.838,inlet,water,Swenson,yes,-0.263,0.0,0.522,0.046
8,0.01123,0.0353,9.9049e-05,1.83,1.379e+07,64162.3,949.4,0.094,274.1,1202604.38,993800,0.876,inlet,water,Swenson,yes,-0.333,0.0,0.522,0.046
9,0.01123,0.0353,9.9049e-05,1.83,1.379e+07,44812.9,1763.2,0.1746,328.6,1511730.07,694100,0.914,inlet,water,Swenson,yes,-0.047,0.0,0.522,0.046
10,0.01123,0.0353,9.9049e-05,1.83,1.379e+07,54180.9,1763.2,0.1746,315.4,1427030.96,839200,0.914,inlet,water,Swenson,yes,-0.125,0.0,0.522,0.046
11,0.01123,0.0353,9.9049e-05,1.83,1.379e+07,60901.89999999999,1763.2,0.1746,311.3,1402590.73,943300,0.876,inlet,water,Swenson,yes,-0.148,0.0,0.522,0.046
12,0.01123,0.0353,9.9049e-05,1.83,1.379e+07,70069.7,1763.2,0.1746,300.6,1341653.99,1085300,0.876,inlet,water,Swenson,yes,-0.204,0.0,0.522,0.046
13,0.01123,0.0353,9.9049e-05,1.83,1.379e+07,41759.1,1356.3,0.1343,328.3,1509671.51,646800,0.991,inlet,water,Swenson,yes,-0.049,0.0,0.522,0.046
14,0.01123,0.0353,9.9049e-05,1.83,1.379e+07,51127.1,1356.3,0.1343,314.2,1419804.32,791900,0.914,inlet,water,Swenson,yes,-0.132,0.0,0.522,0.046
15,0.01123,0.0353,9.9049e-05,1.83,1.379e+07,54587.6,1356.3,0.1343,308.6,1386856.95,845500,0.876,inlet,water,Swenson,yes,-0.163,0.0,0.522,0.046
16,0.01123,0.0353,9.9049e-05,1.83,1.379e+07,59481.5,1356.3,0.1343,301.7,1347756.58,921300,0.876,inlet,water,Swenson,yes,-0.199,0.0,0.522,0.046
17,0.01123,0.0353,9.9049e-05,1.83,1.379e+07,35238.2,678.1,0.0672,328.2,1508987.05,545800,1.753,inlet,water,Swenson,yes,-0.05,0.0,0.522,0.046
18,0.01123,0.0353,9.9049e-05,1.83,1.379e+07,38091.9,678.1,0.0672,321.4,1464212.31,590000,1.753,inlet,water,Swenson,yes,-0.091,0.0,0.522,0.046
19,0.01123,0.0353,9.9049e-05,1.83,1.379e+07,46033.1,678.1,0.0672,302.8,1353892.95,713000,0.876,inlet,water,Swenson,yes,-0.193,0.0,0.522,0.046
20,0.01123,0.0353,9.9049e-05,1.83,1.379e+07,64368.89999999999,678.1,0.0672,251.1,1090448.57,997000,0.838,inlet,water,Swenson,yes,-0.437,0.0,0.522,0.046
21,0.01123,0.0353,9.9049e-05,1.83,1.379e+07,70276.3,678.1,0.0672,230.6,994734.02,1088500,0.686,inlet,water,Swenson,yes,-0.525,0.0,0.522,0.046
22,0.01059,0.0333,8.8081e-05,1.83,1.379e+07,43409.7,1356.3,0.1195,327.9,1506938.79,713000,1.676,middle,water,Swenson,yes,-0.052,0.0,0.431,0.046
23,0.01059,0.0333,8.8081e-05,1.83,1.379e+07,49747.6,1356.3,0.1195,313.9,1418007.48,817100,1.676,middle,water,Swenson,yes,-0.134,0.0,0.431,0.046
24,0.01059,0.0333,8.8081e-05,1.83,1.379e+07,54167.7,1356.3,0.1195,308.9,1388592.09,889700,1.676,middle,water,Swenson,yes,-0.161,0.0,0.431,0.046
25,0.01059,0.0333,8.8081e-05,1.83,1.379e+07,56858.7,1356.3,0.1195,302.2,1350541.58,933900,1.676,middle,water,Swenson,yes,-0.196,0.0,0.431,0.046
26,0.01059,0.0333,8.8081e-05,1.83,1.379e+07,44755.2,1763.2,0.1553,327.9,1506938.79,735100,1.753,middle,water,Swenson,yes,-0.052,0.0,0.431,0.046
27,0.01059,0.0333,8.8081e-05,1.83,1.379e+07,52249.89999999999,1763.2,0.1553,319.4,1451609.5,858200,1.676,middle,water,Swenson,yes,-0.103,0.0,0.431,0.046
28,0.01059,0.0333,8.8081e-05,1.83,1.379e+07,57820.7,1763.2,0.1553,310.8,1399656.66,949700,1.753,middle,water,Swenson,yes,-0.151,0.0,0.431,0.046
29,0.01059,0.0333,8.8081e-05,1.83,1.379e+07,64347.39999999999,1763.2,0.1553,301.9,1348869.73,1056900,1.676,middle,water,Swenson,yes,-0.198,0.0,0.431,0.046
30,0.01059,0.0333,8.8081e-05,1.83,1.379e+07,38033.7,949.4,0.0836,328.2,1508987.05,624700,1.753,middle,water,Swenson,yes,-0.05,0.0,0.431,0.046
31,0.01059,0.0333,8.8081e-05,1.83,1.379e+07,44755.2,949.4,0.0836,309.8,1393816.75,735100,1.753,middle,water,Swenson,yes,-0.156,0.0,0.431,0.046
32,0.01059,0.0333,8.8081e-05,1.83,1.379e+07,48596.9,949.4,0.0836,299.7,1336685.32,798200,1.753,middle,water,Swenson,yes,-0.209,0.0,0.431,0.046
33,0.01059,0.0333,8.8081e-05,1.83,1.379e+07,53979,949.4,0.0836,286.1,1263917.09,886600,1.753,middle,water,Swenson,yes,-0.276,0.0,0.431,0.046
34,0.01059,0.0333,8.8081e-05,1.83,1.379e+07,60122.10000000001,949.4,0.0836,275.3,1208635.08,987500,1.753,middle,water,Swenson,yes,-0.327,0.0,0.431,0.046
35,0.01059,0.0333,8.8081e-05,1.83,1.379e+07,35921,678.1,0.0597,327.9,1506938.79,590000,1.676,middle,water,Swenson,yes,-0.052,0.0,0.431,0.046
36,0.01059,0.0333,8.8081e-05,1.83,1.379e+07,36304.6,678.1,0.0597,321.7,1466122.55,596300,1.753,middle,water,Swenson,yes,-0.089,0.0,0.431,0.046
37,0.01059,0.0333,8.8081e-05,1.83,1.379e+07,41108.3,678.1,0.0597,303.6,1358377.66,675200,1.753,middle,water,Swenson,yes,-0.189,0.0,0.431,0.046
38,0.01059,0.0333,8.8081e-05,1.83,1.379e+07,55896.8,678.1,0.0597,243.7,1055511.41,918100,1.753,middle,water,Swenson,yes,-0.469,0.0,0.431,0.046
39,0.01059,0.0333,8.8081e-05,1.83,1.379e+07,60122.10000000001,678.1,0.0597,228.9,986936.18,987500,1.753,middle,water,Swenson,yes,-0.533,0.0,0.431,0.046
40,0.01133,0.0356,1.0082e-04,1.83,1.379e+07,37200,1356.3,0.1367,328.6,1511730.07,571100,1.753,outlet,water,Swenson,yes,-0.047,0.0,0.389,0.046
41,0.01133,0.0356,1.0082e-04,1.83,1.379e+07,45211.9,1356.3,0.1367,314.4,1421004.37,694100,1.696,outlet,water,Swenson,yes,-0.131,0.0,0.389,0.046
42,0.01133,0.0356,1.0082e-04,1.83,1.379e+07,46853.4,1356.3,0.1367,308.6,1386856.95,719300,1.657,outlet,water,Swenson,yes,-0.163,0.0,0.389,0.046
43,0.01133,0.0356,1.0082e-04,1.83,1.379e+07,48703.3,1356.3,0.1367,302.4,1351657.56,747700,1.657,outlet,water,Swenson,yes,-0.195,0.0,0.389,0.046
44,0.01133,0.0356,1.0082e-04,1.83,1.379e+07,36581.2,949.4,0.0957,325.7,1492140.53,561600,1.715,outlet,water,Swenson,yes,-0.065,0.0,0.389,0.046
45,0.01133,0.0356,1.0082e-04,1.83,1.379e+07,40072.6,949.4,0.0957,310,1394981.77,615200,1.657,outlet,water,Swenson,yes,-0.155,0.0,0.389,0.046
46,0.01133,0.0356,1.0082e-04,1.83,1.379e+07,44182.7,949.4,0.0957,300.8,1342761.09,678300,1.657,outlet,water,Swenson,yes,-0.203,0.0,0.389,0.046
47,0.01133,0.0356,1.0082e-04,1.83,1.379e+07,48091,949.4,0.0957,287.6,1271753.34,738300,1.638,outlet,water,Swenson,yes,-0.269,0.0,0.389,0.046
48,0.01133,0.0356,1.0082e-04,1.83,1.379e+07,52201.2,949.4,0.0957,272.9,1196594,801400,1.638,outlet,water,Swenson,yes,-0.339,0.0,0.389,0.046
49,0.01133,0.0356,1.0082e-04,1.83,1.379e+07,39460.3,1763.2,0.1778,330,1521443.67,605800,1.676,outlet,water,Swenson,yes,-0.038,0.0,0.389,0.046
50,0.01133,0.0356,1.0082e-04,1.83,1.379e+07,45622.3,1763.2,0.1778,318.5,1446009.56,700400,1.676,outlet,water,Swenson,yes,-0.108,0.0,0.389,0.046
51,0.01133,0.0356,1.0082e-04,1.83,1.379e+07,51380.4,1763.2,0.1778,309.6,1392653.19,788800,1.696,outlet,water,Swenson,yes,-0.157,0.0,0.389,0.046
52,0.01133,0.0356,1.0082e-04,1.83,1.379e+07,58363.2,1763.2,0.1778,300.6,1341653.99,896000,1.638,outlet,water,Swenson,yes,-0.204,0.0,0.389,0.046
53,0.01133,0.0356,1.0082e-04,1.83,1.379e+07,32881.4,678.1,0.0684,327.2,1502188.66,504800,1.753,outlet,water,Swenson,yes,-0.056,0.0,0.389,0.046
54,0.01133,0.0356,1.0082e-04,1.83,1.379e+07,34320.9,678.1,0.0684,320.9,1461040.35,526900,1.753,outlet,water,Swenson,yes,-0.094,0.0,0.389,0.046
55,0.01133,0.0356,1.0082e-04,1.83,1.379e+07,39049.9,678.1,0.0684,303.1,1355572.52,599500,1.753,outlet,water,Swenson,yes,-0.192,0.0,0.389,0.046
56,0.01133,0.0356,1.0082e-04,1.83,1.379e+07,52403.1,678.1,0.0684,246.4,1068203.82,804500,1.619,outlet,water,Swenson,yes,-0.457,0.0,0.389,0.046
57,0.01133,0.0356,1.0082e-04,1.83,1.379e+07,55282.2,678.1,0.0684,232.9,1005314.91,848700,1.581,outlet,water,Swenson,yes,-0.516,0.0,0.389,0.046
58,0.01123,0.0353,9.9049e-05,1.83,1.379e+07,46439.8,1363.1,0.135,328.9,1513796.52,719300,1.753,spike,water,Swenson,no,-0.045,0.009,0.376,0.067
59,0.01123,0.0353,9.9049e-05,1.83,1.379e+07,48273.4,1363.1,0.135,314.4,1421004.37,747700,1.791,spike,water,Swenson,no,-0.131,0.009,0.376,0.067
60,0.01123,0.0353,9.9049e-05,1.83,1.379e+07,60088.4,1363.1,0.135,307.5,1380521.44,930700,1.372,spike,water,Swenson,no,-0.168,0.009,0.376,0.067
61,0.01123,0.0353,9.9049e-05,1.83,1.379e+07,65795.7,1363.1,0.135,300.4,1340547.97,1019100,1.41,spike,water,Swenson,no,-0.205,0.009,0.376,0.067
62,0.00973,0.0306,7.4356e-05,1.73,6.828e+06,91211.1,1912.4,0.1422,275.7,1213165.87,1724800,1.626,middle(1),water,Lee(1963),no,-0.03,0.0,0.612,0.097
63,0.00973,0.0306,7.4356e-05,1.73,6.897e+06,92628.3,1898.8,0.1412,276,1214691.86,1751600,1.626,middle(1),water,Lee(1963),no,-0.031,0.0,0.612,0.097
64,0.00973,0.0306,7.4356e-05,1.73,6.862e+06,90925.5,1912.4,0.1422,275.6,1212632.29,1719400,1.778,middle(1),water,Lee(1963),no,-0.031,0.0,0.612,0.097
65,0.00973,0.0306,7.4356e-05,1.73,6.897e+06,91115.9,1912.4,0.1422,276,1214691.86,1723000,1.727,middle(1),water,Lee(1963),no,-0.031,0.0,0.612,0.097
66,0.00973,0.0306,7.4356e-05,1.73,6.828e+06,92723.5,1898.8,0.1412,262,1143665.7,1753400,1.778,middle(1),water,Lee(1963),no,-0.076,0.0,0.612,0.097
67,0.00973,0.0306,7.4356e-05,1.73,6.828e+06,94992.09999999999,1898.8,0.1412,262,1143665.7,1796300,1.676,middle(1),water,Lee(1963),no,-0.076,0.0,0.612,0.097
68,0.00973,0.0306,7.4356e-05,1.73,6.862e+06,117604.5,2034.4,0.1513,209.5,896537.46,2223900,1.676,middle(1),water,Lee(1963),no,-0.24,0.0,0.612,0.097
69,0.00973,0.0306,7.4356e-05,1.73,6.931e+06,118080.5,2048,0.1523,209.8,897916.57,2232900,1.626,middle(1),water,Lee(1963),no,-0.242,0.0,0.612,0.097
70,0.00973,0.0306,7.4356e-05,1.73,6.931e+06,118080.5,2048,0.1523,209.8,897916.57,2232900,1.727,middle(1),water,Lee(1963),no,-0.242,0.0,0.612,0.097
71,0.00973,0.0306,7.4356e-05,1.73,6.655e+06,100576.5,3526.4,0.2622,274,1204444.22,1901900,1.575,middle(1),water,Lee(1963),no,-0.029,0.0,0.612,0.097
72,0.00973,0.0306,7.4356e-05,1.73,6.897e+06,123659.5,4055.3,0.3015,254.2,1105286.28,2338400,1.575,middle(1),water,Lee(1963),no,-0.104,0.0,0.612,0.097
73,0.00973,0.0306,7.4356e-05,1.73,6.897e+06,110322.7,4055.3,0.3015,252.8,1098477.51,2086200,1.575,middle(1),water,Lee(1963),no,-0.108,0.0,0.612,0.097
74,0.00973,0.0306,7.4356e-05,1.73,6.897e+06,111454.3,4055.3,0.3015,251.3,1091206.89,2107600,1.575,middle(1),water,Lee(1963),no,-0.113,0.0,0.612,0.097
75,0.00973,0.0306,7.4356e-05,1.73,6.793e+06,115240.7,3526.4,0.2622,238.5,1030087,2179200,1.575,middle(1),water,Lee(1963),no,-0.149,0.0,0.612,0.097
76,0.00973,0.0306,7.4356e-05,1.73,6.862e+06,115240.7,3499.2,0.2602,238.3,1029153.75,2179200,1.575,middle(1),water,Lee(1963),no,-0.153,0.0,0.612,0.097
77,0.00973,0.0306,7.4356e-05,1.73,6.862e+06,116472.9,3526.4,0.2622,238.3,1029153.75,2202500,1.575,middle(1),water,Lee(1963),no,-0.153,0.0,0.612,0.097
78,0.00973,0.0306,7.4356e-05,1.73,6.931e+06,114865.2,3499.2,0.2602,238.6,1030577.21,2172100,1.575,middle(1),water,Lee(1963),no,-0.155,0.0,0.612,0.097
79,0.00973,0.0306,7.4356e-05,1.73,6.931e+06,114389.3,3526.4,0.2622,238.1,1028221.17,2163100,1.575,middle(1),water,Lee(1963),no,-0.156,0.0,0.612,0.097
80,0.00973,0.0306,7.4356e-05,1.73,7.207e+06,153654.3,4068.9,0.3025,209.8,898017.54,2905600,1.524,middle(1),water,Lee(1963),no,-0.255,0.0,0.612,0.097
81,0.00973,0.0306,7.4356e-05,1.73,6.862e+06,89883.70000000001,1993.8,0.1483,274.7,1207973.68,1699700,1.524,Middle(2),water,Lee(1963),no,-0.035,0.0,0.332,0.092
82,0.00973,0.0306,7.4356e-05,1.73,6.862e+06,91396.2,1993.8,0.1483,274.7,1207973.68,1728300,1.524,Middle(2),water,Lee(1963),no,-0.035,0.0,0.332,0.092
83,0.00973,0.0306,7.4356e-05,1.73,6.897e+06,90925.5,2020.9,0.1503,274.6,1207442.41,1719400,1.575,Middle(2),water,Lee(1963),no,-0.036,0.0,0.332,0.092
84,0.00973,0.0306,7.4356e-05,1.73,6.931e+06,90544.79999999999,2020.9,0.1503,275,1209495.62,1712200,1.524,Middle(2),water,Lee(1963),no,-0.036,0.0,0.332,0.092
85,0.00973,0.0306,7.4356e-05,1.73,6.966e+06,91115.9,2020.9,0.1503,274.9,1208963.79,1723000,1.524,Middle(2),water,Lee(1963),no,-0.038,0.0,0.332,0.092
86,0.00973,0.0306,7.4356e-05,1.73,6.897e+06,99439.5,2020.9,0.1503,250.4,1086856.39,1880400,1.524,Middle(2),water,Lee(1963),no,-0.116,0.0,0.332,0.092
87,0.00973,0.0306,7.4356e-05,1.73,6.931e+06,96509.90000000001,2020.9,0.1503,250.8,1088788.73,1825000,1.524,Middle(2),water,Lee(1963),no,-0.116,0.0,0.332,0.092
88,0.00973,0.0306,7.4356e-05,1.73,6.966e+06,99915.5,2020.9,0.1503,250.6,1087822.35,1889400,1.524,Middle(2),water,Lee(1963),no,-0.118,0.0,0.332,0.092
89,0.00973,0.0306,7.4356e-05,1.73,6.897e+06,114484.5,2020.9,0.1503,211.5,905585.43,2164900,1.524,Middle(2),water,Lee(1963),no,-0.236,0.0,0.332,0.092
90,0.00973,0.0306,7.4356e-05,1.73,6.966e+06,114484.5,2020.9,0.1503,211.7,906514.55,2164900,1.524,Middle(2),water,Lee(1963),no,-0.238,0.0,0.332,0.092
91,0.00973,0.0306,7.4356e-05,1.73,7.000e+06,136150.3,2034.4,0.1513,161.5,685155.73,2574600,1.524,Middle(2),water,Lee(1963),no,-0.387,0.0,0.332,0.092
92,0.00973,0.0306,7.4356e-05,1.73,7.000e+06,136626.2,2034.4,0.1513,161.5,685155.73,2583600,1.626,Middle(2),water,Lee(1963),no,-0.387,0.0,0.332,0.092
93,0.00973,0.0306,7.4356e-05,1.73,6.828e+06,96599.8,4041.8,0.3005,274.8,1208504.89,1826700,1.422,Middle(2),water,Lee(1963),no,-0.033,0.0,0.332,0.092
94,0.00973,0.0306,7.4356e-05,1.73,6.862e+06,97451.2,4041.8,0.3005,274.3,1205907.89,1842800,1.219,Middle(2),water,Lee(1963),no,-0.036,0.0,0.332,0.092
95,0.00973,0.0306,7.4356e-05,1.73,6.897e+06,98778.5,4041.8,0.3005,274.6,1207442.41,1867900,1.372,Middle(2),water,Lee(1963),no,-0.036,0.0,0.332,0.092
96,0.00973,0.0306,7.4356e-05,1.73,6.931e+06,95748.40000000001,4041.8,0.3005,275,1209495.62,1810600,1.27,Middle(2),water,Lee(1963),no,-0.036,0.0,0.332,0.092
97,0.00973,0.0306,7.4356e-05,1.73,6.862e+06,99249.2,4041.8,0.3005,273.8,1203329.69,1876800,1.372,Middle(2),water,Lee(1963),no,-0.038,0.0,0.332,0.092
98,0.00973,0.0306,7.4356e-05,1.73,6.862e+06,99439.5,4041.8,0.3005,267.9,1173226.41,1880400,1.27,Middle(2),water,Lee(1963),no,-0.058,0.0,0.332,0.092
99,0.00973,0.0306,7.4356e-05,1.73,6.931e+06,98778.5,4041.8,0.3005,268.2,1174724.25,1867900,1.27,Middle(2),water,Lee(1963),no,-0.059,0.0,0.332,0.092
100,0.00973,0.0306,7.4356e-05,1.73,6.931e+06,106726.7,4041.8,0.3005,257,1118969.43,2018200,1.372,Middle(2),water,Lee(1963),no,-0.096,0.0,0.332,0.092
101,0.00973,0.0306,7.4356e-05,1.73,6.931e+06,106726.7,4041.8,0.3005,257,1118969.43,2018200,1.321,Middle(2),water,Lee(1963),no,-0.096,0.0,0.332,0.092
102,0.00973,0.0306,7.4356e-05,1.73,6.897e+06,112215.8,4028.2,0.2995,250.4,1086856.39,2122000,1.372,Middle(2),water,Lee(1963),no,-0.116,0.0,0.332,0.092
103,0.00973,0.0306,7.4356e-05,1.73,7.138e+06,112686.5,4028.2,0.2995,250.5,1087339.69,2130900,1.422,Middle(2),water,Lee(1963),no,-0.125,0.0,0.332,0.092
104,0.00973,0.0306,7.4356e-05,1.73,6.862e+06,118175.7,4041.8,0.3005,232.4,1001497.29,2234700,1.524,Middle(2),water,Lee(1963),no,-0.171,0.0,0.332,0.092
105,0.00973,0.0306,7.4356e-05,1.73,6.862e+06,122527.9,4041.8,0.3005,231.4,996837.67,2317000,1.524,Middle(2),water,Lee(1963),no,-0.174,0.0,0.332,0.092
106,0.00973,0.0306,7.4356e-05,1.73,6.931e+06,118455.9,4041.8,0.3005,232.1,1000112.23,2240000,1.473,Middle(2),water,Lee(1963),no,-0.175,0.0,0.332,0.092
107,0.00973,0.0306,7.4356e-05,1.73,7.034e+06,122527.9,4041.8,0.3005,231.8,998735.12,2317000,1.524,Middle(2),water,Lee(1963),no,-0.18,0.0,0.332,0.092
108,0.00973,0.0306,7.4356e-05,1.73,6.897e+06,146462.3,4041.8,0.3005,211.5,905585.43,2769600,1.575,Middle(2),water,Lee(1963),no,-0.236,0.0,0.332,0.092
109,0.00973,0.0306,7.4356e-05,1.73,7.138e+06,148831.4,4041.8,0.3005,211.6,906123.15,2814400,1.524,Middle(2),water,Lee(1963),no,-0.246,0.0,0.332,0.092
110,0.00973,0.0306,7.4356e-05,1.73,6.931e+06,158482.4,4041.8,0.3005,200.5,856170.57,2996900,1.422,Middle(2),water,Lee(1963),no,-0.27,0.0,0.332,0.092
111,0.00973,0.0306,7.4356e-05,1.73,7.000e+06,157059.9,4041.8,0.3005,200.2,854860.29,2970000,1.473,Middle(2),water,Lee(1963),no,-0.274,0.0,0.332,0.092
112,0.00973,0.0306,7.4356e-05,1.73,6.931e+06,175320.1,4041.8,0.3005,186.9,795862.56,3315300,1.524,Middle(2),water,Lee(1963),no,-0.31,0.0,0.332,0.092
113,0.00973,0.0306,7.4356e-05,1.73,6.966e+06,173617.3,4041.8,0.3005,186.8,795439.13,3283100,1.524,Middle(2),water,Lee(1963),no,-0.312,0.0,0.332,0.092
114,0.00973,0.0306,7.4356e-05,1.73,6.897e+06,95182.5,2034.4,0.1513,252.8,1098477.51,1799900,1.626,middle(3),water,Lee(1963),yes,-0.108,0.0,0.211,0.043
115,0.00973,0.0306,7.4356e-05,1.73,6.897e+06,96129.09999999999,2020.9,0.1503,252.8,1098477.51,1817800,1.575,middle(3),water,Lee(1963),yes,-0.108,0.0,0.211,0.043
116,0.00973,0.0306,7.4356e-05,1.73,6.862e+06,95372.9,2034.4,0.1513,251.9,1094112.79,1803500,1.575,middle(3),water,Lee(1963),yes,-0.11,0.0,0.211,0.043
117,0.00973,0.0306,7.4356e-05,1.73,6.862e+06,131893.3,2020.9,0.1503,164.8,699346.07,2494100,1.575,middle(3),water,Lee(1963),yes,-0.37,0.0,0.211,0.043
118,0.00973,0.0306,7.4356e-05,1.73,6.966e+06,132554.3,2020.9,0.1503,164.9,699838.97,2506600,1.524,middle(3),water,Lee(1963),yes,-0.375,0.0,0.211,0.043
119,0.00973,0.0306,7.4356e-05,1.73,6.931e+06,132178.8,2034.4,0.1513,164.5,698087.21,2499500,1.575,middle(3),water,Lee(1963),yes,-0.375,0.0,0.211,0.043
120,0.00973,0.0306,7.4356e-05,1.73,6.897e+06,91872.1,4041.8,0.3005,274.6,1207442.41,1737300,1.473,middle(3),water,Lee(1963),yes,-0.036,0.0,0.211,0.043
121,0.00973,0.0306,7.4356e-05,1.73,6.897e+06,92723.5,4041.8,0.3005,274.6,1207442.41,1753400,1.473,middle(3),water,Lee(1963),yes,-0.036,0.0,0.211,0.043
122,0.00973,0.0306,7.4356e-05,1.73,6.966e+06,92723.5,4041.8,0.3005,274.9,1208963.79,1753400,1.524,middle(3),water,Lee(1963),yes,-0.038,0.0,0.211,0.043
123,0.00973,0.0306,7.4356e-05,1.73,6.862e+06,101142.3,4041.8,0.3005,252.9,1098964.22,1912600,1.524,middle(3),water,Lee(1963),yes,-0.107,0.0,0.211,0.043
124,0.00973,0.0306,7.4356e-05,1.73,6.862e+06,101142.3,4041.8,0.3005,252.9,1098964.22,1912600,1.524,middle(3),water,Lee(1963),yes,-0.107,0.0,0.211,0.043
125,0.00973,0.0306,7.4356e-05,1.73,6.931e+06,101523.1,4055.3,0.3015,252.7,1097991.05,1919800,1.524,middle(3),water,Lee(1963),yes,-0.11,0.0,0.211,0.043
126,0.00973,0.0306,7.4356e-05,1.73,6.966e+06,121105.3,4041.8,0.3005,229.5,988028.6,2290100,1.524,middle(3),water,Lee(1963),yes,-0.184,0.0,0.211,0.043
127,0.00973,0.0306,7.4356e-05,1.73,7.000e+06,121010.1,4041.8,0.3005,229.4,987572.16,2288300,1.524,middle(3),water,Lee(1963),yes,-0.186,0.0,0.211,0.043
128,0.00973,0.0306,7.4356e-05,1.73,7.000e+06,122808.1,4055.3,0.3015,229.4,987572.16,2322300,1.575,middle(3),water,Lee(1963),yes,-0.186,0.0,0.211,0.043
129,0.00973,0.0306,7.4356e-05,1.73,6.862e+06,145515.7,4041.8,0.3005,208,889775.31,2751700,1.575,middle(3),water,Lee(1963),yes,-0.245,0.0,0.211,0.043
130,0.00973,0.0306,7.4356e-05,1.73,6.897e+06,146086.8,4041.8,0.3005,207.9,889338.12,2762500,1.575,middle(3),water,Lee(1963),yes,-0.247,0.0,0.211,0.043
131,0.00973,0.0306,7.4356e-05,1.73,6.966e+06,146086.8,4041.8,0.3005,208.1,890264.81,2762500,1.575,middle(3),water,Lee(1963),yes,-0.249,0.0,0.211,0.043
132,0.00973,0.0306,7.4356e-05,1.73,6.862e+06,164632.6,4041.8,0.3005,190.3,810832,3113200,1.524,middle(3),water,Lee(1963),yes,-0.297,0.0,0.211,0.043
133,0.00973,0.0306,7.4356e-05,1.73,6.897e+06,165859.5,4041.8,0.3005,190.2,810406.58,3136400,1.626,middle(3),water,Lee(1963),yes,-0.299,0.0,0.211,0.043
134,0.00973,0.0306,7.4356e-05,1.73,7.138e+06,170497.2,4041.8,0.3005,190.3,810962.28,3224100,1.575,middle(3),water,Lee(1963),yes,-0.31,0.0,0.211,0.043
135,0.00973,0.0306,7.4356e-05,1.73,1.093e+07,65092.60000000001,2020.9,0.1503,284.3,1256013,1230900,1.473,middle(3),water,Lee(1963),yes,-0.152,0.0,0.211,0.043
136,0.00973,0.0306,7.4356e-05,1.73,1.100e+07,65092.60000000001,2020.9,0.1503,284.4,1256500.2,1230900,1.575,middle(3),water,Lee(1963),yes,-0.154,0.0,0.211,0.043
137,0.00973,0.0306,7.4356e-05,1.73,1.107e+07,65002.7,2007.3,0.1493,284.5,1256987.37,1229200,1.575,middle(3),water,Lee(1963),yes,-0.157,0.0,0.211,0.043
138,0.00973,0.0306,7.4356e-05,1.73,1.103e+07,107197.3,2034.4,0.1513,214.1,918799.82,2027100,1.524,middle(3),water,Lee(1963),yes,-0.425,0.0,0.211,0.043
139,0.00973,0.0306,7.4356e-05,1.73,1.107e+07,107197.3,2034.4,0.1513,214.4,920165.91,2027100,1.524,middle(3),water,Lee(1963),yes,-0.426,0.0,0.211,0.043
140,0.00973,0.0306,7.4356e-05,1.73,1.110e+07,95087.3,4041.8,0.3005,284.4,1256444.11,1798100,1.473,middle(3),water,Lee(1963),yes,-0.158,0.0,0.211,0.043
141,0.00973,0.0306,7.4356e-05,1.73,1.121e+07,95658.5,4041.8,0.3005,284.3,1255863.57,1808900,1.575,middle(3),water,Lee(1963),yes,-0.163,0.0,0.211,0.043
142,0.00973,0.0306,7.4356e-05,1.73,1.093e+07,127921.8,4041.8,0.3005,257,1118720.19,2419000,1.524,middle(3),water,Lee(1963),yes,-0.261,0.0,0.211,0.043
143,0.00973,0.0306,7.4356e-05,1.73,1.100e+07,153749.5,4041.8,0.3005,234.1,1010240.84,2907400,1.473,middle(3),water,Lee(1963),yes,-0.35,0.0,0.211,0.043
144,0.00973,0.0306,7.4356e-05,1.73,1.110e+07,155452.3,4041.8,0.3005,234,1009798.52,2939600,1.524,middle(3),water,Lee(1963),yes,-0.356,0.0,0.211,0.043
145,0.00973,0.0306,7.4356e-05,1.73,1.114e+07,155452.3,4041.8,0.3005,233.8,1008878.42,2939600,1.524,middle(3),water,Lee(1963),yes,-0.358,0.0,0.211,0.043
146,0.00973,0.0306,7.4356e-05,1.73,6.897e+06,87160.3,2020.9,0.1503,281.3,1242478.23,1648200,1.473,middle(4),water,Lee(1963),yes,-0.013,0.0,0.198,0.036
147,0.00973,0.0306,7.4356e-05,1.73,6.931e+06,88091,2020.9,0.1503,281.2,1241928.82,1665800,1.473,middle(4),water,Lee(1963),yes,-0.015,0.0,0.198,0.036
148,0.00973,0.0306,7.4356e-05,1.73,6.862e+06,96996.4,2020.9,0.1503,252.4,1096537.11,1834200,1.473,middle(4),water,Lee(1963),yes,-0.108,0.0,0.198,0.036
149,0.00973,0.0306,7.4356e-05,1.73,6.897e+06,96996.4,2020.9,0.1503,252.8,1098477.51,1834200,1.473,middle(4),water,Lee(1963),yes,-0.108,0.0,0.198,0.036
150,0.00973,0.0306,7.4356e-05,1.73,6.931e+06,121221.7,2020.9,0.1503,187.9,800270.02,2292300,1.473,middle(4),water,Lee(1963),yes,-0.307,0.0,0.198,0.036
151,0.00973,0.0306,7.4356e-05,1.73,6.931e+06,121221.7,2020.9,0.1503,187.9,800270.02,2292300,1.473,middle(4),water,Lee(1963),yes,-0.307,0.0,0.198,0.036
152,0.00973,0.0306,7.4356e-05,1.73,6.931e+06,93892.2,4041.8,0.3005,281.2,1241928.82,1775500,1.397,middle(4),water,Lee(1963),yes,-0.015,0.0,0.198,0.036
153,0.00973,0.0306,7.4356e-05,1.73,6.931e+06,93892.2,4041.8,0.3005,281.2,1241928.82,1775500,1.397,middle(4),water,Lee(1963),yes,-0.015,0.0,0.198,0.036
154,0.00973,0.0306,7.4356e-05,1.73,6.897e+06,140782.8,4068.9,0.3025,209.9,898355.54,2662200,1.473,middle(4),water,Lee(1963),yes,-0.241,0.0,0.198,0.036
155,0.00973,0.0306,7.4356e-05,1.73,7.000e+06,140782.8,4068.9,0.3025,209.6,897039.29,2662200,1.397,middle(4),water,Lee(1963),yes,-0.246,0.0,0.198,0.036
156,0.00973,0.0306,7.4356e-05,1.73,1.093e+07,54034.9,2020.9,0.1503,305.4,1372116.82,1021800,1.397,middle(4),water,Lee(1963),yes,-0.06,0.0,0.198,0.036
157,0.00973,0.0306,7.4356e-05,1.73,1.103e+07,54452.7,2020.9,0.1503,305.4,1371978.23,1029700,1.473,middle(4),water,Lee(1963),yes,-0.063,0.0,0.198,0.036
158,0.00973,0.0306,7.4356e-05,1.73,1.100e+07,67081,2020.9,0.1503,284.4,1256500.2,1268500,1.473,middle(4),water,Lee(1963),yes,-0.154,0.0,0.198,0.036
159,0.00973,0.0306,7.4356e-05,1.73,1.100e+07,67081,2020.9,0.1503,284.4,1256500.2,1268500,1.473,middle(4),water,Lee(1963),yes,-0.154,0.0,0.198,0.036
160,0.00973,0.0306,7.4356e-05,1.73,1.103e+07,109312.6,2020.9,0.1503,214.6,921056.26,2067100,1.397,middle(4),water,Lee(1963),yes,-0.423,0.0,0.198,0.036
161,0.00973,0.0306,7.4356e-05,1.73,1.107e+07,109312.6,2020.9,0.1503,214.4,920165.91,2067100,1.321,middle(4),water,Lee(1963),yes,-0.426,0.0,0.198,0.036
162,0.00973,0.0306,7.4356e-05,1.73,1.107e+07,67805.40000000001,4068.9,0.3025,305.2,1370770.12,1282200,1.321,middle(4),water,Lee(1963),yes,-0.066,0.0,0.198,0.036
163,0.00973,0.0306,7.4356e-05,1.73,1.110e+07,67805.40000000001,4068.9,0.3025,305.5,1372466.79,1282200,1.321,middle(4),water,Lee(1963),yes,-0.066,0.0,0.198,0.036
164,0.00973,0.0306,7.4356e-05,1.73,1.103e+07,154860,4082.5,0.3036,234.9,1013962.14,2928400,1.473,middle(4),water,Lee(1963),yes,-0.349,0.0,0.198,0.036
165,0.00973,0.0306,7.4356e-05,1.73,1.103e+07,154860,4068.9,0.3025,234.4,1011640.21,2928400,1.397,middle(4),water,Lee(1963),yes,-0.351,0.0,0.198,0.036
166,0.00973,0.0306,7.4356e-05,1.73,1.107e+07,154860,4082.5,0.3036,234.7,1013040.29,2928400,1.473,middle(4),water,Lee(1963),yes,-0.352,0.0,0.198,0.036
167,0.00947,0.0298,7.0435e-05,3.66,6.670e+06,106677.8,2007.3,0.1414,274.8,1208571.8,979700,3.35,middle,water,Lee(1965),yes,-0.027,0.0,0.365,0.092
168,0.00947,0.0298,7.0435e-05,3.66,6.790e+06,104870.3,2034.4,0.1433,275.8,1213701.61,963100,3.35,middle,water,Lee(1965),yes,-0.028,0.0,0.365,0.092
169,0.00947,0.0298,7.0435e-05,3.66,6.930e+06,131591.4,2048,0.1443,228.3,982457.25,1208500,3.45,middle,water,Lee(1965),yes,-0.186,0.0,0.365,0.092
170,0.00947,0.0298,7.0435e-05,3.66,6.930e+06,132092.3,2048,0.1443,230.8,994059.87,1213100,3.45,middle,water,Lee(1965),yes,-0.179,0.0,0.365,0.092
171,0.00947,0.0298,7.0435e-05,3.66,6.930e+06,143601.8,2034.4,0.1433,203.8,870932.36,1318800,3.45,middle,water,Lee(1965),yes,-0.26,0.0,0.365,0.092
172,0.00947,0.0298,7.0435e-05,3.66,6.900e+06,142806.9,2034.4,0.1433,202,862861.23,1311500,3.45,middle,water,Lee(1965),yes,-0.264,0.0,0.365,0.092
173,0.00947,0.0298,7.0435e-05,3.66,6.930e+06,166021.9,2102.3,0.1481,172.4,732376.2,1524700,3.45,middle,water,Lee(1965),yes,-0.352,0.0,0.365,0.092
174,0.00947,0.0298,7.0435e-05,3.66,7.000e+06,163517.5,2102.3,0.1481,173.6,737640.18,1501700,3.35,middle,water,Lee(1965),yes,-0.352,0.0,0.365,0.092
175,0.00947,0.0298,7.0435e-05,3.66,6.640e+06,122488.4,2780.4,0.1958,275,1209619.96,1124900,3.35,middle,water,Lee(1965),yes,-0.026,0.0,0.365,0.092
176,0.00947,0.0298,7.0435e-05,3.66,6.930e+06,126495.5,2726.2,0.192,261.9,1143151.76,1161700,3.35,middle,water,Lee(1965),yes,-0.08,0.0,0.365,0.092
177,0.00947,0.0298,7.0435e-05,3.66,6.930e+06,124491.9,2726.2,0.192,263,1148623.8,1143300,3.45,middle,water,Lee(1965),yes,-0.076,0.0,0.365,0.092
178,0.00947,0.0298,7.0435e-05,3.66,6.950e+06,135402.5,2726.2,0.192,248.8,1079144.75,1243500,3.35,middle,water,Lee(1965),yes,-0.123,0.0,0.365,0.092
179,0.00947,0.0298,7.0435e-05,3.66,6.720e+06,136894.3,2726.2,0.192,251.8,1093630.84,1257200,3.35,middle,water,Lee(1965),yes,-0.105,0.0,0.365,0.092
180,0.00947,0.0298,7.0435e-05,3.66,6.970e+06,135794.5,2726.2,0.192,243.9,1055692.2,1247100,3.35,middle,water,Lee(1965),yes,-0.139,0.0,0.365,0.092
181,0.00947,0.0298,7.0435e-05,3.66,6.990e+06,141097.4,2712.6,0.1911,241.3,1043344.39,1295800,3.35,middle,water,Lee(1965),yes,-0.148,0.0,0.365,0.092
182,0.00947,0.0298,7.0435e-05,3.66,6.850e+06,134291.9,3404.3,0.2398,275.2,1210565.13,1233300,3.25,middle,water,Lee(1965),yes,-0.032,0.0,0.365,0.092
183,0.00947,0.0298,7.0435e-05,3.66,6.880e+06,135195.6,3404.3,0.2398,274.9,1209000.04,1241600,3.25,middle,water,Lee(1965),yes,-0.035,0.0,0.365,0.092
184,0.00947,0.0298,7.0435e-05,3.66,6.690e+06,142099.1,3390.7,0.2388,260.9,1138227.66,1305000,3.35,middle,water,Lee(1965),yes,-0.074,0.0,0.365,0.092
185,0.00947,0.0298,7.0435e-05,3.66,7.070e+06,162711.7,3431.4,0.2417,238.8,1031538.95,1494300,3.25,middle,water,Lee(1965),yes,-0.16,0.0,0.365,0.092
186,0.00947,0.0298,7.0435e-05,3.66,6.920e+06,161611.9,3458.6,0.2436,239.9,1036711.83,1484200,3.35,middle,water,Lee(1965),yes,-0.15,0.0,0.365,0.092
187,0.00947,0.0298,7.0435e-05,3.66,6.600e+06,166718.8,3458.6,0.2436,237.8,1026761.36,1531100,3.35,middle,water,Lee(1965),yes,-0.144,0.0,0.365,0.092
188,0.00947,0.0298,7.0435e-05,3.66,7.000e+06,148403.8,4041.8,0.2847,274.4,1206367.53,1362900,3.25,middle,water,Lee(1965),yes,-0.041,0.0,0.365,0.092
189,0.00947,0.0298,7.0435e-05,3.66,6.970e+06,150603.3,4068.9,0.2866,273.4,1201228.46,1383100,3.05,middle,water,Lee(1965),yes,-0.043,0.0,0.365,0.092
190,0.00947,0.0298,7.0435e-05,3.66,6.930e+06,164323.2,4068.9,0.2866,255.5,1111626.77,1509100,3.05,middle,water,Lee(1965),yes,-0.101,0.0,0.365,0.092
191,0.00947,0.0298,7.0435e-05,3.66,6.970e+06,166119.9,4096,0.2885,256.9,1118475.66,1525600,3.25,middle,water,Lee(1965),yes,-0.098,0.0,0.365,0.092
192,0.00947,0.0298,7.0435e-05,3.66,6.720e+06,191338.4,4082.5,0.2876,224.6,965314.55,1757200,3.05,middle,water,Lee(1965),yes,-0.189,0.0,0.365,0.092
193,0.00947,0.0298,7.0435e-05,3.66,6.740e+06,187636.2,4082.5,0.2876,226.8,975471.73,1723200,3.15,middle,water,Lee(1965),yes,-0.183,0.0,0.365,0.092
194,0.00947,0.0298,7.0435e-05,3.66,6.790e+06,204742.5,4028.2,0.2837,199.2,850309.63,1880300,3.25,middle,water,Lee(1965),yes,-0.267,0.0,0.365,0.092
195,0.00947,0.0298,7.0435e-05,3.66,6.860e+06,208052.7,4028.2,0.2837,200.5,856140.78,1910700,3.05,middle,water,Lee(1965),yes,-0.267,0.0,0.365,0.092
196,0.00947,0.0298,7.0435e-05,3.66,6.860e+06,221054,4055.3,0.2856,177.7,755457.03,2030100,3.05,middle,water,Lee(1965),yes,-0.333,0.0,0.365,0.092
197,0.00947,0.0298,7.0435e-05,3.66,6.970e+06,228959.3,4055.3,0.2856,171.1,726742.26,2102700,3.15,middle,water,Lee(1965),yes,-0.358,0.0,0.365,0.092
198,0.00947,0.0298,7.0435e-05,3.66,6.860e+06,227260.6,4041.8,0.2847,172.7,733643.91,2087100,3.15,middle,water,Lee(1965),yes,-0.348,0.0,0.365,0.092
199,0.00947,0.0298,7.0435e-05,3.66,6.830e+06,115584.9,2726.2,0.192,274.8,1208504.05,1061500,NaN,middle,water,Lee(1965),yes,-0.033,0.0,0.365,0.092
200,0.00947,0.0298,7.0435e-05,3.66,7.030e+06,129990.8,2712.6,0.1911,251.8,1093625.52,1193800,NaN,middle,water,Lee(1965),yes,-0.117,0.0,0.365,0.092
201,0.00947,0.0298,7.0435e-05,3.66,6.990e+06,140999.4,2726.2,0.192,240.8,1040976.66,1294900,NaN,middle,water,Lee(1965),yes,-0.15,0.0,0.365,0.092
202,0.00947,0.0298,7.0435e-05,3.66,6.690e+06,141805.1,3404.3,0.2398,261.9,1143192.02,1302300,NaN,middle,water,Lee(1965),yes,-0.071,0.0,0.365,0.092
203,0.00947,0.0298,7.0435e-05,3.66,6.870e+06,153107.7,3404.3,0.2398,252.3,1096051.83,1406100,NaN,middle,water,Lee(1965),yes,-0.109,0.0,0.365,0.092
204,0.00947,0.0298,7.0435e-05,3.66,6.880e+06,151910,3404.3,0.2398,251.8,1093627.95,1395100,NaN,middle,water,Lee(1965),yes,-0.111,0.0,0.365,0.092
205,0.00947,0.0298,7.0435e-05,3.66,6.950e+06,202347,4096,0.2885,224.3,963993.27,1858300,NaN,middle,water,Lee(1965),yes,-0.199,0.0,0.365,0.092
206,0.00947,0.0298,7.0435e-05,3.66,6.900e+06,224658.2,4028.2,0.2837,176.5,750235.36,2063200,NaN,middle,water,Lee(1965),yes,-0.339,0.0,0.365,0.092
207,0.02207,0.0693,3.8256e-04,1.19,1.110e+07,125627.6,333.6,0.1276,243,1051859.24,1522600,0.755,inlet(1),water,Lee(1966),yes,-0.322,0.0,0.846,0.03
208,0.02207,0.0693,3.8256e-04,1.19,1.100e+07,129051.7,328.2,0.1256,272.3,1194298.04,1564100,0.755,inlet(1),water,Lee(1966),yes,-0.204,0.0,0.846,0.03
209,0.02207,0.0693,3.8256e-04,1.19,1.134e+07,114530.2,341.8,0.1308,267.9,1172184.26,1388100,0.636,inlet(1),water,Lee(1966),yes,-0.237,0.0,0.846,0.03
210,0.02207,0.0693,3.8256e-04,1.19,1.093e+07,117343.7,344.5,0.1318,278.4,1225373.02,1422200,0.676,inlet(1),water,Lee(1966),yes,-0.176,0.0,0.846,0.03
211,0.02207,0.0693,3.8256e-04,1.19,1.114e+07,120124.3,660.5,0.2527,286.5,1267482.31,1455900,0.636,inlet(1),water,Lee(1966),yes,-0.151,0.0,0.846,0.03
212,0.02207,0.0693,3.8256e-04,1.19,1.121e+07,118177.1,682.2,0.261,285.6,1262692.13,1432300,0.596,inlet(1),water,Lee(1966),yes,-0.158,0.0,0.846,0.03
213,0.02207,0.0693,3.8256e-04,1.19,1.121e+07,116584.6,661.9,0.2532,277.7,1221670.91,1413000,0.636,inlet(1),water,Lee(1966),yes,-0.191,0.0,0.846,0.03
214,0.02207,0.0693,3.8256e-04,1.19,1.100e+07,124695.2,671.4,0.2568,278,1223290.54,1511300,0.716,inlet(1),water,Lee(1966),yes,-0.181,0.0,0.846,0.03
215,0.02207,0.0693,3.8256e-04,1.19,1.093e+07,123375.1,670,0.2563,255.6,1111943.45,1495300,0.636,inlet(1),water,Lee(1966),yes,-0.266,0.0,0.846,0.03
216,0.02207,0.0693,3.8256e-04,1.19,1.093e+07,138647.4,675.4,0.2584,252.8,1098452.33,1680400,0.755,inlet(1),water,Lee(1966),yes,-0.277,0.0,0.846,0.03
217,0.02207,0.0693,3.8256e-04,1.19,1.100e+07,149513.8,1006.4,0.385,255.3,1110493.05,1812100,0.716,inlet(1),water,Lee(1966),yes,-0.271,0.0,0.846,0.03
218,0.02207,0.0693,3.8256e-04,1.19,1.107e+07,146840.5,1006.4,0.385,300.8,1345576.12,1779700,0.716,inlet(1),water,Lee(1966),yes,-0.086,0.0,0.846,0.03
219,0.02207,0.0693,3.8256e-04,1.19,1.086e+07,117038.4,1015.9,0.3886,294.7,1311824,1418500,0.477,inlet(1),water,Lee(1966),yes,-0.105,0.0,0.846,0.03
220,0.02207,0.0693,3.8256e-04,1.19,1.093e+07,119951,1017.2,0.3891,276.3,1214614.55,1453800,0.517,inlet(1),water,Lee(1966),yes,-0.185,0.0,0.846,0.03
221,0.02207,0.0693,3.8256e-04,1.19,1.100e+07,135173.8,1015.9,0.3886,254.9,1108562.34,1638300,0.596,inlet(1),water,Lee(1966),yes,-0.272,0.0,0.846,0.03
222,0.02207,0.0693,3.8256e-04,1.19,1.107e+07,151766.3,1344.1,0.5142,258,1123567.05,1839400,0.755,inlet(1),water,Lee(1966),yes,-0.263,0.0,0.846,0.03
223,0.02207,0.0693,3.8256e-04,1.19,1.093e+07,152525.4,1340,0.5126,277.3,1219728.49,1848600,0.636,inlet(1),water,Lee(1966),yes,-0.181,0.0,0.846,0.03
224,0.02207,0.0693,3.8256e-04,1.19,1.117e+07,136749.7,1338.7,0.5121,299,1335348.3,1657400,0.596,inlet(1),water,Lee(1966),yes,-0.098,0.0,0.846,0.03
225,0.02207,0.0693,3.8256e-04,1.19,1.100e+07,113853.6,1345.4,0.5147,304.1,1364497.25,1379900,0.437,inlet(1),water,Lee(1966),yes,-0.068,0.0,0.846,0.03
226,0.02207,0.0693,3.8256e-04,1.19,1.114e+07,112418,1340,0.5126,277.3,1219649.29,1362500,0.437,inlet(1),water,Lee(1966),yes,-0.19,0.0,0.846,0.03
227,0.02207,0.0693,3.8256e-04,1.19,1.134e+07,130099.5,1013.2,0.3876,278.8,1227263.57,1576800,0.596,inlet(1),water,Lee(1966),yes,-0.192,0.0,0.846,0.03
228,0.02207,0.0693,3.8256e-04,1.19,1.114e+07,135784.4,1342.7,0.5137,238.8,1032156.79,1645700,0.676,inlet(1),water,Lee(1966),yes,-0.34,0.0,0.846,0.03
229,0.0283,0.0889,6.2902e-04,1.19,1.110e+07,142797.5,339.1,0.2133,299.8,1339906.96,1349700,0.676,inlet(2),water,Lee(1966),yes,-0.092,0.0,0.846,0.03
230,0.0283,0.0889,6.2902e-04,1.19,1.103e+07,170263,344.5,0.2167,277.5,1220714.99,1609300,0.676,inlet(2),water,Lee(1966),yes,-0.184,0.0,0.846,0.03
231,0.0283,0.0889,6.2902e-04,1.19,1.107e+07,192459.7,345.9,0.2176,256.8,1117746.17,1819100,0.755,inlet(2),water,Lee(1966),yes,-0.268,0.0,0.846,0.03
232,0.0283,0.0889,6.2902e-04,1.19,1.107e+07,159693.6,695.8,0.4377,294.5,1310547.01,1509400,0.596,inlet(2),water,Lee(1966),yes,-0.114,0.0,0.846,0.03
233,0.0283,0.0889,6.2902e-04,1.19,1.114e+07,158529.8,672.7,0.4231,293.3,1303940.48,1498400,0.596,inlet(2),water,Lee(1966),yes,-0.122,0.0,0.846,0.03
234,0.0283,0.0889,6.2902e-04,1.19,1.086e+07,177520.8,697.1,0.4385,282.4,1246111.12,1677900,0.636,inlet(2),water,Lee(1966),yes,-0.157,0.0,0.846,0.03
235,0.0283,0.0889,6.2902e-04,1.19,1.107e+07,177520.8,684.9,0.4308,276,1213034.46,1677900,0.676,inlet(2),water,Lee(1966),yes,-0.192,0.0,0.846,0.03
236,0.0283,0.0889,6.2902e-04,1.19,1.100e+07,159693.6,1013.2,0.6373,298.6,1333285.28,1509400,0.517,inlet(2),water,Lee(1966),yes,-0.093,0.0,0.846,0.03
237,0.0283,0.0889,6.2902e-04,1.19,1.107e+07,187413.1,1007.7,0.6339,277.3,1219675.58,1771400,0.676,inlet(2),water,Lee(1966),yes,-0.187,0.0,0.846,0.03
238,0.0283,0.0889,6.2902e-04,1.19,1.100e+07,209334.7,1021.3,0.6424,254.7,1107597.61,1978600,0.676,inlet(2),water,Lee(1966),yes,-0.273,0.0,0.846,0.03
239,0.0283,0.0889,6.2902e-04,1.19,1.100e+07,158529.8,1340,0.8429,300.6,1344523.32,1498400,0.358,inlet(2),water,Lee(1966),yes,-0.084,0.0,0.846,0.03
240,0.0283,0.0889,6.2902e-04,1.19,1.103e+07,191190.1,1344.1,0.8455,278.9,1227904.15,1807100,0.517,inlet(2),water,Lee(1966),yes,-0.178,0.0,0.846,0.03
241,0.0283,0.0889,6.2902e-04,1.19,1.110e+07,222792.4,1333.2,0.8386,255.6,1111940.5,2105800,0.636,inlet(2),water,Lee(1966),yes,-0.274,0.0,0.846,0.03
242,0.0283,0.0889,6.2902e-04,1.19,1.231e+07,124801,344.5,0.2167,309.4,1393587.47,1179600,0.557,inlet(2),water,Lee(1966),yes,-0.094,0.0,0.846,0.03
243,0.0283,0.0889,6.2902e-04,1.19,1.245e+07,148320.2,344.5,0.2167,289.6,1283101.84,1401900,0.755,inlet(2),water,Lee(1966),yes,-0.194,0.0,0.846,0.03
244,0.0283,0.0889,6.2902e-04,1.19,1.238e+07,178737.5,336.4,0.2116,264.5,1155211.21,1689400,0.755,inlet(2),water,Lee(1966),yes,-0.3,0.0,0.846,0.03
245,0.0283,0.0889,6.2902e-04,1.19,1.238e+07,134185.4,674.1,0.424,311.9,1408329.93,1268300,0.557,inlet(2),water,Lee(1966),yes,-0.084,0.0,0.846,0.03
246,0.0283,0.0889,6.2902e-04,1.19,1.245e+07,160846.9,698.5,0.4394,283.9,1253134.96,1520300,0.755,inlet(2),water,Lee(1966),yes,-0.22,0.0,0.846,0.03
247,0.0283,0.0889,6.2902e-04,1.19,1.231e+07,170263,672.7,0.4231,278.3,1224327.28,1609300,0.795,inlet(2),water,Lee(1966),yes,-0.238,0.0,0.846,0.03
248,0.0283,0.0889,6.2902e-04,1.19,1.252e+07,181192.1,676.8,0.4257,264.6,1155685.39,1712600,0.835,inlet(2),water,Lee(1966),yes,-0.307,0.0,0.846,0.03
249,0.0283,0.0889,6.2902e-04,1.19,1.231e+07,131011.4,1007.7,0.6339,309,1391234.04,1238300,0.557,inlet(2),water,Lee(1966),yes,-0.096,0.0,0.846,0.03
250,0.0283,0.0889,6.2902e-04,1.19,1.238e+07,158529.8,1007.7,0.6339,287.3,1270973.33,1498400,0.676,inlet(2),water,Lee(1966),yes,-0.201,0.0,0.846,0.03
251,0.0283,0.0889,6.2902e-04,1.19,1.217e+07,183667.8,1011.8,0.6364,266.1,1163121.35,1736000,0.755,inlet(2),water,Lee(1966),yes,-0.283,0.0,0.846,0.03
252,0.0283,0.0889,6.2902e-04,1.19,1.245e+07,141718.3,1353.6,0.8514,306.4,1375902.82,1339500,0.595,inlet(2),water,Lee(1966),yes,-0.115,0.0,0.846,0.03
253,0.0283,0.0889,6.2902e-04,1.19,1.245e+07,166708.1,1321,0.8309,289.2,1280977.61,1575700,0.636,inlet(2),water,Lee(1966),yes,-0.196,0.0,0.846,0.03
254,0.0283,0.0889,6.2902e-04,1.19,1.248e+07,202764.6,1349.5,0.8489,310.8,1401610.93,1916500,0.755,inlet(2),water,Lee(1966),yes,-0.094,0.0,0.846,0.03
255,0.0283,0.0889,6.2902e-04,1.19,1.114e+07,152816.7,671.4,0.4223,297.6,1327574.74,1444400,NaN,inlet(2),water,Lee(1966),yes,-0.103,0.0,0.846,0.03
256,0.0283,0.0889,6.2902e-04,1.19,1.114e+07,151695.2,691.7,0.4351,295.9,1318172.25,1433800,NaN,inlet(2),water,Lee(1966),yes,-0.111,0.0,0.846,0.03
257,0.0283,0.0889,6.2902e-04,1.19,1.107e+07,201452.7,687.6,0.4325,254.9,1108561.77,1904100,NaN,inlet(2),water,Lee(1966),yes,-0.275,0.0,0.846,0.03
258,0.0283,0.0889,6.2902e-04,1.19,1.079e+07,204065.9,1021.3,0.6424,254.9,1108564.39,1928800,NaN,inlet(2),water,Lee(1966),yes,-0.262,0.0,0.846,0.03
259,0.0283,0.0889,6.2902e-04,1.19,1.107e+07,158529.8,1341.4,0.8438,300.3,1342753.63,1498400,NaN,inlet(2),water,Lee(1966),yes,-0.088,0.0,0.846,0.03
260,0.0283,0.0889,6.2902e-04,1.19,1.107e+07,218698,1337.3,0.8412,254.4,1106151.19,2067100,NaN,inlet(2),water,Lee(1966),yes,-0.277,0.0,0.846,0.03
261,0.0283,0.0889,6.2902e-04,1.19,1.107e+07,158529.8,1341.4,0.8438,300.3,1342753.63,1498400,NaN,inlet(2),water,Lee(1966),yes,-0.088,0.0,0.846,0.03
262,0.0283,0.0889,6.2902e-04,1.19,1.110e+07,192459.7,1345.4,0.8463,278.1,1223764.44,1819100,NaN,inlet(2),water,Lee(1966),yes,-0.185,0.0,0.846,0.03
263,0.0283,0.0889,6.2902e-04,1.19,1.203e+07,146098.4,345.9,0.2176,289.1,1280714.25,1380900,NaN,inlet(2),water,Lee(1966),yes,-0.178,0.0,0.846,0.03
264,0.0283,0.0889,6.2902e-04,1.19,1.252e+07,156244.6,344.5,0.2167,287.1,1269839.44,1476800,NaN,inlet(2),water,Lee(1966),yes,-0.209,0.0,0.846,0.03
265,0.0283,0.0889,6.2902e-04,1.19,1.238e+07,177520.8,340.4,0.2141,263.5,1150302.85,1677900,NaN,inlet(2),water,Lee(1966),yes,-0.304,0.0,0.846,0.03
266,0.0283,0.0889,6.2902e-04,1.19,1.252e+07,158529.8,695.8,0.4377,287.1,1269839.44,1498400,NaN,inlet(2),water,Lee(1966),yes,-0.209,0.0,0.846,0.03
267,0.0283,0.0889,6.2902e-04,1.19,1.238e+07,182429.9,693.1,0.436,264.9,1157177.95,1724300,NaN,inlet(2),water,Lee(1966),yes,-0.299,0.0,0.846,0.03
268,0.0283,0.0889,6.2902e-04,1.19,1.252e+07,133138,1009.1,0.6347,308.5,1388004.27,1258400,NaN,inlet(2),water,Lee(1966),yes,-0.107,0.0,0.846,0.03
269,0.0283,0.0889,6.2902e-04,1.19,1.093e+07,132069.4,367.6,0.2312,298.1,1330564.26,1248300,0.994,outlet,water,Lee(1966),yes,-0.093,0.0,0.165,0.03
270,0.0283,0.0889,6.2902e-04,1.19,1.107e+07,148320.2,368.9,0.232,281,1238732.9,1401900,0.954,outlet,water,Lee(1966),yes,-0.171,0.0,0.165,0.03
271,0.0283,0.0889,6.2902e-04,1.19,1.086e+07,148320.2,370.3,0.2329,276.6,1216172.59,1401900,0.954,outlet,water,Lee(1966),yes,-0.18,0.0,0.165,0.03
272,0.0283,0.0889,6.2902e-04,1.19,1.100e+07,164348.8,370.3,0.2329,253.3,1100856.26,1553400,0.994,outlet,water,Lee(1966),yes,-0.278,0.0,0.165,0.03
273,0.0283,0.0889,6.2902e-04,1.19,1.086e+07,146098.4,668.7,0.4206,297.5,1327291.42,1380900,0.994,outlet,water,Lee(1966),yes,-0.093,0.0,0.165,0.03
274,0.0283,0.0889,6.2902e-04,1.19,1.100e+07,157387.2,690.4,0.4343,279.9,1233072.85,1487600,0.994,outlet,water,Lee(1966),yes,-0.173,0.0,0.165,0.03
275,0.0283,0.0889,6.2902e-04,1.19,1.093e+07,150563.1,1015.9,0.639,298.5,1332797.53,1423100,1.153,outlet,water,Lee(1966),yes,-0.091,0.0,0.165,0.03
276,0.0283,0.0889,6.2902e-04,1.19,1.100e+07,171469.1,1006.4,0.633,278.6,1226373,1620700,1.073,outlet,water,Lee(1966),yes,-0.178,0.0,0.165,0.03
277,0.0283,0.0889,6.2902e-04,1.19,1.086e+07,196289.7,1005,0.6322,254.5,1106633.91,1855300,0.994,outlet,water,Lee(1966),yes,-0.267,0.0,0.165,0.03
278,0.0283,0.0889,6.2902e-04,1.19,1.079e+07,146098.4,1340,0.8429,303.6,1361882.15,1380900,1.153,outlet,water,Lee(1966),yes,-0.063,0.0,0.165,0.03
279,0.0283,0.0889,6.2902e-04,1.19,1.086e+07,178737.5,1360.4,0.8557,278.4,1225401.33,1689400,1.073,outlet,water,Lee(1966),yes,-0.173,0.0,0.165,0.03
280,0.0283,0.0889,6.2902e-04,1.19,1.086e+07,205367.2,1342.7,0.8446,256.9,1118237.97,1941100,0.994,outlet,water,Lee(1966),yes,-0.258,0.0,0.165,0.03
281,0.0283,0.0889,6.2902e-04,1.19,1.086e+07,205367.2,1342.7,0.8446,255.9,1113395.42,1941100,0.994,outlet,water,Lee(1966),yes,-0.262,0.0,0.165,0.03
282,0.0283,0.0889,6.2902e-04,1.19,1.238e+07,106116.8,373,0.2346,311.5,1405937.07,1003000,1.153,outlet,water,Lee(1966),yes,-0.086,0.0,0.165,0.03
283,0.0283,0.0889,6.2902e-04,1.19,1.197e+07,109925.6,373,0.2346,307.8,1384684.83,1039000,1.153,outlet,water,Lee(1966),yes,-0.088,0.0,0.165,0.03
284,0.0283,0.0889,6.2902e-04,1.19,1.238e+07,132069.4,373,0.2346,287.3,1270973.33,1248300,0.994,outlet,water,Lee(1966),yes,-0.201,0.0,0.165,0.03
285,0.0283,0.0889,6.2902e-04,1.19,1.245e+07,139538.8,668.7,0.4206,288.3,1276210.3,1318900,0.994,outlet,water,Lee(1966),yes,-0.2,0.0,0.165,0.03
286,0.0283,0.0889,6.2902e-04,1.19,1.238e+07,158529.8,674.1,0.424,266.8,1166546.99,1498400,0.914,outlet,water,Lee(1966),yes,-0.291,0.0,0.165,0.03
287,0.0283,0.0889,6.2902e-04,1.19,1.224e+07,120748.9,679.5,0.4274,308.1,1386059.57,1141300,1.073,outlet,water,Lee(1966),yes,-0.097,0.0,0.165,0.03
288,0.0283,0.0889,6.2902e-04,1.19,1.231e+07,160846.9,694.4,0.4368,265.3,1159156.16,1520300,0.914,outlet,water,Lee(1966),yes,-0.293,0.0,0.165,0.03
289,0.0283,0.0889,6.2902e-04,1.19,1.238e+07,123785.3,1014.5,0.6381,305.9,1373110.4,1170000,1.034,outlet,water,Lee(1966),yes,-0.114,0.0,0.165,0.03
290,0.0283,0.0889,6.2902e-04,1.19,1.238e+07,140618,1014.5,0.6381,287.8,1273610.56,1329100,1.034,outlet,water,Lee(1966),yes,-0.199,0.0,0.165,0.03
291,0.0283,0.0889,6.2902e-04,1.19,1.252e+07,122769.6,1331.9,0.8378,308.5,1388004.27,1160400,1.113,outlet,water,Lee(1966),yes,-0.107,0.0,0.165,0.03
292,0.0283,0.0889,6.2902e-04,1.19,1.252e+07,124801,1341.4,0.8438,308.9,1390345.05,1179600,1.073,outlet,water,Lee(1966),yes,-0.105,0.0,0.165,0.03
293,0.0283,0.0889,6.2902e-04,1.19,1.231e+07,151695.2,1345.4,0.8463,292.5,1298708.51,1433800,1.113,outlet,water,Lee(1966),yes,-0.175,0.0,0.165,0.03
294,0.0283,0.0889,6.2902e-04,1.19,1.231e+07,182429.9,1345.4,0.8463,266.2,1163593.96,1724300,0.994,outlet,water,Lee(1966),yes,-0.29,0.0,0.165,0.03
295,0.0283,0.0889,6.2902e-04,1.19,1.238e+07,151695.2,1352.2,0.8506,288.7,1278370.38,1433800,1.073,outlet,water,Lee(1966),yes,-0.195,0.0,0.165,0.03
296,0.0283,0.0889,6.2902e-04,1.19,1.093e+07,129964,367.6,0.2312,296,1318914.44,1228400,NaN,outlet,water,Lee(1966),yes,-0.102,0.0,0.165,0.03
297,0.0283,0.0889,6.2902e-04,1.19,1.107e+07,162010.6,373,0.2346,255.8,1112907.45,1531300,NaN,outlet,water,Lee(1966),yes,-0.272,0.0,0.165,0.03
298,0.0283,0.0889,6.2902e-04,1.19,1.072e+07,169078,668.7,0.4206,276.3,1214690.29,1598100,NaN,outlet,water,Lee(1966),yes,-0.176,0.0,0.165,0.03
299,0.0283,0.0889,6.2902e-04,1.19,1.100e+07,179964.8,689,0.4334,258.1,1124056.35,1701000,NaN,outlet,water,Lee(1966),yes,-0.26,0.0,0.165,0.03
300,0.0283,0.0889,6.2902e-04,1.19,1.072e+07,182429.9,691.7,0.4351,255.7,1112431.18,1724300,NaN,outlet,water,Lee(1966),yes,-0.256,0.0,0.165,0.03
301,0.0283,0.0889,6.2902e-04,1.19,1.100e+07,182429.9,667.3,0.4197,256.2,1114843.38,1724300,NaN,outlet,water,Lee(1966),yes,-0.267,0.0,0.165,0.03
302,0.0283,0.0889,6.2902e-04,1.19,1.100e+07,183667.8,675.4,0.4248,255.2,1110010.21,1736000,NaN,outlet,water,Lee(1966),yes,-0.271,0.0,0.165,0.03
303,0.0283,0.0889,6.2902e-04,1.19,1.100e+07,152816.7,1013.2,0.6373,297.8,1328823.39,1444400,NaN,outlet,water,Lee(1966),yes,-0.097,0.0,0.165,0.03
304,0.0283,0.0889,6.2902e-04,1.19,1.107e+07,146098.4,1340,0.8429,301.6,1350108.52,1380900,NaN,outlet,water,Lee(1966),yes,-0.082,0.0,0.165,0.03
305,0.0283,0.0889,6.2902e-04,1.19,1.231e+07,151695.2,373,0.2346,265.3,1159156.16,1433800,NaN,outlet,water,Lee(1966),yes,-0.293,0.0,0.165,0.03
306,0.0283,0.0889,6.2902e-04,1.19,1.210e+07,122769.6,1006.4,0.633,308,1385671.69,1160400,NaN,outlet,water,Lee(1966),yes,-0.092,0.0,0.165,0.03
307,0.0283,0.0889,6.2902e-04,1.19,1.224e+07,164348.8,1009.1,0.6347,265.7,1161137.28,1553400,NaN,outlet,water,Lee(1966),yes,-0.288,0.0,0.165,0.03
308,0.0283,0.0889,6.2902e-04,1.19,1.231e+07,138999.3,1011.8,0.6364,287.7,1273124.27,1313800,NaN,outlet,water,Lee(1966),yes,-0.196,0.0,0.165,0.03
309,0.0283,0.0889,6.2902e-04,1.19,1.224e+07,164348.8,1011.8,0.6364,265.7,1161137.28,1553400,NaN,outlet,water,Lee(1966),yes,-0.288,0.0,0.165,0.03
310,0.0159,0.05,1.9856e-04,1,8.620e+06,101680.9,1620.8,0.3218,283.5,1253111.81,2035600,0.951,middle(1),water,Lee(1966),yes,-0.066,0.0,0.727,0.025
311,0.0159,0.05,1.9856e-04,1,8.620e+06,100681.9,1630.3,0.3237,283.5,1253111.81,2015600,0.951,middle(1),water,Lee(1966),yes,-0.066,0.0,0.727,0.025
312,0.0159,0.05,1.9856e-04,1,8.620e+06,100681.9,1630.3,0.3237,283.5,1253111.81,2015600,0.951,middle(1),water,Lee(1966),yes,-0.066,0.0,0.727,0.025
313,0.0159,0.05,1.9856e-04,1,8.720e+06,116496.5,1623.5,0.3224,261.2,1139426.75,2332200,0.901,middle(1),water,Lee(1966),yes,-0.151,0.0,0.727,0.025
314,0.0159,0.05,1.9856e-04,1,8.620e+06,116496.5,1623.5,0.3224,261.1,1138946.48,2332200,0.851,middle(1),water,Lee(1966),yes,-0.148,0.0,0.727,0.025
315,0.0159,0.05,1.9856e-04,1,8.620e+06,110792,1620.8,0.3218,264.9,1157772.56,2218000,0.951,middle(1),water,Lee(1966),yes,-0.134,0.0,0.727,0.025
316,0.0159,0.05,1.9856e-04,1,8.620e+06,110492.3,1620.8,0.3218,264.9,1157772.56,2212000,0.951,middle(1),water,Lee(1966),yes,-0.134,0.0,0.727,0.025
317,0.0159,0.05,1.9856e-04,1,8.620e+06,128205.1,1623.5,0.3224,245.3,1062487.91,2566600,0.901,middle(1),water,Lee(1966),yes,-0.202,0.0,0.727,0.025
318,0.0159,0.05,1.9856e-04,1,8.620e+06,128804.5,1623.5,0.3224,245.3,1062487.91,2578600,0.901,middle(1),water,Lee(1966),yes,-0.202,0.0,0.727,0.025
319,0.0159,0.05,1.9856e-04,1,8.620e+06,101181.4,2708.5,0.5378,283.5,1253111.81,2025600,0.951,middle(1),water,Lee(1966),yes,-0.066,0.0,0.727,0.025
320,0.0159,0.05,1.9856e-04,1,8.620e+06,101181.4,2708.5,0.5378,283.5,1253111.81,2025600,0.901,middle(1),water,Lee(1966),yes,-0.066,0.0,0.727,0.025
321,0.0159,0.05,1.9856e-04,1,8.690e+06,133310.1,2705.8,0.5373,261.2,1139430.56,2668800,0.901,middle(1),water,Lee(1966),yes,-0.15,0.0,0.727,0.025
322,0.0159,0.05,1.9856e-04,1,8.690e+06,133809.6,2704.5,0.537,261.2,1139430.56,2678800,0.951,middle(1),water,Lee(1966),yes,-0.15,0.0,0.727,0.025
323,0.0159,0.05,1.9856e-04,1,8.690e+06,120797.3,2712.6,0.5386,265.5,1160748.88,2418300,0.901,middle(1),water,Lee(1966),yes,-0.135,0.0,0.727,0.025
324,0.0159,0.05,1.9856e-04,1,8.660e+06,119898.2,2712.6,0.5386,264.9,1157765.04,2400300,0.851,middle(1),water,Lee(1966),yes,-0.136,0.0,0.727,0.025
325,0.0159,0.05,1.9856e-04,1,1.038e+07,117695.3,1620.8,0.3218,262.1,1143655.14,2356200,0.851,middle(1),water,Lee(1966),yes,-0.217,0.0,0.727,0.025
326,0.0159,0.05,1.9856e-04,1,1.038e+07,117695.3,1620.8,0.3218,262.1,1143655.14,2356200,0.851,middle(1),water,Lee(1966),yes,-0.217,0.0,0.727,0.025
327,0.0159,0.05,1.9856e-04,1,1.038e+07,133509.9,1623.5,0.3224,237.3,1025017.18,2672800,0.851,middle(1),water,Lee(1966),yes,-0.308,0.0,0.727,0.025
328,0.0159,0.05,1.9856e-04,1,1.034e+07,137411.1,1623.5,0.3224,237.4,1025477.24,2750900,0.851,middle(1),water,Lee(1966),yes,-0.306,0.0,0.727,0.025
329,0.0159,0.05,1.9856e-04,1,1.034e+07,137111.4,1623.5,0.3224,237.4,1025477.24,2744900,0.751,middle(1),water,Lee(1966),yes,-0.306,0.0,0.727,0.025
330,0.0159,0.05,1.9856e-04,1,1.034e+07,125802.4,1633,0.3242,250.6,1087884.81,2518500,0.951,middle(1),water,Lee(1966),yes,-0.258,0.0,0.727,0.025
331,0.0159,0.05,1.9856e-04,1,1.034e+07,125502.7,1633,0.3242,250.6,1087884.81,2512500,0.751,middle(1),water,Lee(1966),yes,-0.258,0.0,0.727,0.025
332,0.0159,0.05,1.9856e-04,1,1.034e+07,91875.5,2699,0.5359,296.2,1320571.83,1839300,0.951,middle(1),water,Lee(1966),yes,-0.079,0.0,0.727,0.025
333,0.0159,0.05,1.9856e-04,1,1.034e+07,91875.5,2699,0.5359,296.2,1320571.83,1839300,0.901,middle(1),water,Lee(1966),yes,-0.079,0.0,0.727,0.025
334,0.0159,0.05,1.9856e-04,1,1.041e+07,117395.6,2712.6,0.5386,279.6,1231781.44,2350200,0.851,middle(1),water,Lee(1966),yes,-0.15,0.0,0.727,0.025
335,0.0159,0.05,1.9856e-04,1,1.034e+07,117795.2,2712.6,0.5386,279.7,1232330.14,2358200,0.801,middle(1),water,Lee(1966),yes,-0.147,0.0,0.727,0.025
336,0.0159,0.05,1.9856e-04,1,1.034e+07,139613.9,2635.3,0.5233,267.3,1169393.74,2795000,0.901,middle(1),water,Lee(1966),yes,-0.195,0.0,0.727,0.025
337,0.0159,0.05,1.9856e-04,1,1.034e+07,139214.3,2635.3,0.5233,267.3,1169393.74,2787000,0.851,middle(1),water,Lee(1966),yes,-0.195,0.0,0.727,0.025
338,0.0159,0.05,1.9856e-04,1,1.110e+07,102984.6,3393.5,0.6738,302.1,1352916.66,2061700,0.901,middle(1),water,Lee(1966),yes,-0.081,0.0,0.727,0.025
339,0.0159,0.05,1.9856e-04,1,1.103e+07,102085.5,3393.5,0.6738,302.1,1352998.57,2043700,0.901,middle(1),water,Lee(1966),yes,-0.079,0.0,0.727,0.025
340,0.0159,0.05,1.9856e-04,1,1.117e+07,119398.6,3379.9,0.6711,294.2,1308822.05,2390300,0.901,middle(1),water,Lee(1966),yes,-0.119,0.0,0.727,0.025
341,0.0159,0.05,1.9856e-04,1,1.107e+07,117795.2,3379.9,0.6711,294.2,1308906.12,2358200,0.901,middle(1),water,Lee(1966),yes,-0.115,0.0,0.727,0.025
342,0.0159,0.05,1.9856e-04,1,1.121e+07,120997.1,3379.9,0.6711,294.2,1308788.53,2422300,0.901,middle(1),water,Lee(1966),yes,-0.121,0.0,0.727,0.025
343,0.0159,0.05,1.9856e-04,1,1.100e+07,118394.6,3379.9,0.6711,294.2,1308965.23,2370200,0.901,middle(1),water,Lee(1966),yes,-0.112,0.0,0.727,0.025
344,0.0159,0.05,1.9856e-04,1,1.107e+07,134209.2,3386.7,0.6725,285.5,1262245.49,2686800,0.901,middle(1),water,Lee(1966),yes,-0.153,0.0,0.727,0.025
345,0.0159,0.05,1.9856e-04,1,1.103e+07,133010.4,3386.7,0.6725,285.5,1262268.44,2662800,0.901,middle(1),water,Lee(1966),yes,-0.151,0.0,0.727,0.025
346,0.0159,0.05,1.9856e-04,1,1.241e+07,112290.6,1620.8,0.3218,270.2,1183421.97,2248000,0.901,middle(1),water,Lee(1966),yes,-0.278,0.0,0.727,0.025
347,0.0159,0.05,1.9856e-04,1,1.241e+07,110991.8,1620.8,0.3218,270.2,1183421.97,2222000,0.801,middle(1),water,Lee(1966),yes,-0.278,0.0,0.727,0.025
348,0.0159,0.05,1.9856e-04,1,1.241e+07,121901.2,1630.3,0.3237,256,1113855.64,2440400,0.901,middle(1),water,Lee(1966),yes,-0.337,0.0,0.727,0.025
349,0.0159,0.05,1.9856e-04,1,1.241e+07,123100,1630.3,0.3237,256,1113855.64,2464400,0.751,middle(1),water,Lee(1966),yes,-0.337,0.0,0.727,0.025
350,0.0159,0.05,1.9856e-04,1,1.241e+07,139014.5,1623.5,0.3224,240.3,1039380.03,2783000,0.851,middle(1),water,Lee(1966),yes,-0.401,0.0,0.727,0.025
351,0.0159,0.05,1.9856e-04,1,1.241e+07,137211.3,1623.5,0.3224,240.3,1039380.03,2746900,0.701,middle(1),water,Lee(1966),yes,-0.401,0.0,0.727,0.025
352,0.0159,0.05,1.9856e-04,1,1.245e+07,136212.3,2043.9,0.4058,262.2,1143933.56,2726900,0.801,middle(1),water,Lee(1966),yes,-0.313,0.0,0.727,0.025
353,0.0159,0.05,1.9856e-04,1,1.241e+07,135408,2043.9,0.4058,262,1142960.03,2710800,0.851,middle(1),water,Lee(1966),yes,-0.312,0.0,0.727,0.025
354,0.0159,0.05,1.9856e-04,1,1.252e+07,118794.2,3393.5,0.6738,308.5,1388004.27,2378200,0.901,middle(1),water,Lee(1966),yes,-0.107,0.0,0.727,0.025
355,0.0159,0.05,1.9856e-04,1,1.248e+07,114293.6,3393.5,0.6738,308.5,1388060.53,2288100,0.901,middle(1),water,Lee(1966),yes,-0.105,0.0,0.727,0.025
356,0.0159,0.05,1.9856e-04,1,1.241e+07,141012.6,3393.5,0.6738,294.4,1308898.6,2823000,0.851,middle(1),water,Lee(1966),yes,-0.17,0.0,0.727,0.025
357,0.0159,0.05,1.9856e-04,1,1.241e+07,139913.7,3385.3,0.6722,294.4,1308898.6,2801000,0.901,middle(1),water,Lee(1966),yes,-0.17,0.0,0.727,0.025
358,0.0159,0.05,1.9856e-04,1,1.241e+07,128704.6,3385.3,0.6722,300.3,1341346.96,2576600,0.851,middle(1),water,Lee(1966),yes,-0.142,0.0,0.727,0.025
359,0.0159,0.05,1.9856e-04,1,1.241e+07,128404.9,3398.9,0.6749,300.3,1341346.96,2570600,0.901,middle(1),water,Lee(1966),yes,-0.142,0.0,0.727,0.025
360,0.0159,0.05,1.9856e-04,1,1.245e+07,110991.8,3398.9,0.6749,309.3,1392793.76,2222000,0.851,middle(1),water,Lee(1966),yes,-0.1,0.0,0.727,0.025
361,0.0159,0.05,1.9856e-04,1,1.248e+07,110991.8,3396.2,0.6743,309.3,1392750.09,2222000,0.901,middle(1),water,Lee(1966),yes,-0.101,0.0,0.727,0.025
362,0.0159,0.05,1.9856e-04,1,1.241e+07,125902.3,3396.2,0.6743,270.2,1183421.97,2520500,0.851,middle(1),water,Lee(1966),yes,-0.278,0.0,0.727,0.025
363,0.0159,0.05,1.9856e-04,1,1.241e+07,126701.5,2037.2,0.4045,270.2,1183421.97,2536500,0.851,middle(1),water,Lee(1966),yes,-0.278,0.0,0.727,0.025
364,0.0159,0.05,1.9856e-04,1,1.245e+07,110792,1620.8,0.3218,282.6,1246386.93,2218000,0.851,middle(1),water,Lee(1966),yes,-0.226,0.0,0.727,0.025
365,0.0159,0.05,1.9856e-04,1,1.241e+07,100282.3,1620.8,0.3218,282.6,1246405.42,2007600,0.851,middle(1),water,Lee(1966),yes,-0.224,0.0,0.727,0.025
366,0.0159,0.05,1.9856e-04,1,1.241e+07,115292.6,2034.4,0.4039,282.6,1246405.42,2308100,0.851,middle(1),water,Lee(1966),yes,-0.224,0.0,0.727,0.025
367,0.0159,0.05,1.9856e-04,1,1.241e+07,114992.9,2034.4,0.4039,282.6,1246405.42,2302100,0.951,middle(1),water,Lee(1966),yes,-0.224,0.0,0.727,0.025
368,0.0159,0.05,1.9856e-04,1,1.241e+07,95077.29999999999,2039.9,0.405,299.5,1336892.37,1903400,0.851,middle(1),water,Lee(1966),yes,-0.146,0.0,0.727,0.025
369,0.0159,0.05,1.9856e-04,1,1.241e+07,95077.29999999999,2039.9,0.405,299.5,1336892.37,1903400,0.851,middle(1),water,Lee(1966),yes,-0.146,0.0,0.727,0.025
370,0.0159,0.05,1.9856e-04,1,1.245e+07,104887.8,2039.9,0.405,290.6,1288427.26,2099800,0.901,middle(1),water,Lee(1966),yes,-0.19,0.0,0.727,0.025
371,0.0159,0.05,1.9856e-04,1,1.241e+07,104383.3,2039.9,0.405,290.6,1288454.2,2089700,0.851,middle(1),water,Lee(1966),yes,-0.188,0.0,0.727,0.025
372,0.0159,0.05,1.9856e-04,1,1.241e+07,83268.90000000001,2039.9,0.405,309.3,1392852.1,1667000,0.851,middle(1),water,Lee(1966),yes,-0.098,0.0,0.727,0.025
373,0.0159,0.05,1.9856e-04,1,1.241e+07,83268.90000000001,2039.9,0.405,309.3,1392852.1,1667000,0.851,middle(1),water,Lee(1966),yes,-0.098,0.0,0.727,0.025
374,0.0159,0.05,1.9856e-04,1,1.241e+07,82164.90000000001,2039.9,0.405,309.3,1392852.1,1644900,0.901,middle(1),water,Lee(1966),yes,-0.098,0.0,0.727,0.025
375,0.0159,0.05,1.9856e-04,1,1.241e+07,83069.1,1630.3,0.3237,300.3,1341346.96,1663000,0.851,middle(1),water,Lee(1966),yes,-0.142,0.0,0.727,0.025
376,0.0159,0.05,1.9856e-04,1,1.241e+07,83468.7,1630.3,0.3237,300.3,1341346.96,1671000,0.851,middle(1),water,Lee(1966),yes,-0.142,0.0,0.727,0.025
377,0.0159,0.05,1.9856e-04,1,1.245e+07,94477.90000000001,1616.7,0.321,284.8,1257824.76,1891400,0.951,middle(1),water,Lee(1966),yes,-0.216,0.0,0.727,0.025
378,0.0159,0.05,1.9856e-04,1,1.241e+07,93573.8,1616.7,0.321,284.8,1257845.38,1873300,0.851,middle(1),water,Lee(1966),yes,-0.214,0.0,0.727,0.025
379,0.0159,0.05,1.9856e-04,1,1.241e+07,76060.90000000001,1037.6,0.206,284.8,1257845.38,1522700,0.751,middle(1),water,Lee(1966),yes,-0.214,0.0,0.727,0.025
380,0.0159,0.05,1.9856e-04,1,1.241e+07,74862,1037.6,0.206,284.8,1257845.38,1498700,0.751,middle(1),water,Lee(1966),yes,-0.214,0.0,0.727,0.025
381,0.0159,0.05,1.9856e-04,1,1.241e+07,75061.9,1037.6,0.206,284.8,1257845.38,1502700,0.651,middle(1),water,Lee(1966),yes,-0.214,0.0,0.727,0.025
382,0.0159,0.05,1.9856e-04,1,1.245e+07,127505.7,3398.9,0.6749,300.4,1341864.38,2552600,0.851,middle(1),water,Lee(1966),yes,-0.144,0.0,0.727,0.025
383,0.0159,0.05,1.9856e-04,1,1.245e+07,128105.2,3398.9,0.6749,300.4,1341864.38,2564600,0.851,middle(1),water,Lee(1966),yes,-0.144,0.0,0.727,0.025
384,0.0158,0.0496,1.9607e-04,1,8.620e+06,106908.5,1634.3,0.3204,282.7,1248882.6,2153800,0.951,middle(2),water,Lee(1966),yes,-0.069,0.0,0.562,0.025
385,0.0158,0.0496,1.9607e-04,1,8.620e+06,124514.8,1631.6,0.3199,256,1113964.51,2508500,0.851,middle(2),water,Lee(1966),yes,-0.166,0.0,0.562,0.025
386,0.0158,0.0496,1.9607e-04,1,8.620e+06,141123.4,1628.9,0.3194,233,1004640.91,2843100,0.901,middle(2),water,Lee(1966),yes,-0.244,0.0,0.562,0.025
387,0.0158,0.0496,1.9607e-04,1,8.620e+06,141619.8,1628.9,0.3194,233,1004640.91,2853100,0.901,middle(2),water,Lee(1966),yes,-0.244,0.0,0.562,0.025
388,0.0158,0.0496,1.9607e-04,1,8.620e+06,106908.5,2711.2,0.5316,283.5,1253111.81,2153800,0.951,middle(2),water,Lee(1966),yes,-0.066,0.0,0.562,0.025
389,0.0158,0.0496,1.9607e-04,1,8.620e+06,106908.5,2711.2,0.5316,283.5,1253111.81,2153800,0.951,middle(2),water,Lee(1966),yes,-0.066,0.0,0.562,0.025
390,0.0158,0.0496,1.9607e-04,1,8.620e+06,124812.6,2714,0.5321,269.1,1178810.53,2514500,0.901,middle(2),water,Lee(1966),yes,-0.119,0.0,0.562,0.025
391,0.0158,0.0496,1.9607e-04,1,8.620e+06,124812.6,2714,0.5321,269.1,1178810.53,2514500,0.901,middle(2),water,Lee(1966),yes,-0.119,0.0,0.562,0.025
392,0.0158,0.0496,1.9607e-04,1,8.620e+06,143009.6,2718,0.5329,256,1113964.51,2881100,0.901,middle(2),water,Lee(1966),yes,-0.166,0.0,0.562,0.025
393,0.0158,0.0496,1.9607e-04,1,8.620e+06,142016.9,2718,0.5329,256,1113964.51,2861100,0.901,middle(2),water,Lee(1966),yes,-0.166,0.0,0.562,0.025
394,0.0158,0.0496,1.9607e-04,1,1.034e+07,92488.9,1631.6,0.3199,295.8,1318355.29,1863300,0.901,middle(2),water,Lee(1966),yes,-0.08,0.0,0.562,0.025
395,0.0158,0.0496,1.9607e-04,1,1.034e+07,93084.59999999999,1631.6,0.3199,295.8,1318355.29,1875300,0.951,middle(2),water,Lee(1966),yes,-0.08,0.0,0.562,0.025
396,0.0158,0.0496,1.9607e-04,1,1.034e+07,116359.4,1624.8,0.3186,265.5,1160446.05,2344200,0.851,middle(2),water,Lee(1966),yes,-0.202,0.0,0.562,0.025
397,0.0158,0.0496,1.9607e-04,1,1.034e+07,116061.6,1624.8,0.3186,265.5,1160446.05,2338200,0.901,middle(2),water,Lee(1966),yes,-0.202,0.0,0.562,0.025
398,0.0158,0.0496,1.9607e-04,1,1.034e+07,139033.7,1628.9,0.3194,236.9,1023142.57,2801000,0.901,middle(2),water,Lee(1966),yes,-0.308,0.0,0.562,0.025
399,0.0158,0.0496,1.9607e-04,1,1.034e+07,96072.7,2712.6,0.5319,295.8,1318355.29,1935500,0.951,middle(2),water,Lee(1966),yes,-0.08,0.0,0.562,0.025
400,0.0158,0.0496,1.9607e-04,1,1.034e+07,96072.7,2712.6,0.5319,295.8,1318355.29,1935500,0.901,middle(2),water,Lee(1966),yes,-0.08,0.0,0.562,0.025
401,0.0158,0.0496,1.9607e-04,1,1.034e+07,120335.4,2718,0.5329,279.7,1232330.14,2424300,0.901,middle(2),water,Lee(1966),yes,-0.147,0.0,0.562,0.025
402,0.0158,0.0496,1.9607e-04,1,1.034e+07,120335.4,2718,0.5329,279.7,1232330.14,2424300,0.901,middle(2),water,Lee(1966),yes,-0.147,0.0,0.562,0.025
403,0.0158,0.0496,1.9607e-04,1,1.034e+07,140125.7,2720.7,0.5334,265.9,1162430.69,2823000,0.851,middle(2),water,Lee(1966),yes,-0.201,0.0,0.562,0.025
404,0.0158,0.0496,1.9607e-04,1,1.034e+07,139629.3,2720.7,0.5334,265.9,1162430.69,2813000,0.901,middle(2),water,Lee(1966),yes,-0.201,0.0,0.562,0.025
405,0.0158,0.0496,1.9607e-04,1,1.034e+07,113971.9,1638.4,0.3212,265.9,1162430.69,2296100,0.851,middle(2),water,Lee(1966),yes,-0.201,0.0,0.562,0.025
406,0.0158,0.0496,1.9607e-04,1,1.034e+07,113475.5,1638.4,0.3212,265.9,1162430.69,2286100,0.851,middle(2),water,Lee(1966),yes,-0.201,0.0,0.562,0.025
407,0.0158,0.0496,1.9607e-04,1,1.034e+07,114170.4,1638.4,0.3212,265.3,1159454.51,2300100,0.851,middle(2),water,Lee(1966),yes,-0.203,0.0,0.562,0.025
408,0.0158,0.0496,1.9607e-04,1,1.103e+07,86721.1,2041.2,0.4002,300.1,1341669.95,1747100,0.901,middle(2),water,Lee(1966),yes,-0.088,0.0,0.562,0.025
409,0.0158,0.0496,1.9607e-04,1,1.103e+07,86721.1,2041.2,0.4002,300.1,1341669.95,1747100,0.901,middle(2),water,Lee(1966),yes,-0.088,0.0,0.562,0.025
410,0.0158,0.0496,1.9607e-04,1,1.103e+07,84135,2053.4,0.4026,300.1,1341669.95,1695000,0.901,middle(2),water,Lee(1966),yes,-0.088,0.0,0.562,0.025
411,0.0158,0.0496,1.9607e-04,1,1.103e+07,84135,2053.4,0.4026,300.1,1341669.95,1695000,0.901,middle(2),water,Lee(1966),yes,-0.088,0.0,0.562,0.025
412,0.0158,0.0496,1.9607e-04,1,1.103e+07,118647.7,2043.9,0.4007,270.6,1185739.86,2390300,0.801,middle(2),water,Lee(1966),yes,-0.212,0.0,0.562,0.025
413,0.0158,0.0496,1.9607e-04,1,1.103e+07,118647.7,2043.9,0.4007,270.6,1185739.86,2390300,0.901,middle(2),water,Lee(1966),yes,-0.212,0.0,0.562,0.025
414,0.0158,0.0496,1.9607e-04,1,1.103e+07,138835.1,2046.7,0.4013,251.2,1090782.87,2797000,0.801,middle(2),water,Lee(1966),yes,-0.288,0.0,0.562,0.025
415,0.0158,0.0496,1.9607e-04,1,1.103e+07,138835.1,2046.7,0.4013,251.2,1090782.87,2797000,0.751,middle(2),water,Lee(1966),yes,-0.288,0.0,0.562,0.025
416,0.0158,0.0496,1.9607e-04,1,1.241e+07,78367.2,1645.2,0.3226,304,1362196.42,1578800,0.951,middle(2),water,Lee(1966),yes,-0.125,0.0,0.562,0.025
417,0.0158,0.0496,1.9607e-04,1,1.241e+07,78069.3,1645.2,0.3226,304,1362196.42,1572800,0.901,middle(2),water,Lee(1966),yes,-0.125,0.0,0.562,0.025
418,0.0158,0.0496,1.9607e-04,1,1.241e+07,106908.5,1635.7,0.3207,273.9,1201970.14,2153800,0.751,middle(2),water,Lee(1966),yes,-0.262,0.0,0.562,0.025
419,0.0158,0.0496,1.9607e-04,1,1.241e+07,106908.5,1635.7,0.3207,273.9,1201970.14,2153800,0.751,middle(2),water,Lee(1966),yes,-0.262,0.0,0.562,0.025
420,0.0158,0.0496,1.9607e-04,1,1.241e+07,122623.6,1638.4,0.3212,256,1113855.64,2470400,0.901,middle(2),water,Lee(1966),yes,-0.337,0.0,0.562,0.025
421,0.0158,0.0496,1.9607e-04,1,1.241e+07,124018.5,1638.4,0.3212,256,1113855.64,2498500,0.801,middle(2),water,Lee(1966),yes,-0.337,0.0,0.562,0.025
422,0.0158,0.0496,1.9607e-04,1,1.241e+07,85529.79999999999,2057.5,0.4034,304.5,1365046.8,1723100,0.951,middle(2),water,Lee(1966),yes,-0.122,0.0,0.562,0.025
423,0.0158,0.0496,1.9607e-04,1,1.241e+07,85430.5,2057.5,0.4034,304.5,1365046.8,1721100,0.901,middle(2),water,Lee(1966),yes,-0.122,0.0,0.562,0.025
424,0.0158,0.0496,1.9607e-04,1,1.241e+07,108601.2,2053.4,0.4026,287.5,1272010.02,2187900,0.851,middle(2),water,Lee(1966),yes,-0.202,0.0,0.562,0.025
425,0.0158,0.0496,1.9607e-04,1,1.241e+07,107608.4,2053.4,0.4026,287.5,1272010.02,2167900,0.901,middle(2),water,Lee(1966),yes,-0.202,0.0,0.562,0.025
426,0.0158,0.0496,1.9607e-04,1,1.241e+07,133663,2053.4,0.4026,266,1162592.25,2692800,0.751,middle(2),water,Lee(1966),yes,-0.295,0.0,0.562,0.025
427,0.0158,0.0496,1.9607e-04,1,1.241e+07,132570.9,2053.4,0.4026,266,1162592.25,2670800,0.751,middle(2),water,Lee(1966),yes,-0.295,0.0,0.562,0.025
428,0.015,0.0471,1.7671e-04,7,1.000e+06,132276.8,502.3,0.0888,169.7,717354.28,401000,5.6,inlet,water,Becker,yes,-0.023,0.0,0.754,0.175
429,0.015,0.0471,1.7671e-04,7,1.010e+06,181097.1,998.9,0.1765,169.9,718233.24,549000,5.3,inlet,water,Becker,yes,-0.023,0.0,0.754,0.175
430,0.015,0.0471,1.7671e-04,7,9.900e+05,214083.8,1496.5,0.2645,169.9,718222.31,649000,5.6,inlet,water,Becker,yes,-0.021,0.0,0.754,0.175
431,0.015,0.0471,1.7671e-04,7,1.010e+06,246081,2001.6,0.3537,170.2,719543.73,746000,5.9,inlet,water,Becker,yes,-0.022,0.0,0.754,0.175
432,0.015,0.0471,1.7671e-04,7,1.010e+06,298529.8,2500.5,0.4419,169.8,717796.48,905000,6,inlet,water,Becker,yes,-0.023,0.0,0.754,0.175
433,0.015,0.0471,1.7671e-04,7,1.000e+06,362854,2992.2,0.5288,170.1,719101.41,1100000,6,inlet,water,Becker,yes,-0.022,0.0,0.754,0.175
434,0.015,0.0471,1.7671e-04,7,2.010e+06,197590.5,998.8,0.1765,202.3,862245.07,599000,5.6,inlet,water,Becker,yes,-0.025,0.0,0.754,0.175
435,0.015,0.0471,1.7671e-04,7,2.000e+06,231236.9,1498.9,0.2649,202.2,861790.91,701000,5.7,inlet,water,Becker,yes,-0.025,0.0,0.754,0.175
436,0.015,0.0471,1.7671e-04,7,2.010e+06,263893.8,1995.9,0.3527,201.9,860444.41,800000,6,inlet,water,Becker,yes,-0.026,0.0,0.754,0.175
437,0.015,0.0471,1.7671e-04,7,2.010e+06,296880.5,2508.7,0.4433,202.5,863145.72,900000,6.2,inlet,water,Becker,yes,-0.025,0.0,0.754,0.175
438,0.015,0.0471,1.7671e-04,7,2.000e+06,496120.3,2995.9,0.5294,202.2,861790.91,1504000,6.1,inlet,water,Becker,yes,-0.025,0.0,0.754,0.175
439,0.015,0.0471,1.7671e-04,7,3.000e+06,165923.2,500.5,0.0884,223.9,961146.05,503000,5,inlet,water,Becker,yes,-0.026,0.0,0.754,0.175
440,0.015,0.0471,1.7671e-04,7,3.000e+06,214083.8,1004.8,0.1776,223.7,960219.75,649000,5.7,inlet,water,Becker,yes,-0.027,0.0,0.754,0.175
441,0.015,0.0471,1.7671e-04,7,3.010e+06,265213.3,1500.4,0.2651,223.7,960222.19,804000,5.4,inlet,water,Becker,yes,-0.027,0.0,0.754,0.175
442,0.015,0.0471,1.7671e-04,7,3.000e+06,296550.6,2001.8,0.3537,224.3,962999.55,899000,5.5,inlet,water,Becker,yes,-0.025,0.0,0.754,0.175
443,0.015,0.0471,1.7671e-04,7,3.000e+06,330527,2496.9,0.4412,223.8,960682.86,1002000,6,inlet,water,Becker,yes,-0.027,0.0,0.754,0.175
444,0.015,0.0471,1.7671e-04,7,2.990e+06,380007,2995.1,0.5293,224.2,962533.66,1152000,5.6,inlet,water,Becker,yes,-0.025,0.0,0.754,0.175
445,0.015,0.0471,1.7671e-04,7,5.010e+06,147450.7,496.6,0.0878,254,1104423.47,447000,6,inlet,water,Becker,yes,-0.031,0.0,0.754,0.175
446,0.015,0.0471,1.7671e-04,7,5.000e+06,231236.9,999.7,0.1767,253.6,1102466.73,701000,5.4,inlet,water,Becker,yes,-0.032,0.0,0.754,0.175
447,0.015,0.0471,1.7671e-04,7,5.010e+06,279067.7,1502.3,0.2655,253.9,1103933.94,846000,5.4,inlet,water,Becker,yes,-0.031,0.0,0.754,0.175
448,0.015,0.0471,1.7671e-04,7,4.990e+06,312384.3,2000.9,0.3536,253.8,1103445.9,947000,5.6,inlet,water,Becker,yes,-0.031,0.0,0.754,0.175
449,0.015,0.0471,1.7671e-04,7,4.980e+06,364173.4,2499.4,0.4417,254,1104425.62,1104000,5,inlet,water,Becker,yes,-0.03,0.0,0.754,0.175
450,0.015,0.0471,1.7671e-04,7,5.010e+06,413323.6,3007,0.5314,253.9,1103933.94,1253000,4.6,inlet,water,Becker,yes,-0.031,0.0,0.754,0.175
451,0.015,0.0471,1.7671e-04,7,7.000e+06,146131.2,497.6,0.0879,276.1,1215164.78,443000,4.9,inlet,water,Becker,yes,-0.035,0.0,0.754,0.175
452,0.015,0.0471,1.7671e-04,7,7.000e+06,213754,1001.2,0.1769,275.4,1211536,648000,5.6,inlet,water,Becker,yes,-0.037,0.0,0.754,0.175
453,0.015,0.0471,1.7671e-04,7,7.000e+06,264223.7,1496.5,0.2645,275.9,1214127.06,801000,5,inlet,water,Becker,yes,-0.035,0.0,0.754,0.175
454,0.015,0.0471,1.7671e-04,7,6.980e+06,296220.8,1990.9,0.3518,275.9,1214135.93,898000,5.4,inlet,water,Becker,yes,-0.035,0.0,0.754,0.175
455,0.015,0.0471,1.7671e-04,7,7.020e+06,354277.4,2503.5,0.4424,275.4,1211527.38,1074000,4.5,inlet,water,Becker,yes,-0.038,0.0,0.754,0.175
456,0.015,0.0471,1.7671e-04,7,6.990e+06,396830.3,3006.2,0.5312,276.2,1215688.42,1203000,3.6,inlet,water,Becker,yes,-0.034,0.0,0.754,0.175
457,0.015,0.0471,1.7671e-04,7,1.001e+07,132606.6,500.2,0.0884,301.2,1349068.65,402000,3.9,inlet,water,Becker,yes,-0.045,0.0,0.754,0.175
458,0.015,0.0471,1.7671e-04,7,1.000e+07,164603.7,999.2,0.1766,301.2,1349080.58,499000,4.5,inlet,water,Becker,yes,-0.045,0.0,0.754,0.175
459,0.015,0.0471,1.7671e-04,7,1.000e+07,197590.5,1504.5,0.2659,301.2,1349080.58,599000,4.6,inlet,water,Becker,yes,-0.045,0.0,0.754,0.175
460,0.015,0.0471,1.7671e-04,7,1.001e+07,246081,2001.1,0.3536,300.8,1346784.9,746000,3.7,inlet,water,Becker,yes,-0.047,0.0,0.754,0.175
461,0.015,0.0471,1.7671e-04,7,1.001e+07,266862.6,2509.6,0.4435,300.7,1346214.81,809000,3.2,inlet,water,Becker,yes,-0.047,0.0,0.754,0.175
462,0.015,0.0471,1.7671e-04,7,1.002e+07,274449.5,3015.3,0.5328,301.1,1348485.34,832000,3.2,inlet,water,Becker,yes,-0.046,0.0,0.754,0.175
463,0.015,0.0471,1.7671e-04,7,1.202e+07,82466.8,500.3,0.0884,314.8,1426561.24,250000,5,inlet,water,Becker,yes,-0.055,0.0,0.754,0.175
464,0.015,0.0471,1.7671e-04,7,1.202e+07,115123.7,1001.1,0.1769,315.1,1428409.4,349000,5.1,inlet,water,Becker,yes,-0.053,0.0,0.754,0.175
465,0.015,0.0471,1.7671e-04,7,1.201e+07,165923.2,1501.3,0.2653,314.4,1424122.54,503000,4.6,inlet,water,Becker,yes,-0.057,0.0,0.754,0.175
466,0.015,0.0471,1.7671e-04,7,1.200e+07,187364.6,1987,0.3511,314.7,1425983.56,568000,3.3,inlet,water,Becker,yes,-0.055,0.0,0.754,0.175
467,0.015,0.0471,1.7671e-04,7,1.199e+07,202868.3,2511.3,0.4438,314.5,1424773.22,615000,3,inlet,water,Becker,yes,-0.055,0.0,0.754,0.175
468,0.015,0.0471,1.7671e-04,7,1.203e+07,223979.8,3011.5,0.5322,315.1,1428390.42,679000,3.1,inlet,water,Becker,yes,-0.054,0.0,0.754,0.175
469,0.015,0.0471,1.7671e-04,7,1.401e+07,82136.9,501.3,0.0886,326.7,1498203.27,249000,3.9,inlet,water,Becker,yes,-0.069,0.0,0.754,0.175
470,0.015,0.0471,1.7671e-04,7,1.399e+07,98630.3,1006.6,0.1779,326.6,1497590.16,299000,5.6,inlet,water,Becker,yes,-0.068,0.0,0.754,0.175
471,0.015,0.0471,1.7671e-04,7,1.400e+07,132606.6,1497.7,0.2647,327.3,1502259.14,402000,5.4,inlet,water,Becker,yes,-0.064,0.0,0.754,0.175
472,0.015,0.0471,1.7671e-04,7,1.402e+07,163944,1997.6,0.353,327.4,1502875.75,497000,3.7,inlet,water,Becker,yes,-0.065,0.0,0.754,0.175
473,0.015,0.0471,1.7671e-04,7,1.400e+07,208146.2,2480.8,0.4384,326.3,1495561.04,631000,2.9,inlet,water,Becker,yes,-0.071,0.0,0.754,0.175
474,0.015,0.0471,1.7671e-04,7,1.400e+07,254987.4,3026.8,0.5349,326.9,1499570.67,773000,2.9,inlet,water,Becker,yes,-0.067,0.0,0.754,0.175
475,0.015,0.0471,1.7671e-04,7,1.601e+07,66303.29999999999,503,0.0889,338,1570911.8,201000,4.6,inlet,water,Becker,yes,-0.085,0.0,0.754,0.175
476,0.015,0.0471,1.7671e-04,7,1.601e+07,114134.1,1000,0.1767,337.3,1565730.31,346000,3.6,inlet,water,Becker,yes,-0.091,0.0,0.754,0.175
477,0.015,0.0471,1.7671e-04,7,1.598e+07,131946.9,1504.2,0.2658,337.1,1564379.87,400000,4.2,inlet,water,Becker,yes,-0.091,0.0,0.754,0.175
478,0.015,0.0471,1.7671e-04,7,1.601e+07,180437.4,2005.1,0.3543,337.1,1564260.7,547000,4.3,inlet,water,Becker,yes,-0.092,0.0,0.754,0.175
479,0.015,0.0471,1.7671e-04,7,1.600e+07,222990.2,2515.3,0.4445,337.6,1567984.43,676000,4.2,inlet,water,Becker,yes,-0.088,0.0,0.754,0.175
480,0.015,0.0471,1.7671e-04,7,1.600e+07,272800.2,3016.1,0.533,337.6,1567984.43,827000,3.6,inlet,water,Becker,yes,-0.088,0.0,0.754,0.175
481,0.015,0.0471,1.7671e-04,7,1.000e+06,132606.6,504.8,0.0892,169.2,715171.15,402000,5.8,middle,water,Becker,yes,-0.024,0.0,0.46,0.175
482,0.015,0.0471,1.7671e-04,7,1.000e+06,181097.1,1002.6,0.1772,170.1,719101.41,549000,6,middle,water,Becker,yes,-0.022,0.0,0.46,0.175
483,0.015,0.0471,1.7671e-04,7,1.010e+06,214083.8,1508.7,0.2666,169.9,718233.24,649000,6.3,middle,water,Becker,yes,-0.023,0.0,0.46,0.175
484,0.015,0.0471,1.7671e-04,7,9.900e+05,263563.9,1996.3,0.3528,169.2,715165.65,799000,6.2,middle,water,Becker,yes,-0.023,0.0,0.46,0.175
485,0.015,0.0471,1.7671e-04,7,1.010e+06,312054.4,2490.7,0.4401,170,718670.04,946000,6.4,middle,water,Becker,yes,-0.023,0.0,0.46,0.175
486,0.015,0.0471,1.7671e-04,7,1.980e+06,148440.3,497.9,0.088,201.9,860432.61,450000,5.6,middle,water,Becker,yes,-0.024,0.0,0.46,0.175
487,0.015,0.0471,1.7671e-04,7,2.000e+06,196600.9,1001.1,0.1769,202.7,864042.71,596000,6,middle,water,Becker,yes,-0.024,0.0,0.46,0.175
488,0.015,0.0471,1.7671e-04,7,1.990e+06,230247.3,1501.9,0.2654,202.4,862687.56,698000,6.4,middle,water,Becker,yes,-0.024,0.0,0.46,0.175
489,0.015,0.0471,1.7671e-04,7,2.010e+06,279727.4,2001,0.3536,202.6,863596.13,848000,6,middle,water,Becker,yes,-0.024,0.0,0.46,0.175
490,0.015,0.0471,1.7671e-04,7,2.010e+06,312054.4,2496.8,0.4412,202.3,862245.07,946000,6.3,middle,water,Becker,yes,-0.025,0.0,0.46,0.175
491,0.015,0.0471,1.7671e-04,7,2.000e+06,361204.6,3003.7,0.5308,202.2,861790.91,1095000,6.2,middle,water,Becker,yes,-0.025,0.0,0.46,0.175
492,0.015,0.0471,1.7671e-04,7,3.010e+06,164867.6,499.8,0.0883,223,956982.5,499800,5.3,middle,water,Becker,yes,-0.029,0.0,0.46,0.175
493,0.015,0.0471,1.7671e-04,7,3.010e+06,213754,999.8,0.1767,223.7,960222.19,648000,5.8,middle,water,Becker,yes,-0.027,0.0,0.46,0.175
494,0.015,0.0471,1.7671e-04,7,3.010e+06,257956.2,1501.1,0.2653,224.2,962538.46,782000,5.6,middle,water,Becker,yes,-0.026,0.0,0.46,0.175
495,0.015,0.0471,1.7671e-04,7,3.000e+06,296220.8,1996.2,0.3528,224.8,965318.1,898000,5.6,middle,water,Becker,yes,-0.024,0.0,0.46,0.175
496,0.015,0.0471,1.7671e-04,7,2.980e+06,330197.1,2504,0.4425,224.1,962067.84,1001000,5.9,middle,water,Becker,yes,-0.025,0.0,0.46,0.175
497,0.015,0.0471,1.7671e-04,7,3.010e+06,378687.6,2998.5,0.5299,224,961611.73,1148000,5.6,middle,water,Becker,yes,-0.027,0.0,0.46,0.175
498,0.015,0.0471,1.7671e-04,7,5.000e+06,148110.4,498.5,0.0881,254.1,1104913.85,449000,5.8,middle,water,Becker,yes,-0.03,0.0,0.46,0.175
499,0.015,0.0471,1.7671e-04,7,5.030e+06,214083.8,999.8,0.1767,254.5,1106871.37,649000,6.2,middle,water,Becker,yes,-0.03,0.0,0.46,0.175
500,0.015,0.0471,1.7671e-04,7,5.000e+06,263563.9,1501.9,0.2654,254.2,1105403.64,799000,5.8,middle,water,Becker,yes,-0.03,0.0,0.46,0.175
501,0.015,0.0471,1.7671e-04,7,5.010e+06,295890.9,2003.9,0.3541,254,1104423.47,897000,6.1,middle,water,Becker,yes,-0.031,0.0,0.46,0.175
502,0.015,0.0471,1.7671e-04,7,4.990e+06,360215,2494,0.4407,253.6,1102467.39,1092000,4.7,middle,water,Becker,yes,-0.031,0.0,0.46,0.175
503,0.015,0.0471,1.7671e-04,7,5.020e+06,393861.5,3003.4,0.5307,254.3,1105892.03,1194000,4.7,middle,water,Becker,yes,-0.03,0.0,0.46,0.175
504,0.015,0.0471,1.7671e-04,7,7.000e+06,147780.5,499.8,0.0883,276.2,1215683.91,448000,5.1,middle,water,Becker,yes,-0.034,0.0,0.46,0.175
505,0.015,0.0471,1.7671e-04,7,6.980e+06,196930.7,1000.6,0.1768,275.9,1214135.93,597000,6,middle,water,Becker,yes,-0.035,0.0,0.46,0.175
506,0.015,0.0471,1.7671e-04,7,7.040e+06,247730.3,1502.5,0.2655,276,1214628.03,751000,5.2,middle,water,Becker,yes,-0.037,0.0,0.46,0.175
507,0.015,0.0471,1.7671e-04,7,6.990e+06,279397.5,2000.8,0.3536,275.5,1212058.18,847000,5.3,middle,water,Becker,yes,-0.036,0.0,0.46,0.175
508,0.015,0.0471,1.7671e-04,7,6.990e+06,329537.4,2502.3,0.4422,275.6,1212576.24,999000,4.5,middle,water,Becker,yes,-0.036,0.0,0.46,0.175
509,0.015,0.0471,1.7671e-04,7,7.000e+06,361534.5,3007.1,0.5314,276.2,1215683.91,1096000,4.4,middle,water,Becker,yes,-0.034,0.0,0.46,0.175
510,0.015,0.0471,1.7671e-04,7,1.000e+07,114134.1,501.6,0.0886,301,1347937.93,346000,5.1,middle,water,Becker,yes,-0.045,0.0,0.46,0.175
511,0.015,0.0471,1.7671e-04,7,9.960e+06,148110.4,1000.5,0.1768,301.4,1350272.74,449000,5.3,middle,water,Becker,yes,-0.042,0.0,0.46,0.175
512,0.015,0.0471,1.7671e-04,7,1.004e+07,180437.4,1499.9,0.2651,300.6,1345610.19,547000,5.6,middle,water,Becker,yes,-0.049,0.0,0.46,0.175
513,0.015,0.0471,1.7671e-04,7,9.980e+06,185385.4,2005,0.3543,301.3,1349676.37,562000,5.1,middle,water,Becker,yes,-0.043,0.0,0.46,0.175
514,0.015,0.0471,1.7671e-04,7,9.980e+06,262904.2,2498.8,0.4416,301.1,1348532.85,797000,4.1,middle,water,Becker,yes,-0.044,0.0,0.46,0.175
515,0.015,0.0471,1.7671e-04,7,1.000e+07,279727.4,3008.9,0.5317,300.4,1344518.04,848000,4,middle,water,Becker,yes,-0.048,0.0,0.46,0.175
516,0.015,0.0471,1.7671e-04,7,1.202e+07,82466.8,499.6,0.0883,314.7,1425946.21,250000,5.3,middle,water,Becker,yes,-0.055,0.0,0.46,0.175
517,0.015,0.0471,1.7671e-04,7,1.201e+07,114793.8,1000.8,0.1769,314.3,1423509.42,348000,5.5,middle,water,Becker,yes,-0.057,0.0,0.46,0.175
518,0.015,0.0471,1.7671e-04,7,1.199e+07,148770.1,1503.8,0.2657,314.7,1426002.26,451000,5.6,middle,water,Becker,yes,-0.054,0.0,0.46,0.175
519,0.015,0.0471,1.7671e-04,7,1.200e+07,170871.2,1993.7,0.3523,314.9,1427214.46,518000,4.3,middle,water,Becker,yes,-0.054,0.0,0.46,0.175
520,0.015,0.0471,1.7671e-04,7,1.203e+07,213424.1,2518.8,0.4451,314.8,1426542.5,647000,4.5,middle,water,Becker,yes,-0.055,0.0,0.46,0.175
521,0.015,0.0471,1.7671e-04,7,1.202e+07,212764.4,3000.3,0.5302,314.1,1422266.46,645000,4.1,middle,water,Becker,yes,-0.059,0.0,0.46,0.175
522,0.015,0.0471,1.7671e-04,7,1.400e+07,65973.4,500.2,0.0884,326.3,1495561.04,200000,5.4,middle,water,Becker,yes,-0.071,0.0,0.46,0.175
523,0.015,0.0471,1.7671e-04,7,1.399e+07,98630.3,1002.3,0.1771,326.7,1498258.93,299000,6,middle,water,Becker,yes,-0.068,0.0,0.46,0.175
524,0.015,0.0471,1.7671e-04,7,1.398e+07,131617,1506,0.2661,326.5,1496949.74,399000,4.7,middle,water,Becker,yes,-0.068,0.0,0.46,0.175
525,0.015,0.0471,1.7671e-04,7,1.401e+07,156686.9,2003,0.354,326.8,1498872.55,475000,4.3,middle,water,Becker,yes,-0.068,0.0,0.46,0.175
526,0.015,0.0471,1.7671e-04,7,1.400e+07,180107.5,2495.1,0.4409,326.4,1496227.43,546000,5.3,middle,water,Becker,yes,-0.07,0.0,0.46,0.175
527,0.015,0.0471,1.7671e-04,7,1.401e+07,222660.4,2996.4,0.5295,327.4,1502904.47,675000,4.7,middle,water,Becker,yes,-0.064,0.0,0.46,0.175
528,0.015,0.0471,1.7671e-04,7,1.600e+07,64983.8,501.3,0.0886,337.5,1567245.23,197000,5.1,middle,water,Becker,yes,-0.089,0.0,0.46,0.175
529,0.015,0.0471,1.7671e-04,7,1.598e+07,98630.3,1004.2,0.1775,337.5,1567326.45,299000,4.7,middle,water,Becker,yes,-0.087,0.0,0.46,0.175
530,0.015,0.0471,1.7671e-04,7,1.600e+07,123040.5,1500.5,0.2652,337,1563567.12,373000,4.6,middle,water,Becker,yes,-0.092,0.0,0.46,0.175
531,0.015,0.0471,1.7671e-04,7,1.599e+07,275109.3,1995.6,0.3527,337.2,1565074.76,834000,4.7,middle,water,Becker,yes,-0.09,0.0,0.46,0.175
532,0.015,0.0471,1.7671e-04,7,1.600e+07,197260.6,2497.9,0.4414,337.7,1568724.84,598000,4.7,middle,water,Becker,yes,-0.087,0.0,0.46,0.175
533,0.015,0.0471,1.7671e-04,7,1.602e+07,245751.1,3001,0.5303,337.7,1568642.88,745000,4,middle,water,Becker,yes,-0.088,0.0,0.46,0.175
534,0.015,0.0471,1.7671e-04,7,1.000e+06,131617,500.4,0.0884,170.2,719538.27,399000,6.1,outlet,water,Becker,yes,-0.021,0.0,0.452,0.175
535,0.015,0.0471,1.7671e-04,7,1.010e+06,174169.9,998.2,0.1764,170,718670.04,528000,6.4,outlet,water,Becker,yes,-0.023,0.0,0.452,0.175
536,0.015,0.0471,1.7671e-04,7,1.010e+06,220681.2,1500,0.2651,170.6,721291.52,669000,6.4,outlet,water,Becker,yes,-0.022,0.0,0.452,0.175
537,0.015,0.0471,1.7671e-04,7,1.010e+06,255317.2,1999.7,0.3534,170.2,719543.73,774000,6.7,outlet,water,Becker,yes,-0.022,0.0,0.452,0.175
538,0.015,0.0471,1.7671e-04,7,1.020e+06,305127.2,2495,0.4409,170.4,720423,925000,6.6,outlet,water,Becker,yes,-0.023,0.0,0.452,0.175
539,0.015,0.0471,1.7671e-04,7,9.900e+05,353947.5,3008.6,0.5317,170.6,721280.64,1073000,6.5,outlet,water,Becker,yes,-0.02,0.0,0.452,0.175
540,0.015,0.0471,1.7671e-04,7,1.990e+06,146790.9,499.2,0.0882,202.2,861787,445000,6.1,outlet,water,Becker,yes,-0.024,0.0,0.452,0.175
541,0.015,0.0471,1.7671e-04,7,2.000e+06,197590.5,1001.2,0.1769,202.6,863592.24,599000,6.3,outlet,water,Becker,yes,-0.024,0.0,0.452,0.175
542,0.015,0.0471,1.7671e-04,7,2.010e+06,237504.4,1500,0.2651,202.1,861344.64,720000,6.5,outlet,water,Becker,yes,-0.026,0.0,0.452,0.175
543,0.015,0.0471,1.7671e-04,7,2.010e+06,271810.6,2003.4,0.354,202.1,861344.64,824000,6.5,outlet,water,Becker,yes,-0.026,0.0,0.452,0.175
544,0.015,0.0471,1.7671e-04,7,2.020e+06,305127.2,2505.1,0.4427,202.8,864500.99,925000,6.6,outlet,water,Becker,yes,-0.025,0.0,0.452,0.175
545,0.015,0.0471,1.7671e-04,7,2.010e+06,346030.7,3007.4,0.5315,202.5,863145.72,1049000,6.5,outlet,water,Becker,yes,-0.025,0.0,0.452,0.175
546,0.015,0.0471,1.7671e-04,7,3.010e+06,146790.9,499.3,0.0882,224.1,962075.06,445000,6.2,outlet,water,Becker,yes,-0.026,0.0,0.452,0.175
547,0.015,0.0471,1.7671e-04,7,2.990e+06,205507.3,998.7,0.1765,223.4,958828.38,623000,6.4,outlet,water,Becker,yes,-0.027,0.0,0.452,0.175
548,0.015,0.0471,1.7671e-04,7,2.990e+06,247070.6,1501.9,0.2654,224,961606.9,749000,6.4,outlet,water,Becker,yes,-0.026,0.0,0.452,0.175
549,0.015,0.0471,1.7671e-04,7,3.000e+06,280057.3,1998.3,0.3531,223.4,958830.85,849000,6.5,outlet,water,Becker,yes,-0.028,0.0,0.452,0.175
550,0.015,0.0471,1.7671e-04,7,2.990e+06,313373.9,2506.6,0.443,223.8,960680.43,950000,6.6,outlet,water,Becker,yes,-0.026,0.0,0.452,0.175
551,0.015,0.0471,1.7671e-04,7,3.000e+06,346690.5,3005.3,0.5311,223.8,960682.86,1051000,6.4,outlet,water,Becker,yes,-0.027,0.0,0.452,0.175
552,0.015,0.0471,1.7671e-04,7,4.990e+06,148770.1,497.6,0.0879,254,1104424.9,451000,6.1,outlet,water,Becker,yes,-0.03,0.0,0.452,0.175
553,0.015,0.0471,1.7671e-04,7,4.990e+06,205507.3,1002,0.1771,253.9,1103935.34,623000,6.4,outlet,water,Becker,yes,-0.03,0.0,0.452,0.175
554,0.015,0.0471,1.7671e-04,7,4.990e+06,248390,1500.9,0.2652,254.3,1105894.31,753000,6.4,outlet,water,Becker,yes,-0.029,0.0,0.452,0.175
555,0.015,0.0471,1.7671e-04,7,5.000e+06,279727.4,2000.5,0.3535,253.9,1103934.64,848000,6.3,outlet,water,Becker,yes,-0.031,0.0,0.452,0.175
556,0.015,0.0471,1.7671e-04,7,5.000e+06,312384.3,2498.7,0.4416,253.8,1103445.21,947000,6.3,outlet,water,Becker,yes,-0.031,0.0,0.452,0.175
557,0.015,0.0471,1.7671e-04,7,5.000e+06,345700.9,3002,0.5305,253.8,1103445.21,1048000,6.2,outlet,water,Becker,yes,-0.031,0.0,0.452,0.175
558,0.015,0.0471,1.7671e-04,7,7.000e+06,134256,499.9,0.0883,275.8,1213608.48,407000,6.3,outlet,water,Becker,yes,-0.036,0.0,0.452,0.175
559,0.015,0.0471,1.7671e-04,7,7.010e+06,188354.2,1002.6,0.1772,276.5,1217237.87,571000,6.3,outlet,water,Becker,yes,-0.034,0.0,0.452,0.175
560,0.015,0.0471,1.7671e-04,7,6.990e+06,222990.2,1499.6,0.265,275.6,1212576.24,676000,6.3,outlet,water,Becker,yes,-0.036,0.0,0.452,0.175
561,0.015,0.0471,1.7671e-04,7,6.990e+06,255317.2,1998.7,0.3532,275.8,1213612.89,774000,6.1,outlet,water,Becker,yes,-0.035,0.0,0.452,0.175
562,0.015,0.0471,1.7671e-04,7,6.990e+06,284015.7,2502.7,0.4423,275.2,1210505.13,861000,6.3,outlet,water,Becker,yes,-0.037,0.0,0.452,0.175
563,0.015,0.0471,1.7671e-04,7,6.980e+06,312054.4,2999.9,0.5301,276.1,1215173.74,946000,6.1,outlet,water,Becker,yes,-0.034,0.0,0.452,0.175
564,0.015,0.0471,1.7671e-04,7,1.001e+07,106877,499.9,0.0883,301.1,1348497.21,324000,6.2,outlet,water,Becker,yes,-0.045,0.0,0.452,0.175
565,0.015,0.0471,1.7671e-04,7,1.001e+07,139533.8,1000.5,0.1768,301,1347926.1,423000,6.1,outlet,water,Becker,yes,-0.046,0.0,0.452,0.175
566,0.015,0.0471,1.7671e-04,7,1.001e+07,165263.5,1500.7,0.2652,300.9,1347355.34,501000,6.3,outlet,water,Becker,yes,-0.046,0.0,0.452,0.175
567,0.015,0.0471,1.7671e-04,7,1.000e+07,197590.5,1998.8,0.3532,301.3,1349652.41,599000,6.1,outlet,water,Becker,yes,-0.044,0.0,0.452,0.175
568,0.015,0.0471,1.7671e-04,7,1.002e+07,230247.3,2507,0.443,301.3,1349628.47,698000,6.1,outlet,water,Becker,yes,-0.045,0.0,0.452,0.175
569,0.015,0.0471,1.7671e-04,7,1.003e+07,255317.2,2996.6,0.5295,300.7,1346191.47,774000,6.1,outlet,water,Becker,yes,-0.048,0.0,0.452,0.175
570,0.015,0.0471,1.7671e-04,7,1.202e+07,82136.9,501.8,0.0887,314.7,1425946.21,249000,6,outlet,water,Becker,yes,-0.055,0.0,0.452,0.175
571,0.015,0.0471,1.7671e-04,7,1.200e+07,115123.7,1005.5,0.1777,314.7,1425983.56,349000,6,outlet,water,Becker,yes,-0.055,0.0,0.452,0.175
572,0.015,0.0471,1.7671e-04,7,1.198e+07,138874.1,1502.9,0.2656,314.1,1422339.35,421000,6.3,outlet,water,Becker,yes,-0.057,0.0,0.452,0.175
573,0.015,0.0471,1.7671e-04,7,1.201e+07,166253.1,2008.8,0.355,314.3,1423509.42,504000,6.1,outlet,water,Becker,yes,-0.057,0.0,0.452,0.175
574,0.015,0.0471,1.7671e-04,7,1.198e+07,189013.9,2509.6,0.4435,314.4,1424177.92,573000,6,outlet,water,Becker,yes,-0.055,0.0,0.452,0.175
575,0.015,0.0471,1.7671e-04,7,1.200e+07,207156.6,3006.3,0.5313,313.9,1421079.94,628000,6.1,outlet,water,Becker,yes,-0.059,0.0,0.452,0.175
576,0.015,0.0471,1.7671e-04,7,1.401e+07,65643.6,501.7,0.0887,327.2,1501557.37,199000,5.9,outlet,water,Becker,yes,-0.065,0.0,0.452,0.175
577,0.015,0.0471,1.7671e-04,7,1.399e+07,98630.3,1004.5,0.1775,326.1,1494257.59,299000,6.4,outlet,water,Becker,yes,-0.071,0.0,0.452,0.175
578,0.015,0.0471,1.7671e-04,7,1.401e+07,115453.5,1500.9,0.2652,326.4,1496199.99,350000,6.4,outlet,water,Becker,yes,-0.07,0.0,0.452,0.175
579,0.015,0.0471,1.7671e-04,7,1.400e+07,148110.4,2006.4,0.3546,326,1493566.35,449000,6.2,outlet,water,Becker,yes,-0.072,0.0,0.452,0.175
580,0.015,0.0471,1.7671e-04,7,1.402e+07,181427,2494.5,0.4408,326.8,1498844.62,550000,5.8,outlet,water,Becker,yes,-0.068,0.0,0.452,0.175
581,0.015,0.0471,1.7671e-04,7,1.400e+07,198909.9,3009.9,0.5319,326.9,1499570.67,603000,6.3,outlet,water,Becker,yes,-0.067,0.0,0.452,0.175
582,0.015,0.0471,1.7671e-04,7,1.600e+07,66303.29999999999,504,0.0891,337,1563567.12,201000,5.9,outlet,water,Becker,yes,-0.092,0.0,0.452,0.175
583,0.015,0.0471,1.7671e-04,7,1.603e+07,98630.3,1002.6,0.1772,337.2,1564915.22,299000,5.7,outlet,water,Becker,yes,-0.093,0.0,0.452,0.175
584,0.015,0.0471,1.7671e-04,7,1.598e+07,114793.8,1503.2,0.2656,337.3,1565850.78,348000,6.1,outlet,water,Becker,yes,-0.089,0.0,0.452,0.175
585,0.015,0.0471,1.7671e-04,7,1.599e+07,147450.7,1994.9,0.3525,337.2,1565074.76,447000,6.2,outlet,water,Becker,yes,-0.09,0.0,0.452,0.175
586,0.015,0.0471,1.7671e-04,7,1.601e+07,181097.1,2503,0.4423,337.4,1566466.9,549000,6.1,outlet,water,Becker,yes,-0.09,0.0,0.452,0.175
587,0.015,0.0471,1.7671e-04,7,1.600e+07,213424.1,3009.9,0.5319,336.6,1560645.57,647000,6.1,outlet,water,Becker,yes,-0.096,0.0,0.452,0.175
588,0.015,0.0471,1.7671e-04,7,1.010e+06,132276.8,499.4,0.0883,170.3,719980.63,401000,5.8,N-inlet,water,Becker,yes,-0.022,0.0,0.63,0.175
589,0.015,0.0471,1.7671e-04,7,1.000e+06,164273.9,998.5,0.1764,169.4,716044.3,498000,6,N-inlet,water,Becker,yes,-0.023,0.0,0.63,0.175
590,0.015,0.0471,1.7671e-04,7,1.000e+06,198580.1,1498.7,0.2648,170.1,719101.41,602000,6.1,N-inlet,water,Becker,yes,-0.022,0.0,0.63,0.175
591,0.015,0.0471,1.7671e-04,7,1.030e+06,228927.9,2003.4,0.354,170.9,722613.59,694000,6.3,N-inlet,water,Becker,yes,-0.023,0.0,0.63,0.175
592,0.015,0.0471,1.7671e-04,7,1.000e+06,296880.5,2507.9,0.4432,169.7,717354.28,900000,6,N-inlet,water,Becker,yes,-0.023,0.0,0.63,0.175
593,0.015,0.0471,1.7671e-04,7,1.000e+06,330197.1,3013.8,0.5326,169.8,717791.01,1001000,6.3,N-inlet,water,Becker,yes,-0.022,0.0,0.63,0.175
594,0.015,0.0471,1.7671e-04,7,2.000e+06,163944,502.2,0.0887,201.8,859990.44,497000,5.1,N-inlet,water,Becker,yes,-0.026,0.0,0.63,0.175
595,0.015,0.0471,1.7671e-04,7,2.000e+06,331549.6,1005.1,0.1776,202.6,863592.24,1005100,5.9,N-inlet,water,Becker,yes,-0.024,0.0,0.63,0.175
596,0.015,0.0471,1.7671e-04,7,2.010e+06,231236.9,1507,0.2663,202.1,861344.64,701000,6,N-inlet,water,Becker,yes,-0.026,0.0,0.63,0.175
597,0.015,0.0471,1.7671e-04,7,2.000e+06,261914.6,2001.9,0.3538,202.1,861340.71,794000,6.2,N-inlet,water,Becker,yes,-0.025,0.0,0.63,0.175
598,0.015,0.0471,1.7671e-04,7,1.990e+06,295561,2500.8,0.4419,202.5,863137.93,896000,6.3,N-inlet,water,Becker,yes,-0.023,0.0,0.63,0.175
599,0.015,0.0471,1.7671e-04,7,2.010e+06,328547.8,2998.2,0.5298,202.5,863145.72,996000,6.4,N-inlet,water,Becker,yes,-0.025,0.0,0.63,0.175
600,0.015,0.0471,1.7671e-04,7,3.000e+06,164273.9,500.4,0.0884,224.1,962072.65,498000,5.4,N-inlet,water,Becker,yes,-0.026,0.0,0.63,0.175
601,0.015,0.0471,1.7671e-04,7,3.010e+06,212764.4,1002.4,0.1771,223.5,959296.2,645000,6,N-inlet,water,Becker,yes,-0.028,0.0,0.63,0.175
602,0.015,0.0471,1.7671e-04,7,3.000e+06,247070.6,1504.8,0.2659,223.6,959756.71,749000,6.3,N-inlet,water,Becker,yes,-0.027,0.0,0.63,0.175
603,0.015,0.0471,1.7671e-04,7,3.010e+06,280387.1,2001,0.3536,224.3,963001.94,850000,6.3,N-inlet,water,Becker,yes,-0.026,0.0,0.63,0.175
604,0.015,0.0471,1.7671e-04,7,3.000e+06,330197.1,2499.8,0.4418,224.3,962999.55,1001000,6.1,N-inlet,water,Becker,yes,-0.025,0.0,0.63,0.175
605,0.015,0.0471,1.7671e-04,7,3.000e+06,361864.3,3003,0.5307,223.4,958830.85,1097000,6.1,N-inlet,water,Becker,yes,-0.028,0.0,0.63,0.175
606,0.015,0.0471,1.7671e-04,7,4.990e+06,147450.7,501.2,0.0886,253.9,1103935.34,447000,6.3,N-inlet,water,Becker,yes,-0.03,0.0,0.63,0.175
607,0.015,0.0471,1.7671e-04,7,5.000e+06,221670.8,1004.3,0.1775,254.2,1105403.64,672000,5.9,N-inlet,water,Becker,yes,-0.03,0.0,0.63,0.175
608,0.015,0.0471,1.7671e-04,7,5.000e+06,280057.3,1511.3,0.2671,253.9,1103934.64,849000,5.9,N-inlet,water,Becker,yes,-0.031,0.0,0.63,0.175
609,0.015,0.0471,1.7671e-04,7,4.990e+06,328217.9,2003.6,0.3541,254.4,1106384.35,995000,5.7,N-inlet,water,Becker,yes,-0.029,0.0,0.63,0.175
610,0.015,0.0471,1.7671e-04,7,5.010e+06,362854,2510,0.4436,254.1,1104913.12,1100000,6,N-inlet,water,Becker,yes,-0.031,0.0,0.63,0.175
611,0.015,0.0471,1.7671e-04,7,4.990e+06,411344.4,3005.5,0.5311,254.2,1105404.38,1247000,5.5,N-inlet,water,Becker,yes,-0.03,0.0,0.63,0.175
612,0.015,0.0471,1.7671e-04,7,6.990e+06,148110.4,503.1,0.0889,275.8,1213612.89,449000,5.2,N-inlet,water,Becker,yes,-0.035,0.0,0.63,0.175
613,0.015,0.0471,1.7671e-04,7,7.010e+06,245751.1,1002,0.1771,275.8,1213604.08,745000,4.1,N-inlet,water,Becker,yes,-0.036,0.0,0.63,0.175
614,0.015,0.0471,1.7671e-04,7,7.010e+06,279067.7,1492.1,0.2637,275.7,1213085.7,846000,5,N-inlet,water,Becker,yes,-0.036,0.0,0.63,0.175
615,0.015,0.0471,1.7671e-04,7,7.000e+06,312384.3,2008.9,0.355,275.7,1213090.09,947000,5.8,N-inlet,water,Becker,yes,-0.036,0.0,0.63,0.175
616,0.015,0.0471,1.7671e-04,7,7.010e+06,368791.6,2559.5,0.4523,275.1,1209979.32,1118000,2.8,N-inlet,water,Becker,yes,-0.039,0.0,0.63,0.175
617,0.015,0.0471,1.7671e-04,7,7.000e+06,373079.8,3033.5,0.5361,275.3,1211018.34,1131000,2,N-inlet,water,Becker,yes,-0.037,0.0,0.63,0.175
618,0.015,0.0471,1.7671e-04,7,9.990e+06,114463.9,502.3,0.0888,301,1347949.76,347000,5.7,N-inlet,water,Becker,yes,-0.045,0.0,0.63,0.175
619,0.015,0.0471,1.7671e-04,7,1.000e+07,131946.9,1003.7,0.1774,301,1347937.93,400000,6.1,N-inlet,water,Becker,yes,-0.045,0.0,0.63,0.175
620,0.015,0.0471,1.7671e-04,7,1.002e+07,205177.4,1500,0.2651,301.5,1350772.95,622000,4.5,N-inlet,water,Becker,yes,-0.044,0.0,0.63,0.175
621,0.015,0.0471,1.7671e-04,7,1.002e+07,237834.3,2018.7,0.3567,301.2,1349056.73,721000,3.2,N-inlet,water,Becker,yes,-0.045,0.0,0.63,0.175
622,0.015,0.0471,1.7671e-04,7,1.200e+07,82136.9,501.5,0.0886,314.5,1424754.68,249000,5.4,N-inlet,water,Becker,yes,-0.056,0.0,0.63,0.175
623,0.015,0.0471,1.7671e-04,7,1.201e+07,98630.3,1004.5,0.1775,314.5,1424736.15,299000,6,N-inlet,water,Becker,yes,-0.056,0.0,0.63,0.175
624,0.015,0.0471,1.7671e-04,7,1.199e+07,149100,1500.1,0.2651,314.9,1427233.32,452000,5.8,N-inlet,water,Becker,yes,-0.053,0.0,0.63,0.175
625,0.015,0.0471,1.7671e-04,7,1.211e+07,196271,2047.2,0.3618,315.2,1428855.33,595000,2.3,N-inlet,water,Becker,yes,-0.056,0.0,0.63,0.175
626,0.015,0.0471,1.7671e-04,7,1.202e+07,208806,2600,0.4595,313.7,1419823.13,633000,2,N-inlet,water,Becker,yes,-0.061,0.0,0.63,0.175
627,0.015,0.0471,1.7671e-04,7,1.207e+07,226618.8,3117.9,0.551,313.2,1416692.27,687000,1.8,N-inlet,water,Becker,yes,-0.065,0.0,0.63,0.175
628,0.015,0.0471,1.7671e-04,7,1.399e+07,65313.7,501.3,0.0886,327,1500269.85,198000,5.8,N-inlet,water,Becker,yes,-0.066,0.0,0.63,0.175
629,0.015,0.0471,1.7671e-04,7,1.400e+07,98630.3,1006.8,0.1779,326.8,1498900.5,299000,5,N-inlet,water,Becker,yes,-0.067,0.0,0.63,0.175
630,0.015,0.0471,1.7671e-04,7,1.400e+07,131946.9,1499.3,0.2649,327.1,1500913.34,400000,4.3,N-inlet,water,Becker,yes,-0.066,0.0,0.63,0.175
631,0.015,0.0471,1.7671e-04,7,1.397e+07,182746.4,1991.1,0.3519,327,1500326.37,554000,3.9,N-inlet,water,Becker,yes,-0.065,0.0,0.63,0.175
632,0.015,0.0471,1.7671e-04,7,1.400e+07,199899.5,2519.2,0.4452,327.2,1501585.85,606000,5.9,N-inlet,water,Becker,yes,-0.065,0.0,0.63,0.175
633,0.015,0.0471,1.7671e-04,7,1.401e+07,239153.7,3003.4,0.5307,326.7,1498203.27,725000,3.6,N-inlet,water,Becker,yes,-0.069,0.0,0.63,0.175
634,0.015,0.0471,1.7671e-04,7,1.599e+07,65643.6,502.4,0.0888,337.8,1569507.75,199000,4.7,N-inlet,water,Becker,yes,-0.086,0.0,0.63,0.175
635,0.015,0.0471,1.7671e-04,7,1.599e+07,98630.3,996.7,0.1761,337.2,1565074.76,299000,5.2,N-inlet,water,Becker,yes,-0.09,0.0,0.63,0.175
636,0.015,0.0471,1.7671e-04,7,1.600e+07,131946.9,1496.4,0.2644,336.9,1562835.02,400000,5.1,N-inlet,water,Becker,yes,-0.093,0.0,0.63,0.175
637,0.015,0.0471,1.7671e-04,7,1.599e+07,182416.6,2003.9,0.3541,336.9,1562874.32,553000,4.4,N-inlet,water,Becker,yes,-0.093,0.0,0.63,0.175
638,0.015,0.0471,1.7671e-04,7,1.600e+07,232226.5,2491.8,0.4403,337.8,1569466.49,704000,1.5,N-inlet,water,Becker,yes,-0.086,0.0,0.63,0.175
639,0.015,0.0471,1.7671e-04,7,1.600e+07,263563.9,3038.2,0.5369,337.4,1566507.23,799000,1.9,N-inlet,water,Becker,yes,-0.089,0.0,0.63,0.175
640,0.015,0.0471,1.7671e-04,7,1.010e+06,140523.4,503.3,0.0889,169.7,717359.76,426000,5.3,N-middle,water,Becker,yes,-0.023,0.0,0.546,0.175
641,0.015,0.0471,1.7671e-04,7,1.010e+06,181427,999.9,0.1767,169.7,717359.76,550000,5.8,N-middle,water,Becker,yes,-0.023,0.0,0.546,0.175
642,0.015,0.0471,1.7671e-04,7,9.900e+05,214413.7,1500.4,0.2651,169.5,716475.44,650000,6.3,N-middle,water,Becker,yes,-0.022,0.0,0.546,0.175
643,0.015,0.0471,1.7671e-04,7,1.020e+06,246740.7,2011,0.3554,170.3,719986.08,748000,6.5,N-middle,water,Becker,yes,-0.023,0.0,0.546,0.175
644,0.015,0.0471,1.7671e-04,7,9.900e+05,312714.1,2498.1,0.4415,170.1,719095.95,948000,6.3,N-middle,water,Becker,yes,-0.021,0.0,0.546,0.175
645,0.015,0.0471,1.7671e-04,7,1.000e+06,378027.8,3019.4,0.5336,170.5,720849.08,1146000,6.1,N-middle,water,Becker,yes,-0.021,0.0,0.546,0.175
646,0.015,0.0471,1.7671e-04,7,1.020e+06,163614.1,502.9,0.0889,170.5,720859.97,496000,4.9,N-middle,water,Becker,yes,-0.023,0.0,0.546,0.175
647,0.015,0.0471,1.7671e-04,7,2.010e+06,198580.1,1001,0.1769,202.4,862695.37,602000,6,N-middle,water,Becker,yes,-0.025,0.0,0.546,0.175
648,0.015,0.0471,1.7671e-04,7,2.000e+06,229917.5,1502.1,0.2654,202.1,861340.71,697000,6.1,N-middle,water,Becker,yes,-0.025,0.0,0.546,0.175
649,0.015,0.0471,1.7671e-04,7,1.990e+06,280717,2003.7,0.3541,202.4,862687.56,851000,6,N-middle,water,Becker,yes,-0.024,0.0,0.546,0.175
650,0.015,0.0471,1.7671e-04,7,1.990e+06,312054.4,2503.5,0.4424,202.2,861787,946000,6.4,N-middle,water,Becker,yes,-0.024,0.0,0.546,0.175
651,0.015,0.0471,1.7671e-04,7,2.010e+06,362194.2,2997.2,0.5296,202.4,862695.37,1098000,6.1,N-middle,water,Becker,yes,-0.025,0.0,0.546,0.175
652,0.015,0.0471,1.7671e-04,7,2.990e+06,164933.6,503.3,0.0889,223.6,959754.26,500000,4.9,N-middle,water,Becker,yes,-0.027,0.0,0.546,0.175
653,0.015,0.0471,1.7671e-04,7,3.000e+06,214413.7,1002.3,0.1771,224.4,963463.11,650000,5.9,N-middle,water,Becker,yes,-0.025,0.0,0.546,0.175
654,0.015,0.0471,1.7671e-04,7,3.010e+06,248060.2,1503.2,0.2656,223.9,961148.48,752000,6.3,N-middle,water,Becker,yes,-0.027,0.0,0.546,0.175
655,0.015,0.0471,1.7671e-04,7,3.010e+06,280387.1,1999.8,0.3534,223.7,960222.19,850000,6.6,N-middle,water,Becker,yes,-0.027,0.0,0.546,0.175
656,0.015,0.0471,1.7671e-04,7,2.990e+06,328547.8,2495.6,0.441,223.7,960217.31,996000,6.3,N-middle,water,Becker,yes,-0.026,0.0,0.546,0.175
657,0.015,0.0471,1.7671e-04,7,3.000e+06,378687.6,3006.1,0.5312,224.5,963926.74,1148000,6.3,N-middle,water,Becker,yes,-0.025,0.0,0.546,0.175
658,0.015,0.0471,1.7671e-04,7,4.990e+06,147780.5,502.3,0.0888,254.3,1105894.31,448000,6.1,N-middle,water,Becker,yes,-0.029,0.0,0.546,0.175
659,0.015,0.0471,1.7671e-04,7,4.990e+06,230577.2,1001.3,0.1769,253.6,1102467.39,699000,5.2,N-middle,water,Becker,yes,-0.031,0.0,0.546,0.175
660,0.015,0.0471,1.7671e-04,7,5.000e+06,262574.3,1501.5,0.2653,253.6,1102466.73,796000,6.1,N-middle,water,Becker,yes,-0.032,0.0,0.546,0.175
661,0.015,0.0471,1.7671e-04,7,5.010e+06,313373.9,2004,0.3541,254,1104423.47,950000,5.4,N-middle,water,Becker,yes,-0.031,0.0,0.546,0.175
662,0.015,0.0471,1.7671e-04,7,5.000e+06,346360.6,2491.2,0.4402,253.4,1101488.72,1050000,6.2,N-middle,water,Becker,yes,-0.032,0.0,0.546,0.175
663,0.015,0.0471,1.7671e-04,7,5.000e+06,387594,2992,0.5287,253.8,1103445.21,1175000,5.3,N-middle,water,Becker,yes,-0.031,0.0,0.546,0.175
664,0.015,0.0471,1.7671e-04,7,7.010e+06,147120.8,501.3,0.0886,276.3,1216198.71,446000,5,N-middle,water,Becker,yes,-0.034,0.0,0.546,0.175
665,0.015,0.0471,1.7671e-04,7,7.020e+06,203528.1,997.9,0.1763,276.5,1217233.3,617000,5.3,N-middle,water,Becker,yes,-0.034,0.0,0.546,0.175
666,0.015,0.0471,1.7671e-04,7,7.020e+06,246081,1500.1,0.2651,276.1,1215155.82,746000,4.9,N-middle,water,Becker,yes,-0.035,0.0,0.546,0.175
667,0.015,0.0471,1.7671e-04,7,6.990e+06,280717,2004.8,0.3543,275.8,1213612.89,851000,4.6,N-middle,water,Becker,yes,-0.035,0.0,0.546,0.175
668,0.015,0.0471,1.7671e-04,7,7.020e+06,313703.7,2505.3,0.4427,275.7,1213081.32,951000,4.3,N-middle,water,Becker,yes,-0.037,0.0,0.546,0.175
669,0.015,0.0471,1.7671e-04,7,7.010e+06,345041.1,2991.8,0.5287,275.9,1214122.63,1046000,4.1,N-middle,water,Becker,yes,-0.036,0.0,0.546,0.175
670,0.015,0.0471,1.7671e-04,7,1.001e+07,106877,502.3,0.0888,301.3,1349640.43,324000,5.6,N-middle,water,Becker,yes,-0.045,0.0,0.546,0.175
671,0.015,0.0471,1.7671e-04,7,9.990e+06,149100,1001.7,0.177,300.4,1344529.58,452000,4.9,N-middle,water,Becker,yes,-0.048,0.0,0.546,0.175
672,0.015,0.0471,1.7671e-04,7,1.002e+07,182086.7,1507.4,0.2664,300.9,1347343.57,552000,4.9,N-middle,water,Becker,yes,-0.047,0.0,0.546,0.175
673,0.015,0.0471,1.7671e-04,7,9.990e+06,214083.8,2004.5,0.3542,301.1,1348520.97,649000,4.2,N-middle,water,Becker,yes,-0.045,0.0,0.546,0.175
674,0.015,0.0471,1.7671e-04,7,1.001e+07,233216.1,2512.2,0.4439,301.1,1348497.21,707000,4.2,N-middle,water,Becker,yes,-0.045,0.0,0.546,0.175
675,0.015,0.0471,1.7671e-04,7,1.000e+07,240473.2,3004.6,0.531,301.1,1348509.08,729000,4.1,N-middle,water,Becker,yes,-0.045,0.0,0.546,0.175
676,0.015,0.0471,1.7671e-04,7,1.200e+07,81807.1,499.6,0.0883,314.2,1422915.09,248000,5.2,N-middle,water,Becker,yes,-0.057,0.0,0.546,0.175
677,0.015,0.0471,1.7671e-04,7,1.199e+07,115783.4,1002.9,0.1772,315.1,1428466.41,351000,5.5,N-middle,water,Becker,yes,-0.052,0.0,0.546,0.175
678,0.015,0.0471,1.7671e-04,7,1.201e+07,147120.8,1505.7,0.2661,314.5,1424736.15,446000,4.6,N-middle,water,Becker,yes,-0.056,0.0,0.546,0.175
679,0.015,0.0471,1.7671e-04,7,1.202e+07,156027.2,1996.7,0.3528,314.4,1424104.1,473000,4.3,N-middle,water,Becker,yes,-0.057,0.0,0.546,0.175
680,0.015,0.0471,1.7671e-04,7,1.201e+07,164933.6,2507.4,0.4431,314.2,1422896.8,500000,4.3,N-middle,water,Becker,yes,-0.058,0.0,0.546,0.175
681,0.015,0.0471,1.7671e-04,7,1.202e+07,188354.2,3019.9,0.5337,314.6,1425331.67,571000,4.2,N-middle,water,Becker,yes,-0.056,0.0,0.546,0.175
682,0.015,0.0471,1.7671e-04,7,1.402e+07,65643.6,505.9,0.0894,326.6,1497507.08,199000,5.6,N-middle,water,Becker,yes,-0.07,0.0,0.546,0.175
683,0.015,0.0471,1.7671e-04,7,1.398e+07,99619.9,1005.1,0.1776,326.5,1496949.74,302000,5.7,N-middle,water,Becker,yes,-0.068,0.0,0.546,0.175
684,0.015,0.0471,1.7671e-04,7,1.399e+07,122710.6,1507.6,0.2664,326.8,1498928.47,372000,4.6,N-middle,water,Becker,yes,-0.067,0.0,0.546,0.175
685,0.015,0.0471,1.7671e-04,7,1.399e+07,148110.4,2010.5,0.3553,326.7,1498258.93,449000,4,N-middle,water,Becker,yes,-0.068,0.0,0.546,0.175
686,0.015,0.0471,1.7671e-04,7,1.403e+07,182086.7,2491.8,0.4403,327,1500157.05,552000,4,N-middle,water,Becker,yes,-0.067,0.0,0.546,0.175
687,0.015,0.0471,1.7671e-04,7,1.397e+07,214743.6,2990.4,0.5284,326.9,1499655.03,651000,3.9,N-middle,water,Becker,yes,-0.066,0.0,0.546,0.175
688,0.015,0.0471,1.7671e-04,7,1.602e+07,65973.4,505.8,0.0894,337.6,1567902.91,200000,4.9,N-middle,water,Becker,yes,-0.089,0.0,0.546,0.175
689,0.015,0.0471,1.7671e-04,7,1.600e+07,90713.5,1009.4,0.1784,337.6,1567984.43,275000,5.5,N-middle,water,Becker,yes,-0.088,0.0,0.546,0.175
690,0.015,0.0471,1.7671e-04,7,1.601e+07,114463.9,1515.6,0.2678,337.4,1566466.9,347000,4.2,N-middle,water,Becker,yes,-0.09,0.0,0.546,0.175
691,0.015,0.0471,1.7671e-04,7,1.597e+07,155697.3,1999.5,0.3533,337.6,1568106.99,472000,5.4,N-middle,water,Becker,yes,-0.086,0.0,0.546,0.175
692,0.015,0.0471,1.7671e-04,7,1.601e+07,197590.5,2505.1,0.4427,337.4,1566466.9,599000,4.4,N-middle,water,Becker,yes,-0.09,0.0,0.546,0.175
693,0.015,0.0471,1.7671e-04,7,1.600e+07,224309.7,3016.4,0.533,337.5,1567245.23,680000,3.9,N-middle,water,Becker,yes,-0.089,0.0,0.546,0.175
694,0.00544,0.0171,2.3243e-05,0.762,7.200e+05,21363.9,678.8,0.0158,34.1,142900.57,1640500,0.498,middle(1),water,Todreas,yes,-0.271,0.0,0.576,0.019
695,0.00544,0.0171,2.3243e-05,0.762,7.300e+05,21085.2,678.8,0.0158,78.3,327734.2,1619100,0.597,middle(1),water,Todreas,yes,-0.183,0.0,0.576,0.019
696,0.00544,0.0171,2.3243e-05,0.762,5.900e+05,21414.7,678.8,0.0158,104.9,439504.53,1644400,0.683,middle(1),water,Todreas,yes,-0.109,0.0,0.576,0.019
697,0.00544,0.0171,2.3243e-05,0.762,6.800e+05,22775.5,682,0.0159,129,541763.02,1748900,0.749,middle(1),water,Todreas,yes,-0.073,0.0,0.576,0.019
698,0.00544,0.0171,2.3243e-05,0.762,4.300e+05,40628.5,1343.9,0.0312,10.7,44745.81,3119800,0.566,middle(1),water,Todreas,yes,-0.269,0.0,0.576,0.019
699,0.00544,0.0171,2.3243e-05,0.762,5.300e+05,40834.2,1357.5,0.0316,61.1,255555.64,3135600,0.589,middle(1),water,Todreas,yes,-0.188,0.0,0.576,0.019
700,0.00544,0.0171,2.3243e-05,0.762,4.800e+05,38047.4,1357.5,0.0316,85.6,358167.11,2921600,0.752,middle(1),water,Todreas,yes,-0.13,0.0,0.576,0.019
701,0.00544,0.0171,2.3243e-05,0.762,4.600e+05,34087.1,1357.5,0.0316,111.2,466035.62,2617500,0.749,middle(1),water,Todreas,yes,-0.076,0.0,0.576,0.019
702,0.00544,0.0171,2.3243e-05,0.762,7.400e+05,63069.3,2715,0.0631,23.4,98204.83,4843000,0.549,middle(1),water,Todreas,yes,-0.296,0.0,0.576,0.019
703,0.00544,0.0171,2.3243e-05,0.762,7.900e+05,60575.5,2715,0.0631,51.7,216482.96,4651500,0.683,middle(1),water,Todreas,yes,-0.245,0.0,0.576,0.019
704,0.00544,0.0171,2.3243e-05,0.762,7.900e+05,59167.7,2660.7,0.0618,82.7,346237.21,4543400,0.709,middle(1),water,Todreas,yes,-0.182,0.0,0.576,0.019
705,0.00544,0.0171,2.3243e-05,0.762,7.800e+05,51364.5,2687.9,0.0625,109.8,460346.57,3944200,0.587,middle(1),water,Todreas,yes,-0.125,0.0,0.576,0.019
706,0.00544,0.0171,2.3243e-05,0.762,6.300e+05,27442.9,659.7,0.0153,28.6,119838.69,2107300,0.747,middle(2),water,Todreas,yes,-0.269,0.0,0.386,0.019
707,0.00544,0.0171,2.3243e-05,0.762,6.500e+05,26457.1,659.7,0.0153,49,205081.23,2031600,0.749,middle(2),water,Todreas,yes,-0.231,0.0,0.386,0.019
708,0.00544,0.0171,2.3243e-05,0.762,6.100e+05,24213.3,675.5,0.0157,76.2,318834.93,1859300,0.691,middle(2),water,Todreas,yes,-0.17,0.0,0.386,0.019
709,0.00544,0.0171,2.3243e-05,0.762,6.300e+05,24150.7,651.6,0.0151,89.9,376350.68,1854500,0.744,middle(2),water,Todreas,yes,-0.145,0.0,0.386,0.019
710,0.00544,0.0171,2.3243e-05,0.762,6.600e+05,23872.1,672.2,0.0156,105.5,442089.56,1833100,0.734,middle(2),water,Todreas,yes,-0.118,0.0,0.386,0.019
711,0.00544,0.0171,2.3243e-05,0.762,6.600e+05,22614.1,662.5,0.0154,115.8,485658.23,1736500,0.734,middle(2),water,Todreas,yes,-0.097,0.0,0.386,0.019
712,0.00544,0.0171,2.3243e-05,0.762,6.400e+05,21660.8,659.7,0.0153,132,554529.46,1663300,0.739,middle(2),water,Todreas,yes,-0.061,0.0,0.386,0.019
713,0.00544,0.0171,2.3243e-05,0.762,4.600e+05,42094.8,1324.9,0.0308,12.8,53577.88,3232400,0.61,middle(2),water,Todreas,yes,-0.271,0.0,0.386,0.019
714,0.00544,0.0171,2.3243e-05,0.762,4.500e+05,45116.10000000001,1311.3,0.0305,11.4,47700.25,3464400,0.701,middle(2),water,Todreas,yes,-0.271,0.0,0.386,0.019
715,0.00544,0.0171,2.3243e-05,0.762,4.600e+05,42565,1319.5,0.0307,27.9,116757.21,3268500,0.655,middle(2),water,Todreas,yes,-0.241,0.0,0.386,0.019
716,0.00544,0.0171,2.3243e-05,0.762,4.600e+05,40335.5,1319.5,0.0307,54.1,226230.15,3097300,0.66,middle(2),water,Todreas,yes,-0.189,0.0,0.386,0.019
717,0.00544,0.0171,2.3243e-05,0.762,4.800e+05,38633.4,1303.2,0.0303,69.6,291082.03,2966600,0.711,middle(2),water,Todreas,yes,-0.162,0.0,0.386,0.019
718,0.00544,0.0171,2.3243e-05,0.762,4.600e+05,36579.7,1343.9,0.0312,84.8,354792.03,2808900,0.734,middle(2),water,Todreas,yes,-0.128,0.0,0.386,0.019
719,0.00544,0.0171,2.3243e-05,0.762,4.600e+05,32620.8,1351,0.0314,112.7,472384.11,2504900,0.749,middle(2),water,Todreas,yes,-0.073,0.0,0.386,0.019
720,0.00544,0.0171,2.3243e-05,0.762,4.600e+05,31241.7,1337.4,0.0311,116.4,488058.8,2399000,0.711,middle(2),water,Todreas,yes,-0.065,0.0,0.386,0.019
721,0.00544,0.0171,2.3243e-05,0.762,7.400e+05,68760.3,2660.7,0.0618,17,71434.47,5280000,0.658,middle(2),water,Todreas,yes,-0.309,0.0,0.386,0.019
722,0.00544,0.0171,2.3243e-05,0.762,7.900e+05,63186.5,2679.7,0.0623,54.9,229855.04,4852000,0.559,middle(2),water,Todreas,yes,-0.239,0.0,0.386,0.019
723,0.00544,0.0171,2.3243e-05,0.762,7.900e+05,59050.5,2687.9,0.0625,83.2,348335.43,4534400,0.638,middle(2),water,Todreas,yes,-0.181,0.0,0.386,0.019
724,0.00544,0.0171,2.3243e-05,0.762,7.900e+05,52157.5,2660.7,0.0618,110.1,461622.41,4005100,0.607,middle(2),water,Todreas,yes,-0.125,0.0,0.386,0.019
725,0.00544,0.0171,2.3243e-05,0.762,5.900e+05,25078,682,0.0159,33.4,139858.87,1925700,0.747,middle(3),water,Todreas,yes,-0.253,0.0,0.3,0.019
726,0.00544,0.0171,2.3243e-05,0.762,6.900e+05,21719.4,682,0.0159,77.3,323509.91,1667800,0.749,middle(3),water,Todreas,yes,-0.179,0.0,0.3,0.019
727,0.00544,0.0171,2.3243e-05,0.762,6.600e+05,20056.4,685.8,0.0159,77.9,326001.17,1540100,0.691,middle(3),water,Todreas,yes,-0.174,0.0,0.3,0.019
728,0.00544,0.0171,2.3243e-05,0.762,6.600e+05,23913.7,678.8,0.0158,103.1,431959.63,1836300,0.744,middle(3),water,Todreas,yes,-0.123,0.0,0.3,0.019
729,0.00544,0.0171,2.3243e-05,0.762,5.900e+05,21701.2,682,0.0159,103.5,433595.37,1666400,0.734,middle(3),water,Todreas,yes,-0.112,0.0,0.3,0.019
730,0.00544,0.0171,2.3243e-05,0.762,6.600e+05,22728.7,682,0.0159,132.8,557957.56,1745300,0.734,middle(3),water,Todreas,yes,-0.062,0.0,0.3,0.019
731,0.00544,0.0171,2.3243e-05,0.762,4.400e+05,41596.1,1330.4,0.0309,13.7,57329.59,3194100,0.739,middle(3),water,Todreas,yes,-0.265,0.0,0.3,0.019
732,0.00544,0.0171,2.3243e-05,0.762,4.500e+05,40276.89999999999,1364.6,0.0317,54.6,228311.54,3092800,0.561,middle(3),water,Todreas,yes,-0.186,0.0,0.3,0.019
733,0.00544,0.0171,2.3243e-05,0.762,4.800e+05,38457.6,1364.6,0.0317,86.4,361527.1,2953100,0.569,middle(3),water,Todreas,yes,-0.129,0.0,0.3,0.019
734,0.00544,0.0171,2.3243e-05,0.762,4.700e+05,35963.7,1357.5,0.0316,112.1,469851.53,2761600,0.737,middle(3),water,Todreas,yes,-0.076,0.0,0.3,0.019
735,0.00544,0.0171,2.3243e-05,0.762,6.600e+05,58200.1,2742.2,0.0637,13.1,55027.77,4469100,0.572,middle(3),water,Todreas,yes,-0.305,0.0,0.3,0.019
736,0.00544,0.0171,2.3243e-05,0.762,7.200e+05,63069.3,2728.6,0.0634,21,88150.34,4843000,0.554,middle(3),water,Todreas,yes,-0.298,0.0,0.3,0.019
737,0.00544,0.0171,2.3243e-05,0.762,7.800e+05,62277.5,2715,0.0631,55.8,233608,4782200,0.592,middle(3),water,Todreas,yes,-0.235,0.0,0.3,0.019
738,0.00544,0.0171,2.3243e-05,0.762,7.900e+05,57378.4,2660.7,0.0618,82.4,344978.38,4406000,0.559,middle(3),water,Todreas,yes,-0.182,0.0,0.3,0.019
739,0.00544,0.0171,2.3243e-05,0.762,7.800e+05,53125.10000000001,2687.9,0.0625,106.8,447668.2,4079400,0.559,middle(3),water,Todreas,yes,-0.131,0.0,0.3,0.019
740,0.00544,0.0171,2.3243e-05,0.762,6.300e+05,26574.3,685.8,0.0159,33.1,138641.63,2040600,0.249,inlet,water,Todreas,yes,-0.26,0.0,0.465,0.019
741,0.00544,0.0171,2.3243e-05,0.762,6.800e+05,25852.8,672.2,0.0156,105.1,440415.48,1985200,0.714,inlet,water,Todreas,yes,-0.122,0.0,0.465,0.019
742,0.00544,0.0171,2.3243e-05,0.762,4.300e+05,38721.9,1371.1,0.0319,11.8,49357.69,2973400,0.3,inlet,water,Todreas,yes,-0.267,0.0,0.465,0.019
743,0.00544,0.0171,2.3243e-05,0.762,4.700e+05,37900.2,1343.9,0.0312,85.8,358999.22,2910300,0.744,inlet,water,Todreas,yes,-0.128,0.0,0.465,0.019
744,0.00544,0.0171,2.3243e-05,0.762,8.300e+05,59900.9,2687.9,0.0625,84.5,353823.34,4599700,0.505,inlet,water,Todreas,yes,-0.183,0.0,0.465,0.019
745,0.00544,0.0171,2.3243e-05,0.762,6.400e+05,54415.7,2715,0.0631,20.8,87238.78,4178500,0.277,inlet,water,Todreas,yes,-0.286,0.0,0.465,0.019
746,0.00544,0.0171,2.3243e-05,0.762,6.800e+05,22602.3,678.8,0.0158,33,138269.05,1735600,0.638,outlet,water,Todreas,yes,-0.268,0.0,0.364,0.019
747,0.00544,0.0171,2.3243e-05,0.762,6.400e+05,23993.2,678.8,0.0158,106.11,444650.76,1842400,0.711,outlet,water,Todreas,yes,-0.114,0.0,0.364,0.019
748,0.00544,0.0171,2.3243e-05,0.762,9.000e+05,35143.3,1371.1,0.0319,38.2,160187.68,2698600,0.615,outlet,water,Todreas,yes,-0.287,0.0,0.364,0.019
749,0.00544,0.0171,2.3243e-05,0.762,4.500e+05,36403.9,1343.9,0.0312,85.54,357891.62,2795400,0.62,outlet,water,Todreas,yes,-0.125,0.0,0.364,0.019
750,0.00544,0.0171,2.3243e-05,0.762,7.600e+05,50338.3,2715,0.0631,88.57,370861.89,3865400,0.686,outlet,water,Todreas,yes,-0.166,0.0,0.364,0.019
751,0.00544,0.0171,2.3243e-05,0.762,5.000e+05,45820.7,2715,0.0631,12.08,50599.11,3518500,0.566,outlet,water,Todreas,yes,-0.28,0.0,0.364,0.019
752,0.01016,0.0319,8.1073e-05,4.88,6.900e+06,231463.3,3987.5,0.3233,273.3,1200741.22,1486000,2.643,middle,water,Casterline,yes,-0.041,0.0,0.103,0.122
753,0.01016,0.0319,8.1073e-05,4.88,6.900e+06,259469.5,4109.6,0.3332,243.3,1052830.54,1665800,2.643,middle,water,Casterline,yes,-0.139,0.0,0.103,0.122
754,0.01016,0.0319,8.1073e-05,4.88,6.900e+06,278643.9,4041.8,0.3277,215.6,924180.25,1788900,2.643,middle,water,Casterline,yes,-0.224,0.0,0.103,0.122
755,0.01016,0.0319,8.1073e-05,4.88,6.900e+06,299780.8,4001.1,0.3244,186.1,792324.24,1924600,2.643,middle,water,Casterline,yes,-0.311,0.0,0.103,0.122
756,0.01016,0.0319,8.1073e-05,4.88,6.900e+06,273238.9,6849.3,0.5553,265.6,1161631.73,1754200,2.643,middle,water,Casterline,yes,-0.067,0.0,0.103,0.122
757,0.01016,0.0319,8.1073e-05,4.88,6.900e+06,308129.7,6686.5,0.5421,245,1060931.77,1978200,2.643,middle,water,Casterline,yes,-0.133,0.0,0.103,0.122
758,0.01016,0.0319,8.1073e-05,4.88,6.900e+06,344983.2,6632.3,0.5377,213.9,916458.67,2214800,2.643,middle,water,Casterline,yes,-0.229,0.0,0.103,0.122
759,0.01016,0.0319,8.1073e-05,4.88,6.900e+06,420169.8,6835.7,0.5542,184.4,784845.8,2697500,2.643,middle,water,Casterline,yes,-0.316,0.0,0.103,0.122
760,0.01016,0.0319,8.1073e-05,4.88,6.900e+06,486524.7,6754.4,0.5476,158.3,671287.78,3123500,2.643,middle,water,Casterline,yes,-0.391,0.0,0.103,0.122
761,0.01016,0.0319,8.1073e-05,4.88,6.900e+06,338098.5,4041.8,0.3277,160,678620.34,2170600,2.643,middle,water,Casterline,yes,-0.386,0.0,0.103,0.122
762,0.01016,0.0319,8.1073e-05,4.88,6.900e+06,213285.8,2631.2,0.2133,271.1,1189469.46,1369300,2.643,middle,water,Casterline,yes,-0.048,0.0,0.103,0.122
763,0.01016,0.0319,8.1073e-05,4.88,6.900e+06,237849.6,2726.2,0.221,243.3,1052830.54,1527000,2.854,middle,water,Casterline,yes,-0.139,0.0,0.103,0.122
764,0.01016,0.0319,8.1073e-05,4.88,6.900e+06,259967.9,2821.1,0.2287,212.8,911471.45,1669000,2.854,middle,water,Casterline,yes,-0.232,0.0,0.103,0.122
765,0.01016,0.0319,8.1073e-05,4.88,6.900e+06,255544.2,2753.3,0.2232,187.8,799814.11,1640600,2.854,middle,water,Casterline,yes,-0.306,0.0,0.103,0.122
766,0.01016,0.0319,8.1073e-05,4.88,6.900e+06,162663,1356.3,0.11,270,1183863.86,1044300,3.059,middle,water,Casterline,yes,-0.052,0.0,0.103,0.122
767,0.01016,0.0319,8.1073e-05,4.88,6.900e+06,185264.1,1342.7,0.1089,240,1037182.03,1189400,3.059,middle,water,Casterline,yes,-0.149,0.0,0.103,0.122
768,0.01016,0.0319,8.1073e-05,4.88,6.900e+06,181338.9,1383.4,0.1122,212.2,908754.11,1164200,3.962,middle,water,Casterline,yes,-0.234,0.0,0.103,0.122
769,0.01016,0.0319,8.1073e-05,4.88,6.900e+06,196572.5,1315.6,0.1067,187.8,799814.11,1262000,3.962,middle,water,Casterline,yes,-0.306,0.0,0.103,0.122
770,0.01016,0.0319,8.1073e-05,4.88,6.900e+06,167086.6,1464.8,0.1188,213.9,916458.67,1072700,4.329,middle,water,Casterline,yes,-0.229,0.0,0.103,0.122
771,0.01016,0.0319,8.1073e-05,4.88,6.900e+06,190186.2,1437.7,0.1166,214.4,918727.94,1221000,3.059,middle,water,Casterline,yes,-0.227,0.0,0.103,0.122
772,0.00793,0.0249,4.9390e-05,0.53,1.000e+07,43398.2,994.4,0.0491,160,680466.29,3286800,0.27,middle,water,Zenkevich,no,-0.552,0.0,0.738,0.089
773,0.00793,0.0249,4.9390e-05,0.53,1.000e+07,40743,997.2,0.0493,181,771525.4,3085700,0.27,middle,water,Zenkevich,no,-0.483,0.0,0.738,0.089
774,0.00793,0.0249,4.9390e-05,0.53,1.000e+07,36651.1,997.2,0.0493,201,859699.68,2775800,0.27,middle,water,Zenkevich,no,-0.416,0.0,0.738,0.089
775,0.00793,0.0249,4.9390e-05,0.53,1.000e+07,36651.1,997.2,0.0493,220,945190.81,2775800,0.27,middle,water,Zenkevich,no,-0.351,0.0,0.738,0.089
776,0.00793,0.0249,4.9390e-05,0.53,1.000e+07,33396.4,997.2,0.0493,239,1032907.74,2529300,0.27,middle,water,Zenkevich,no,-0.285,0.0,0.738,0.089
777,0.00793,0.0249,4.9390e-05,0.53,1.000e+07,30521.9,997.2,0.0493,260,1133393.35,2311600,0.27,middle,water,Zenkevich,no,-0.208,0.0,0.738,0.089
778,0.00793,0.0249,4.9390e-05,0.53,1.000e+07,26011.5,997.2,0.0493,281,1239239.61,1970000,0.27,middle,water,Zenkevich,no,-0.128,0.0,0.738,0.089
779,0.00793,0.0249,4.9390e-05,0.53,1.000e+07,24503.6,997.2,0.0493,300,1342244.73,1855800,0.27,middle,water,Zenkevich,no,-0.05,0.0,0.738,0.089
780,0.00793,0.0249,4.9390e-05,0.53,1.000e+07,57940.9,1997.2,0.0986,140,594851.94,4388200,0.27,middle,water,Zenkevich,no,-0.617,0.0,0.738,0.089
781,0.00793,0.0249,4.9390e-05,0.53,1.000e+07,54278.2,1997.2,0.0986,160,680466.29,4110800,0.27,middle,water,Zenkevich,no,-0.552,0.0,0.738,0.089
782,0.00793,0.0249,4.9390e-05,0.53,1.000e+07,49526.1,1994.4,0.0985,180,767157.17,3750900,0.27,middle,water,Zenkevich,no,-0.486,0.0,0.738,0.089
783,0.00793,0.0249,4.9390e-05,0.53,1.000e+07,47290.7,2002.8,0.0989,200,855250.85,3581600,0.27,middle,water,Zenkevich,no,-0.419,0.0,0.738,0.089
784,0.00793,0.0249,4.9390e-05,0.53,1.000e+07,41970.9,2002.8,0.0989,220,945190.81,3178700,0.27,middle,water,Zenkevich,no,-0.351,0.0,0.738,0.089
785,0.00793,0.0249,4.9390e-05,0.53,1.000e+07,40044.5,2002.8,0.0989,240,1037599.33,3032800,0.27,middle,water,Zenkevich,no,-0.281,0.0,0.738,0.089
786,0.00793,0.0249,4.9390e-05,0.53,1.000e+07,34685.1,1997.2,0.0986,261,1138294.75,2626900,0.27,middle,water,Zenkevich,no,-0.205,0.0,0.738,0.089
787,0.00793,0.0249,4.9390e-05,0.53,1.000e+07,30961.6,1997.2,0.0986,281,1239239.61,2344900,0.27,middle,water,Zenkevich,no,-0.128,0.0,0.738,0.089
788,0.00793,0.0249,4.9390e-05,0.53,1.000e+07,28336.7,2000,0.0988,300,1342244.73,2146100,0.27,middle,water,Zenkevich,no,-0.05,0.0,0.738,0.089
789,0.00793,0.0249,4.9390e-05,0.53,1.400e+07,37678.4,997.2,0.0493,160,682868.15,2853600,0.27,middle,water,Zenkevich,no,-0.832,0.0,0.738,0.089
790,0.00793,0.0249,4.9390e-05,0.53,1.400e+07,34385.3,997.2,0.0493,180,769272.85,2604200,0.27,middle,water,Zenkevich,no,-0.751,0.0,0.738,0.089
791,0.00793,0.0249,4.9390e-05,0.53,1.400e+07,31241.5,997.2,0.0493,199,852583.01,2366100,0.27,middle,water,Zenkevich,no,-0.673,0.0,0.738,0.089
792,0.00793,0.0249,4.9390e-05,0.53,1.400e+07,29913.2,997.2,0.0493,219,941956.09,2265500,0.27,middle,water,Zenkevich,no,-0.589,0.0,0.738,0.089
793,0.00793,0.0249,4.9390e-05,0.53,1.400e+07,25611.4,997.2,0.0493,235,1015054.04,1939700,0.27,middle,water,Zenkevich,no,-0.521,0.0,0.738,0.089
794,0.00793,0.0249,4.9390e-05,0.53,1.400e+07,24753.2,997.2,0.0493,260,1133137.34,1874700,0.27,middle,water,Zenkevich,no,-0.41,0.0,0.738,0.089
795,0.00793,0.0249,4.9390e-05,0.53,1.400e+07,21858.9,997.2,0.0493,280,1232383.29,1655500,0.27,middle,water,Zenkevich,no,-0.317,0.0,0.738,0.089
796,0.00793,0.0249,4.9390e-05,0.53,1.400e+07,19873,997.2,0.0493,299,1332648.16,1505100,0.27,middle,water,Zenkevich,no,-0.223,0.0,0.738,0.089
797,0.00793,0.0249,4.9390e-05,0.53,1.400e+07,17277.2,997.2,0.0493,321,1461216.68,1308500,0.27,middle,water,Zenkevich,no,-0.103,0.0,0.738,0.089
798,0.00793,0.0249,4.9390e-05,0.53,1.400e+07,55235.5,2022.2,0.0999,139,593243.39,4183300,0.27,middle,water,Zenkevich,no,-0.916,0.0,0.738,0.089
799,0.00793,0.0249,4.9390e-05,0.53,1.400e+07,54118.4,2000,0.0988,161,687161.83,4098700,0.27,middle,water,Zenkevich,no,-0.828,0.0,0.738,0.089
800,0.00793,0.0249,4.9390e-05,0.53,1.400e+07,45613.8,2013.9,0.0995,180,769272.85,3454600,0.27,middle,water,Zenkevich,no,-0.751,0.0,0.738,0.089
801,0.00793,0.0249,4.9390e-05,0.53,1.400e+07,43797,2011.1,0.0993,200,857007.07,3317000,0.27,middle,water,Zenkevich,no,-0.669,0.0,0.738,0.089
802,0.00793,0.0249,4.9390e-05,0.53,1.400e+07,41312,2008.3,0.0992,221,951007.31,3128800,0.27,middle,water,Zenkevich,no,-0.581,0.0,0.738,0.089
803,0.00793,0.0249,4.9390e-05,0.53,1.400e+07,36171.8,2005.6,0.0991,240,1038251.93,2739500,0.27,middle,water,Zenkevich,no,-0.499,0.0,0.738,0.089
804,0.00793,0.0249,4.9390e-05,0.53,1.400e+07,33277.5,2005.6,0.0991,259,1128302.39,2520300,0.27,middle,water,Zenkevich,no,-0.415,0.0,0.738,0.089
805,0.00793,0.0249,4.9390e-05,0.53,1.400e+07,30352.9,2002.8,0.0989,279,1227289.85,2298800,0.27,middle,water,Zenkevich,no,-0.322,0.0,0.738,0.089
806,0.00793,0.0249,4.9390e-05,0.53,1.400e+07,24354.4,2002.8,0.0989,300,1338143.97,1844500,0.27,middle,water,Zenkevich,no,-0.218,0.0,0.738,0.089
807,0.00793,0.0249,4.9390e-05,0.53,1.400e+07,23575.4,2005.6,0.0991,312,1406399.34,1785500,0.27,middle,water,Zenkevich,no,-0.154,0.0,0.738,0.089
808,0.00793,0.0249,4.9390e-05,0.53,1.800e+07,27448.1,997.2,0.0493,199,854407,2078800,0.27,middle,water,Zenkevich,no,-1.129,0.0,0.738,0.089
809,0.00793,0.0249,4.9390e-05,0.53,1.800e+07,25451.6,997.2,0.0493,219,943343.66,1927600,0.27,middle,water,Zenkevich,no,-1.014,0.0,0.738,0.089
810,0.00793,0.0249,4.9390e-05,0.53,1.800e+07,23306,997.2,0.0493,239,1034401.78,1765100,0.27,middle,water,Zenkevich,no,-0.897,0.0,0.738,0.089
811,0.00793,0.0249,4.9390e-05,0.53,1.800e+07,20980.8,997.2,0.0493,260,1133076.5,1589000,0.27,middle,water,Zenkevich,no,-0.77,0.0,0.738,0.089
812,0.00793,0.0249,4.9390e-05,0.53,1.800e+07,18684.7,1000,0.0494,280,1231080.11,1415100,0.27,middle,water,Zenkevich,no,-0.644,0.0,0.738,0.089
813,0.00793,0.0249,4.9390e-05,0.53,1.800e+07,17227,1000,0.0494,299,1329426.99,1304700,0.27,middle,water,Zenkevich,no,-0.518,0.0,0.738,0.089
814,0.00793,0.0249,4.9390e-05,0.53,1.800e+07,14772.4,1000,0.0494,319,1441603.32,1118800,0.27,middle,water,Zenkevich,no,-0.374,0.0,0.738,0.089
815,0.00793,0.0249,4.9390e-05,0.53,1.800e+07,12716.6,1000,0.0494,340,1577617.44,963100,0.27,middle,water,Zenkevich,no,-0.199,0.0,0.738,0.089
816,0.00793,0.0249,4.9390e-05,0.53,1.800e+07,49068,2000,0.0988,159,681012.63,3716200,0.27,middle,water,Zenkevich,no,-1.352,0.0,0.738,0.089
817,0.00793,0.0249,4.9390e-05,0.53,1.800e+07,48687.7,1997.2,0.0986,181,775757.64,3687400,0.27,middle,water,Zenkevich,no,-1.23,0.0,0.738,0.089
818,0.00793,0.0249,4.9390e-05,0.53,1.800e+07,45114.7,1994.4,0.0985,200,858811.87,3416800,0.27,middle,water,Zenkevich,no,-1.123,0.0,0.738,0.089
819,0.00793,0.0249,4.9390e-05,0.53,1.800e+07,39915.10000000001,1994.4,0.0985,219,943343.66,3023000,0.27,middle,water,Zenkevich,no,-1.014,0.0,0.738,0.089
820,0.00793,0.0249,4.9390e-05,0.53,1.800e+07,35383.5,2005.6,0.0991,240,1039021.96,2679800,0.27,middle,water,Zenkevich,no,-0.891,0.0,0.738,0.089
821,0.00793,0.0249,4.9390e-05,0.53,1.800e+07,33796.4,2000,0.0988,261,1137871.85,2559600,0.27,middle,water,Zenkevich,no,-0.764,0.0,0.738,0.089
822,0.00793,0.0249,4.9390e-05,0.53,1.800e+07,27557.7,1997.2,0.0986,281,1236111.06,2087100,0.27,middle,water,Zenkevich,no,-0.638,0.0,0.738,0.089
823,0.00793,0.0249,4.9390e-05,0.53,1.800e+07,25451.6,1988.9,0.0982,300,1334789,1927600,0.27,middle,water,Zenkevich,no,-0.511,0.0,0.738,0.089
824,0.00793,0.0249,4.9390e-05,0.53,1.800e+07,21998.9,2008.3,0.0992,319,1441603.32,1666100,0.27,middle,water,Zenkevich,no,-0.374,0.0,0.738,0.089
825,0.00793,0.0249,4.9390e-05,0.53,1.800e+07,20481.7,2008.3,0.0992,327,1490356.38,1551200,0.27,middle,water,Zenkevich,no,-0.311,0.0,0.738,0.089
826,0.00806,0.0253,5.1022e-05,0.643,6.910e+06,6607.1,1090,0.0556,285.1056984658162,2366835.410412628,405800,0.643,Middle,water,Bertoletti,no,0.731,0.0,0.543,0.008
827,0.00806,0.0253,5.1022e-05,0.643,6.910e+06,11659.2,1090,0.0556,285.1056984658162,2162555.606286274,716100,0.643,Middle,water,Bertoletti,no,0.595,0.0,0.543,0.008
828,0.00806,0.0253,5.1022e-05,0.643,6.910e+06,12095.6,1090,0.0556,285.1056984658162,2156814.014158463,742900,0.643,Middle,water,Bertoletti,no,0.592,0.0,0.543,0.008
829,0.00806,0.0253,5.1022e-05,0.643,6.910e+06,18502.4,1100.9,0.0562,285.1056984658162,1941051.025776485,1136400,0.643,Middle,water,Bertoletti,no,0.449,0.0,0.543,0.008
830,0.00806,0.0253,5.1022e-05,0.643,6.910e+06,23098.6,1090,0.0556,285.1056984658162,1750823.012910302,1418700,0.643,Middle,water,Bertoletti,no,0.323,0.0,0.543,0.008
831,0.00806,0.0253,5.1022e-05,0.643,6.910e+06,30695.6,1096.6,0.056,285.1056984658162,1478399.575898604,1885300,0.643,Middle,water,Bertoletti,no,0.143,0.0,0.543,0.008
832,0.00806,0.0253,5.1022e-05,0.643,6.910e+06,31107.5,1096.6,0.056,285.1056984658162,1410255.943013259,1910600,0.643,Middle,water,Bertoletti,no,0.098,0.0,0.543,0.008
833,0.00806,0.0253,5.1022e-05,0.643,6.910e+06,41952.7,1090,0.0556,279.1071570769438,1230906.736283983,2576700,0.643,Middle,water,Bertoletti,no,-0.021,0.0,0.543,0.008
834,0.00806,0.0253,5.1022e-05,0.643,6.910e+06,44702.6,1090,0.0556,259.6965847141245,1132242.008403429,2745600,0.643,Middle,water,Bertoletti,no,-0.086,0.0,0.543,0.008
835,0.00806,0.0253,5.1022e-05,0.643,6.910e+06,3117.9,1495.4,0.0763,285.1056984658162,2476983.322548806,191500,0.643,Middle,water,Bertoletti,no,0.804,0.0,0.543,0.008
836,0.00806,0.0253,5.1022e-05,0.643,6.910e+06,5827.200000000001,1493,0.0762,285.1056984658162,2290683.767454283,357900,0.643,Middle,water,Bertoletti,no,0.68,0.0,0.543,0.008
837,0.00806,0.0253,5.1022e-05,0.643,6.910e+06,6266.8,1490.6,0.0761,285.1056984658162,2294310.036166586,384900,0.643,Middle,water,Bertoletti,no,0.683,0.0,0.543,0.008
838,0.00806,0.0253,5.1022e-05,0.643,6.910e+06,10806.1,1495.4,0.0763,285.1056984658162,2026268.340515586,663700,0.643,Middle,water,Bertoletti,no,0.505,0.0,0.543,0.008
839,0.00806,0.0253,5.1022e-05,0.643,6.910e+06,19179.7,1500.3,0.0765,285.1056984658162,1794791.521046965,1178000,0.643,Middle,water,Bertoletti,no,0.352,0.0,0.543,0.008
840,0.00806,0.0253,5.1022e-05,0.643,6.910e+06,28012.4,1495.4,0.0763,285.1056984658162,1556968.731331817,1720500,0.643,Middle,water,Bertoletti,no,0.195,0.0,0.543,0.008
841,0.00806,0.0253,5.1022e-05,0.643,6.910e+06,32854.6,1497.9,0.0764,285.1056984658162,1464045.595579074,2017900,0.643,Middle,water,Bertoletti,no,0.133,0.0,0.543,0.008
842,0.00806,0.0253,5.1022e-05,0.643,6.910e+06,36049,1501.3,0.0766,285.1056984658162,1282883.254493647,2214100,0.643,Middle,water,Bertoletti,no,0.013,0.0,0.543,0.008
843,0.00806,0.0253,5.1022e-05,0.643,6.910e+06,44723.8,1500.3,0.0765,258.1944644834747,1124838.376449145,2746900,0.643,Middle,water,Bertoletti,no,-0.091,0.0,0.543,0.008
844,0.00806,0.0253,5.1022e-05,0.643,6.910e+06,47683.8,1500.8,0.0766,231.3705172178447,996710.2152811361,2928700,0.643,Middle,water,Bertoletti,no,-0.176,0.0,0.543,0.008
845,0.00806,0.0253,5.1022e-05,0.643,6.910e+06,6820.299999999999,2203.6,0.1124,285.1056984658162,2113147.695081158,418900,0.643,Middle,water,Bertoletti,no,0.563,0.0,0.543,0.008
846,0.00806,0.0253,5.1022e-05,0.643,6.910e+06,10024.6,2200.9,0.1123,285.1056984658162,1943770.727310712,615700,0.643,Middle,water,Bertoletti,no,0.451,0.0,0.543,0.008
847,0.00806,0.0253,5.1022e-05,0.643,6.910e+06,12045.1,2196.6,0.1121,285.1056984658162,1952383.115502429,739800,0.643,Middle,water,Bertoletti,no,0.456,0.0,0.543,0.008
848,0.00806,0.0253,5.1022e-05,0.643,6.910e+06,16856.3,2189.7,0.1117,285.1056984658162,1761852.913576888,1035300,0.643,Middle,water,Bertoletti,no,0.33,0.0,0.543,0.008
849,0.00806,0.0253,5.1022e-05,0.643,6.910e+06,3839.2,2187.5,0.1116,285.1056984658162,2328004.11628506,235800,0.643,Middle,water,Bertoletti,no,0.705,0.0,0.543,0.008
850,0.00806,0.0253,5.1022e-05,0.643,6.910e+06,27776.3,2194,0.1119,285.1056984658162,1561501.567222195,1706000,0.643,Middle,water,Bertoletti,no,0.198,0.0,0.543,0.008
851,0.00806,0.0253,5.1022e-05,0.643,6.910e+06,35845.5,2197.2,0.1121,285.1056984658162,1377770.619132219,2201600,0.643,Middle,water,Bertoletti,no,0.076,0.0,0.543,0.008
852,0.00806,0.0253,5.1022e-05,0.643,6.910e+06,40376.60000000001,2195.6,0.112,285.1056984658162,1272457.731945778,2479900,0.643,Middle,water,Bertoletti,no,0.006,0.0,0.543,0.008
853,0.00806,0.0253,5.1022e-05,0.643,6.910e+06,44650.5,2187.5,0.1116,260.1552491863448,1134508.426348617,2742400,0.643,Middle,water,Bertoletti,no,-0.085,0.0,0.543,0.008
854,0.00806,0.0253,5.1022e-05,0.643,6.910e+06,2331.5,3004,0.1533,285.1056984658162,2477889.889726881,143200,0.643,Middle,water,Bertoletti,no,0.804,0.0,0.543,0.008
855,0.00806,0.0253,5.1022e-05,0.643,6.910e+06,3985.7,2999.4,0.153,285.1056984658162,2245959.786669224,244800,0.643,Middle,water,Bertoletti,no,0.651,0.0,0.543,0.008
856,0.00806,0.0253,5.1022e-05,0.643,6.910e+06,7232.3,3004,0.1533,285.1056984658162,2019166.89762066,444200,0.643,Middle,water,Bertoletti,no,0.501,0.0,0.543,0.008
857,0.00806,0.0253,5.1022e-05,0.643,6.910e+06,11924.6,3027.2,0.1545,285.1056984658162,1833622.815174534,732400,0.643,Middle,water,Bertoletti,no,0.378,0.0,0.543,0.008
858,0.00806,0.0253,5.1022e-05,0.643,6.910e+06,21846.6,3010.9,0.1536,285.1056984658162,1633724.752408879,1341800,0.643,Middle,water,Bertoletti,no,0.246,0.0,0.543,0.008
859,0.00806,0.0253,5.1022e-05,0.643,6.910e+06,37424.8,3004,0.1533,285.1056984658162,1320354.697854102,2298600,0.643,Middle,water,Bertoletti,no,0.038,0.0,0.543,0.008
860,0.00806,0.0253,5.1022e-05,0.643,6.910e+06,41255.8,3004,0.1533,283.6977450067506,1255232.955562343,2533900,0.643,Middle,water,Bertoletti,no,-0.005,0.0,0.543,0.008
861,0.00806,0.0253,5.1022e-05,0.643,6.910e+06,44004.2,3004,0.1533,263.4108175244021,1150675.541024298,2702700,0.643,Middle,water,Bertoletti,no,-0.074,0.0,0.543,0.008
862,0.00806,0.0253,5.1022e-05,0.643,6.910e+06,32237.5,3010.9,0.1536,285.1056984658162,1438963.903652318,1980000,0.643,Middle,water,Bertoletti,no,0.117,0.0,0.543,0.008
863,0.00806,0.0253,5.1022e-05,0.643,6.910e+06,40780.4,3898.3,0.1989,285.1056984658162,1279559.174840703,2504700,0.643,Middle,water,Bertoletti,no,0.011,0.0,0.543,0.008
864,0.00806,0.0253,5.1022e-05,0.643,6.910e+06,45905.8,3903.1,0.1991,258.2558890035331,1125140.565508503,2819500,0.643,Middle,water,Bertoletti,no,-0.091,0.0,0.543,0.008
865,0.00806,0.0253,5.1022e-05,0.643,6.910e+06,53778,3896,0.1988,232.9912199759463,1004264.941765099,3303000,0.643,Middle,water,Bertoletti,no,-0.171,0.0,0.543,0.008
866,0.00806,0.0253,5.1022e-05,0.643,6.910e+06,7774.4,3891.2,0.1985,285.1056984658162,1977011.523840148,477500,0.643,Middle,water,Bertoletti,no,0.473,0.0,0.543,0.008
867,0.00806,0.0253,5.1022e-05,0.643,6.910e+06,12015.8,3903.1,0.1991,285.1056984658162,1815944.755202061,738000,0.643,Middle,water,Bertoletti,no,0.366,0.0,0.543,0.008
868,0.00806,0.0253,5.1022e-05,0.643,6.910e+06,17911.3,3896,0.1988,285.1056984658162,1673009.330125485,1100100,0.643,Middle,water,Bertoletti,no,0.271,0.0,0.543,0.008
869,0.00806,0.0253,5.1022e-05,0.643,6.910e+06,4783.5,3891.2,0.1985,285.1056984658162,2201689.089473201,293800,0.643,Middle,water,Bertoletti,no,0.621,0.0,0.543,0.008
870,0.00806,0.0253,5.1022e-05,0.643,6.910e+06,23478,3915,0.1998,285.1056984658162,1608189.776893084,1442000,0.643,Middle,water,Bertoletti,no,0.229,0.0,0.543,0.008
871,0.00806,0.0253,5.1022e-05,0.643,6.910e+06,28803.7,3891.2,0.1985,285.1056984658162,1521612.611386871,1769100,0.643,Middle,water,Bertoletti,no,0.171,0.0,0.543,0.008
872,0.00806,0.0253,5.1022e-05,0.643,6.910e+06,38899.9,3915,0.1998,285.1056984658162,1320052.508794744,2389200,0.643,Middle,water,Bertoletti,no,0.038,0.0,0.543,0.008
873,0.00806,0.0253,5.1022e-05,0.643,6.910e+06,34782.3,3903.1,0.1991,285.1056984658162,1397412.907990523,2136300,0.643,Middle,water,Bertoletti,no,0.089,0.0,0.543,0.008
874,0.0127,0.0399,1.2668e-04,3.66,6.900e+06,120618.7,720,0.0912,259.3,1130285.78,826000,3.63,Middle,water,Keeys,yes,-0.087,0.0,0.349,0.092
875,0.0127,0.0399,1.2668e-04,3.66,6.900e+06,153767,1360,0.1723,262.7,1147135.17,1053000,3.59,Middle,water,Keeys,yes,-0.076,0.0,0.349,0.092
876,0.0127,0.0399,1.2668e-04,3.66,6.900e+06,178299.6,2000,0.2534,264.3,1155118.53,1221000,3.46,Middle,water,Keeys,yes,-0.071,0.0,0.349,0.092
877,0.0127,0.0399,1.2668e-04,3.66,6.900e+06,198889.5,2720,0.3446,264.9,1158121.6,1362000,2.97,Middle,water,Keeys,yes,-0.069,0.0,0.349,0.092
878,0.0127,0.0399,1.2668e-04,3.66,6.900e+06,219041.3,3400,0.4307,257.9,1123391.39,1500000,2.46,Middle,water,Keeys,yes,-0.092,0.0,0.349,0.092
879,0.0127,0.0399,1.2668e-04,3.66,6.900e+06,222692,4060,0.5143,254.6,1107235.61,1525000,2.36,Middle,water,Keeys,yes,-0.103,0.0,0.349,0.092
880,0.006,0.0188,2.8274e-05,0.062,6.000e+05,19049.4,5038.4,0.1425,38.8,162426.85,16300000,0.0062,Middle,water,Kinoshita,no,-0.244,0.0,1.2,0.021
881,0.006,0.0188,2.8274e-05,0.062,1.100e+06,20802.4,4976.2,0.1407,40.8,171223.71,17800000,0.0062,Middle,water,Kinoshita,no,-0.305,0.0,1.2,0.021
882,0.006,0.0188,2.8274e-05,0.062,6.000e+05,25243.3,8889.5,0.2513,39.7,166186.45,21600000,0.0062,Middle,water,Kinoshita,no,-0.242,0.0,1.2,0.021
883,0.006,0.0188,2.8274e-05,0.062,1.100e+06,29333.7,8882,0.2511,40.4,169553.27,25100000,0.0062,Middle,water,Kinoshita,no,-0.306,0.0,1.2,0.021
884,0.006,0.0188,2.8274e-05,0.061,6.000e+05,24376.2,8764.5,0.2478,40.7,170363.78,21200000,0.0061,Middle,water,Kinoshita,no,-0.24,0.0,1.2,0.02
885,0.006,0.0188,2.8274e-05,0.061,1.100e+06,28860.6,8811.2,0.2491,41.2,172894.15,25100000,0.0061,Middle,water,Kinoshita,no,-0.304,0.0,1.2,0.02
886,0.006,0.0188,2.8274e-05,0.062,6.000e+05,29567.4,8916,0.2521,38.7,162009.11,25300000,0.0062,Middle,water,Kinoshita,no,-0.244,0.0,1.2,0.021
887,0.006,0.0188,2.8274e-05,0.062,6.000e+05,29450.5,8774.7,0.2481,39.1,163680.05,25200000,0.0062,Middle,water,Kinoshita,no,-0.243,0.0,1.2,0.021
888,0.006,0.0188,2.8274e-05,0.061,1.100e+06,33114.9,8863.2,0.2506,40.4,169553.27,28800000,0.0061,Middle,water,Kinoshita,no,-0.306,0.0,1.2,0.02
